KO,Bd_1_20,Bd_1_29,Bd_2_20,Bd_2_29,Bd_4_20,Bd_4_29,Bd_5_20,Bd_5_29
K02650,0,0,0,0,0,0,0,0
K06872,0,0,0,0,0,0,0,0
K00265,0,0,0,4,2,0,2,0
K03744,0,0,0,0,0,0,0,0
K07044,0,0,0,0,0,0,0,0
K00266,0,0,0,0,0,0,0,0
K01735,0,0,0,2,0,0,2,0
K07665,0,0,0,0,0,0,0,0
K07644,0,0,0,0,0,0,0,0
K07156,0,0,0,0,0,0,0,0
K05834,0,0,0,0,0,0,0,0
K04093,0,0,0,0,0,0,0,0
K00799,0,0,0,0,0,0,0,0
K03624,0,0,0,0,0,0,1,0
K00638,0,0,0,0,0,0,0,0
K07090,0,0,0,0,0,0,0,0
K07443,0,0,0,0,0,0,0,0
K00799,0,0,0,0,0,0,0,0
K03308,0,0,0,0,0,0,0,0
K03500,0,0,0,0,0,0,0,0
K00604,0,0,0,0,0,0,2,0
K01687,0,0,4,0,0,0,0,2
K07090,0,0,0,0,0,0,0,0
K02660,0,0,0,0,0,0,0,0
K02659,0,0,0,2,0,0,0,0
K02658,0,0,0,0,0,0,0,0
K02657,0,0,0,0,0,0,0,0
K03296,0,0,0,0,0,0,2,4
K01881,0,0,4,0,0,0,0,0
K03544,0,0,0,0,0,0,0,1
K01358,0,0,0,0,0,0,0,0
K03545,0,0,0,0,0,0,2,2
K16090,0,0,0,0,6,0,2,0
K07336,0,0,0,0,0,0,0,0
K01649,0,0,9,2,1,0,4,6
K00641,0,0,0,0,0,0,0,0
K07126,0,0,2,4,0,0,0,0
K01519,0,0,0,0,2,0,0,0
K15727,0,0,0,0,1,0,0,0
K15726,0,0,0,0,2,0,2,0
K16264,0,0,0,0,0,0,4,0
K04565,0,0,0,0,0,0,0,0
K16235,0,0,0,0,0,0,8,0
K00261,0,0,0,0,2,0,2,4
K00673,0,0,0,0,0,0,0,1
K06447,0,0,0,0,0,0,0,0
K01484,0,0,0,0,0,0,0,0
K05526,0,0,0,0,0,0,0,0
K21645,0,0,0,0,0,0,0,0
K01779,0,0,0,0,0,0,0,0
K07661,0,0,2,0,0,0,0,0
K07639,0,0,1,0,0,0,2,1
K00330,0,0,0,0,0,0,0,0
K00331,0,0,0,0,0,0,2,0
K13378,0,0,0,0,4,0,0,1
K00334,0,0,0,0,0,0,0,1
K00335,0,0,0,0,0,0,0,0
K08484,0,0,0,0,0,0,0,0
K08311,0,0,0,0,0,0,0,2
K06377,0,0,0,0,0,0,0,0
K01703,0,2,0,0,0,0,2,2
K01704,0,0,0,0,2,0,0,2
K00052,1,0,0,0,6,0,0,0
K02518,0,0,0,0,0,0,0,0
K06173,0,0,0,0,0,0,0,0
K01424,0,0,0,0,0,0,0,2
K08086,0,0,0,0,0,0,0,0
K00133,0,0,0,0,0,0,1,0
K11102,0,0,0,2,0,0,0,0
K02517,0,0,0,0,0,0,1,0
K15738,0,0,0,0,1,0,1,0
K03745,0,0,0,0,0,0,0,0
K03168,0,0,0,0,2,0,2,4
K21908,0,0,0,2,1,0,0,0
K03657,0,0,0,2,0,0,2,0
K03455,0,0,0,0,0,0,0,0
K00154,0,0,3,0,0,2,0,4
K02913,0,0,0,0,0,0,0,0
K02902,0,0,0,0,0,0,0,0
K01433,0,0,0,2,0,0,0,0
K03832,0,0,0,0,0,0,1,0
K03561,0,0,0,0,2,0,1,0
K07304,0,0,0,0,0,0,0,0
K03559,0,0,0,0,0,0,0,0
K00287,0,0,0,0,0,0,0,1
K00560,0,0,0,0,0,0,0,0
K13292,0,0,0,0,0,0,0,0
K07093,0,0,0,0,0,0,0,0
K07093,0,0,0,0,2,0,0,0
K03118,0,1,0,0,0,0,0,0
K03117,0,0,0,0,0,0,0,0
K03116,0,0,0,0,0,0,0,0
K00878,0,0,0,0,0,0,0,0
K13652,0,0,0,0,0,0,0,0
K15255,0,0,0,2,2,0,0,0
K01826,0,0,0,0,0,0,0,0
K13954,0,0,0,0,0,0,0,1
K00138,0,0,0,0,0,0,0,0
K16238,0,0,0,0,0,0,0,0
K03979,0,0,2,0,0,0,4,0
K00931,0,0,0,0,2,0,0,0
K18697,0,0,0,0,0,0,0,0
K05540,0,0,0,0,0,0,0,0
K00459,0,0,0,0,0,0,0,0
K22736,0,0,2,0,0,0,0,0
K06204,0,0,0,0,0,0,0,1
K03588,0,0,0,0,0,0,0,0
K01894,0,0,0,0,0,0,0,0
K01925,0,0,0,0,2,0,0,0
K04759,0,0,0,0,0,0,0,0
K04758,0,0,0,0,0,0,4,0
K04763,0,0,0,0,0,0,0,0
K03981,0,0,0,0,0,0,0,0
K00003,0,0,0,0,2,0,0,2
K05366,0,0,0,0,0,0,0,0
K01000,0,0,0,0,0,0,0,0
K00563,0,0,0,0,0,0,0,0
K02662,0,0,0,0,0,0,0,0
K02663,0,0,0,0,0,0,0,0
K02664,0,0,0,0,0,0,0,0
K02665,0,0,0,0,0,0,2,0
K02666,0,0,0,0,2,0,0,0
K00891,0,0,0,0,0,0,0,0
K01595,0,0,0,0,0,0,0,0
K18301,0,0,0,0,0,0,0,0
K18302,0,0,0,0,0,0,4,0
K18303,0,0,0,2,5,0,8,0
K03686,0,0,0,2,2,0,1,0
K07107,0,0,0,0,0,0,0,0
K03746,0,0,0,6,0,0,0,0
K02463,0,0,0,0,0,0,0,0
K02452,0,0,0,0,0,0,0,0
K02453,0,0,0,0,0,0,2,0
K01091,0,0,0,0,0,0,0,0
K01657,0,0,2,4,0,0,2,0
K00764,0,0,0,0,0,0,0,0
K03558,0,0,0,0,0,0,0,2
K00254,0,0,0,2,0,0,2,0
K02461,0,0,0,0,0,0,0,0
K02462,0,0,0,0,0,0,0,0
K00057,0,0,0,0,0,0,0,0
K08296,0,0,0,0,0,0,0,0
K03732,0,0,0,0,0,0,0,2
K03704,0,2,0,2,0,0,0,1
K04085,0,0,0,0,0,0,1,0
K07084,0,0,0,0,2,0,0,2
K07275,0,0,0,0,0,0,2,0
K04079,0,0,0,0,0,0,0,2
K01627,0,0,0,0,0,0,0,0
K01689,0,0,0,0,0,0,0,0
K16088,0,0,0,0,2,0,6,0
K03566,0,0,0,0,0,0,0,0
K07090,0,0,0,0,0,0,0,0
K02073,0,0,0,0,0,0,0,0
K00215,0,0,0,0,0,0,0,0
K19577,0,0,0,0,0,0,0,0
K06222,0,0,0,0,0,0,0,0
K12957,0,0,0,0,0,0,0,0
K01246,0,0,0,0,0,0,2,0
K21472,0,0,0,0,0,0,0,0
K03575,0,0,0,0,1,0,0,0
K01061,0,0,2,0,0,0,0,0
K09160,0,0,0,0,2,0,0,0
K21430,0,0,0,0,4,0,0,0
K07478,0,0,0,0,0,0,0,0
K21990,0,0,0,0,0,0,0,0
K01923,0,0,0,0,0,0,0,0
K07287,0,0,0,0,0,0,0,0
K01714,0,0,4,0,0,0,2,1
K08281,0,0,0,0,0,0,0,0
K03453,0,0,0,0,0,0,3,0
K03327,0,0,0,0,0,0,1,0
K00457,0,0,0,0,0,0,0,0
K08234,0,0,0,0,2,0,0,1
K01555,0,0,0,0,2,0,0,0
K01801,0,0,0,0,0,0,0,0
K11734,0,0,0,0,4,0,0,2
K16568,0,0,0,0,0,0,0,0
K05836,0,0,0,0,3,0,2,0
K09975,0,0,0,0,0,0,0,0
K01712,0,2,0,0,2,0,0,2
K01745,0,0,0,0,0,0,0,0
K16234,0,0,0,0,0,0,0,0
K01468,0,0,0,0,0,0,0,0
K01479,0,0,0,0,0,0,2,0
K00820,0,0,0,0,0,0,0,0
K01091,0,0,0,0,0,0,0,0
K01776,0,0,0,0,0,0,0,0
K04042,0,2,0,0,0,0,0,0
K01095,0,0,0,0,0,0,0,0
K00946,0,0,0,0,0,0,0,0
K03625,0,0,0,0,0,0,0,0
K14652,0,0,0,0,0,0,0,0
K00794,0,0,0,0,0,0,0,0
K01079,0,0,0,0,2,0,0,0
K07560,0,0,0,0,0,0,0,0
K03086,0,0,0,0,4,0,4,3
K09158,2,0,0,4,0,0,0,4
K03801,0,0,0,0,0,0,0,0
K14052,0,0,0,0,2,0,0,0
K03809,0,0,0,0,0,0,0,0
K02892,0,0,0,0,0,0,1,8
K02886,0,0,8,0,0,0,0,6
K02965,0,0,1,1,0,0,0,1
K02890,0,0,0,0,0,0,0,1
K02982,0,2,2,0,2,0,0,6
K02878,0,0,0,0,0,0,0,1
K02904,0,0,0,0,0,0,0,0
K02961,0,0,2,0,2,0,0,5
K02874,0,0,0,0,0,0,0,2
K02895,0,0,2,0,0,0,1,1
K02931,0,1,0,0,2,0,0,6
K02954,0,0,0,0,0,0,2,2
K02994,0,0,1,0,1,0,0,1
K02933,0,0,4,2,0,0,1,6
K02881,0,0,0,0,0,0,0,0
K02988,0,0,4,3,0,0,0,7
K02907,0,0,0,1,0,0,0,0
K02876,0,0,2,0,0,0,3,2
K03076,0,0,2,2,4,0,8,14
K02919,0,0,4,1,0,0,0,1
K02952,0,0,5,0,4,0,0,4
K01878,0,0,2,0,0,0,0,0
K01879,0,0,0,0,0,0,2,2
K09780,0,0,0,0,0,0,0,0
K21959,0,0,0,0,0,0,2,0
K01775,0,0,0,0,0,0,1,0
K00285,0,0,0,0,0,0,0,0
K03719,0,0,0,0,0,0,0,0
K02014,0,0,0,0,0,0,2,0
K09893,0,0,0,0,0,0,0,0
K06177,0,0,1,0,2,0,0,0
K08218,0,0,0,0,0,0,0,2
K01759,0,0,0,0,0,0,0,0
K14347,0,0,0,0,0,0,0,0
K02909,0,0,0,0,0,0,0,0
K23127,0,0,0,0,0,0,2,0
K19810,0,0,0,0,0,0,2,0
K02356,0,0,2,0,0,0,0,0
K05297,0,0,0,0,0,0,0,0
K04567,0,0,0,0,2,0,0,0
K00957,2,0,0,2,0,0,0,0
K00956,0,1,2,0,0,2,0,8
K03634,0,0,0,0,0,0,0,0
K01745,0,0,0,0,0,0,0,0
K03641,0,0,0,0,0,0,0,0
K03640,0,0,2,0,0,0,1,0
K03841,0,0,0,0,2,0,0,0
K03437,0,0,0,0,0,0,0,0
K03088,0,0,0,0,0,0,0,0
K03594,0,0,0,0,0,0,0,0
K02192,0,0,0,0,0,0,0,0
K09022,0,0,0,0,0,0,0,0
K03060,0,0,0,0,0,0,0,0
K00942,0,0,0,0,0,0,0,0
K03527,0,0,0,0,0,0,0,2
K11904,0,0,0,0,0,0,4,0
K07262,0,0,0,0,0,0,0,0
K07689,0,0,2,1,0,0,2,0
K02668,0,0,0,0,0,0,2,0
K02667,0,0,0,1,0,0,0,0
K03797,0,0,0,0,0,0,0,0
K15633,0,0,2,0,0,0,2,2
K11720,0,0,0,0,0,0,0,0
K07091,0,0,0,0,0,0,0,0
K01255,0,0,0,0,2,0,2,0
K02339,0,0,0,0,0,0,0,0
K00793,0,0,0,0,0,0,0,0
K07318,0,0,0,0,0,0,1,5
K11752,0,0,0,0,2,0,0,3
K03320,0,0,0,0,1,0,0,0
K07738,0,0,0,0,0,0,0,0
K04752,0,0,0,0,0,0,0,0
K09806,0,0,0,0,1,0,0,0
K07391,0,0,0,2,1,0,0,0
K00375,0,0,0,0,0,0,0,0
K19784,0,0,0,0,0,0,0,0
K01714,0,0,0,0,0,0,0,0
K01507,0,0,0,0,0,0,0,0
K01897,0,0,0,0,0,0,2,2
K02621,0,0,0,0,2,2,0,4
K08369,0,0,0,0,0,0,0,0
K09858,0,0,0,0,0,0,0,0
K22522,0,0,0,0,6,0,0,0
K18326,0,0,0,0,2,0,4,0
K07273,0,0,0,0,0,0,4,0
K02346,0,0,0,0,0,0,0,0
K09022,0,0,0,0,0,0,0,0
K03809,0,0,0,0,0,0,0,0
K01738,0,0,0,0,0,0,0,0
K01955,0,0,0,0,0,0,0,0
K01956,0,0,0,3,0,0,0,4
K07574,0,0,0,0,0,0,0,2
K02427,0,0,0,4,0,0,0,2
K01243,0,0,0,0,0,0,0,0
K11753,0,0,0,0,3,0,0,0
K01870,0,0,0,2,4,0,4,0
K03101,0,0,0,0,2,0,0,0
K03774,0,0,0,0,0,0,0,0
K03073,0,0,0,1,0,0,0,3
K02601,0,2,0,4,0,0,0,6
K02867,0,0,2,0,0,0,0,11
K02863,0,0,0,0,3,0,0,8
K02864,0,2,2,2,0,2,4,2
K02935,0,0,2,0,0,0,2,16
K03043,1,4,4,5,2,0,3,9
K01840,0,0,0,0,0,0,0,0
K01784,0,0,0,0,0,0,0,0
K01810,0,0,0,0,0,0,0,0
K00963,0,0,0,0,0,0,2,2
K00027,0,0,2,2,0,0,0,2
K00974,0,0,0,0,0,0,0,0
K04691,0,0,0,0,0,0,0,0
K04564,0,0,0,0,0,0,0,0
K00325,0,0,0,0,0,0,0,2
K00324,0,0,1,0,1,0,6,0
K05539,0,0,0,0,0,0,0,0
K03782,0,0,0,0,0,0,4,2
K13985,0,0,0,0,0,0,0,0
K05817,0,0,0,0,0,0,0,0
K01972,4,2,4,4,0,0,2,3
K03594,0,0,0,0,0,0,0,0
K03528,0,0,0,0,0,0,0,0
K02014,0,0,0,0,0,0,1,0
K01462,0,0,0,3,0,0,0,0
K01825,0,0,2,0,0,0,0,1
K12979,0,0,0,0,0,0,0,0
K10763,0,0,0,0,0,0,0,0
K01933,0,0,0,0,0,0,0,0
K11175,0,0,0,0,0,0,0,0
K04773,0,0,1,2,0,0,0,0
K02238,0,0,0,0,0,0,3,0
K02517,0,0,0,0,0,0,0,0
K09810,0,0,0,0,0,0,0,0
K09808,0,0,0,0,0,0,0,0
K09768,0,0,0,0,0,0,0,0
K00831,0,0,0,0,0,0,0,0
K01993,0,0,0,0,0,0,2,0
K20534,0,0,0,0,0,0,0,0
K02469,0,0,0,0,1,0,0,0
K03522,0,0,0,0,0,0,0,0
K03521,0,0,2,5,0,0,0,4
K03733,0,0,0,0,0,0,0,0
K05834,0,0,0,0,0,0,0,0
K01778,0,0,0,0,0,0,0,0
K01586,0,0,0,0,6,0,0,0
K11737,0,0,0,0,0,0,0,1
K03310,0,0,0,0,4,0,4,6
K04485,0,0,0,0,0,0,0,1
K04568,0,0,0,0,0,0,0,0
K03473,0,0,0,0,0,0,0,0
K02379,0,0,0,0,0,0,0,0
K00865,0,0,0,0,0,0,0,0
K15976,0,0,0,0,0,0,0,0
K06915,0,0,0,0,0,0,0,0
K02946,0,1,3,0,1,0,0,5
K02906,0,2,2,5,6,0,2,17
K02926,0,0,2,0,0,0,0,5
K03702,0,0,2,2,0,0,4,2
K03098,0,0,0,2,0,0,0,0
K05786,0,0,0,0,0,0,0,0
K11747,0,0,0,0,0,0,0,0
K03312,0,0,0,0,0,0,0,0
K03821,0,0,0,0,0,0,0,0
K01256,0,0,0,0,0,0,1,0
K05520,0,0,0,0,0,0,0,0
K02434,0,0,0,0,0,0,0,0
K01753,0,0,0,0,0,0,0,0
K13444,0,0,0,1,1,0,0,0
K05708,0,0,0,0,0,0,0,0
K05709,0,0,0,0,1,0,0,0
K05710,0,0,0,0,0,0,0,0
K05711,0,0,0,0,0,0,0,0
K05713,0,0,0,0,0,0,0,0
K06998,0,0,0,0,0,0,0,0
K08303,0,0,0,0,0,0,0,2
K00615,0,0,1,0,0,0,2,0
K07397,0,0,0,0,0,0,0,0
K11901,0,0,0,0,0,0,0,0
K02355,0,0,3,1,0,0,0,1
K02992,0,0,0,0,4,0,0,1
K02950,0,0,0,0,0,0,0,0
K08973,0,0,0,0,0,0,0,0
K01950,0,0,0,0,4,0,0,0
K00954,0,0,0,0,0,0,0,0
K03664,0,0,0,0,0,0,0,0
K03809,0,0,0,4,0,0,0,1
K05810,0,0,0,0,0,0,0,0
K06180,0,0,0,0,1,0,0,0
K05807,0,0,0,4,4,0,0,0
K02316,0,0,0,2,0,0,0,0
K02492,0,0,0,0,0,0,0,0
K02494,0,1,0,0,0,0,0,0
K00919,0,0,0,0,0,0,0,0
K00948,0,0,0,0,0,0,4,4
K02897,0,0,0,0,0,0,0,1
K01056,0,0,0,0,0,0,0,0
K01579,0,0,0,0,0,0,0,0
K02858,0,1,1,0,0,0,0,0
K01091,0,0,0,0,0,0,0,0
K00059,1,0,0,0,0,0,1,0
K02078,0,0,0,0,0,0,0,0
K00645,0,0,0,0,1,0,0,2
K07040,0,0,1,5,0,0,2,1
K02911,0,0,0,0,0,0,0,0
K09906,0,0,0,0,0,0,1,0
K07566,0,0,2,0,0,0,1,0
K05896,0,0,0,0,0,0,0,2
K06024,0,0,0,0,0,0,0,7
K06178,0,0,0,0,0,0,0,0
K01935,0,0,0,0,0,0,0,0
K02169,0,0,0,0,0,0,0,0
K00833,0,0,1,0,1,0,2,0
K02170,0,0,0,0,2,0,0,0
K01087,2,0,2,0,0,0,0,0
K00697,0,0,0,0,0,0,0,0
K01495,0,0,0,0,0,0,0,0
K01467,0,0,0,0,0,0,0,0
K00297,0,0,0,0,0,0,0,0
K09761,0,0,0,0,1,0,0,0
K21023,0,0,0,2,6,0,2,0
K11936,0,0,0,0,0,0,0,0
K18691,0,0,0,0,0,0,0,0
K04760,0,0,0,0,0,0,0,0
K08369,0,0,0,0,0,0,0,0
K03046,2,2,2,2,4,0,6,10
K07044,0,0,0,0,0,0,0,0
K07044,0,0,0,0,0,0,0,0
K21420,0,0,0,0,0,0,0,0
K03789,0,0,0,0,0,0,0,0
K12542,0,0,0,0,8,0,0,0
K03530,0,0,2,0,0,0,0,0
K13643,0,0,1,0,0,0,0,2
K04096,0,0,0,0,0,0,0,2
K07566,0,0,0,0,0,0,0,0
K08196,0,0,0,0,2,0,2,0
K01031,0,0,0,0,0,0,0,0
K01032,0,0,0,0,0,0,0,0
K04090,0,0,0,0,0,0,0,0
K20035,0,0,0,0,0,0,0,0
K01968,0,0,0,0,0,0,2,0
K01640,0,0,0,0,0,0,0,0
K13766,0,0,0,0,0,0,0,0
K01969,0,0,0,0,0,0,0,0
K00253,0,0,0,0,0,0,2,0
K00666,0,0,0,4,0,0,0,0
K15256,0,0,0,0,0,0,0,0
K05548,0,0,0,0,0,0,0,0
K03781,0,0,0,2,8,0,0,2
K03503,0,0,0,0,0,0,0,0
K03719,0,0,0,0,0,0,0,0
K06889,0,0,0,0,0,0,0,0
K01406,0,0,0,0,0,0,0,0
K00384,0,0,0,0,0,0,0,0
K00684,0,0,0,0,0,0,4,0
K00626,0,0,0,0,0,0,0,0
K07002,0,0,0,0,0,0,0,0
K09470,0,0,0,0,0,0,0,0
K07667,0,0,0,0,0,0,0,0
K03736,0,0,0,0,0,0,0,0
K03735,0,0,0,0,0,0,0,0
K07126,0,0,0,0,2,0,0,0
K07263,0,0,0,0,0,0,4,4
K00337,0,0,0,0,0,0,6,0
K00338,0,0,0,0,2,0,2,0
K00339,0,0,0,0,0,0,0,0
K00340,0,0,1,0,0,0,0,0
K00341,0,0,4,0,2,0,2,0
K00342,0,0,0,0,0,0,4,0
K00343,0,0,0,0,0,0,8,0
K00761,0,0,0,0,0,0,0,0
K01505,0,0,0,0,0,0,0,0
K03543,0,0,0,0,2,0,0,0
K01874,0,0,0,0,4,0,0,0
K05835,0,0,0,0,0,0,0,0
K03593,0,0,0,0,0,0,0,0
K01243,0,0,0,0,0,0,0,0
K09928,0,0,0,0,0,0,0,0
K01494,0,0,0,0,0,0,0,2
K05541,0,0,0,0,1,0,0,0
K03106,0,0,0,0,0,0,0,0
K03525,0,0,0,0,0,0,0,0
K03524,0,0,0,0,0,0,0,2
K07090,0,0,0,0,0,0,2,0
K20035,0,0,0,0,2,0,0,0
K13256,0,0,0,0,0,0,0,0
K23243,0,0,0,0,0,0,0,0
K20035,0,0,4,0,2,0,0,2
K07642,0,0,2,4,0,0,6,0
K08997,0,0,0,4,0,0,0,0
K07664,0,0,0,0,0,0,0,0
K00507,0,0,0,0,0,0,2,0
K01126,0,0,0,0,0,0,0,0
K03668,0,0,0,0,0,0,0,0
K02014,0,0,0,0,0,0,0,0
K00798,0,0,0,0,0,0,0,0
K01817,0,0,0,0,1,0,0,0
K01696,0,0,0,0,0,0,0,0
K07044,0,0,0,0,0,0,0,0
K01695,0,0,0,0,0,0,0,0
K01963,0,0,0,0,0,0,0,0
K11754,0,0,0,0,0,0,4,0
K13075,0,0,3,0,0,0,0,0
K24158,0,0,0,0,2,0,0,0
K03070,0,0,0,2,2,0,0,2
K11068,0,0,0,0,0,0,0,0
K01782,0,0,0,0,0,0,0,0
K02348,0,0,0,0,0,0,0,0
K00626,0,0,2,0,0,0,0,0
K03208,0,0,0,0,0,0,0,0
K02472,0,0,0,0,4,0,0,0
K01791,0,0,0,0,0,0,2,0
K02474,0,0,0,0,0,0,1,0
K01991,0,2,0,0,4,0,0,0
K25307,0,0,0,2,0,0,0,0
K16692,0,0,0,2,0,0,4,2
K03980,0,0,0,0,0,0,0,0
K03772,0,0,0,0,0,0,0,0
K03772,0,0,0,0,0,0,0,0
K03806,0,0,0,0,0,0,0,0
K01114,1,0,0,0,1,0,0,1
K00767,0,0,0,0,0,0,0,0
K00989,0,0,0,0,0,0,0,0
K22769,0,0,0,0,0,0,0,0
K22770,0,0,2,0,0,0,0,10
K22105,0,0,0,0,0,0,0,0
K03673,0,0,0,1,0,0,0,0
K00568,0,0,0,0,0,0,2,0
K22292,0,0,0,0,0,0,0,0
K23243,0,0,0,4,0,0,0,14
K23243,0,0,6,12,2,0,0,8
K14682,0,0,0,0,0,0,0,0
K15553,0,0,0,0,1,0,4,0
K15553,0,0,0,0,1,0,0,0
K04091,0,0,0,0,0,0,0,0
K15554,0,0,0,0,1,0,0,0
K15555,0,0,0,0,0,0,0,0
K09017,0,0,0,0,0,0,0,0
K02031,0,0,0,0,0,0,0,0
K02034,0,0,0,0,0,0,0,2
K02035,0,0,0,0,0,0,0,0
K02014,0,0,0,0,2,0,0,2
K03832,0,0,0,1,0,0,0,0
K03561,0,0,0,0,0,0,0,0
K03559,0,0,0,0,0,0,0,0
K03559,0,0,0,0,0,0,0,0
K06916,0,0,3,2,0,0,0,0
K01591,0,0,0,0,0,0,0,0
K02945,0,0,3,6,0,0,1,2
K08992,0,0,0,0,0,0,0,0
K05788,0,0,0,0,0,0,0,0
K00945,0,0,4,16,0,0,2,3
K11991,0,0,0,0,0,0,0,0
K03648,0,0,0,0,0,0,1,0
K01737,0,0,0,0,0,0,1,0
K02460,0,0,0,0,2,0,0,0
K02459,0,0,0,0,0,0,0,0
K02458,0,0,0,0,0,0,0,0
K03424,0,0,0,0,1,0,0,0
K02341,2,0,0,0,0,0,0,0
K02676,0,0,0,0,0,0,0,0
K00979,0,0,0,0,0,0,0,0
K00912,0,0,0,0,0,0,0,0
K11085,0,0,0,0,0,0,0,0
K03559,0,0,0,0,1,0,0,0
K03561,0,0,0,0,0,0,1,0
K03497,0,0,0,0,0,0,0,0
K03791,0,0,0,0,0,0,0,0
K05820,0,0,0,0,0,0,0,0
K01961,0,0,0,0,0,0,0,0
K02160,0,0,0,0,0,0,0,0
K03502,0,0,0,0,0,0,0,0
K03786,0,0,0,0,0,0,0,0
K02014,0,0,0,0,0,0,0,0
K23374,0,0,0,0,0,0,0,0
K23376,0,0,0,0,0,0,0,0
K23361,0,0,0,0,0,0,0,0
K23375,0,0,0,0,0,0,0,0
K21721,0,0,0,0,0,0,0,0
K21949,0,0,0,0,1,0,0,0
K07183,0,0,0,0,3,0,2,2
K00362,0,0,0,0,0,0,0,0
K00362,0,0,0,0,0,0,0,0
K00372,0,0,0,0,2,0,0,0
K03752,0,0,0,0,0,0,1,0
K03639,0,0,0,0,1,0,0,0
K03635,0,0,0,0,0,0,2,0
K03637,0,0,0,0,0,0,2,0
K03750,0,0,0,0,0,0,0,0
K07235,0,0,0,0,0,0,0,0
K01679,0,0,0,2,2,0,0,0
K00285,0,0,1,1,0,0,0,0
K01770,0,0,0,0,0,0,0,0
K00611,0,0,0,0,0,0,1,0
K18137,0,0,0,0,0,0,1,0
K07712,0,0,0,0,0,0,0,0
K07708,0,0,0,0,0,0,0,0
K14441,0,0,0,0,2,0,0,0
K09903,0,0,2,0,0,0,0,0
K02838,0,0,0,0,2,0,0,0
K00806,0,0,0,0,0,0,0,2
K00981,0,0,0,4,0,0,2,0
K00099,0,0,0,0,0,0,2,2
K11749,0,0,0,0,0,0,0,0
K07277,0,0,0,0,2,0,0,1
K06142,0,0,0,0,7,0,2,0
K02536,0,0,1,1,0,0,2,0
K02372,0,0,0,1,0,0,0,0
K00677,0,0,0,0,0,0,0,0
K03553,0,0,0,1,0,0,0,4
K03565,0,0,0,0,0,0,0,0
K04762,0,0,0,0,0,0,0,1
K20881,0,0,4,0,1,0,0,0
K03790,0,0,0,0,0,0,0,0
K03719,0,0,0,0,0,0,2,0
K01556,0,0,0,0,0,0,0,0
K01432,0,0,0,0,0,0,0,0
K03321,0,0,0,0,0,0,0,0
K21023,0,0,0,0,0,0,0,4
K21430,0,0,0,0,0,0,0,0
K07090,0,0,0,0,0,0,0,0
K02770,0,0,0,0,0,0,2,2
K23993,0,0,0,0,4,0,0,0
K00882,0,0,0,0,0,0,0,0
K03311,0,0,0,5,0,0,0,0
K11477,0,0,0,0,0,0,0,0
K01265,0,0,0,0,0,0,0,0
K07390,0,0,0,0,0,0,0,0
K00821,0,0,0,0,0,0,0,0
K03110,0,0,0,0,0,0,0,0
K07078,0,0,0,0,0,0,0,0
K09909,0,0,0,0,0,0,0,0
K00426,0,0,0,0,0,0,0,0
K00425,0,0,0,0,0,0,0,0
K00856,0,0,0,0,0,0,0,0
K16090,0,0,0,0,4,0,3,0
K06972,0,0,0,0,0,0,0,0
K03498,0,0,0,0,0,0,0,0
K01058,0,0,0,0,0,0,0,0
K02517,0,0,0,0,0,0,0,4
K03704,0,0,0,0,0,0,0,0
K05834,0,0,0,0,1,0,0,0
K03601,0,0,0,0,4,0,0,0
K03602,0,0,0,0,0,0,0,0
K17686,0,0,0,0,0,0,0,0
K19591,0,0,0,0,0,0,0,0
K21757,0,0,2,0,0,0,5,8
K05549,0,0,0,1,0,2,0,0
K05550,0,0,0,0,0,0,2,0
K05784,0,0,0,0,0,0,0,0
K05783,0,0,0,0,0,0,0,0
K05782,0,0,0,0,2,0,0,0
K05548,0,0,0,0,0,0,0,0
K03578,0,0,0,0,0,0,0,0
K21758,0,0,0,0,0,0,0,0
K16872,0,0,0,0,0,0,0,0
K00496,0,0,0,0,0,0,0,2
K24119,0,0,0,0,0,0,0,0
K03387,0,0,1,0,2,0,0,0
K07004,0,0,0,0,0,0,0,0
K00799,0,0,0,0,0,0,0,0
K01406,0,0,0,0,0,0,0,0
K03439,0,0,0,0,0,0,0,0
K05539,0,0,0,0,0,0,0,0
K01681,0,0,0,0,0,0,0,1
K22132,0,0,0,0,0,0,0,0
K03424,0,0,0,0,0,0,2,0
K02837,0,0,0,0,0,0,0,0
K21023,0,0,0,0,0,0,0,4
K00053,0,0,0,0,0,0,0,2
K01652,0,0,0,0,2,0,0,0
K01653,0,0,0,0,0,0,0,0
K01869,0,2,2,0,0,0,0,0
K03643,0,0,0,0,0,0,0,0
K02340,0,0,0,0,2,0,2,0
K13888,0,0,2,0,2,0,2,0
K05685,0,0,2,0,0,0,0,4
K00208,0,0,0,0,0,0,0,1
K13288,0,0,0,0,2,0,0,0
K06949,0,0,2,0,0,0,0,0
K03676,0,0,0,1,0,0,0,0
K06133,0,0,0,0,0,0,0,0
K03071,0,0,0,0,0,0,0,0
K00059,0,0,0,0,0,0,0,0
K00647,0,0,0,0,2,0,0,0
K00375,0,0,0,0,0,0,0,0
K07734,0,0,0,0,0,0,0,0
K22479,0,0,0,0,0,0,0,0
K13929,0,0,0,0,0,0,4,2
K13930,0,0,0,0,0,0,0,0
K13931,0,0,0,0,0,0,0,0
K13932,0,0,0,0,0,0,2,2
K13933,0,0,0,1,0,0,0,0
K13934,0,0,0,0,0,0,0,0
K13935,0,0,0,0,0,0,0,0
K13928,0,0,0,0,0,0,0,0
K00426,0,0,0,0,0,0,0,0
K00425,0,0,4,2,0,0,1,4
K20938,0,0,0,2,0,0,6,0
K15551,0,0,0,0,2,0,0,0
K10831,0,0,0,2,0,0,2,0
K15552,0,0,0,0,1,0,0,0
K03119,0,0,0,0,0,0,0,0
K16841,0,0,0,0,0,0,0,0
K03457,0,0,0,0,0,0,0,0
K00537,0,0,0,0,0,0,0,0
K03892,0,0,0,0,0,0,0,0
K03325,0,0,0,0,0,0,0,0
K11811,0,0,0,0,0,0,0,0
K07240,0,0,0,0,0,0,0,0
K07240,0,0,0,0,0,0,0,0
K03387,0,0,3,2,2,0,0,0
K02433,0,0,0,0,0,0,0,0
K02435,0,0,0,0,1,0,0,1
K03569,0,0,0,0,2,0,0,0
K03570,0,0,0,0,0,0,0,0
K03571,0,0,0,0,2,0,0,0
K06287,0,0,0,0,0,0,2,0
K08301,0,0,0,0,0,0,2,0
K00635,0,0,0,1,0,1,1,0
K00390,0,0,2,0,0,0,6,2
K06076,0,0,0,0,0,0,0,0
K02203,0,0,0,0,0,0,0,0
K00355,0,0,0,0,0,0,0,0
K02616,0,0,0,0,3,0,0,0
K06153,0,0,0,0,2,0,0,0
K00344,0,0,0,0,0,0,0,0
K05523,0,0,0,0,1,0,0,0
K09788,0,0,2,0,0,0,2,0
K07340,0,0,0,0,0,0,0,0
K07001,0,0,0,0,0,0,0,0
K08218,0,0,0,0,4,0,0,0
K03760,0,0,0,0,0,0,2,0
K03320,0,0,0,0,0,0,0,0
K02948,0,0,0,0,0,0,0,2
K02986,0,1,5,0,1,0,4,3
K03040,0,1,6,0,0,0,10,8
K02879,0,0,4,0,1,0,0,2
K10215,0,0,1,0,0,2,0,0
K00249,0,0,0,0,0,0,0,0
K01414,0,0,0,0,0,0,0,0
K07070,0,0,0,0,0,0,0,0
K12573,0,0,2,0,2,0,6,2
K18697,0,0,0,0,0,0,0,0
K07078,0,0,0,0,0,0,0,0
K07058,0,0,0,0,0,0,0,0
K03809,0,0,0,0,0,0,0,0
K03816,0,0,0,0,0,0,0,0
K03832,0,0,0,0,0,0,0,0
K06217,0,0,0,0,0,0,0,0
K07042,0,0,0,0,0,0,0,0
K06168,0,0,0,0,0,0,4,0
K08309,0,0,0,0,0,0,6,0
K00024,0,0,0,2,0,2,2,2
K07394,0,0,0,2,0,0,0,0
K07115,0,1,2,1,0,0,1,6
K17103,0,0,0,1,0,0,2,0
K06134,0,0,0,0,0,0,0,0
K07278,0,0,0,2,0,0,0,0
K09800,0,0,0,0,0,0,2,2
K07404,0,0,0,0,4,0,2,0
K01682,0,0,12,2,0,0,4,2
K03319,0,0,0,0,0,0,0,0
K19577,0,0,0,0,0,0,0,0
K10716,0,0,0,0,0,0,0,0
K03576,0,0,0,0,0,2,0,2
K06177,0,0,0,0,2,0,0,0
K07473,0,0,0,0,0,0,0,0
K06925,0,0,0,0,0,0,0,0
K03572,0,0,0,0,0,0,0,0
K00791,0,0,0,8,0,0,0,0
K03666,0,0,0,0,0,0,0,0
K10679,0,0,0,0,0,0,0,0
K03269,0,0,0,0,0,0,0,0
K03767,0,0,0,2,0,0,0,0
K01886,0,0,0,2,4,0,0,0
K01951,0,0,0,0,0,0,0,0
K15270,0,0,0,0,0,0,0,0
K00154,0,0,0,0,0,0,0,8
K11737,0,0,0,0,0,0,0,0
K00673,0,0,0,0,0,0,0,0
K00840,0,0,0,0,0,0,2,0
K14052,0,0,0,0,6,0,0,0
K09471,0,0,0,0,0,0,2,0
K10676,0,0,0,0,0,0,0,0
K00219,0,0,0,0,0,0,2,0
K01940,0,1,0,0,0,0,0,0
K03683,0,0,0,0,0,0,0,0
K07267,0,0,0,0,2,0,0,0
K00117,2,0,0,0,0,0,0,0
K00381,0,0,0,0,1,0,0,2
K00626,0,0,0,0,0,0,4,0
K04750,0,0,0,0,0,0,0,0
K08084,0,0,0,0,2,0,4,0
K03286,0,0,2,0,0,0,1,1
K14415,0,0,0,0,0,0,0,0
K11733,0,0,0,0,0,0,2,0
K00564,0,0,0,0,0,0,0,0
K16345,0,0,0,0,0,0,0,2
K06207,0,0,0,2,0,0,1,2
K03282,0,0,0,0,0,2,1,0
K10563,0,0,0,0,0,0,0,0
K03652,0,0,0,0,0,0,0,0
K02014,0,0,2,2,0,0,2,0
K13936,0,0,0,0,0,0,0,0
K07126,0,0,0,0,0,0,0,0
K03981,0,0,2,2,0,0,0,0
K09016,0,0,0,0,0,0,0,0
K09024,0,0,2,0,0,0,0,0
K09021,0,0,0,0,0,0,0,0
K09020,0,0,0,0,0,0,0,0
K09018,0,0,0,0,0,0,0,0
K09019,0,0,0,0,0,0,0,0
K09023,0,0,0,1,2,0,0,0
K06193,0,0,0,0,0,0,0,0
K09946,0,0,0,0,0,1,2,0
K00796,0,0,0,0,2,0,2,0
K01113,0,0,0,0,0,0,0,0
K01491,0,0,0,2,0,0,0,2
K03761,0,0,2,0,0,0,2,0
K00864,0,0,0,0,2,0,0,0
K01596,0,0,0,0,0,0,0,0
K00111,0,0,0,0,0,0,0,0
K07029,0,0,1,0,0,0,0,0
K04078,0,0,0,0,0,0,0,2
K04077,0,0,4,3,0,0,0,5
K01126,0,0,0,0,0,0,0,0
K18138,2,0,0,0,2,0,4,0
K03799,0,0,0,0,0,0,0,3
K08309,0,0,2,0,0,0,2,6
K14058,0,0,0,2,0,0,0,0
K02018,0,0,0,0,0,0,0,0
K02020,0,0,0,0,0,0,0,0
K02019,0,0,0,0,0,0,2,0
K05599,0,0,0,0,0,0,2,0
K05600,0,0,0,0,0,0,0,0
K11311,0,0,0,0,0,0,0,0
K04033,0,0,0,1,0,0,0,0
K01061,0,0,0,0,0,0,0,0
K21758,0,0,0,0,2,0,0,0
K08195,0,0,0,0,0,0,0,0
K00019,0,0,0,0,0,0,0,0
K17737,0,0,0,2,6,0,0,0
K01028,0,0,0,0,0,0,0,0
K01029,0,0,0,0,0,0,0,0
K02106,0,0,0,0,0,0,0,1
K00626,0,0,0,0,0,0,0,0
K21645,0,0,0,0,0,0,0,0
K01744,0,0,0,0,0,0,0,0
K07646,0,0,0,0,0,0,0,0
K01547,0,0,0,0,4,0,6,0
K01548,0,0,0,0,0,0,0,0
K01546,0,0,0,0,4,0,2,0
K00950,0,0,0,0,0,0,0,0
K01633,0,0,0,0,0,0,0,0
K00248,0,0,0,0,0,0,0,0
K08683,0,0,0,0,0,0,2,0
K15553,0,0,0,0,0,0,0,0
K15554,0,0,0,0,0,0,0,0
K02493,0,0,0,0,0,0,0,0
K02835,0,0,0,0,0,0,4,0
K07496,0,0,0,0,0,0,0,0
K11936,0,0,0,0,0,0,0,0
K11937,0,0,0,0,0,0,0,0
K11931,0,0,0,0,0,0,0,0
K11935,0,0,0,0,0,0,0,0
K09773,0,0,0,0,0,0,2,0
K01007,0,1,4,7,0,0,10,6
K02297,0,0,0,4,1,0,0,6
K02298,0,0,5,2,1,0,6,2
K02299,0,0,1,0,1,0,0,1
K02300,0,0,0,0,0,0,0,0
K02257,0,0,0,0,0,0,0,0
K02990,0,0,2,4,0,0,4,0
K02963,0,0,0,0,0,0,0,1
K02939,0,0,0,0,0,0,1,2
K02314,0,0,0,0,4,0,2,0
K01775,0,0,0,0,0,0,0,0
K07395,0,0,0,0,0,0,0,0
K03495,0,0,0,0,0,0,0,0
K02687,0,0,0,0,0,0,2,2
K03557,0,0,2,4,0,0,0,2
K00602,0,0,0,4,6,0,0,6
K01945,0,0,0,2,2,0,0,2
K02073,0,0,0,14,0,0,0,6
K02071,0,0,0,0,0,0,0,0
K02072,0,0,1,0,0,0,0,4
K01069,0,0,0,0,0,0,1,0
K11103,0,0,0,0,0,0,0,0
K00799,0,0,0,0,0,0,0,0
K05548,0,0,0,0,0,0,0,0
K00480,0,0,0,2,0,0,0,0
K07002,0,0,0,0,0,0,0,0
K18013,0,0,0,0,0,0,2,0
K03119,0,0,0,0,0,0,0,0
K00344,0,0,0,0,0,0,0,0
K25316,0,0,0,0,0,0,0,0
K00574,0,0,0,0,0,0,0,0
K00574,0,0,0,0,0,0,0,0
K09701,0,0,0,0,4,0,0,0
K06954,0,0,0,0,0,0,0,0
K00507,0,0,0,0,0,0,0,0
K03098,0,0,0,0,0,0,0,0
K02483,0,0,0,0,0,0,0,0
K06192,0,0,0,0,0,0,0,0
K11477,0,0,0,0,0,0,0,0
K09857,0,0,0,0,0,0,0,0
K07127,0,0,0,0,0,0,0,0
K03808,0,0,0,0,0,0,0,0
K03808,0,0,0,0,0,0,0,0
K01607,0,0,0,0,0,0,0,0
K03762,0,0,0,0,0,0,1,0
K02078,0,0,0,0,0,0,0,0
K02078,0,0,0,0,0,0,0,0
K03977,0,0,0,0,4,0,0,0
K17713,0,0,0,4,0,0,3,4
K01892,0,0,0,0,0,0,1,0
K03526,0,0,0,0,0,0,1,2
K15539,0,0,2,0,0,0,0,0
K02656,0,0,0,0,0,0,0,0
K06941,0,0,1,0,0,0,0,0
K00940,0,0,2,0,0,0,0,0
K19002,0,0,0,0,0,0,0,1
K19302,0,0,0,0,0,0,0,0
K03797,0,0,0,0,0,0,0,0
K01207,0,0,0,0,2,0,0,0
K00131,0,0,0,0,0,0,0,0
K00147,0,0,0,0,0,0,0,0
K03299,0,0,0,0,1,0,0,0
K00851,0,0,0,0,0,0,0,0
K01690,0,0,0,0,0,0,0,0
K01625,0,0,0,0,0,0,0,0
K00925,0,0,2,0,0,0,0,0
K13788,0,0,0,0,2,0,0,0
K01676,0,0,0,0,0,0,0,0
K09924,0,0,0,0,0,0,0,0
K03544,0,0,0,0,0,0,0,0
K02454,0,0,0,0,0,0,4,0
K02483,0,0,0,0,0,0,0,0
K05365,0,0,0,0,0,0,1,0
K03574,0,0,0,0,0,0,0,0
K00858,0,0,0,0,4,0,0,0
K00766,0,0,0,0,1,0,0,0
K09916,0,0,0,0,0,0,0,0
K11103,0,0,0,0,0,0,0,0
K07017,0,0,0,0,0,0,0,0
K14170,0,0,4,0,0,0,0,2
K24018,0,0,0,0,2,0,2,2
K01270,0,0,0,0,2,0,0,0
K01974,0,0,0,0,0,0,0,0
K14415,0,0,0,2,0,0,0,0
K00784,0,0,0,0,2,0,0,0
K14414,0,0,0,0,0,0,2,0
K07018,0,0,0,0,0,0,0,0
K09861,0,0,0,0,0,0,0,0
K03149,0,0,0,0,0,0,0,0
K03154,0,0,0,0,0,0,0,0
K11903,0,0,0,1,0,0,0,0
K11897,0,0,0,0,0,0,0,0
K11896,0,0,0,0,0,0,0,0
K11895,0,0,0,0,0,0,0,0
K11891,0,0,0,0,5,0,4,0
K11890,0,0,0,0,1,0,0,0
K03286,0,0,0,0,0,0,0,0
K11907,0,0,0,0,0,0,0,0
K11902,0,0,0,0,0,0,0,0
K11893,0,0,0,0,0,0,2,1
K11892,0,0,0,0,0,0,0,0
K17733,0,0,0,0,0,0,0,0
K09927,0,0,0,0,0,0,2,0
K00375,0,0,0,0,2,0,0,0
K09765,0,0,0,0,2,0,0,0
K13639,0,0,0,0,0,0,7,0
K09712,0,0,0,0,0,0,0,0
K01752,0,0,0,0,1,0,0,0
K06988,0,0,0,0,0,0,0,0
K06076,0,0,0,0,2,0,2,0
K07506,0,0,0,0,0,0,2,0
K03704,0,0,0,3,0,0,0,2
K14674,0,0,0,2,1,0,0,0
K06923,0,0,0,2,0,0,0,0
K25706,0,0,0,0,0,0,0,0
K01423,0,0,0,1,0,0,0,4
K02970,0,0,0,0,0,0,0,0
K09117,0,0,0,0,0,0,0,0
K00090,0,0,0,0,0,0,2,0
K09965,0,0,0,0,0,0,0,0
K03300,0,0,0,0,0,0,0,0
K03699,0,0,0,0,0,0,0,0
K18297,0,0,0,1,0,0,0,0
K01637,2,0,0,3,2,0,2,13
K06079,0,0,0,0,0,0,0,0
K03190,0,0,0,0,0,0,0,0
K01430,0,0,0,0,0,0,0,0
K01429,0,0,0,0,0,0,0,0
K01428,0,0,0,0,6,0,0,0
K03187,0,0,0,0,2,0,0,0
K03188,0,0,0,0,0,0,0,0
K03189,0,0,0,0,0,0,0,0
K05515,0,0,0,0,0,0,0,0
K03192,0,0,0,0,0,0,0,0
K08316,0,0,0,0,0,0,0,0
K00939,0,0,0,0,0,0,0,0
K10773,0,0,0,0,0,0,0,0
K03616,0,0,0,0,3,0,0,0
K00262,0,0,0,0,0,0,2,0
K03668,0,0,0,0,0,0,0,0
K15777,0,0,0,1,0,0,0,0
K01338,0,0,1,0,1,0,0,0
K00783,0,0,0,0,0,0,0,0
K01934,0,0,0,4,10,0,0,3
K09888,0,0,0,0,1,0,0,0
K03564,0,0,0,0,0,0,0,0
K06927,0,0,0,0,0,0,0,0
K06920,0,0,3,3,0,0,2,1
K10026,0,0,0,0,0,0,0,0
K00674,0,0,0,0,0,0,0,0
K13635,0,0,0,2,0,0,0,0
K02045,0,0,0,0,0,0,0,0
K02047,0,0,0,0,0,0,0,0
K02046,0,0,0,0,0,0,1,0
K07002,0,0,0,0,0,0,0,0
K23163,0,0,0,0,0,0,0,0
K07082,0,0,2,0,0,0,0,0
K00278,0,0,0,0,0,0,0,0
K00943,0,0,0,0,0,0,0,0
K04771,0,0,0,0,0,0,0,0
K07107,0,0,0,0,0,0,0,0
K03596,0,0,0,0,0,0,1,0
K03100,0,0,0,0,0,0,1,0
K03685,0,0,0,0,0,0,0,0
K03595,0,0,0,0,0,0,0,0
K03584,0,0,0,0,0,0,0,0
K03474,0,0,0,0,0,0,0,0
K06169,0,0,0,0,0,0,0,0
K16066,0,0,0,2,6,0,4,0
K00812,0,0,0,0,0,0,0,2
K04754,0,0,0,0,0,0,0,0
K07315,0,0,0,0,0,0,0,0
K11206,0,0,0,0,0,0,0,2
K02454,0,0,0,0,0,0,0,0
K23775,0,0,0,0,0,0,0,0
K04063,0,0,0,0,0,0,0,0
K02335,0,0,0,0,2,0,4,0
K02221,0,0,0,0,0,0,0,0
K00286,0,0,0,0,0,0,0,0
K04075,0,0,0,0,0,0,0,0
K01962,0,0,0,0,0,0,0,0
K01524,0,1,0,0,0,0,0,1
K03671,0,0,0,2,0,0,0,4
K01890,0,0,4,2,0,2,0,0
K03628,0,0,0,0,0,0,0,0
K04764,0,0,0,0,0,0,0,0
K01889,0,0,0,2,0,0,2,6
K02887,0,0,0,0,0,0,2,0
K02916,0,0,5,0,0,0,0,5
K19113,0,0,0,0,0,0,0,0
K15554,0,0,0,0,0,0,0,0
K15555,0,0,0,0,0,0,0,0
K03832,0,0,0,0,0,0,0,0
K03561,0,0,0,0,0,0,0,0
K03559,0,0,0,0,0,0,0,0
K22303,0,0,0,0,0,0,2,0
K15553,0,0,0,0,0,0,2,0
K02014,0,0,0,0,0,0,2,0
K02014,0,0,0,0,0,0,0,0
K24116,0,0,0,0,0,0,0,0
K19265,0,0,0,0,0,0,0,0
K22303,0,0,0,0,2,0,0,0
K03790,0,0,0,0,0,0,0,0
K22108,0,0,0,0,2,0,0,0
K13774,0,0,0,0,0,0,1,0
K13778,0,0,0,0,2,0,0,0
K11731,0,0,0,0,2,0,4,0
K13779,0,0,0,0,2,0,1,0
K13777,0,0,0,0,0,0,0,0
K07131,0,0,0,0,0,0,0,0
K06945,0,0,0,0,0,0,0,0
K03600,0,0,0,0,0,0,0,0
K03599,0,0,0,0,0,0,0,0
K02996,0,0,0,0,0,0,0,0
K02871,0,0,0,1,2,0,1,8
K00097,0,0,0,0,0,0,0,0
K02528,0,0,0,0,0,0,0,0
K01525,0,0,0,0,0,0,0,2
K03665,0,0,0,0,0,0,0,0
K06132,0,0,0,0,0,0,0,0
K22617,0,0,0,0,0,0,0,0
K07098,0,0,0,0,1,0,0,0
K21021,0,0,0,0,0,0,0,2
K03286,0,0,0,0,0,0,0,0
K09895,0,0,0,0,0,0,0,6
K01262,0,0,0,0,0,0,0,4
K03185,0,0,0,0,0,0,1,2
K06895,0,0,0,0,0,0,0,0
K05596,0,0,0,0,0,0,0,0
K07056,0,0,0,0,0,0,0,0
K07460,0,0,0,0,0,0,0,2
K03426,0,0,0,0,0,0,0,0
K14159,0,0,0,0,0,0,0,0
K08307,0,0,0,4,0,0,2,6
K13893,0,0,0,0,2,0,0,0
K13894,0,0,0,0,1,0,2,0
K13895,0,0,0,0,3,0,0,0
K02031,0,0,0,0,0,0,0,2
K02014,0,0,0,0,0,0,0,0
K00799,0,0,0,0,0,0,0,0
K01740,0,0,0,0,2,0,2,0
K01673,0,0,0,0,0,0,0,0
K06959,0,0,0,0,0,0,0,0
K07659,0,4,0,0,0,0,0,6
K07638,0,0,0,0,2,0,2,2
K18118,2,0,0,2,2,0,4,0
K01693,0,0,1,0,0,0,0,1
K02501,0,0,0,0,1,0,0,0
K01814,0,0,0,0,0,0,0,0
K23779,0,0,0,0,0,0,2,0
K02204,0,0,0,0,0,0,0,0
K02500,0,0,0,0,0,0,0,0
K06188,0,0,0,0,2,0,0,0
K11249,0,0,0,0,0,0,0,0
K01173,0,0,0,0,4,0,4,0
K03549,0,0,0,0,0,0,0,0
K07126,0,0,0,0,1,0,0,0
K18954,0,0,0,0,0,0,6,2
K05275,0,0,0,0,0,0,2,0
K08224,0,0,0,0,2,0,0,0
K06911,0,0,0,0,0,0,0,0
K00135,0,0,0,0,0,0,0,0
K00823,0,0,0,0,0,0,0,0
K00375,0,0,0,0,0,0,0,0
K23779,0,0,0,0,3,0,0,0
K03111,0,0,0,0,0,0,0,0
K09799,0,0,0,0,0,0,0,0
K03707,0,0,0,0,2,0,0,0
K07124,0,0,0,0,1,0,0,0
K02442,0,0,0,0,0,0,0,0
K08987,0,0,0,0,0,0,0,0
K16137,0,0,0,0,2,0,0,4
K03701,0,0,2,0,0,0,0,0
K02168,0,0,0,0,0,0,0,1
K14393,0,0,0,0,0,0,0,0
K20975,0,0,0,0,1,0,4,2
K01736,0,0,0,0,1,0,0,0
K07320,0,0,0,0,0,0,0,0
K01696,0,0,0,0,2,0,0,2
K09989,0,0,0,0,0,0,2,0
K09902,0,0,2,1,0,0,0,0
K01118,0,0,0,0,0,0,0,0
K03684,0,0,0,0,0,0,0,0
K06187,0,0,0,0,0,0,0,7
K09747,0,0,0,0,0,0,0,0
K10764,0,0,0,4,4,0,0,0
K03821,0,0,0,0,0,0,0,0
K02503,0,0,1,1,0,0,0,2
K25187,0,0,0,0,0,0,0,0
K25188,0,0,0,0,0,0,0,0
K25182,0,0,0,0,0,0,2,0
K03457,0,0,0,0,0,0,1,0
K07347,0,0,0,0,2,0,0,0
K15540,0,0,0,0,0,0,2,0
K07345,0,0,0,0,0,0,0,0
K01012,0,0,0,0,0,0,0,0
K18979,0,0,0,0,4,0,2,0
K23997,0,0,0,0,0,0,2,0
K01159,0,0,0,0,0,0,0,0
K23779,0,0,0,0,0,0,0,0
K19318,0,0,0,0,0,0,0,0
K24217,0,0,0,0,0,0,0,0
K07113,0,2,1,1,1,0,0,1
K00789,0,0,0,0,0,0,1,0
K00615,0,0,0,2,0,0,2,4
K07025,0,0,0,0,0,0,0,0
K05589,0,0,0,0,0,0,0,0
K00991,0,0,0,0,0,0,2,1
K01031,0,0,0,0,0,0,3,0
K01032,0,0,0,0,0,0,1,0
K00632,0,0,0,0,0,0,0,0
K01857,0,0,0,0,2,0,0,4
K01055,0,0,0,0,0,0,0,0
K08195,0,0,0,0,1,0,0,0
K01607,0,0,0,0,1,0,0,0
K00449,0,0,0,0,0,0,0,0
K00448,0,0,0,0,0,0,0,0
K03785,0,0,0,0,0,0,0,0
K09483,0,0,2,0,0,0,0,0
K07267,0,0,0,0,0,0,0,0
K05358,0,0,0,0,0,0,2,0
K07112,0,0,0,0,0,0,0,0
K07112,0,0,0,0,0,0,0,2
K02624,0,0,0,0,0,0,0,0
K00249,0,0,0,2,0,0,0,1
K21758,0,0,0,0,0,0,0,0
K01887,2,0,0,0,0,0,2,0
K00799,0,0,0,0,0,0,0,0
K06911,0,0,0,0,0,0,0,0
K07397,0,0,0,0,0,0,0,0
K01951,0,0,0,0,1,0,4,4
K10947,0,0,0,0,0,0,0,0
K15977,0,0,0,0,0,0,0,0
K03975,0,0,0,0,0,0,0,0
K03496,0,0,0,0,0,0,0,0
K05527,0,0,0,0,0,0,0,0
K06133,0,0,0,0,0,0,0,0
K07003,0,0,0,0,1,0,0,0
K00059,0,0,0,0,2,1,0,0
K00626,0,0,2,2,2,0,0,6
K00616,0,0,0,2,0,0,2,0
K11250,0,0,0,0,0,0,0,0
K03719,0,0,0,0,1,0,0,0
K05782,0,0,0,0,0,0,6,0
K07090,0,0,0,0,0,0,0,0
K07275,0,0,0,0,0,0,0,4
K03824,0,0,0,0,0,0,0,0
K01185,0,0,0,0,0,0,0,0
K07044,0,0,0,0,0,0,0,0
K06911,0,0,0,0,0,0,0,0
K06901,0,0,0,0,4,0,0,0
K21053,0,0,0,0,2,0,0,0
K12262,0,0,0,0,0,0,0,0
K01872,0,0,2,0,0,0,2,0
K00928,0,0,0,0,0,0,0,0
K03470,0,0,0,0,0,0,0,0
K03563,0,0,0,0,0,0,0,0
K02502,0,0,0,0,0,0,0,2
K01939,0,0,1,0,0,0,0,2
K23010,0,0,0,0,0,0,0,0
K10914,0,0,0,0,6,0,0,0
K07397,0,0,0,0,0,0,0,0
K14731,0,0,0,0,0,0,0,0
K09136,0,0,0,0,0,0,0,0
K03333,0,0,0,0,0,0,0,0
K13444,0,0,0,0,0,0,0,0
K21758,0,0,0,0,0,0,0,0
K03862,0,0,0,0,0,0,2,0
K03863,0,0,0,0,0,0,0,0
K11475,0,0,0,0,0,0,0,0
K05819,0,0,0,0,0,0,0,0
K18383,0,0,0,0,0,0,0,4
K21802,0,0,0,0,0,0,0,0
K12508,0,0,0,0,0,0,2,0
K00249,0,0,0,0,0,0,0,0
K13936,0,0,0,0,0,0,3,0
K01873,0,0,0,0,0,0,0,0
K18138,0,0,4,0,0,0,5,2
K18139,0,0,0,0,0,0,0,0
K03585,0,0,0,0,0,0,0,0
K19302,0,0,0,0,0,0,0,0
K02523,0,0,0,0,0,0,0,0
K02888,0,0,0,2,5,0,0,5
K02899,0,0,0,0,1,0,0,0
K03634,0,0,4,1,0,0,0,14
K01875,0,0,0,5,0,0,0,2
K02302,0,0,0,1,0,0,1,0
K03216,0,0,0,0,0,0,0,0
K00990,0,0,0,0,0,0,0,0
K08289,0,0,0,0,0,0,0,3
K01821,0,0,2,0,0,0,1,0
K10914,0,0,0,0,0,0,0,0
K06942,0,0,0,0,0,0,2,0
K02072,0,0,0,0,0,0,0,2
K02071,0,0,0,0,0,0,0,0
K02073,0,0,0,0,0,0,0,0
K02073,0,0,0,0,0,0,0,0
K20938,0,0,0,0,0,0,0,0
K10001,0,0,0,0,0,0,2,0
K10003,0,0,0,0,0,0,2,1
K10002,0,0,0,0,0,0,0,0
K10004,0,0,0,0,0,0,0,0
K18189,0,0,0,0,0,0,0,0
K18446,0,0,0,0,1,0,1,0
K00788,0,0,0,0,0,0,0,0
K01845,0,0,0,0,0,0,0,0
K06177,0,0,0,0,2,0,0,0
K03580,0,0,0,0,0,0,0,4
K22105,0,0,0,4,0,0,2,0
K22770,0,0,2,8,0,0,0,6
K22769,0,0,0,0,1,0,4,4
K00836,0,0,1,1,2,0,2,6
K13745,0,0,0,4,2,0,2,2
K03719,0,0,0,0,0,0,0,0
K01568,0,0,0,0,0,0,0,0
K02040,0,0,0,2,0,0,0,2
K05819,0,0,0,0,0,0,2,0
K05712,0,0,0,0,0,0,0,0
K05817,0,0,0,0,0,0,0,0
K09913,0,0,0,0,0,0,0,0
K00433,0,0,0,0,0,0,0,0
K13985,0,0,0,0,0,0,0,0
K23164,0,0,0,0,0,0,0,0
K00019,0,0,0,0,0,0,0,0
K19267,0,0,0,0,0,0,0,0
K07124,0,0,0,0,0,0,0,0
K01574,0,0,0,1,0,0,0,0
K07044,0,0,0,4,0,0,0,2
K07044,0,0,0,0,0,0,0,0
K06889,0,0,0,0,1,0,0,0
K03923,0,0,0,0,0,0,0,0
K21822,0,0,0,0,0,0,0,0
K21699,0,0,0,0,0,0,0,0
K00822,0,0,0,0,0,0,0,1
K00140,0,0,0,0,1,0,0,0
K11735,0,0,0,0,1,0,0,0
K13021,0,0,0,0,0,0,0,0
K03543,0,0,0,0,0,0,0,0
K03446,0,0,0,0,2,0,0,0
K18301,0,0,0,2,0,0,0,0
K03704,0,0,0,0,0,0,0,0
K01821,0,0,0,0,0,0,0,0
K13979,0,0,0,0,0,0,0,0
K02014,0,0,0,0,2,0,0,0
K02016,0,0,0,0,0,0,0,0
K02013,0,0,0,0,2,0,0,0
K00064,2,0,0,0,0,0,0,0
K01457,0,0,0,0,0,0,0,0
K01941,0,0,0,1,1,0,3,0
K07722,0,0,0,0,0,0,0,0
K09967,0,0,0,0,0,0,0,0
K17735,0,0,0,0,0,0,0,0
K22210,0,0,0,0,0,0,0,0
K07160,0,0,0,0,0,0,0,0
K25190,0,0,0,0,0,0,0,0
K00748,0,0,0,0,0,0,0,0
K23777,0,0,0,0,0,0,0,0
K16088,0,0,0,0,0,0,0,0
K07090,0,0,0,0,2,0,0,0
K01626,0,0,0,1,0,0,0,0
K02233,0,0,0,0,0,0,0,0
K00768,0,0,0,0,0,0,0,0
K02231,0,0,0,0,0,0,0,0
K03976,0,0,0,0,2,0,4,0
K00496,0,0,0,0,0,0,0,0
K03770,0,0,0,0,0,0,0,0
K21747,0,0,0,0,0,0,0,0
K06596,0,0,0,0,0,0,0,0
K01439,0,0,0,0,0,0,0,1
K09977,0,0,0,0,0,0,0,0
K16347,0,0,0,0,0,0,0,0
K09790,0,0,0,0,0,0,4,0
K07552,0,0,0,0,0,0,0,0
K03310,0,0,0,0,2,0,4,0
K07001,0,0,0,0,0,0,4,0
K01754,0,0,0,0,0,0,0,0
K17938,0,0,0,0,2,0,2,0
K24101,0,0,0,0,4,0,0,0
K08225,0,0,0,0,0,0,0,0
K07214,0,0,0,0,0,0,0,0
K05375,0,0,0,0,0,0,0,0
K00216,0,0,0,0,0,0,0,0
K02361,0,0,0,0,0,0,0,0
K02363,0,0,0,0,0,0,0,0
K01252,0,0,0,0,0,0,0,0
K16089,0,0,0,0,0,0,0,0
K01081,0,0,0,0,0,0,0,0
K06136,0,0,0,0,0,0,0,0
K06137,0,0,0,0,0,0,0,0
K06138,0,0,0,0,0,0,0,0
K06139,0,0,0,0,0,0,0,1
K23541,0,0,0,0,0,0,0,0
K00163,0,0,4,0,4,0,0,10
K19304,0,0,0,0,0,0,0,0
K02535,0,0,2,2,0,0,0,0
K03531,0,0,0,0,0,0,0,0
K03590,0,0,2,0,0,0,9,0
K03589,0,0,0,2,4,0,0,1
K01921,0,0,0,0,0,0,0,0
K01924,0,0,1,0,2,0,0,0
K02563,0,0,0,0,2,0,2,0
K01920,2,0,0,0,0,0,0,4
K02014,0,0,0,0,8,0,4,0
K00762,0,0,0,0,0,0,0,0
K01142,0,0,0,0,1,0,0,2
K10017,0,0,0,0,0,0,0,0
K03297,0,0,0,0,0,0,0,0
K10015,0,0,0,0,0,0,0,0
K10016,0,0,0,0,0,0,0,0
K10013,0,0,0,0,0,0,0,2
K18900,0,0,2,0,0,0,0,2
K18901,0,0,0,0,0,0,0,0
K18902,0,0,0,0,0,0,2,0
K18903,0,0,0,0,0,0,0,0
K00600,0,0,0,0,0,0,0,0
K10857,0,0,0,0,0,0,2,0
K01990,0,0,0,0,0,0,2,0
K06879,0,0,0,0,0,0,0,0
K05837,0,0,0,0,0,2,1,0
K08305,0,0,0,0,0,0,0,0
K03642,0,2,0,0,2,0,0,4
K07506,0,0,0,0,0,0,2,0
K03527,0,0,0,0,0,0,0,0
K08084,0,0,0,0,0,0,0,0
K02671,0,0,0,0,1,0,0,0
K02672,0,0,0,0,1,0,2,0
K02673,0,0,0,0,0,0,2,0
K02674,0,0,0,0,2,0,4,0
K02655,0,0,0,0,0,0,0,0
K02655,0,0,0,0,0,0,0,0
K02959,0,1,0,1,0,0,1,2
K02860,0,0,4,0,0,0,0,3
K00554,0,0,0,0,4,0,2,0
K01046,0,0,0,0,0,0,1,0
K02884,0,0,0,0,0,0,0,0
K03177,0,0,0,0,0,0,0,0
K07090,0,0,0,0,0,0,0,0
K11939,0,0,0,0,0,0,0,0
K11939,0,0,0,0,0,0,0,2
K00058,0,0,0,0,0,0,2,9
K03923,0,0,0,0,0,0,0,0
K08160,0,0,0,0,0,0,0,0
K03981,0,0,0,0,0,0,0,0
K03650,0,0,0,0,0,0,0,0
K03217,0,0,0,0,0,0,0,0
K08998,0,0,0,0,0,0,1,0
K03536,0,0,0,0,4,0,0,1
K02914,0,0,0,0,0,0,0,1
K02313,0,1,0,0,0,0,2,0
K02338,0,1,2,2,2,0,0,0
K03629,0,0,0,0,0,0,0,2
K02470,0,0,2,3,0,2,2,8
K06158,0,0,0,0,0,0,0,0
K15536,0,0,0,0,0,0,0,0
K15724,0,0,0,0,0,0,0,0
K09001,0,0,0,0,0,0,2,0
K01866,0,0,0,0,0,0,4,0
K03690,0,0,0,0,0,0,0,0
K03688,0,0,0,0,2,0,0,0
K11755,0,0,0,0,0,0,0,0
K10300,0,0,0,0,2,0,0,0
K05559,0,0,0,0,5,0,2,4
K05560,0,0,0,0,0,0,0,0
K05561,0,0,0,0,0,0,0,0
K02519,0,0,0,0,0,0,0,2
K05562,0,0,0,0,0,0,0,0
K05563,0,0,0,0,0,0,0,0
K05564,0,0,0,0,0,0,0,0
K02834,0,0,0,0,0,0,0,0
K02600,0,0,2,4,2,0,3,6
K09748,0,2,6,0,0,0,0,3
K03075,0,0,0,0,0,0,0,0
K02652,0,0,0,0,0,0,0,0
K11209,0,0,0,0,0,0,0,0
K01868,0,0,0,0,2,0,1,2
K02520,0,0,0,0,0,0,0,0
K20034,0,0,0,0,1,0,0,0
K09889,0,0,0,0,0,0,0,0
K06958,0,0,0,0,0,0,0,0
K08485,0,0,0,0,0,0,0,0
K01918,0,0,0,2,0,0,0,1
K00606,0,0,0,0,6,0,2,1
K00970,0,0,0,0,0,0,1,0
K00950,0,0,0,0,0,0,0,0
K02237,0,0,0,0,0,0,0,0
K03215,0,0,4,2,0,0,0,2
K07501,0,0,0,0,0,0,0,3
K12339,0,0,0,0,0,0,0,0
K07678,0,0,0,0,2,0,4,0
K01816,0,0,0,0,0,0,0,4
K01066,0,0,0,0,0,0,0,0
K15977,0,0,0,0,0,0,0,0
K03088,0,0,0,0,0,0,0,0
K07165,0,0,0,0,0,0,0,0
K16088,0,2,0,0,2,0,0,0
K09936,0,0,0,0,0,0,0,0
K18900,0,0,0,0,0,0,0,0
K07459,0,0,0,0,0,0,0,0
K16238,0,0,0,0,0,0,0,0
K02614,0,0,0,0,0,0,0,0
K02617,0,0,0,0,0,0,0,0
K02616,0,0,0,0,0,0,0,0
K01912,0,0,0,0,0,0,1,0
K00632,0,0,0,0,2,0,2,0
K00074,0,0,0,0,0,0,6,0
K15866,0,0,2,0,0,0,0,0
K01692,0,0,0,0,0,0,0,2
K02613,0,0,0,0,0,0,1,0
K02612,0,0,0,0,0,0,0,0
K02611,0,0,0,0,2,0,0,0
K02609,0,0,0,0,0,0,0,0
K02610,0,0,0,0,0,0,0,0
K02618,0,0,4,0,0,0,2,0
K03555,0,0,0,0,0,0,2,0
K05524,0,0,0,0,0,0,0,0
K18815,0,0,0,0,0,0,0,0
K00588,0,0,0,0,0,0,0,0
K12542,0,0,0,0,0,0,0,0
K07568,0,0,0,0,0,0,3,0
K03744,0,0,0,0,0,0,0,0
K00773,0,0,0,0,2,0,0,0
K03210,0,0,0,0,0,0,0,2
K03072,0,0,0,0,2,0,2,0
K13038,0,0,0,0,0,0,0,0
K03074,0,0,0,0,0,0,0,0
K03630,0,0,0,0,2,0,0,0
K08994,0,0,0,0,0,0,0,0
K07053,0,0,0,0,0,0,0,0
K06190,0,0,0,0,1,0,1,0
K09780,0,0,0,0,0,0,0,0
K15461,0,0,0,0,2,0,0,0
K09767,0,0,0,0,0,0,6,0
K10806,0,0,0,0,0,0,0,0
K06889,0,0,0,0,0,0,2,2
K03672,0,0,0,0,0,0,0,0
K07054,0,0,0,0,0,0,0,2
K09781,0,0,0,0,4,0,0,0
K01867,0,0,0,0,0,0,0,0
K01902,0,0,0,0,0,0,0,0
K01903,0,0,0,0,0,0,0,0
K00382,0,0,0,0,0,0,1,0
K00164,0,0,16,2,2,0,2,6
K00658,0,0,0,0,0,0,0,0
K00239,0,3,1,0,0,0,2,4
K00240,0,0,0,0,0,0,0,0
K00242,0,0,1,0,0,0,0,2
K00241,0,0,0,0,1,0,0,3
K01647,0,0,0,0,3,0,0,0
K06938,0,0,0,0,0,0,0,0
K07146,0,0,0,0,0,0,0,0
K07039,0,0,0,0,0,0,0,6
K22083,0,0,0,0,0,0,0,0
K00075,0,0,0,1,0,0,0,0
K25307,0,0,0,0,0,0,0,0
K16568,0,0,0,0,0,0,0,0
K01114,0,0,0,0,0,0,0,0
K07107,0,0,0,0,0,0,0,0
K02343,0,0,0,1,2,0,0,0
K03687,0,0,0,6,2,0,0,0
K04043,0,2,15,63,5,0,3,66
K08305,0,0,0,0,3,0,0,0
K01589,0,0,0,0,0,0,0,0
K01588,0,0,0,0,0,0,0,0
K09922,0,0,0,0,0,0,0,0
K02558,0,0,0,0,1,0,0,0
K05794,0,0,0,0,0,0,0,0
K01487,0,0,2,0,0,0,1,0
K00760,0,0,0,0,0,0,0,0
K12543,0,0,0,0,0,0,0,0
K06861,0,0,0,0,0,0,0,0
K09774,0,2,0,0,0,0,0,0
K11719,0,0,0,2,2,0,0,2
K03270,0,0,0,0,0,0,0,0
K06041,2,0,2,0,0,0,0,0
K01883,0,0,0,0,0,0,0,0
K08224,0,0,0,0,6,0,3,0
K16053,0,0,0,0,0,0,0,0
K07044,0,0,0,0,0,0,1,0
K00286,0,1,0,4,0,0,0,1
K03719,0,0,0,0,0,0,0,0
K00681,76,18,272,70,132,12,237,287
K03446,0,0,0,0,0,0,6,0
K03543,0,0,0,2,10,0,0,0
K01698,0,0,0,0,0,0,0,1
K03153,0,0,0,0,0,0,0,0
K07071,0,0,0,0,0,0,0,0
K06996,0,0,0,0,0,0,0,0
K03547,0,0,0,0,0,0,0,0
K03546,0,0,0,0,2,0,2,4
K06997,0,0,0,0,0,0,0,0
K02669,0,0,0,0,0,0,0,0
K02670,0,0,0,0,1,0,0,0
K03711,0,0,0,0,0,0,0,0
K03695,0,4,3,10,0,2,2,15
K12297,0,0,0,0,0,0,0,0
K00609,0,0,0,0,3,0,0,0
K03286,0,0,0,2,0,0,0,6
K00799,0,0,0,0,0,0,0,0
K01406,0,0,0,0,5,0,2,2
K03761,0,0,0,2,0,0,0,4
K07240,0,0,0,0,0,0,0,0
K07506,0,0,0,0,0,0,0,0
K07090,0,0,0,0,0,0,0,0
K17218,0,0,0,0,0,0,0,0
K17725,0,0,0,0,0,0,0,0
K00004,0,0,0,0,0,0,0,0
K08994,0,0,0,0,0,0,0,0
K03366,0,0,0,0,0,0,0,0
K00382,0,0,0,0,0,0,0,0
K21417,0,0,0,0,2,0,2,0
K21416,0,0,0,0,1,0,0,0
K03644,0,0,0,0,1,0,0,0
K02037,0,0,0,0,0,0,0,0
K02038,0,0,0,0,2,0,0,0
K02036,0,0,0,0,0,0,0,0
K04774,0,0,0,3,0,0,0,6
K01756,0,0,0,0,0,0,1,0
K08984,0,0,0,0,0,0,0,0
K07153,0,0,0,0,0,0,0,0
K00566,0,0,0,0,0,0,0,0
K12152,0,0,2,0,0,0,0,0
K01726,0,0,0,0,0,0,0,0
K07258,0,0,0,0,0,0,0,0
K03787,0,0,0,0,0,0,0,1
K04770,0,0,0,0,0,0,0,0
K06194,0,0,0,0,0,0,0,0
K21698,0,0,0,0,0,0,0,0
K08218,0,0,0,0,2,0,0,0
K00763,0,0,0,0,1,0,2,0
K01011,0,0,0,0,2,0,0,0
K01613,0,0,0,0,4,0,4,0
K10938,0,0,0,0,0,0,0,0
K07636,0,0,0,0,0,0,0,0
K07657,0,0,0,4,0,0,0,0
K03327,0,0,0,2,2,0,2,0
K14287,0,0,0,0,0,0,0,0
K01919,0,2,2,0,0,0,4,0
K03611,0,0,0,0,0,0,0,0
K11904,0,0,0,0,0,0,0,0
K23514,0,0,0,0,0,0,0,0
K07165,0,0,0,0,0,0,0,0
K16087,0,0,0,0,0,0,1,0
K07280,0,0,0,0,2,0,4,0
K03832,0,0,0,0,0,0,0,0
K07215,0,0,0,0,0,0,0,0
K09790,0,0,0,0,0,0,0,0
K03758,0,0,0,0,0,0,0,0
K00116,0,0,0,0,0,0,0,0
K00108,0,2,0,0,0,0,0,0
K00130,0,0,0,0,2,0,2,0
K02167,0,0,0,1,0,0,0,2
K02168,0,0,2,0,4,0,4,0
K05595,0,0,0,0,0,0,0,0
K10806,0,0,4,0,0,0,0,0
K11103,0,0,0,0,0,0,0,0
K11931,0,0,0,0,0,0,0,0
K11936,0,0,0,0,0,0,0,0
K16137,0,0,0,0,0,0,0,0
K11937,0,0,0,0,0,0,0,0
K03811,0,0,0,0,0,0,0,0
K05710,0,0,0,0,0,0,0,0
K00529,0,0,0,0,0,0,0,0
K06989,0,0,0,0,0,0,0,0
K01462,0,0,0,0,0,0,0,0
K01425,0,0,0,0,0,0,0,0
K08223,0,0,0,0,0,0,2,0
K01785,0,0,0,0,0,0,0,0
K03566,0,0,0,0,0,0,0,0
K00059,0,0,0,0,6,0,0,0
K13021,0,0,0,0,0,0,5,0
K00548,0,0,0,0,0,0,0,0
K00615,0,0,0,0,0,0,0,0
K00615,0,0,0,0,0,0,0,0
K03306,0,0,0,0,3,0,0,0
K17228,0,0,0,0,0,0,1,0
K01895,0,0,0,0,0,0,0,0
K03442,0,0,0,0,0,0,0,0
K09761,0,0,0,0,0,0,0,0
K02527,0,0,0,0,0,0,0,0
K10680,0,0,0,0,0,0,0,0
K02836,0,0,0,0,0,0,0,2
K07462,0,0,0,0,0,0,0,0
K00558,0,0,0,0,0,0,0,2
K03431,0,0,0,0,0,0,2,1
K00275,0,0,0,0,0,0,0,0
K00088,0,0,2,2,0,0,0,0
K01754,0,0,0,0,0,0,0,0
K03499,0,0,0,0,0,0,0,0
K01807,0,0,0,0,0,0,0,0
K00145,0,0,0,2,0,0,0,2
K06891,0,0,0,0,1,0,0,0
K03694,0,0,22,1,0,0,2,6
K09771,0,0,0,0,0,0,0,0
K01626,0,1,0,0,0,2,0,0
K00219,0,0,0,2,0,0,0,0
K07044,0,0,0,0,0,0,0,0
K01937,0,0,0,0,0,0,0,2
K05834,0,0,0,0,0,0,0,0
K06991,0,0,0,0,0,0,0,0
K11102,0,0,0,0,0,0,2,0
K00948,0,0,0,0,1,0,0,0
K03462,0,0,0,0,0,0,0,0
K21801,0,0,0,0,0,0,2,0
K03543,0,0,0,0,0,0,0,0
K03446,0,0,0,0,1,0,0,0
K00982,0,0,0,2,0,0,0,0
K00826,0,0,0,0,0,0,0,6
K07276,0,0,0,0,0,0,0,0
K06320,0,0,0,0,0,0,2,1
K01876,0,0,0,0,0,0,0,0
K06975,0,0,0,0,0,0,2,0
K02029,0,0,0,0,0,0,0,0
K02028,0,0,0,0,0,0,0,0
K02030,0,0,0,0,0,0,0,0
K02030,0,0,0,0,0,0,0,0
K11717,0,0,0,0,0,0,0,0
K05835,0,0,0,0,0,0,0,0
K00640,0,0,0,0,0,0,0,0
K11249,0,0,0,0,0,0,0,0
K11209,0,0,0,0,0,0,0,0
K00799,0,0,0,0,0,0,0,0
K06518,0,0,0,0,0,0,1,0
K03703,0,0,0,6,5,0,0,0
K08744,0,0,0,4,0,0,0,0
K10778,0,0,0,0,2,0,2,0
K03631,0,0,0,0,0,0,0,0
K07447,0,0,0,0,0,0,0,0
K07735,0,0,0,0,0,0,0,0
K09913,0,0,0,0,0,0,0,0
K03218,0,0,0,0,0,0,0,0
K00859,0,0,0,0,0,0,0,0
K02654,0,0,0,0,0,0,0,0
K07323,0,0,0,0,0,0,0,5
K02067,0,0,1,3,0,0,2,13
K02066,0,0,0,0,0,0,2,2
K02065,0,0,0,0,0,0,0,0
K01662,0,0,2,4,0,0,1,5
K01092,0,0,0,0,0,0,0,0
K00228,0,0,0,0,0,0,0,0
K00014,0,0,0,0,0,0,0,0
K20035,0,0,4,2,0,0,6,0
K07168,1,0,0,0,0,0,0,4
K03973,0,0,0,0,0,0,0,0
K16842,0,0,0,0,0,0,0,0
K16840,0,0,0,0,1,0,4,0
K07127,0,0,0,0,0,0,0,0
K24206,0,0,0,0,0,0,0,0
K16839,0,0,0,0,0,0,0,0
K01477,0,0,0,0,0,0,0,0
K01483,0,0,0,0,0,0,0,0
K07000,0,0,0,0,0,0,0,4
K18697,0,0,0,0,0,0,0,0
K01185,0,0,0,0,2,0,0,0
K06200,0,0,2,0,0,0,2,0
K03704,0,0,0,2,0,0,0,2
K22589,0,0,0,0,0,0,2,0
K06911,0,0,0,0,0,0,0,0
K01599,0,0,0,0,0,0,0,0
K02050,0,0,0,0,0,0,0,0
K11904,0,0,0,4,0,0,4,0
K11904,0,0,0,0,0,0,4,0
K18138,0,0,0,0,0,0,0,1
K01273,0,0,0,0,0,0,0,0
K18145,0,0,0,0,0,0,0,0
K18144,0,0,0,0,0,0,0,0
K18143,0,0,0,0,0,0,0,0
K06132,0,0,0,0,0,0,0,0
K00121,0,0,0,0,2,0,0,0
K07347,0,0,0,0,0,0,0,0
K15540,0,0,1,0,0,0,1,0
K07345,0,0,0,0,0,0,2,1
K04091,0,0,2,0,0,0,2,0
K02035,0,0,0,0,0,0,2,0
K02033,0,0,0,0,0,0,0,0
K02034,0,0,0,0,0,0,0,0
K02031,0,0,0,0,0,0,0,0
K02014,0,0,0,0,0,0,0,0
K04091,0,0,0,0,0,0,1,0
K03118,0,0,0,0,0,0,0,0
K03117,0,0,0,0,0,0,0,0
K15555,0,0,1,0,0,0,0,0
K03116,0,0,0,0,0,0,0,0
K15554,0,0,0,0,0,0,0,0
K15554,0,0,0,0,1,0,0,0
K04091,0,0,0,0,0,0,0,0
K03832,0,0,0,0,0,0,0,0
K02035,0,0,0,0,0,0,0,0
K03561,0,0,0,0,0,0,0,0
K03559,0,0,0,0,0,0,0,0
K02014,0,0,0,0,0,0,0,0
K02014,0,0,0,0,2,0,0,0
K04091,0,0,0,0,0,0,0,0
K05913,0,0,0,0,0,0,0,0
K00005,0,0,0,0,0,0,0,0
K00059,0,0,0,0,0,0,0,0
K03761,0,0,0,0,0,0,0,0
K00525,0,0,0,0,4,0,0,0
K00526,0,0,2,0,0,0,0,2
K14060,0,0,0,0,0,0,0,0
K00712,0,0,0,0,0,0,0,0
K07400,0,0,4,0,0,0,0,4
K19611,0,0,0,0,4,0,0,0
K13700,2,0,0,0,0,0,0,0
K01673,0,0,0,0,0,0,0,0
K10804,0,0,0,0,0,0,0,0
K02003,0,0,0,0,0,0,0,0
K02004,0,0,0,0,0,0,6,0
K19225,0,0,0,0,0,0,0,0
K03814,0,0,0,0,2,0,0,2
K00937,0,0,0,0,2,0,4,0
K04761,0,0,0,0,0,0,0,0
K06186,0,0,0,0,0,0,0,0
K09801,0,0,0,0,0,0,0,0
K07216,0,0,0,0,0,0,2,0
K00930,0,0,0,0,0,0,0,0
K15778,0,0,0,2,4,0,0,0
K03656,0,0,0,0,3,0,0,0
K01520,0,0,0,0,0,0,0,0
K03286,0,0,0,0,0,0,0,0
K03610,0,0,0,0,0,0,0,0
K03466,0,0,0,0,0,0,0,0
K03609,0,0,0,0,0,0,0,0
K03608,0,0,0,0,0,0,0,0
K05835,0,0,0,0,0,0,0,0
K06956,0,0,0,0,0,0,2,0
K21959,0,0,0,0,2,0,0,2
K00031,0,0,0,0,0,0,0,0
K06181,0,0,0,0,0,0,0,0
K07258,0,0,0,0,0,0,2,0
K03885,0,0,0,0,6,0,2,0
K03775,0,4,2,4,0,0,0,2
K01669,0,0,0,0,0,0,0,0
K22027,0,0,0,0,6,0,0,0
K03863,0,0,0,0,0,0,0,0
K23470,0,0,0,0,0,0,0,0
K14063,0,0,0,0,0,0,0,0
K00276,0,0,0,0,0,0,2,0
K01055,0,0,0,0,0,0,0,0
K00632,0,0,0,0,2,0,0,1
K00432,0,0,0,1,0,0,0,0
K02112,0,0,4,0,2,0,0,4
K02114,0,0,0,0,0,0,0,0
K02115,0,1,4,0,2,0,0,0
K02111,0,0,2,0,0,0,0,7
K02113,0,0,0,0,0,0,0,0
K02109,0,0,0,2,0,1,0,0
K02108,0,0,0,0,0,0,3,0
K02110,0,0,0,0,0,0,0,0
K09823,0,0,0,0,0,0,0,0
K09817,0,0,0,0,0,0,0,0
K05834,0,0,0,0,0,0,0,0
K00029,0,0,0,0,1,0,0,0
K07223,0,0,0,0,0,0,0,0
K02624,0,0,0,0,0,0,0,0
K00799,0,0,0,0,0,0,0,0
K00481,0,0,0,0,0,0,0,0
K08196,0,0,0,0,0,0,0,0
K06446,0,0,0,0,0,0,0,0
K20329,0,0,0,0,0,0,0,0
K23948,0,0,0,0,0,0,0,0
K20329,0,0,0,0,0,0,4,0
K00632,0,0,0,0,0,0,0,0
K00074,0,0,0,0,0,0,0,0
K02337,0,0,0,0,2,0,2,2
K00640,0,0,0,0,0,0,0,0
K15396,0,0,0,0,0,0,0,0
K05597,0,0,0,0,0,0,2,2
K14260,0,0,0,0,2,0,2,0
K07305,0,0,0,0,0,0,2,0
K00432,0,0,0,0,0,0,1,0
K14267,0,0,0,0,0,0,0,0
K19666,0,0,0,0,0,0,0,0
K08172,0,0,0,0,1,0,0,0
K13061,0,0,0,0,0,0,0,0
K01692,0,0,0,0,0,0,0,0
K00248,0,0,0,0,0,0,0,0
K00020,0,0,0,0,0,0,0,0
K00140,0,0,2,0,4,0,0,0
K11737,0,0,0,0,1,0,0,0
K02357,0,0,0,0,0,0,0,0
K02967,0,0,0,0,1,0,1,0
K01265,0,0,0,0,0,0,0,0
K07275,0,0,0,0,4,0,2,0
K02575,0,0,0,0,0,0,2,0
K00322,0,0,0,0,0,0,0,0
K03644,0,0,0,0,0,0,0,4
K06445,2,0,0,0,2,0,2,0
K01607,0,0,0,0,0,0,0,0
K01251,0,0,0,0,0,0,4,8
K03092,0,0,0,0,0,0,4,0
K05808,14,0,6,4,0,0,0,2
K00790,0,0,0,0,0,0,0,2
K00765,0,0,0,0,0,0,0,0
K00013,0,0,0,0,0,0,0,1
K00817,0,0,0,0,0,0,0,0
K06992,0,0,0,4,0,0,0,0
K06076,0,0,0,0,0,0,0,0
K18453,0,0,0,0,0,0,0,0
K01726,0,0,0,0,0,0,2,0
K14742,0,0,0,0,0,0,2,0
K15984,0,0,0,0,0,0,0,0
K01070,0,0,0,0,0,0,0,0
K09956,0,0,0,0,0,0,0,0
K01783,0,0,0,0,0,0,0,0
K07233,0,0,0,0,6,0,0,0
K11741,0,0,0,0,0,0,0,0
K00567,0,0,0,0,0,0,0,0
K00620,0,0,2,0,0,0,0,0
K03517,0,0,0,0,0,0,0,0
K01488,0,0,0,6,0,0,0,0
K03566,0,0,0,0,0,0,0,0
K00252,0,0,0,0,0,0,0,0
K08196,0,0,0,0,0,0,4,0
K13795,0,0,0,0,1,0,0,0
K07168,0,0,0,0,0,0,0,0
K13796,0,0,0,0,0,0,0,0
K13794,0,0,0,0,2,0,0,0
K02020,0,0,0,0,0,0,0,0
K03288,0,0,0,0,0,0,0,0
K13794,0,0,0,0,4,0,2,0
K06076,0,0,0,0,2,0,0,0
K03453,0,0,0,0,4,0,4,0
K00549,0,0,4,0,2,0,0,0
K09024,0,0,0,0,0,0,0,0
K07459,0,0,0,0,2,0,0,0
K06998,0,0,0,0,0,0,4,1
K12543,0,0,0,0,3,0,2,0
K00427,0,0,0,0,2,0,1,0
K14348,0,0,0,0,0,0,2,0
K00101,0,0,0,0,0,0,0,0
K03777,0,0,0,0,0,0,0,0
K00832,0,0,0,0,0,0,0,0
K05799,0,0,0,0,0,0,0,0
K03417,0,0,0,0,0,0,0,0
K01659,0,0,0,0,0,0,2,0
K20455,0,0,0,0,4,0,0,0
K03560,0,0,0,0,0,0,0,0
K03562,0,0,0,0,0,0,0,0
K07107,0,0,0,0,0,0,0,0
K03551,0,0,0,0,0,0,0,1
K01129,0,0,0,0,0,0,0,0
K03550,0,0,0,0,0,0,0,0
K01952,0,0,2,2,2,0,4,4
K07552,0,0,0,0,0,0,0,0
K13522,0,0,0,1,0,0,0,0
K03179,0,0,0,0,0,0,0,0
K01915,0,0,0,0,0,0,0,2
K03181,0,0,0,0,0,0,0,0
K03305,0,0,0,1,4,0,0,0
K01262,0,0,0,0,2,0,0,0
K01658,0,0,1,0,0,0,1,0
K00766,0,0,0,0,2,0,0,0
K01609,0,0,0,0,0,0,0,0
K13482,0,0,0,0,2,0,0,0
K07402,0,0,0,0,0,0,0,0
K13481,0,0,0,0,0,0,0,0
K03147,0,0,0,0,0,0,2,2
K03651,0,0,0,0,0,0,0,0
K01515,0,0,0,0,0,0,0,0
K03298,0,0,0,0,0,0,0,0
K12340,0,0,0,0,0,0,0,0
K01755,0,0,0,0,0,0,0,0
K02039,0,0,0,0,0,0,0,0
K08082,0,0,0,0,0,0,0,0
K08083,0,0,0,0,0,0,4,0
K01749,0,0,0,0,0,0,4,0
K01719,0,0,0,0,0,0,0,0
K09912,0,0,0,0,0,0,0,0
K07862,0,0,0,0,0,0,0,0
K22042,0,0,0,0,0,0,0,0
K18850,0,0,0,2,0,0,0,0
K25422,0,0,0,0,0,0,0,0
K09966,0,0,0,0,0,0,0,0
K00927,0,0,0,0,0,0,8,0
K03771,0,0,0,0,0,0,0,0
K01624,0,0,0,0,0,0,0,0
K04744,0,0,0,0,0,0,0,2
K07102,0,0,0,0,0,0,0,0
K04044,0,2,0,0,0,0,0,0
K01768,0,0,0,0,0,0,0,0
K03723,0,0,0,2,0,0,0,2
K07223,0,0,0,0,0,0,0,0
K02553,0,0,0,0,0,0,0,0
K17290,0,0,0,0,1,0,0,0
K02968,0,0,0,0,0,0,0,0
K01082,0,0,0,0,0,0,0,2
K16235,0,0,0,0,0,0,0,0
K01885,0,0,0,0,2,0,0,2
K23163,0,0,0,0,0,0,2,0
K00355,0,0,0,0,2,1,0,0
K03438,0,0,0,0,0,0,2,2
K03586,0,0,0,0,0,0,0,0
K03587,0,0,0,0,1,0,2,0
K01928,0,0,0,0,0,0,0,0
K01929,0,0,0,0,0,0,0,0
K01032,0,0,0,0,0,0,0,0
K01031,0,0,0,0,0,0,0,0
K03381,0,0,0,0,0,0,0,0
K01856,0,0,0,0,0,0,0,0
K03464,0,0,0,0,0,0,0,0
K21756,0,0,0,0,0,0,0,0
K02554,0,0,0,0,2,0,0,0
K18366,0,0,0,0,0,0,0,0
K18365,0,0,0,0,0,0,0,0
K21758,0,0,0,0,0,0,0,0
K10216,0,0,0,0,0,0,0,0
K05817,0,0,0,0,0,0,0,0
K03978,0,0,0,0,0,0,0,0
K07044,0,0,0,0,0,0,0,0
K10805,0,0,0,0,8,0,0,0
K00631,0,0,0,0,0,0,0,0
K03655,0,0,0,0,2,0,0,0
K02242,0,0,0,0,0,0,0,0
K22522,0,0,0,0,0,0,0,2
K03284,0,0,0,0,0,0,0,0
K13821,0,0,0,0,0,0,0,0
K00557,0,0,0,0,0,0,0,0
K11928,0,0,0,0,0,0,0,0
K03719,0,0,0,0,0,0,0,0
K12410,0,0,0,0,0,0,0,0
K02437,0,0,0,0,0,0,0,0
K18893,0,0,0,0,0,0,0,4
K00799,0,0,0,0,0,0,0,0
K01091,0,0,0,0,2,0,0,0
K06179,0,0,0,0,0,0,0,0
K08300,2,1,2,0,2,0,2,0
K13776,0,0,4,0,0,0,0,0
K18900,0,0,0,0,0,0,0,0
K02495,0,0,0,0,0,0,0,2
K09936,0,0,0,0,0,0,0,0
K03327,0,0,0,0,0,0,0,0
K02909,0,0,0,0,0,0,0,0
K06199,0,0,0,0,0,0,0,0
K01069,0,0,0,0,0,0,0,0
K01772,0,0,0,0,0,0,1,0
K09862,0,0,0,0,0,0,0,0
K01776,0,0,0,0,0,0,0,0
K09986,0,0,0,0,0,0,0,0
K00311,0,0,0,0,0,0,0,4
K04085,0,0,0,0,0,0,1,0
K03820,0,0,0,0,0,0,4,0
K06878,0,0,0,0,0,0,0,0
K02455,0,0,0,0,0,0,2,0
K02456,0,0,0,0,0,0,0,0
K04066,0,0,0,2,0,0,0,0
K11747,0,0,0,4,2,0,2,0
K04083,0,0,0,2,2,0,0,4
K05516,0,0,0,0,0,0,0,0
K03284,0,0,0,0,0,0,0,0
K00962,0,0,0,0,5,0,4,0
K18997,0,0,0,0,0,0,0,0
K02956,1,1,0,1,0,0,1,2
K03582,0,0,0,0,0,0,0,0
K03581,0,0,0,0,0,0,0,0
K03583,0,0,0,0,6,0,0,0
K23753,0,0,0,0,2,0,0,0
K03183,0,0,0,2,0,0,0,0
K05837,0,0,31,3,167,10,213,44
K14445,50,29,725,47,807,96,772,709
K05501,28,6,266,5,265,20,306,247
K07025,7,11,72,23,48,23,59,107
K00930,2,14,36,11,134,12,153,80
K02073,8,18,109,36,99,44,93,140
K04065,6,19,208,68,165,51,194,844
K03271,6,25,255,28,256,71,255,613
K07460,4,10,75,14,74,26,88,143
K07056,6,12,53,15,114,25,102,127
K03642,0,0,4,0,1,1,1,0
K00567,0,0,0,0,0,0,0,0
K06958,4,10,64,33,226,21,300,168
K03285,0,2,39,8,87,7,97,53
K16012,14,9,72,37,109,11,86,126
K00759,0,0,0,0,0,0,0,0
K16013,6,18,192,28,307,53,384,170
K00426,10,6,94,31,147,25,208,116
K00425,29,29,389,116,463,113,611,251
K00424,0,0,0,0,0,0,0,0
K08289,28,50,375,223,295,58,372,1117
K06041,6,13,102,29,215,52,251,285
K03270,11,20,125,41,147,37,183,277
K11719,10,18,51,19,104,47,100,133
K09774,7,6,41,13,127,20,196,154
K06861,9,8,83,16,199,26,165,311
K05808,132,430,5078,721,2249,404,2704,2665
K22917,2,0,10,0,127,6,182,4
K01728,0,0,10,4,260,0,274,10
K05782,0,1,11,4,153,1,194,17
K07588,2,2,12,5,80,4,101,36
K07795,0,1,4,1,149,2,179,8
K01999,0,2,4,6,305,4,411,28
K00059,0,0,4,2,230,2,310,17
K00798,0,0,1,2,32,2,48,3
K07795,2,2,58,13,70,10,92,53
K01458,8,6,82,23,178,11,154,70
K00324,8,12,118,53,160,45,248,206
K00325,2,8,30,19,86,4,124,38
K11473,0,3,34,19,65,15,94,45
K11472,12,11,58,32,85,22,84,39
K00104,9,30,80,54,196,29,294,100
K00102,10,79,279,140,271,195,277,525
K01626,16,21,54,26,103,29,123,158
K03568,11,130,230,70,252,156,368,506
K03746,0,0,0,0,0,0,0,0
K07315,11,17,93,81,345,50,413,391
K21020,16,9,90,27,177,42,170,93
K13243,22,13,182,64,343,53,551,163
K09461,22,19,402,90,483,70,592,1925
K00059,24,13,186,38,128,23,174,227
K00249,28,5,193,29,159,19,224,169
K08295,20,15,257,60,322,61,439,336
K01075,1,3,54,4,37,4,95,45
K09022,5,3,150,5,143,20,170,87
K09474,0,0,4,2,50,0,70,3
K03808,0,0,10,2,80,6,79,12
K03808,0,0,0,2,83,0,124,9
K06192,0,0,7,0,221,0,288,24
K09857,3,0,0,1,53,2,109,5
K02033,4,22,20,24,144,39,161,162
K02034,2,6,13,21,91,22,83,70
K02031,2,4,3,15,153,13,170,21
K02032,0,8,19,20,83,12,187,32
K22293,0,0,2,1,11,0,4,7
K07795,1,4,1,4,22,32,26,95
K03556,3,1,13,14,81,6,49,60
K01265,0,0,0,0,0,0,0,0
K01999,0,0,0,6,169,0,214,11
K07666,0,64,86,64,133,66,271,467
K07645,4,27,59,24,187,19,216,258
K04771,0,0,10,9,136,11,170,95
K01801,0,0,0,0,0,0,0,0
K03527,12,23,304,29,205,75,217,399
K03774,14,23,125,33,91,48,71,277
K03630,6,2,16,5,140,5,173,27
K07130,6,11,63,21,101,13,142,153
K00453,4,1,51,19,121,18,126,82
K02909,23,170,371,125,278,125,193,1209
K03327,0,3,8,2,50,1,68,9
K01912,1,1,17,7,11,17,36,14
K03976,0,0,0,0,0,0,0,0
K04763,2,5,9,14,73,15,121,44
K03566,1,4,47,6,190,25,264,125
K01652,9,10,208,45,332,60,414,208
K00252,11,25,675,121,668,177,748,1769
K21395,0,2,9,2,94,7,113,43
K15511,8,8,98,42,117,31,123,67
K15512,6,4,112,55,162,31,224,158
K15513,16,23,476,147,372,168,432,808
K15546,6,13,168,202,195,114,212,811
K06894,2,0,15,4,65,0,84,10
K06891,2,2,25,6,80,12,138,50
K00632,1,7,44,9,76,2,102,85
K03704,0,0,0,0,0,0,0,0
K09005,0,0,0,0,0,0,0,0
K03406,12,16,106,32,185,50,323,261
K22042,9,14,62,73,69,23,73,306
K03601,20,152,1095,167,600,243,765,2223
K04564,0,0,0,0,0,0,0,0
K03561,7,47,182,83,114,77,137,452
K03559,2,4,31,5,61,10,55,66
K00912,5,0,14,8,145,7,204,55
K00979,8,10,69,27,143,36,110,122
K00939,14,67,485,87,302,124,258,985
K08683,0,19,179,46,188,44,185,286
K03980,3,2,36,12,188,15,208,100
K07165,43,35,174,50,279,36,241,313
K01630,2,5,18,5,14,11,15,52
K02968,0,0,0,0,0,0,0,0
K07795,4,3,50,22,102,15,149,116
K05799,0,1,19,4,70,2,89,22
K07795,2,0,44,12,196,11,197,20
K00821,13,4,136,60,152,62,275,410
K07644,0,0,0,0,0,0,0,0
K00611,0,0,0,0,0,0,0,0
K07665,0,0,0,0,0,0,0,0
K07799,0,0,4,0,104,0,85,13
K18903,1,0,3,3,160,3,216,18
K01940,23,60,419,67,396,120,456,1057
K03549,0,0,2,5,12,0,14,5
K07774,3,14,67,24,155,24,203,135
K03561,5,10,53,6,106,11,181,63
K03559,0,0,0,0,0,0,0,0
K03832,6,2,26,18,85,0,135,31
K02035,5,0,14,4,195,4,228,11
K02031,4,2,84,7,276,16,333,29
K02034,4,0,29,3,82,5,102,17
K02033,0,0,13,0,110,0,102,11
K07795,2,0,6,0,47,1,86,18
K07795,0,0,11,0,122,2,119,16
K01066,0,0,0,0,0,0,0,0
K08137,1,12,40,20,221,9,244,65
K03530,5,8,42,6,25,13,27,51
K07336,4,9,94,14,40,15,48,69
K01740,3,20,142,13,112,18,122,104
K12573,10,27,163,80,203,56,226,338
K03218,0,0,0,0,0,0,0,0
K05812,29,37,156,226,137,57,165,352
K02348,3,6,49,11,66,6,84,42
K13936,0,7,22,2,96,8,135,29
K07112,5,15,97,41,250,49,267,220
K22083,6,10,60,28,179,28,228,124
K05594,3,12,70,5,19,16,14,49
K18911,2,6,33,8,154,9,249,55
K18912,0,6,33,6,204,6,209,40
K01256,12,33,252,69,443,73,587,492
K03841,0,1,2,2,5,1,7,4
K01733,0,1,6,0,82,2,54,9
K00003,26,25,264,87,371,64,400,513
K14261,27,25,298,58,283,116,318,394
K09008,8,36,144,94,113,61,119,298
K03564,0,13,90,32,103,22,121,138
K07175,12,33,191,58,343,60,397,295
K16165,4,6,36,7,36,12,38,71
K01507,3,1,22,6,16,5,17,49
K02498,9,26,429,31,263,48,336,481
K02035,0,0,0,0,0,0,0,0
K18201,2,18,27,31,132,56,194,321
K14058,0,0,1,3,65,1,64,32
K12243,0,0,8,0,212,5,245,19
K16088,0,0,38,10,424,7,482,30
K01692,36,43,304,99,233,97,274,289
K14287,6,5,31,14,318,9,326,90
K03704,35,232,637,1175,231,231,257,1617
K03495,16,81,520,86,582,124,612,1495
K03501,2,10,97,25,92,22,80,192
K03496,2,5,106,27,151,27,160,276
K22476,10,18,103,72,138,58,174,330
K03497,4,14,149,50,137,36,164,264
K01424,2,4,107,21,124,32,143,182
K02844,0,2,12,10,81,11,92,37
K11747,0,2,32,8,312,9,309,64
K01692,0,0,0,0,0,0,0,0
K00059,1,0,0,5,16,2,21,3
K05799,0,9,36,9,84,5,107,231
K00382,0,1,5,0,7,4,7,0
K24116,0,0,0,0,0,0,0,0
K18446,7,8,60,32,116,33,114,133
K03110,1,0,3,2,35,1,37,6
K08316,2,17,70,51,167,21,153,147
K07289,0,6,42,5,74,13,132,71
K00954,0,0,0,0,0,0,0,0
K05782,0,0,0,0,0,0,0,0
K12942,0,0,0,0,5,1,10,1
K04066,0,2,2,0,8,0,3,0
K01599,3,4,37,5,327,16,337,122
K02112,37,71,907,122,600,179,591,1355
K02114,0,0,0,0,0,0,0,0
K02115,24,29,534,88,611,103,649,1024
K02111,42,106,1068,198,933,307,1051,2208
K02113,25,26,527,104,701,206,711,1196
K02109,24,49,328,109,480,156,465,1031
K02108,73,129,1320,1057,1147,370,1068,3252
K02110,0,0,0,0,0,0,0,0
K12685,1,2,11,4,23,5,23,19
K09019,0,0,1,0,3,1,5,5
K06024,36,62,236,190,188,108,245,973
K06178,52,63,516,229,515,225,589,1305
K01473,2,2,14,6,56,4,89,2
K01474,4,5,39,15,207,9,185,10
K01703,0,3,33,4,79,16,121,17
K01996,2,3,50,7,91,19,102,16
K01995,0,1,20,9,47,8,67,5
K01998,3,2,19,4,71,1,115,16
K01997,0,2,20,4,67,6,76,5
K01999,0,2,39,16,86,5,100,14
K03710,4,12,104,39,136,19,194,67
K01999,0,0,16,2,150,10,185,16
K01061,1,2,19,4,253,7,299,14
K21965,0,0,0,1,175,1,229,12
K09749,1,2,10,7,250,8,313,8
K06902,5,8,104,52,208,37,246,110
K01895,27,28,527,77,664,125,664,275
K01620,3,3,16,13,103,12,111,34
K00311,1,2,19,12,98,7,98,50
K07107,2,5,99,46,134,31,124,225
K01028,22,37,326,77,212,120,286,503
K01029,8,14,43,17,53,20,63,76
K02348,0,1,4,0,16,1,14,5
K13051,20,107,572,229,334,283,384,1523
K13892,65,162,953,362,672,648,595,2317
K13889,20,95,1422,251,1501,730,1536,3609
K02033,4,19,135,49,164,93,247,426
K13891,10,23,227,97,235,123,206,647
K01266,11,1,89,38,164,59,244,168
K16203,6,8,128,41,166,54,238,242
K01262,14,6,121,36,206,32,179,220
K01937,37,38,441,158,529,115,625,1403
K01689,46,43,856,134,799,134,808,1626
K05589,0,0,0,0,0,0,0,0
K04083,0,2,2,0,47,0,54,8
K03269,2,37,121,48,138,29,204,230
K25137,68,57,649,409,400,77,476,1027
K01720,10,12,75,31,205,16,238,128
K08973,0,0,0,0,0,0,0,0
K01659,11,10,246,35,395,75,530,276
K03417,13,28,308,29,531,82,508,392
K00024,8,9,163,53,284,50,353,343
K03710,6,22,112,43,245,43,353,437
K00241,7,25,236,52,182,72,146,580
K00242,2,14,64,30,84,38,82,292
K00239,29,68,660,198,894,273,1105,2091
K00240,2,40,445,82,408,93,464,1083
K09159,7,23,133,27,124,53,124,508
K01647,26,66,792,124,685,155,763,1889
K00029,1,4,37,11,51,9,38,59
K08983,0,0,0,0,0,0,0,0
K00163,30,55,536,141,519,204,623,1043
K00164,75,83,1487,214,1802,246,1764,2503
K00658,24,22,420,68,677,106,701,641
K00382,13,24,470,77,542,76,698,401
K06916,3,0,66,6,232,5,311,103
K23514,0,0,4,2,67,3,38,5
K07165,0,0,0,2,125,2,129,2
K02014,0,0,10,4,321,0,302,29
K06959,11,19,192,69,289,6,235,270
K01867,0,0,0,0,0,0,0,0
K03722,9,5,80,42,189,23,248,87
K05807,0,0,8,1,14,4,11,25
K06180,3,8,46,36,133,25,241,135
K05810,6,6,76,24,83,14,119,65
K03821,24,64,535,264,292,110,412,743
K01915,7,0,40,12,235,6,300,14
K18649,1,2,96,2,162,10,151,20
K02012,5,28,272,19,271,49,399,100
K02010,1,1,36,2,148,9,187,24
K02011,3,9,32,12,240,11,294,61
K02030,0,0,3,0,8,0,5,3
K02031,0,0,0,0,0,0,0,0
K02034,0,0,6,2,70,4,92,1
K02033,0,1,0,2,22,4,45,4
K02035,0,2,5,2,115,3,162,8
K01753,0,3,9,6,163,18,186,27
K07478,21,21,117,58,189,45,221,290
K01875,28,47,290,87,292,80,289,654
K17733,0,0,1,0,19,0,31,0
K00799,0,0,12,5,46,2,81,29
K06194,3,4,39,17,65,10,57,42
K15011,8,38,114,59,238,67,342,609
K15012,0,14,89,27,137,41,155,497
K02297,6,37,125,22,305,27,368,271
K02298,0,5,89,8,168,18,195,186
K02299,0,0,0,0,0,0,0,0
K02300,0,0,0,0,0,0,0,0
K01995,2,0,4,6,75,4,99,14
K01997,6,0,9,0,184,6,254,27
K01998,0,3,4,0,129,8,200,32
K02961,2,1,13,1,10,1,8,18
K02878,0,0,1,0,0,0,0,6
K02904,0,0,0,0,0,0,0,0
K02982,20,81,573,63,514,208,561,1307
K02890,3,18,179,27,155,43,205,446
K02886,12,31,370,66,310,155,340,914
K02965,0,0,0,0,0,0,0,0
K02926,4,20,126,27,110,38,124,327
K02892,0,0,0,0,0,0,0,0
K02906,30,116,807,202,808,298,870,2814
K02946,75,82,499,277,420,160,415,1696
K13821,0,1,0,1,1,3,3,7
K06192,3,56,297,54,194,137,225,423
K09857,0,0,0,0,0,0,0,0
K03808,0,6,23,0,27,20,67,29
K03694,25,47,505,153,379,109,465,953
K05367,114,222,2069,428,1177,563,1237,4318
K01114,0,0,0,0,98,0,118,5
K00681,6,6,63,12,200,35,208,126
K02035,6,3,141,31,274,33,336,256
K02033,0,0,17,8,85,13,152,46
K02034,0,1,18,4,70,2,124,20
K00111,2,3,6,12,21,10,29,54
K02444,5,15,68,47,83,30,112,338
K07448,17,48,78,127,155,72,166,671
K14761,0,0,0,0,0,0,0,0
K03719,2,2,14,0,57,5,98,28
K00285,46,14,404,153,343,98,394,619
K00023,13,36,827,103,362,130,488,336
K07230,8,8,93,26,117,9,128,31
K07243,2,6,29,15,187,7,272,8
K06998,12,24,109,50,126,50,105,252
K04065,0,0,0,0,0,0,0,0
K03802,4,12,82,36,165,21,162,126
K02011,0,0,1,0,49,1,60,4
K02012,4,0,5,4,160,0,165,10
K03719,0,1,2,1,90,4,120,21
K01997,8,16,64,44,196,48,177,172
K01998,7,23,160,46,186,79,244,150
K01995,3,8,74,36,68,53,129,111
K01996,0,1,0,0,0,0,1,0
K01779,1,0,1,1,18,0,21,6
K00799,5,8,92,16,166,20,195,164
K15270,6,8,49,38,27,20,46,100
K11208,0,0,0,0,0,0,0,0
K01476,0,4,18,5,23,0,30,40
K02073,0,0,0,0,0,0,0,0
K07098,2,10,11,7,68,7,126,142
K03719,0,0,0,0,0,0,0,0
K01613,2,0,0,7,56,1,44,30
K06158,4,4,71,22,132,18,158,127
K01644,8,13,44,23,108,33,111,236
K22479,0,0,0,2,0,2,2,1
K02032,1,0,0,0,1,0,0,0
K02031,0,0,2,8,191,0,234,10
K15582,0,2,0,2,125,2,200,4
K02033,0,0,1,0,54,0,33,0
K15580,0,0,2,7,146,0,154,16
K01626,1,2,7,3,181,4,200,25
K02403,0,3,5,5,54,4,81,31
K08995,3,4,8,5,32,4,21,21
K04062,0,0,5,0,9,0,5,1
K01935,1,0,0,0,0,0,0,0
K00652,2,6,14,6,25,7,47,6
K00833,0,1,14,5,123,2,143,38
K00023,0,2,8,3,28,8,46,30
K13926,2,11,147,30,219,29,255,136
K01992,0,0,0,0,0,0,0,0
K01993,17,10,194,30,203,33,247,341
K18139,13,8,124,22,124,32,199,261
K03821,14,37,288,42,375,81,440,680
K06182,22,26,143,77,115,32,130,348
K01673,22,36,239,44,213,50,241,402
K01425,13,107,285,112,261,137,332,493
K09983,0,1,15,8,16,2,9,25
K23242,2,6,51,21,103,12,70,122
K06996,0,1,1,0,9,0,6,0
K14060,0,5,54,26,121,16,160,100
K09945,58,83,814,120,375,162,403,2041
K10844,6,4,26,3,86,8,87,20
K00681,3,4,8,5,5,1,7,24
K07795,2,67,97,69,128,108,130,588
K06199,2,1,4,6,33,3,34,4
K06199,0,0,0,0,0,0,0,0
K23779,1,2,6,12,68,7,86,52
K02400,0,1,1,1,11,0,8,4
K02401,18,2,96,16,151,17,198,45
K03406,3,0,114,11,230,19,195,73
K03414,9,2,64,0,86,4,118,21
K03412,20,1,295,21,234,23,228,153
K03413,0,0,0,0,0,0,0,0
K00575,10,2,199,20,152,21,176,144
K12685,16,27,87,31,270,28,300,162
K07795,0,0,0,0,0,0,0,0
K00626,6,2,76,15,182,22,282,15
K18555,0,0,0,0,0,0,0,0
K03975,0,0,4,1,0,1,2,10
K00097,10,16,112,25,131,14,198,157
K14347,1,12,43,5,103,6,111,69
K07156,0,0,12,6,25,4,59,22
K07245,2,6,7,1,94,3,121,11
K07302,2,1,25,7,78,12,116,34
K07303,4,3,88,33,218,8,286,69
K06168,0,0,1,0,4,0,10,0
K03074,0,0,3,0,6,0,1,2
K03072,6,14,150,66,295,33,276,550
K03210,13,18,144,35,168,64,177,346
K03569,3,1,16,1,9,5,10,23
K02435,3,6,20,9,82,9,112,94
K02433,29,17,279,77,282,52,302,374
K02434,2,4,62,14,183,21,138,108
K00762,8,5,49,11,19,15,18,54
K01142,4,12,126,34,237,29,285,225
K03790,0,1,10,1,39,2,69,15
K05835,0,0,14,2,37,0,27,11
K11068,0,0,13,2,30,1,18,16
K03719,0,0,0,0,13,0,9,6
K01556,7,24,80,35,168,46,172,314
K03704,0,0,0,0,0,0,0,0
K03442,0,1,7,1,68,3,124,8
K03088,0,0,0,0,0,0,0,0
K08995,1,1,3,6,27,3,68,7
K03719,0,4,35,30,105,16,156,47
K05834,0,7,36,22,113,33,113,136
K11939,0,1,6,0,30,3,26,13
K07799,0,5,11,4,203,11,235,76
K07788,1,4,21,12,526,6,703,53
K07789,2,4,23,8,530,16,643,25
K07795,0,0,0,0,0,0,0,0
K05712,2,1,16,16,288,3,460,48
K07795,0,2,8,12,128,8,169,32
K02523,33,15,99,234,112,19,79,279
K18829,0,0,0,0,0,0,0,0
K18828,0,0,0,0,0,0,0,0
K02888,13,99,391,88,235,147,239,776
K02899,21,30,279,73,177,72,140,489
K03979,8,12,201,54,283,37,289,436
K00931,2,0,14,2,34,4,46,18
K03147,0,4,4,13,75,13,123,32
K22187,3,1,31,11,55,8,58,74
K05799,12,9,183,72,219,14,225,490
K21029,0,1,2,0,2,0,3,8
K03797,0,4,67,25,68,21,61,176
K22719,149,265,1387,568,824,609,728,4577
K01834,22,18,104,73,130,55,160,210
K03676,4,10,58,20,105,19,128,119
K03071,8,12,224,46,284,56,314,443
K00057,4,4,87,18,139,27,173,183
K07795,2,1,23,10,74,11,141,96
K03216,0,0,0,0,0,0,0,0
K02242,2,7,42,16,124,17,168,85
K02169,0,0,2,0,64,2,131,5
K06048,0,4,22,21,103,11,95,34
K03498,4,80,415,155,341,143,454,645
K03499,2,2,34,23,220,14,316,68
K13598,74,63,505,265,303,233,295,900
K03500,5,20,134,23,174,18,224,246
K14441,2,14,214,73,289,50,321,614
K22522,2,7,62,17,124,33,126,103
K01091,0,2,13,3,51,3,58,40
K00604,0,2,6,1,7,3,8,12
K07006,0,0,0,0,0,0,0,0
K01462,3,15,134,46,117,56,141,312
K04096,0,8,23,12,176,8,232,34
K01640,0,0,32,10,74,6,114,34
K09969,0,1,0,0,6,0,3,1
K05825,5,16,159,51,210,34,265,197
K06997,0,0,0,0,0,0,0,0
K00167,2,1,65,17,104,24,115,41
K00166,9,7,116,45,191,23,205,69
K00569,6,11,48,3,95,11,91,134
K00878,0,0,24,9,72,5,79,38
K00788,0,0,4,0,48,0,43,26
K07114,0,2,4,4,44,3,74,5
K17989,12,7,93,71,79,20,114,114
K09990,0,0,12,2,104,5,166,43
K03919,2,2,6,8,95,1,173,14
K13409,0,0,0,0,0,0,1,1
K20975,0,0,0,0,0,0,0,0
K13408,3,2,12,2,181,2,189,6
K21395,4,10,22,11,68,4,51,36
K21394,0,0,0,0,0,0,0,0
K02529,18,31,108,113,228,54,281,458
K11444,2,1,7,2,103,0,140,39
K03412,4,15,75,14,138,22,145,96
K02035,0,4,9,6,221,2,320,16
K01754,4,2,49,13,142,17,160,88
K02806,4,10,88,18,124,39,209,299
K06023,7,19,122,22,159,45,164,271
K08301,11,9,124,66,218,24,288,230
K12685,2,18,73,59,190,33,190,266
K22041,0,0,0,0,0,0,0,0
K00059,0,0,0,0,0,0,0,0
K11959,0,0,4,2,201,2,334,2
K11960,0,2,2,0,135,0,173,14
K11961,0,0,4,3,266,0,285,0
K11962,1,2,12,6,123,0,110,25
K11963,9,7,47,22,182,22,252,87
K01455,1,2,38,8,51,5,90,31
K01995,0,0,4,1,57,0,73,2
K01998,2,0,2,3,84,0,88,14
K01997,0,0,4,3,57,0,88,1
K01999,2,0,0,4,127,2,179,2
K18702,0,0,2,4,281,4,216,17
K18028,0,0,1,0,22,0,34,1
K07250,0,6,6,0,87,4,147,25
K03286,0,12,14,14,119,12,157,10
K01724,0,0,0,0,0,0,0,0
K00992,5,3,38,12,55,27,99,209
K07102,2,9,42,13,92,10,137,99
K04744,47,49,348,182,477,116,545,832
K03771,16,11,156,27,252,88,251,396
K00865,0,1,1,1,8,1,11,5
K02528,0,0,0,0,0,0,0,0
K00873,15,7,102,31,107,28,118,123
K06373,0,0,2,0,43,4,60,4
K01462,0,0,20,2,58,6,59,24
K03430,4,0,72,4,130,10,167,68
K01759,0,0,0,0,0,0,0,0
K01879,0,12,60,13,86,3,78,111
K00655,0,0,0,0,0,0,0,0
K03273,0,0,0,0,0,0,0,0
K01878,6,5,77,12,183,21,255,178
K19113,0,4,28,14,118,15,177,148
K01692,2,5,110,17,218,30,220,231
K01676,2,4,47,13,93,10,144,107
K07795,0,0,5,1,11,4,14,10
K00459,0,0,0,0,0,0,0,0
K07795,0,0,2,6,20,0,32,0
K07068,0,0,0,0,65,2,88,5
K15866,0,0,0,0,0,0,0,0
K18291,2,0,25,6,132,1,218,5
K18289,1,4,13,2,104,2,110,14
K18292,16,11,84,35,120,16,190,66
K01483,0,0,0,0,0,0,0,0
K01998,1,0,11,3,76,0,105,7
K01997,2,0,9,4,114,0,97,2
K01999,0,0,13,0,147,1,180,6
K01426,0,2,30,7,278,11,340,44
K05799,4,2,15,16,98,5,140,47
K01759,0,0,0,0,0,0,0,0
K08177,0,0,1,4,57,1,62,14
K01426,0,0,23,14,302,2,300,48
K03566,0,0,0,0,0,0,0,0
K18900,0,3,10,7,85,0,85,27
K07795,1,2,5,7,121,9,185,59
K01640,3,0,36,13,87,19,110,61
K07749,4,6,40,15,102,18,127,116
K03439,0,9,40,5,134,13,257,69
K01259,6,7,74,19,113,28,151,147
K03154,7,4,77,11,56,10,70,44
K03315,0,0,8,0,139,6,184,33
K03106,5,2,39,7,49,20,59,60
K04079,8,12,140,30,122,42,130,208
K03806,0,0,0,0,0,0,0,0
K00799,0,0,0,0,0,0,0,0
K00558,4,46,165,184,206,62,258,605
K02529,0,0,10,4,40,2,43,18
K18981,1,4,18,6,114,7,143,53
K10112,0,1,22,11,129,1,149,56
K02025,2,0,11,6,167,0,227,25
K17737,0,5,1,6,93,2,92,32
K01714,2,0,12,0,141,2,161,14
K07795,0,0,0,0,0,0,1,0
K18013,2,0,34,7,214,7,223,73
K01999,0,0,13,0,185,18,238,27
K01580,26,36,403,23,555,36,645,125
K20265,3,2,82,4,167,5,252,2
K18308,4,6,31,15,149,6,183,41
K09012,1,13,51,10,73,28,87,97
K02035,10,21,177,62,286,103,365,456
K03285,1225,4643,55241,5550,19017,9346,21245,57415
K00330,15,76,310,145,207,118,213,1242
K00331,18,40,233,75,211,99,244,854
K00332,6,37,249,49,227,65,221,723
K00333,10,46,352,79,405,122,393,1025
K00334,21,14,186,39,140,32,159,426
K00335,62,42,524,145,355,99,485,842
K00336,47,72,744,160,722,187,663,1431
K00337,18,30,346,66,341,83,402,657
K00338,12,23,173,42,139,34,156,252
K00339,2,8,111,22,168,22,193,266
K00340,2,4,57,11,56,11,74,104
K00341,35,26,535,78,535,101,706,864
K00342,15,31,361,62,344,86,392,685
K00343,18,15,276,36,295,76,314,535
K16090,0,1,0,0,25,0,24,2
K03723,0,7,58,10,155,12,195,58
K01079,0,0,0,0,0,0,0,0
K01770,1,5,33,9,37,6,54,24
K04756,0,0,0,0,0,0,1,0
K07638,45,205,1910,366,1047,304,1138,2796
K24126,0,0,0,0,0,0,0,0
K07659,19,33,281,64,247,83,361,650
K14742,31,24,217,94,229,82,322,429
K08227,0,0,1,0,15,0,4,6
K21929,0,0,0,0,0,0,0,0
K03529,49,36,584,144,509,147,584,815
K01972,4,11,126,41,215,36,271,190
K03769,1,6,43,13,32,9,32,160
K05527,2,1,18,3,16,3,11,61
K06190,0,25,87,21,100,35,114,421
K07305,3,25,113,44,108,39,124,546
K16784,2,0,30,4,99,4,138,51
K16783,2,2,8,12,64,0,83,23
K03523,0,2,48,10,155,15,276,81
K01999,69,123,755,369,629,424,699,1587
K01997,15,23,147,74,276,70,325,355
K01995,3,19,89,38,138,35,191,105
K01114,0,0,2,0,68,1,59,0
K01996,0,0,0,0,0,0,0,0
K04343,4,0,14,12,189,1,265,21
K00826,4,0,34,17,145,18,158,46
K01998,8,15,100,32,171,20,196,147
K01997,3,17,88,50,86,37,122,75
K01999,24,58,201,80,210,106,274,179
K01996,6,55,335,113,219,133,250,245
K10773,9,31,155,197,106,54,98,293
K03616,0,2,9,13,29,3,14,55
K05973,0,4,16,14,115,11,155,68
K12543,3,10,156,17,196,30,210,394
K19113,0,1,10,5,11,1,20,11
K13444,0,0,0,0,0,0,0,0
K02297,2,6,53,23,214,3,202,29
K02298,10,8,88,14,455,11,739,35
K02299,2,2,19,5,86,1,77,10
K02300,0,0,16,3,93,0,98,8
K14998,0,0,37,10,150,7,242,27
K07178,2,4,19,12,64,7,49,70
K05835,0,0,0,0,0,0,0,0
K00076,0,11,44,9,140,5,152,53
K05794,3,12,89,22,192,18,236,145
K03717,0,8,14,8,225,8,240,67
K00790,2,8,38,14,158,10,187,122
K06996,2,2,30,21,100,9,163,63
K06950,0,0,0,0,0,0,0,0
K01458,2,0,6,5,17,1,26,9
K07795,2,25,13,62,231,48,242,452
K03762,1,1,5,1,22,4,21,37
K03566,0,0,0,0,0,0,0,0
K01474,0,2,11,7,106,10,108,31
K01473,0,0,11,1,222,2,225,11
K18622,0,0,7,2,133,1,173,10
K03650,6,17,127,60,95,14,109,313
K02035,55,136,736,369,434,305,628,491
K02033,6,5,101,30,193,50,303,63
K02034,0,3,24,0,160,6,195,12
K02031,2,1,33,18,151,24,173,25
K02032,2,9,29,12,298,23,519,39
K01451,12,35,237,54,302,52,433,214
K03119,2,5,12,1,158,6,265,21
K15555,0,0,4,5,21,1,34,10
K03781,1,0,0,0,0,0,1,0
K15554,0,0,0,0,0,0,0,0
K03217,12,11,163,27,361,15,476,168
K03536,4,7,42,25,77,32,77,177
K02914,26,54,566,89,259,111,284,630
K02313,39,66,237,147,339,134,396,971
K02338,24,52,454,115,417,126,502,1016
K02470,22,40,484,139,440,163,406,829
K03928,0,0,6,2,86,0,107,0
K01999,15,10,74,26,249,13,261,62
K15268,7,10,48,14,127,22,192,70
K01512,1,0,1,0,17,1,21,2
K00101,62,115,647,200,409,220,493,812
K13652,4,0,48,14,171,14,264,67
K01485,2,2,24,8,212,1,216,18
K23536,2,1,19,5,189,11,216,27
K23535,2,1,2,1,48,8,59,13
K23537,0,1,37,16,167,2,180,31
K07335,2,2,31,5,158,15,149,70
K03975,8,6,43,21,176,29,240,76
K00077,12,24,163,71,170,71,186,190
K07118,6,16,96,14,195,32,301,112
K02858,5,10,57,30,178,24,131,150
K07117,8,12,82,38,150,41,224,357
K08994,0,4,9,6,106,6,123,56
K03719,0,0,2,1,3,1,0,5
K01652,29,10,361,35,309,54,392,165
K00046,0,0,0,0,0,0,0,0
K02050,6,2,61,7,89,11,125,39
K03169,0,24,60,34,182,47,250,160
K09748,16,40,203,64,156,92,152,815
K02600,105,140,1409,359,718,335,739,3222
K02519,110,185,1943,397,1165,465,1224,3715
K02834,9,37,137,70,83,67,94,398
K03177,9,26,169,88,173,56,180,872
K06207,45,49,707,128,637,260,690,2195
K02335,4,4,53,32,67,11,106,120
K07347,0,0,1,0,22,0,26,1
K15540,0,0,0,0,22,2,42,3
K07677,2,0,58,10,160,6,207,57
K07345,0,0,0,0,0,0,0,0
K07687,0,0,0,0,0,0,0,0
K07677,3,1,22,6,176,2,223,28
K07347,0,0,4,2,275,1,458,16
K16267,0,0,0,0,7,0,3,1
K03324,2,1,5,7,2,1,8,11
K01061,0,0,0,0,0,0,0,0
K01752,2,7,66,63,184,13,254,96
K03799,7,14,73,27,57,14,52,205
K15270,4,7,52,13,139,20,222,136
K01011,0,2,37,8,64,7,51,47
K21703,2,3,3,0,74,5,100,19
K02010,0,0,4,4,126,2,154,26
K02011,0,0,10,10,190,2,339,36
K05306,1,2,0,2,150,0,169,8
K02012,1,0,8,4,108,0,182,13
K00499,0,0,2,5,18,3,21,12
K07795,1,2,9,2,182,7,269,41
K03602,2,10,47,18,36,12,52,131
K00795,13,30,181,120,128,66,208,326
K01662,29,53,306,124,350,89,422,657
K09007,14,43,275,89,162,84,195,792
K02990,15,211,889,212,529,354,491,3590
K02686,5,104,452,87,298,162,284,2111
K02963,7,98,521,83,375,188,426,2188
K02939,4,92,606,99,365,137,273,2114
K02314,9,22,125,48,128,59,173,182
K21090,0,1,6,1,9,2,13,7
K00598,0,0,0,0,0,0,0,0
K03088,0,0,13,0,168,2,271,12
K07032,1,0,14,3,39,5,70,12
K02557,4,1,19,4,67,1,102,32
K02556,5,7,57,5,132,12,117,37
K07795,0,0,5,1,16,1,22,8
K23773,3,6,23,5,98,1,53,61
K06193,0,0,0,0,0,0,0,0
K07168,0,5,28,11,116,30,180,63
K13075,0,1,1,0,4,0,6,2
K01999,2,0,4,3,41,2,58,16
K00135,0,0,4,0,159,0,208,4
K07795,2,0,14,1,91,5,96,12
K24012,0,0,14,14,189,6,229,42
K07795,2,4,2,0,123,6,175,4
K01607,0,1,2,0,16,1,7,12
K08172,0,0,0,1,8,0,4,2
K04750,0,0,11,5,111,9,202,36
K01607,0,4,39,6,63,16,106,15
K07157,3,8,37,4,141,12,131,68
K04762,0,1,1,2,7,0,8,5
K07402,1,2,15,7,54,8,57,28
K07141,0,5,18,2,112,18,169,41
K14333,0,4,16,17,119,8,147,44
K01799,0,0,2,8,72,1,86,10
K15357,0,1,2,8,82,6,104,27
K18028,0,2,3,3,116,12,106,20
K13995,2,1,0,1,30,4,36,4
K16319,0,1,11,2,40,3,54,37
K16320,0,0,0,0,0,0,0,0
K00529,2,20,30,22,143,49,201,106
K05710,2,2,31,10,59,13,86,51
K21395,2,10,33,55,174,31,208,90
K03520,2,12,22,26,234,38,381,53
K03518,0,2,10,6,105,7,123,16
K02049,0,0,4,6,65,2,83,11
K02050,0,1,5,2,64,3,72,6
K11068,3,2,64,8,174,8,192,95
K23463,0,1,6,1,164,0,248,19
K07795,0,2,4,2,122,4,126,11
K21757,0,0,0,0,0,0,0,0
K13075,0,2,10,8,45,2,97,14
K01996,0,1,6,0,32,0,53,5
K01995,1,2,3,0,40,2,74,4
K01998,0,0,2,2,134,0,166,10
K01997,0,0,4,2,89,0,131,2
K01999,0,0,2,2,140,2,188,5
K07793,0,1,8,0,25,0,19,8
K14162,0,11,41,18,264,4,287,46
K14161,0,0,3,1,142,3,225,4
K02035,7,7,156,51,306,46,251,117
K02033,9,3,51,7,125,27,236,33
K02034,4,0,22,4,76,4,101,10
K02031,0,4,27,10,120,13,171,4
K02032,0,2,13,6,97,8,163,12
K06987,0,2,30,4,94,14,74,38
K18199,0,2,1,2,103,3,167,3
K01458,0,2,16,8,88,5,96,86
K06999,5,7,57,16,81,28,82,148
K17224,0,0,2,1,4,0,4,6
K09004,1,0,1,1,3,0,1,3
K17223,2,0,10,1,59,2,96,1
K17222,0,4,37,5,114,3,169,23
K17227,0,0,11,1,12,0,19,4
K22622,2,2,45,1,28,3,42,2
K17226,0,0,0,0,0,0,0,0
K17225,9,2,77,9,92,10,199,20
K17229,32,4,175,34,210,20,227,100
K17230,0,0,0,0,0,0,0,0
K21695,0,0,0,0,0,0,0,0
K06075,3,4,17,14,65,2,72,28
K01737,1,0,3,2,28,1,45,6
K10026,3,1,22,5,85,9,66,87
K01816,2,13,23,19,52,5,60,63
K15034,0,0,0,0,0,0,0,0
K07052,4,3,39,18,117,13,124,51
K19055,2,0,5,2,51,2,94,8
K01992,0,0,21,7,115,7,150,61
K01990,0,2,16,10,119,5,162,54
K01993,3,2,20,6,134,16,183,86
K09017,11,2,19,12,79,11,59,47
K03631,2,2,60,9,142,20,148,109
K03711,10,17,65,85,54,27,58,161
K06186,3,14,105,26,119,23,113,236
K00075,0,0,2,2,12,1,5,3
K00215,0,0,0,0,0,0,0,0
K15977,0,1,0,0,8,1,10,1
K18900,3,0,20,17,142,7,174,50
K18453,25,22,152,71,109,45,145,178
K00684,3,4,68,11,151,18,196,72
K21420,9,16,44,16,132,14,145,51
K00254,0,0,22,8,67,15,114,95
K07795,5,50,169,97,125,113,174,590
K11927,6,11,59,21,186,20,218,162
K00826,0,42,229,107,233,61,265,531
K01423,0,1,3,4,5,0,6,12
K07019,0,0,0,0,0,0,0,0
K00963,0,0,1,4,14,1,8,6
K02351,0,0,0,0,0,0,0,0
K01531,8,6,35,23,259,27,354,61
K07301,14,31,64,149,160,56,172,854
K01262,4,15,59,17,211,23,275,114
K05540,33,58,323,91,268,77,332,780
K03557,11,9,24,33,63,15,98,112
K00602,13,23,221,76,393,71,371,603
K01159,0,1,15,1,16,1,26,14
K03551,3,0,6,1,21,4,29,16
K03550,0,0,0,0,0,0,0,0
K22589,1,3,10,6,48,0,57,36
K03654,0,0,4,0,3,0,6,1
K07659,1,4,36,14,90,11,125,57
K07638,0,0,7,1,71,1,77,39
K00426,0,0,0,0,0,0,0,0
K00425,12,6,52,14,205,5,254,52
K01886,4,30,232,56,351,78,462,530
K03610,8,10,73,51,123,31,176,180
K03609,12,30,166,80,131,41,186,387
K03608,0,0,0,0,0,0,0,0
K06020,3,6,44,3,99,19,115,110
K04062,0,0,0,0,0,0,0,0
K02032,0,1,9,1,32,2,35,19
K02031,2,3,11,3,139,7,191,18
K02034,2,2,32,17,135,18,156,40
K08218,0,0,1,0,8,0,14,0
K14055,0,0,0,0,0,0,0,0
K00641,4,4,70,10,170,10,161,161
K16844,1,1,5,5,20,2,36,16
K01054,8,8,36,12,247,9,368,63
K01919,3,17,106,86,250,35,316,313
K03098,0,0,0,0,0,0,0,0
K07795,0,0,31,2,118,0,131,14
K21645,0,0,4,4,199,7,244,15
K15735,1,4,28,12,117,14,170,27
K01799,7,11,64,6,95,17,96,97
K01501,2,6,31,8,167,39,157,114
K01996,0,8,13,11,111,34,100,125
K01995,0,2,7,4,84,10,141,21
K01998,10,5,28,15,102,27,126,35
K01997,3,2,17,10,88,20,142,75
K01999,4,14,8,15,159,26,224,51
K00450,12,24,28,91,176,89,184,574
K08970,8,137,74,406,199,224,240,698
K07240,5,15,57,21,260,16,353,72
K13283,2,4,33,5,49,7,80,73
K07637,4,4,33,4,113,6,123,59
K02483,0,0,16,9,154,3,199,62
K00074,1,1,15,4,59,2,58,20
K18703,7,8,157,68,251,53,280,130
K06446,7,14,111,27,221,55,272,257
K22108,0,6,28,18,109,23,151,137
K00459,3,26,46,35,385,45,613,264
K02035,9,5,165,51,335,69,363,301
K02035,0,7,70,16,284,19,285,93
K02033,0,2,83,2,162,13,217,55
K02034,6,5,30,9,153,3,279,14
K02031,9,0,39,6,140,5,223,35
K02032,2,1,20,7,138,7,153,37
K01295,10,0,44,6,113,14,172,56
K03656,4,21,142,19,251,16,325,134
K00674,0,0,0,0,0,0,0,0
K18802,0,0,0,0,0,0,0,0
K06217,3,4,49,12,121,24,110,105
K07042,2,2,33,14,68,13,70,42
K06189,4,28,131,37,205,62,212,314
K03820,4,8,64,36,259,44,310,206
K01012,0,0,6,8,74,6,104,45
K08219,0,0,3,0,6,4,11,7
K24138,0,0,0,0,0,0,0,0
K01061,0,0,0,0,0,0,0,0
K03637,1,6,66,17,86,15,137,159
K03636,1,3,17,12,11,1,15,33
K03635,1,1,42,13,56,0,52,47
K03638,1,6,48,2,118,3,107,52
K03750,2,2,17,4,66,18,57,48
K03752,0,0,0,0,0,0,0,0
K03639,3,11,38,23,74,20,122,142
K00123,22,53,366,134,444,165,630,567
K02379,0,14,79,54,81,32,113,131
K00126,0,1,19,6,63,9,52,36
K07240,3,0,14,10,83,7,86,27
K07240,0,0,0,4,83,0,112,4
K21757,0,2,25,15,224,5,268,29
K01776,0,8,73,29,120,26,125,163
K01458,0,0,0,0,0,0,0,0
K03088,3,3,10,13,70,4,121,23
K02014,0,0,9,6,288,3,333,35
K00537,0,2,22,0,110,5,82,39
K19302,0,0,12,12,141,3,121,21
K09767,0,0,0,0,0,0,0,0
K10834,0,8,25,2,38,13,34,75
K25133,0,1,2,2,68,2,145,5
K25132,0,2,1,0,11,0,27,2
K16087,0,0,12,7,160,8,146,15
K07225,0,0,0,0,0,0,0,0
K07165,0,0,2,0,135,2,188,8
K23514,0,0,0,0,69,0,127,10
K07795,0,1,6,0,11,2,23,1
K09712,0,14,86,21,79,22,103,155
K02651,1,0,4,1,30,0,35,2
K02279,0,0,0,0,89,0,116,0
K02280,2,0,10,4,236,0,195,20
K02283,1,2,7,8,265,0,362,16
K12510,0,2,0,2,69,0,112,3
K12511,0,0,0,2,29,0,41,0
K09005,0,0,0,0,0,0,0,0
K02204,1,6,59,14,118,6,97,94
K05539,4,4,16,11,41,8,34,58
K07058,6,36,198,31,112,29,112,339
K08997,0,0,0,0,0,0,0,0
K21023,0,0,0,0,0,0,0,0
K01736,0,0,0,0,0,0,0,0
K12542,0,0,0,0,0,0,0,0
K12541,31,21,359,69,334,54,352,358
K12543,14,26,333,43,235,44,337,340
K01703,6,19,256,60,373,64,375,675
K01704,15,4,86,23,183,30,173,207
K00052,10,8,280,61,258,46,303,335
K00133,32,115,601,238,405,195,359,1302
K08086,94,82,606,211,344,246,449,1108
K06173,2,19,111,28,137,16,214,263
K21395,10,11,100,22,203,15,215,138
K01817,16,30,124,278,118,31,123,411
K02034,0,0,10,0,105,0,175,5
K02031,0,0,5,0,99,0,166,13
K02032,0,0,1,0,108,0,117,3
K07255,0,0,2,2,25,0,26,0
K00375,0,2,4,0,4,0,5,0
K07256,0,0,0,0,0,0,0,0
K15552,3,18,85,40,118,40,173,106
K10831,2,2,4,0,68,1,88,7
K15551,0,1,8,0,136,2,113,9
K05820,0,3,30,16,81,5,118,51
K01495,0,0,0,0,0,0,0,0
K03704,27,163,350,444,207,241,203,2090
K02517,0,4,6,4,16,4,13,63
K04047,20,40,569,53,246,49,264,403
K07304,4,8,36,33,104,21,69,97
K07305,0,2,27,7,94,4,85,76
K07147,2,0,15,4,92,2,87,9
K02483,4,0,16,2,107,9,180,19
K00459,0,0,0,0,0,0,1,0
K22477,0,0,0,0,0,0,0,0
K13444,12,10,112,16,185,8,233,88
K03924,8,0,57,20,134,5,121,45
K12972,0,0,0,0,0,0,0,0
K02031,4,4,39,10,66,4,111,65
K02034,1,0,21,14,35,13,57,25
K02033,0,1,0,3,29,2,34,1
K02035,1,12,29,16,95,28,114,86
K18622,2,15,39,10,104,73,139,250
K05799,6,19,28,93,115,36,159,203
K07154,1,19,44,50,18,36,44,374
K07795,0,2,2,1,3,1,4,12
K01032,0,1,2,2,81,11,132,46
K01031,0,2,0,0,18,1,24,8
K07795,0,2,0,2,43,0,67,12
K02510,0,0,6,0,20,3,21,12
K00135,0,0,2,4,57,1,67,6
K01685,0,2,13,9,146,2,160,8
K07795,0,0,5,2,104,2,167,12
K03566,0,0,0,0,0,0,0,0
K18622,4,8,56,36,129,79,129,130
K07137,26,21,149,43,257,32,373,288
K02042,0,0,0,0,0,0,0,0
K02042,0,29,79,13,149,33,156,85
K02041,7,12,46,28,59,22,59,55
K02044,18,25,98,76,119,104,165,150
K14652,14,16,218,67,253,37,281,436
K00794,19,21,142,32,87,67,108,217
K03625,34,31,222,94,117,67,170,402
K00946,6,5,27,15,185,12,226,105
K01095,0,0,13,2,31,3,62,15
K01591,0,0,0,0,0,0,0,0
K03743,0,0,0,0,0,0,0,0
K03885,7,7,108,14,144,40,165,248
K01996,0,2,18,7,38,5,26,40
K01995,0,0,0,0,40,0,53,1
K01998,2,0,4,0,77,2,65,9
K01997,2,2,0,0,137,1,163,6
K01999,0,0,4,2,122,1,184,4
K03392,0,0,8,8,185,3,280,17
K00452,0,0,1,0,36,0,53,0
K10217,0,0,8,2,119,2,243,40
K15067,0,0,0,0,0,0,0,0
K07058,0,0,0,0,66,0,48,2
K04077,27,74,515,108,571,199,569,1526
K22489,0,0,0,0,0,0,0,0
K04078,171,574,5373,638,4484,1528,4649,15805
K07154,0,0,0,0,0,0,0,0
K07493,2,0,30,3,74,6,74,12
K12685,28,46,285,154,628,86,761,647
K22468,14,4,138,25,141,11,189,147
K02471,9,19,101,71,214,78,182,479
K06989,0,0,2,0,8,1,3,6
K21053,0,0,1,2,17,3,26,12
K08305,3,2,33,15,90,14,161,105
K03827,0,0,0,0,0,0,0,0
K02034,6,6,126,15,139,10,211,152
K02033,0,1,16,1,23,2,30,31
K02035,1,3,48,15,123,6,151,68
K02031,18,13,356,53,443,69,510,359
K06079,0,4,15,4,92,6,88,37
K00799,0,1,24,6,167,9,245,27
K03088,0,0,8,0,69,1,85,5
K09954,0,0,0,0,0,0,0,0
K13633,2,5,9,18,43,14,30,56
K01627,0,0,2,0,3,1,9,6
K04046,2,4,93,46,182,41,226,219
K01515,2,0,34,10,98,6,109,48
K03761,2,7,16,9,85,19,116,159
K01420,3,3,58,40,94,11,116,138
K03695,266,543,6731,1515,3970,2040,4542,27943
K01461,4,2,34,10,219,9,305,139
K07795,0,0,0,0,2,0,1,1
K03734,0,0,0,6,109,2,84,1
K10094,0,0,6,1,106,0,117,4
K09939,0,2,2,0,55,0,91,3
K21677,1,0,4,0,61,3,92,3
K21908,0,0,0,0,0,0,0,0
K06199,0,0,0,0,0,0,0,0
K02291,6,9,44,17,63,14,70,94
K21679,9,11,109,42,113,32,153,280
K01775,8,9,111,33,168,28,213,129
K02510,6,6,39,39,38,15,41,87
K04485,10,11,95,22,232,34,245,228
K03566,0,0,1,0,0,2,3,8
K07795,0,1,27,1,198,6,258,61
K01458,1,4,49,2,37,6,42,15
K24821,0,3,4,6,65,6,78,16
K14347,0,0,0,0,0,0,0,0
K06221,75,33,165,70,102,67,143,145
K05366,6,8,17,6,128,15,114,81
K09788,0,0,0,0,0,0,0,0
K07313,0,0,0,0,0,0,0,0
K08223,2,12,40,21,227,16,259,248
K11936,0,0,0,0,0,0,0,0
K11937,0,0,0,0,0,0,0,0
K11931,0,0,12,3,122,0,155,21
K11935,0,0,4,0,309,0,401,17
K01303,0,0,2,4,105,0,65,14
K02346,10,4,67,30,107,30,148,174
K09117,1,3,5,7,14,7,9,35
K06133,1,2,17,17,126,9,123,15
K05916,18,20,61,46,249,52,332,91
K13771,7,3,25,12,55,7,75,70
K00285,0,0,0,0,0,0,0,0
K00799,0,1,7,2,113,6,76,12
K07006,0,0,6,0,44,6,84,6
K15555,0,0,3,0,23,1,17,10
K09004,0,0,0,0,0,0,0,0
K20035,13,123,120,186,257,179,291,881
K20034,1,2,33,16,244,4,298,13
K00135,0,1,25,10,132,5,193,41
K14063,0,0,0,0,0,0,0,0
K22616,7,0,34,8,229,19,234,71
K02874,41,214,842,316,455,281,522,3799
K02895,31,120,534,134,453,243,383,1937
K02931,50,165,931,289,927,295,853,3707
K02954,6,60,501,153,465,120,462,1974
K02994,29,100,681,176,616,263,748,2780
K02933,48,166,1218,304,916,387,887,4021
K02881,53,81,839,266,559,217,592,2360
K02988,125,151,1447,317,1188,445,1108,3766
K02907,7,16,185,37,175,38,211,506
K02876,68,96,874,174,753,305,803,2309
K03076,170,311,2173,1038,2193,777,2208,6680
K02919,31,55,582,135,434,128,429,1249
K02952,23,101,1011,167,635,217,665,1960
K02948,27,78,922,149,652,235,637,2093
K02986,78,161,1787,288,1149,447,1209,4324
K03040,45,69,788,131,652,257,583,1575
K02879,1,3,28,4,23,9,22,71
K02503,0,0,0,0,15,0,4,9
K03926,6,27,116,32,130,35,145,336
K04084,31,35,224,141,476,123,529,623
K01698,2,0,16,1,18,4,31,28
K03978,6,13,161,7,193,20,303,203
K07399,9,43,205,66,419,82,434,763
K13796,0,6,27,24,221,9,226,62
K01586,0,0,0,0,0,0,0,0
K13795,0,0,0,0,0,0,0,0
K05366,18,10,149,24,270,44,295,245
K06202,0,0,0,0,0,0,0,0
K00891,6,3,40,18,105,30,147,84
K01735,0,0,0,0,1,0,1,0
K03701,1,14,132,25,149,29,201,158
K01129,0,0,0,0,0,0,0,0
K00799,0,0,0,0,0,0,0,0
K03111,22,45,289,91,219,112,260,1041
K01153,11,31,279,108,759,76,874,571
K01154,15,31,359,90,399,78,523,691
K03427,12,15,235,54,388,62,522,378
K20035,0,0,14,8,142,5,160,36
K00059,0,0,0,0,0,0,0,0
K07795,0,0,0,0,88,0,132,8
K07507,0,2,4,7,71,7,75,24
K07795,4,9,48,17,228,34,316,108
K23239,1,9,5,11,67,12,111,92
K00121,9,12,75,23,177,78,167,366
K03566,4,0,36,2,116,5,163,44
K07795,0,2,152,16,186,27,271,199
K03585,7,5,27,5,126,10,174,33
K02012,0,1,26,3,47,5,42,39
K02011,10,7,217,27,277,89,369,389
K03566,4,9,25,24,235,20,227,79
K01079,2,2,40,9,84,11,118,27
K00425,127,561,1668,2093,1118,956,1302,5926
K00426,21,71,412,154,291,201,432,562
K06131,1,11,35,25,51,18,51,97
K07734,0,0,0,0,0,0,0,0
K07054,3,5,47,16,124,19,109,96
K07566,9,52,382,28,252,51,341,530
K01714,16,40,309,71,230,83,254,893
K07287,1,11,70,12,64,23,86,204
K03555,6,18,89,19,132,10,232,112
K18850,0,0,0,0,0,0,0,0
K07234,0,2,25,2,50,6,65,9
K09943,0,0,0,0,0,0,0,0
K09760,5,4,39,21,49,4,42,55
K09165,12,23,225,84,112,24,172,110
K19784,1,13,78,17,158,21,160,78
K09932,0,2,2,7,109,5,65,23
K07231,0,0,2,7,53,4,59,12
K03747,0,0,0,0,0,0,0,0
K07080,6,11,91,12,234,30,245,79
K19967,0,3,38,27,44,13,35,74
K07795,1,0,1,1,6,2,7,12
K00821,0,0,3,5,26,2,53,14
K08225,0,0,0,0,0,0,0,0
K01968,6,1,52,10,250,14,369,71
K01969,13,6,153,30,335,50,412,122
K00626,1,9,47,8,59,23,99,78
K00906,33,47,721,184,747,257,878,687
K00253,13,23,172,63,238,97,254,348
K01451,12,16,82,48,230,39,236,201
K07795,8,12,95,54,120,40,97,162
K09771,0,1,0,0,1,0,0,0
K05834,1,0,5,4,11,3,12,9
K03673,0,0,0,0,0,0,0,0
K01887,9,3,91,29,95,33,143,111
K05815,0,0,4,0,1,1,1,1
K05814,0,2,2,1,36,3,54,13
K05813,2,0,18,0,164,3,169,29
K03651,2,1,15,10,71,1,77,59
K02529,2,2,33,3,191,6,197,54
K01649,3,23,34,31,52,43,67,233
K01426,0,0,0,0,0,0,0,0
K07795,4,100,281,154,358,243,356,2019
K03092,0,19,90,14,254,38,295,189
K15269,2,6,11,13,104,13,240,12
K03594,0,0,0,0,0,0,0,0
K02837,12,92,364,77,228,133,250,922
K11927,1,14,69,62,155,35,195,239
K05834,0,0,0,0,0,0,0,0
K03744,9,12,103,21,58,23,85,131
K06872,0,0,0,0,0,0,0,0
K02031,4,6,122,12,197,29,286,33
K02034,4,9,89,12,129,16,136,38
K02033,0,0,15,1,70,2,68,9
K02035,3,2,31,12,171,12,235,44
K07506,5,18,49,11,85,14,96,67
K03600,2,0,2,3,89,2,144,26
K03599,11,7,136,16,82,34,96,98
K00413,0,5,76,7,42,17,57,85
K00412,6,62,498,118,368,104,421,695
K00411,11,38,267,85,327,69,344,434
K03282,0,0,0,0,0,0,0,0
K04771,3,4,44,23,220,19,214,122
K03118,5,3,23,10,100,13,94,79
K03117,0,0,27,0,83,1,97,51
K03116,0,0,1,6,19,3,17,18
K02503,3,13,103,41,41,17,67,146
K01523,4,9,98,36,52,13,56,126
K02500,1,10,53,19,96,24,90,161
K01496,0,0,0,0,0,0,0,0
K01814,9,10,117,43,161,47,180,296
K02501,13,34,271,60,256,81,361,570
K01693,1,1,11,4,26,0,22,16
K00817,4,9,67,7,113,16,145,138
K00013,4,12,108,31,176,33,203,151
K00765,0,3,8,4,7,2,14,22
K00790,8,3,55,13,94,6,134,92
K05527,0,0,0,0,0,0,0,0
K01990,2,7,67,12,203,6,282,103
K07323,7,6,64,70,98,29,102,226
K04754,9,18,136,19,222,59,372,292
K02067,4,7,49,11,58,9,67,94
K02066,0,8,64,14,100,6,98,93
K02065,5,5,35,15,128,11,170,97
K00459,24,24,185,52,253,64,291,578
K07795,1,9,30,7,149,6,228,33
K00265,17,138,282,148,413,137,442,465
K21959,0,0,0,0,0,0,0,0
K07275,0,0,0,0,0,0,0,0
K07240,0,0,0,0,0,0,0,0
K00266,0,0,0,0,0,0,0,0
K07240,0,0,0,0,0,0,0,0
K07491,2,61,94,57,194,71,213,373
K01070,11,30,144,88,207,54,243,315
K03089,113,465,2004,926,856,507,905,6099
K03651,2,17,65,41,137,25,98,269
K03316,20,10,54,31,353,30,409,90
K02275,40,111,576,161,429,230,645,1007
K02274,22,44,646,138,715,148,764,804
K02276,17,32,325,60,257,65,341,299
K14998,10,15,78,69,131,25,138,429
K02259,10,5,55,50,218,25,311,223
K02257,9,25,99,26,139,56,175,242
K07152,0,0,0,0,0,0,0,0
K00812,6,8,72,31,136,23,149,131
K01432,10,7,77,36,112,26,108,74
K07795,0,0,3,7,28,2,46,19
K00074,2,0,10,0,198,2,290,6
K00632,2,0,10,6,106,2,94,18
K07068,0,0,0,0,0,0,0,0
K08309,0,0,0,0,0,0,0,0
K01845,0,5,27,3,270,1,222,36
K00788,7,3,37,16,76,20,125,72
K07735,19,37,210,117,165,100,215,480
K07447,7,7,80,27,52,29,68,161
K00609,8,11,76,59,125,35,113,299
K01525,0,0,0,0,0,0,0,0
K00655,0,0,0,0,0,0,0,0
K11720,13,4,67,20,101,38,127,132
K03814,0,6,42,22,96,7,146,61
K00014,8,9,47,42,86,17,111,129
K03832,2,8,64,26,57,23,85,74
K02011,7,42,135,51,221,64,268,128
K07649,21,406,577,341,417,258,509,1021
K02012,0,0,0,0,0,0,0,0
K01147,8,10,29,18,205,21,230,72
K02558,9,13,88,41,161,31,194,178
K07000,0,0,0,0,0,0,0,0
K03786,8,29,67,69,112,34,96,389
K02160,6,16,65,11,101,18,112,225
K01961,27,30,298,90,377,52,313,667
K02687,4,9,44,24,132,16,151,155
K00856,11,18,121,33,137,16,204,175
K06077,91,157,1120,269,435,267,501,2172
K14188,6,21,76,86,105,34,88,354
K03740,8,24,94,54,190,38,152,315
K03739,0,6,60,18,215,13,264,106
K02221,0,0,0,0,0,0,0,0
K00525,22,34,342,95,262,89,236,734
K00526,0,0,0,0,0,0,0,0
K04090,32,96,606,179,895,196,999,1685
K03719,6,11,88,6,199,20,239,134
K01885,0,6,25,12,47,13,57,59
K09181,25,25,234,78,416,92,562,394
K15223,1,23,46,17,79,30,70,47
K01451,12,8,91,96,86,21,125,251
K15738,0,0,0,1,14,2,12,7
K03925,98,68,632,143,245,208,294,849
K03438,50,27,353,102,275,167,330,438
K03586,2,5,25,12,49,15,45,133
K03587,14,13,192,38,285,42,269,197
K15792,57,21,308,74,451,66,557,281
K01000,1,5,87,21,227,35,289,72
K01925,19,6,275,34,207,35,263,195
K03588,3,2,81,19,167,21,212,76
K02563,9,4,51,14,81,12,93,36
K01924,9,8,148,15,146,28,192,80
K01921,5,6,118,5,186,10,209,88
K03589,13,2,31,7,106,14,128,28
K03590,11,3,146,15,193,6,208,75
K03531,90,34,1244,105,581,119,662,357
K02535,14,63,219,60,162,98,231,841
K19304,45,87,262,205,286,176,265,1249
K03070,71,159,1198,383,937,362,1109,3822
K07795,16,22,206,64,338,73,468,354
K06213,0,2,9,3,21,3,28,22
K05800,0,0,0,0,0,0,0,0
K07232,0,0,0,0,0,0,0,0
K10806,0,0,0,0,0,0,0,0
K01451,2,2,13,6,49,6,63,136
K01897,5,7,48,14,165,29,182,78
K01092,2,3,14,1,15,1,15,10
K15461,12,6,68,30,319,27,422,134
K02071,8,154,229,252,214,253,247,1211
K02072,4,55,131,48,148,112,171,261
K02073,0,3,16,5,18,4,13,35
K13285,0,2,2,5,180,2,232,4
K02029,8,13,113,35,98,31,120,83
K02028,0,0,0,0,0,0,0,0
K01139,1,12,32,23,118,10,155,94
K07795,0,0,0,0,0,0,0,0
K00942,6,52,288,43,171,69,184,809
K03060,0,0,0,0,0,0,0,0
K01241,15,19,62,21,107,32,137,153
K19666,0,6,7,14,116,7,235,78
K00989,0,0,0,0,0,0,0,0
K03406,0,2,4,9,120,4,187,14
K01519,0,6,72,22,139,13,232,205
K02495,12,6,69,44,146,26,212,185
K01915,10,50,390,122,509,129,710,824
K07708,5,9,42,17,156,15,167,97
K07712,3,2,18,9,47,6,67,34
K06911,2,2,0,6,89,3,135,15
K06911,2,14,13,10,117,20,151,11
K07795,0,2,6,0,51,4,45,14
K02011,0,8,18,16,109,3,135,51
K02012,0,4,30,10,136,6,186,43
K07795,0,1,5,2,26,1,22,16
K17737,18,131,211,206,221,178,271,1487
K09022,20,66,428,141,224,81,303,908
K03655,11,27,186,83,233,78,305,488
K04761,2,4,94,17,138,17,148,77
K07002,3,1,14,2,8,1,23,14
K04047,0,0,0,0,0,0,0,0
K01999,8,37,242,57,245,94,351,514
K10112,0,1,12,8,37,3,26,31
K05815,9,18,105,31,116,31,168,166
K05814,0,5,31,13,93,18,95,61
K05813,7,21,153,38,206,27,220,273
K00286,9,30,82,131,126,56,128,182
K09125,5,15,41,21,96,27,91,112
K01999,23,121,552,236,318,267,428,1216
K02614,0,0,6,1,7,2,8,13
K15866,0,0,0,0,0,0,0,0
K02613,11,54,495,121,576,282,662,623
K02612,5,20,106,19,109,44,135,189
K02611,14,29,151,71,147,89,146,238
K02609,21,85,353,147,314,175,403,522
K02610,0,0,0,0,0,0,0,0
K02616,4,9,32,34,68,25,85,124
K13288,10,22,50,29,97,47,112,159
K06013,6,15,88,44,231,24,288,195
K06949,0,0,4,1,8,2,12,17
K02884,19,43,194,106,151,39,140,603
K00956,10,42,126,43,288,87,358,424
K00957,3,3,28,8,107,16,143,17
K00390,3,0,12,2,61,8,83,3
K02045,0,5,9,7,55,0,62,9
K02047,0,4,15,0,85,6,133,15
K02046,0,1,8,1,49,6,115,5
K23163,0,6,6,15,165,1,223,7
K20035,8,146,334,77,298,93,355,323
K24158,0,0,0,0,0,0,0,0
K07085,13,19,100,46,297,21,339,106
K09758,2,6,67,19,264,18,339,43
K07085,14,21,260,49,402,51,367,147
K03522,21,36,163,72,283,44,294,165
K03521,14,30,365,66,257,126,295,546
K08305,2,3,22,9,44,11,74,65
K12339,3,7,19,8,17,9,17,56
K02237,17,33,139,92,91,79,98,391
K03274,14,0,20,4,82,5,105,4
K21344,6,4,125,11,171,22,153,170
K19804,14,18,190,57,170,60,176,301
K02945,117,86,711,191,391,156,360,1031
K08992,0,0,0,0,0,0,0,0
K05788,0,0,0,0,0,0,0,0
K00945,3,14,124,20,76,41,70,181
K00800,8,26,103,60,111,35,174,246
K04517,1,4,38,6,110,10,169,43
K00817,2,2,84,8,94,10,130,88
K14170,9,7,170,20,105,20,102,186
K02469,48,28,286,80,255,117,319,427
K00831,0,0,0,0,0,0,0,0
K03286,339,1644,15689,1479,8516,2124,9537,35408
K00568,0,15,53,13,141,20,165,173
K00523,6,17,145,39,155,28,195,246
K00285,21,34,245,50,284,89,460,443
K01872,39,101,802,217,625,242,621,1812
K04085,0,0,0,0,0,0,0,0
K01873,4,20,340,33,281,40,368,591
K02959,0,0,0,0,0,0,0,0
K02860,0,0,0,0,0,0,0,0
K00554,0,0,0,0,0,0,0,0
K00940,10,109,535,127,329,120,344,1498
K06941,30,100,354,179,290,151,289,1488
K15539,5,22,124,59,66,43,68,311
K03526,17,36,223,78,231,83,236,516
K01892,12,20,203,70,174,50,224,376
K17713,17,11,201,44,230,72,223,246
K03977,22,26,278,69,226,67,214,423
K00817,19,11,97,25,178,16,227,206
K03666,6,21,147,59,137,46,179,202
K03665,6,11,51,19,115,19,155,96
K04088,59,125,683,172,510,232,636,1458
K04087,44,74,500,90,283,125,317,898
K02502,61,79,429,197,238,148,251,1327
K01939,24,75,672,158,426,231,444,1790
K07101,4,34,132,39,153,52,193,442
K02970,22,203,620,290,346,227,425,2103
K02316,29,116,423,306,457,188,482,1854
K03086,109,240,1690,540,846,390,1232,4880
K09144,0,0,2,3,62,0,46,8
K17733,0,0,1,0,75,0,104,2
K07795,0,0,12,2,89,0,79,10
K07068,1,0,8,0,25,1,40,2
K01031,0,0,0,1,99,0,105,2
K09990,0,0,0,0,0,0,0,0
K10778,0,0,1,0,2,0,7,1
K02014,3,2,17,5,221,6,316,37
K01247,0,0,0,0,0,0,0,0
K07165,0,0,2,4,115,0,158,15
K23514,0,0,12,3,52,0,64,22
K18900,0,0,0,0,2,0,1,0
K10680,0,0,0,0,0,0,0,0
K02032,0,2,2,0,105,1,175,13
K02031,0,6,6,4,104,0,129,20
K02034,0,0,13,0,114,0,167,5
K02033,0,0,4,0,51,1,97,0
K02035,0,4,20,3,123,0,188,7
K05799,0,10,50,8,153,8,219,45
K00830,0,0,39,16,186,6,256,34
K07795,0,0,0,0,0,0,0,0
K15549,4,4,21,3,105,7,134,26
K15547,4,5,21,4,170,8,205,35
K17837,0,0,0,0,0,0,0,0
K05595,0,0,0,0,0,0,0,0
K07154,1,2,20,3,92,4,114,36
K07795,5,0,22,4,161,4,132,18
K00059,0,0,0,2,53,2,67,1
K00059,0,0,8,0,74,4,71,9
K05799,0,0,0,0,0,0,0,0
K18902,0,2,6,2,173,0,223,12
K18903,0,0,0,0,0,0,0,0
K01975,0,0,0,0,0,0,0,0
K18901,0,0,16,1,186,2,210,19
K18900,11,76,305,173,291,147,338,1891
K20275,0,0,1,0,0,0,1,3
K20275,2,2,6,1,71,4,68,46
K00477,4,8,130,24,146,45,144,225
K10947,5,6,50,7,110,8,154,56
K07229,0,0,0,0,8,0,8,1
K21757,0,2,41,6,93,0,122,52
K03088,0,13,48,19,108,17,105,125
K01258,2,3,47,8,82,5,121,28
K02032,0,0,0,0,0,0,3,0
K02031,0,2,25,7,156,8,211,28
K02034,0,0,7,2,136,6,212,9
K02033,1,1,2,0,25,1,36,1
K02035,0,0,15,5,191,7,226,14
K00111,2,0,8,4,258,4,337,2
K00803,1,0,8,3,118,6,191,21
K02443,0,0,0,0,0,0,0,0
K24163,2,2,40,6,236,2,289,37
K01425,4,0,55,2,177,3,159,8
K00566,14,44,141,137,217,67,248,369
K07090,2,3,56,14,50,10,50,132
K00799,0,1,5,0,10,4,14,9
K01756,17,56,409,113,347,119,341,952
K19777,0,0,0,0,0,0,0,0
K15866,0,0,5,5,67,2,104,17
K01796,2,0,13,7,120,1,185,18
K24012,0,0,14,3,115,7,116,22
K00059,0,0,0,6,65,0,69,7
K07795,0,10,37,20,178,10,284,35
K07795,4,0,9,6,121,5,171,28
K07068,0,2,19,5,67,3,86,22
K03554,0,0,4,10,65,5,79,27
K02338,1,0,8,4,105,2,117,29
K00773,0,5,8,6,43,4,63,42
K07568,2,7,62,18,137,16,174,127
K01999,16,35,86,47,256,63,217,178
K07259,5,8,87,19,127,42,143,96
K02302,0,5,8,3,14,10,26,20
K00761,0,0,0,0,0,0,0,0
K03182,1,1,11,2,32,5,31,14
K05594,0,0,0,0,0,0,0,0
K00029,43,36,342,121,538,147,749,672
K07001,11,4,35,11,120,12,202,81
K09761,0,0,0,0,0,0,0,0
K03623,0,0,0,0,0,0,0,0
K00615,25,84,485,106,598,167,762,1359
K00134,12,27,423,54,691,131,778,786
K00927,7,10,81,37,203,34,359,239
K00208,0,0,0,0,0,0,0,0
K00925,0,0,8,4,23,2,11,7
K00625,0,0,0,0,0,0,0,0
K00799,11,36,139,65,283,70,298,695
K05516,49,115,751,247,426,354,549,1854
K18997,20,34,338,90,157,164,207,601
K16322,0,6,24,6,120,8,155,46
K00799,0,0,0,0,0,0,0,0
K07396,0,0,0,0,0,0,0,0
K03740,0,8,20,5,220,4,247,56
K03831,3,12,69,24,120,24,166,164
K02518,54,100,574,185,282,162,266,1349
K01624,5,7,78,10,106,33,135,237
K00858,0,0,0,0,2,0,2,2
K03705,10,25,235,64,315,66,414,598
K01772,6,11,83,27,203,49,324,269
K03687,44,140,1893,351,1675,475,1699,7319
K04043,127,487,4646,606,3723,865,3794,17566
K07263,1,1,18,6,23,8,18,40
K03686,0,0,0,0,0,0,0,0
K03790,0,9,45,6,130,12,286,62
K09989,0,6,25,3,30,3,31,25
K24217,0,0,0,0,0,0,0,0
K00031,45,66,624,171,397,123,534,869
K02847,19,6,67,26,170,37,233,166
K03406,2,9,36,6,139,4,172,20
K01714,0,0,0,0,0,0,0,0
K07646,1,0,18,1,100,6,115,40
K12262,0,0,0,0,0,0,0,0
K07667,0,0,0,0,0,0,0,0
K01547,2,0,20,6,223,3,256,28
K01548,0,0,0,0,0,0,0,0
K01546,0,4,6,6,190,4,244,28
K01545,0,0,0,0,8,0,8,0
K14393,8,26,51,31,338,25,413,93
K03297,0,0,0,0,0,0,0,0
K00384,21,6,84,19,85,26,104,159
K03466,18,41,258,104,484,92,634,557
K03634,6,19,86,29,163,36,185,206
K06015,0,2,12,4,69,2,84,17
K09022,0,0,0,0,0,0,0,0
K19337,0,1,6,4,76,2,122,14
K02032,0,1,11,6,72,8,101,20
K03205,0,0,9,2,286,2,365,21
K03196,1,0,5,0,32,1,50,10
K03195,2,2,25,11,193,1,257,40
K03204,0,0,4,1,183,5,265,16
K03203,0,0,4,2,102,0,108,1
K03201,0,0,1,0,36,1,140,4
K03199,0,0,7,0,86,2,157,11
K03200,0,0,0,0,0,0,0,0
K03194,0,0,4,2,26,0,54,1
K16899,0,16,76,29,319,37,413,139
K16898,20,8,124,32,421,20,479,126
K02343,50,35,398,124,403,132,427,739
K09747,18,12,244,58,120,47,133,165
K06187,0,1,63,14,116,19,162,85
K07749,7,0,32,10,211,17,264,32
K15553,21,23,146,112,197,90,292,244
K15554,0,0,10,7,59,5,57,29
K00616,1,1,3,5,5,3,3,8
K01607,0,0,0,0,0,0,0,0
K01956,27,79,484,123,526,139,525,1812
K01955,37,100,1025,255,1030,362,1014,2559
K15634,0,0,0,0,0,0,0,0
K02052,0,0,1,1,27,0,34,1
K02011,0,0,4,1,167,4,162,13
K02012,0,4,26,10,195,7,256,28
K05874,3,7,54,10,107,3,95,55
K09016,0,0,0,0,0,0,0,0
K03624,2,11,62,30,58,16,61,203
K07574,13,14,56,18,73,40,62,167
K02427,31,97,414,354,280,231,312,1893
K03798,107,328,2261,604,1563,779,1690,6389
K00796,8,9,91,57,192,45,159,243
K03431,14,14,176,41,224,44,252,217
K01524,1,0,17,5,22,3,26,39
K22310,0,0,0,0,0,0,0,0
K00937,8,22,164,35,253,30,305,258
K02040,2,7,89,10,212,19,281,239
K02037,2,0,28,6,183,11,249,67
K02038,0,3,24,3,102,4,115,42
K02036,8,6,55,16,101,14,114,87
K14063,0,2,49,8,222,11,310,47
K07795,0,5,16,7,161,7,179,89
K13995,6,29,17,36,80,44,101,912
K06995,0,9,12,4,95,16,150,36
K07165,0,4,33,4,75,10,85,31
K00868,6,15,119,16,198,30,261,112
K01058,0,0,0,0,5,1,12,2
K02028,10,37,77,60,130,121,208,571
K02030,22,36,365,110,179,245,203,412
K02029,6,16,62,34,90,48,111,143
K09471,15,14,110,56,146,105,306,166
K03286,0,7,21,3,64,4,78,24
K03719,18,47,165,57,147,35,147,250
K00457,7,28,48,51,59,72,68,283
K01687,0,3,61,9,120,17,159,49
K07304,0,0,0,0,0,0,0,0
K13292,0,1,16,2,3,4,9,15
K09888,34,28,110,68,79,77,122,266
K07794,6,55,448,277,305,101,344,1035
K07793,12,68,727,163,500,183,790,758
K00681,16,18,187,24,407,53,481,411
K00042,9,4,100,27,81,38,102,161
K01118,0,0,0,3,19,0,17,4
K12972,0,0,0,0,0,0,0,0
K07793,1,3,45,8,162,18,222,132
K07649,3,1,25,7,195,7,249,41
K07794,0,0,0,0,0,0,0,0
K07774,2,16,49,51,77,24,144,161
K08311,35,49,449,103,265,130,245,848
K01881,16,56,452,103,414,83,420,894
K07107,2,17,44,45,99,22,93,281
K03562,8,17,145,118,117,36,134,551
K03559,8,4,49,32,77,21,105,243
K03646,15,8,141,61,204,66,244,352
K03641,17,59,596,196,590,165,640,1536
K03640,24,86,804,106,529,149,524,1226
K02015,0,1,16,10,134,4,158,50
K02013,0,2,4,1,18,1,44,21
K02355,0,1,20,5,78,5,116,37
K12973,6,11,52,16,101,14,116,58
K07090,0,0,0,0,0,0,0,0
K11249,2,18,39,41,104,25,126,175
K06889,4,31,76,54,71,32,71,520
K20534,3,13,76,23,185,20,200,145
K03312,8,9,96,35,233,21,227,168
K09703,10,9,36,33,152,14,221,68
K03762,0,0,0,0,8,0,6,0
K03327,0,0,3,0,3,1,18,8
K07795,2,0,47,0,173,8,248,104
K10218,0,2,7,0,172,0,197,8
K07795,0,0,7,6,202,6,201,20
K01596,18,68,558,174,585,200,680,1861
K18013,0,0,4,1,37,2,86,14
K01999,2,0,14,3,111,4,120,11
K02069,0,0,0,0,14,0,5,0
K06911,1,5,16,4,28,8,33,27
K08358,75,45,687,65,450,51,418,480
K08359,57,35,363,64,275,38,264,231
K08357,244,107,1698,156,1114,111,1257,906
K14051,30,51,292,101,256,88,314,370
K13816,0,1,12,0,19,2,35,17
K01424,5,7,76,17,170,17,219,56
K07795,0,0,6,2,113,12,202,39
K00606,2,0,13,1,60,4,70,33
K01007,0,0,4,3,4,2,6,23
K09773,0,1,2,2,5,0,6,19
K03437,0,0,0,0,0,0,3,1
K00748,2,1,40,10,84,15,85,90
K03470,0,0,0,0,0,0,0,0
K00677,6,11,128,35,107,48,137,307
K02536,1,2,36,7,18,5,26,70
K02372,0,0,0,0,0,0,0,0
K07277,28,126,1142,251,684,203,848,2583
K06142,0,0,0,0,0,0,0,0
K11749,36,83,486,186,381,162,493,1467
K00099,22,33,213,107,233,66,247,536
K00981,12,14,99,43,76,31,83,123
K00806,35,18,147,53,166,46,194,315
K02838,1,8,64,25,76,18,75,168
K09903,12,37,376,52,214,43,271,533
K02357,24,49,318,96,343,92,323,962
K02967,18,79,666,134,590,277,610,1709
K01265,14,25,48,30,103,33,157,195
K00990,4,10,115,27,187,30,219,220
K05595,0,11,70,17,184,16,333,182
K03611,0,6,90,15,101,13,122,179
K00764,3,6,16,12,39,0,23,66
K09962,0,0,0,0,0,0,0,0
K07043,0,0,0,0,0,0,0,0
K03558,3,3,36,12,30,9,36,161
K03749,0,0,0,0,0,0,0,0
K11754,51,57,345,231,226,94,305,689
K07795,0,0,11,4,108,6,161,14
K06603,22,53,292,55,164,95,268,499
K02407,95,72,1489,249,816,196,872,1724
K02422,26,13,181,89,134,33,114,252
K02423,10,5,141,39,75,20,86,140
K04061,0,0,14,2,41,0,24,14
K21087,2,3,81,12,96,18,91,80
K02408,32,1,133,12,63,11,64,58
K02409,20,6,156,16,210,28,255,99
K02410,10,0,142,32,158,14,144,75
K02411,15,0,73,10,80,16,69,31
K01586,3,2,46,0,88,2,69,15
K01297,6,8,52,18,231,28,258,183
K07795,0,0,4,5,88,2,72,5
K18013,2,1,8,1,207,2,309,18
K06893,0,0,8,2,77,4,100,10
K03321,0,0,0,0,0,0,0,0
K03449,0,2,13,2,74,3,145,18
K03782,2,1,34,38,313,20,374,50
K03576,0,1,5,7,37,5,33,23
K00299,4,41,160,83,211,60,275,560
K01857,1,3,22,4,66,17,61,87
K00549,0,0,0,0,0,0,0,0
K00448,2,8,20,20,24,18,32,62
K00449,0,0,0,0,0,0,0,0
K21393,0,6,9,18,157,21,282,26
K21394,0,5,4,23,93,28,146,18
K21395,1,7,3,29,52,32,60,66
K03786,0,0,0,0,0,0,0,0
K19338,1,9,16,14,67,17,56,135
K01607,0,0,0,0,0,0,0,0
K06889,0,0,9,7,200,1,321,31
K07795,8,13,86,38,182,21,236,275
K07497,0,1,2,1,7,3,18,3
K01999,0,0,15,0,25,3,29,4
K01998,0,2,50,14,166,15,258,18
K01997,0,4,23,10,128,4,194,23
K01995,0,1,8,0,154,2,199,6
K01734,1,3,37,2,27,6,47,41
K04044,5,21,195,49,193,63,230,381
K04082,4,32,37,54,60,48,80,264
K04487,27,182,471,429,388,282,381,3260
K13628,0,0,0,0,0,0,0,0
K04488,0,0,0,0,0,0,0,0
K13643,1,27,76,45,60,38,56,499
K03702,85,236,1179,464,601,291,592,4011
K25307,0,0,0,0,0,0,0,0
K01338,3,32,224,56,160,64,149,486
K00832,0,0,0,0,0,0,0,0
K01356,0,0,0,0,0,0,0,0
K03544,143,521,4929,922,2698,1100,2919,14814
K03545,31,43,398,127,401,122,478,1028
K01358,0,0,0,0,0,0,0,0
K07387,18,54,455,126,426,181,413,1228
K03704,0,0,0,0,0,0,0,0
K03704,2,20,61,18,71,17,79,241
K01173,2,4,34,6,105,23,189,138
K14267,3,13,126,30,174,51,251,371
K00674,16,14,206,79,265,64,222,302
K01439,43,29,218,38,192,52,242,183
K07320,2,6,102,25,122,27,135,199
K06158,0,0,0,0,0,0,2,1
K03657,31,9,188,99,131,37,124,222
K04092,0,0,0,0,0,0,0,0
K00507,51,97,712,239,469,210,488,1646
K03500,143,512,1587,871,811,476,908,3954
K05799,11,15,228,51,129,45,202,257
K05301,4,1,27,6,58,9,62,13
K06137,0,0,29,0,142,4,154,9
K01451,0,2,23,6,102,5,161,37
K07795,4,3,21,18,179,4,219,13
K07001,10,14,112,31,182,26,209,137
K08169,0,3,6,1,55,2,48,6
K01750,0,0,0,0,0,0,0,0
K20975,4,2,91,20,182,15,224,134
K06077,0,0,22,6,121,9,202,37
K04042,15,8,137,36,261,27,274,120
K08169,10,5,50,6,203,14,194,68
K00012,8,23,148,33,289,49,403,283
K03719,0,0,0,0,2,0,4,1
K00820,4,4,67,18,251,26,279,207
K02474,0,3,7,1,275,12,321,49
K01991,0,0,2,2,141,4,205,7
K09688,0,0,2,2,177,4,254,3
K10107,0,0,10,1,200,0,188,26
K13892,16,6,94,30,226,35,290,78
K03181,2,1,9,4,16,5,14,26
K06182,1,2,27,18,107,16,93,83
K03585,0,24,63,34,131,37,145,207
K18138,6,28,67,42,414,42,512,262
K18139,0,4,33,15,76,18,102,87
K01414,6,13,103,37,91,38,163,344
K07152,0,0,0,0,0,0,0,0
K01491,12,23,249,51,191,83,263,698
K14986,8,22,130,28,89,40,139,176
K14987,0,0,0,0,0,0,0,0
K00163,61,138,1099,336,1126,474,1330,3249
K00627,58,66,430,179,591,208,677,797
K00382,121,59,525,169,443,133,503,432
K05275,0,1,4,0,16,3,10,4
K02406,31,35,569,65,395,50,447,734
K02405,3,0,48,11,150,10,135,101
K02403,61,67,695,324,313,124,389,1358
K02402,8,19,293,34,195,62,175,532
K02556,54,19,462,55,322,79,340,378
K02557,25,9,200,42,113,34,127,153
K03413,13,16,132,37,88,15,82,130
K03407,59,31,757,107,616,91,699,778
K03408,33,7,309,51,201,48,196,179
K05874,35,9,259,43,217,38,239,99
K03701,27,27,281,99,580,79,647,547
K22132,0,0,0,0,0,0,0,0
K05685,3,2,8,10,151,8,158,36
K13888,2,1,8,8,217,2,260,36
K07232,2,2,33,8,98,9,120,56
K00275,20,40,146,98,134,52,237,433
K00109,7,11,139,41,210,28,307,198
K21757,0,0,0,0,1,0,1,0
K01433,0,0,0,0,0,0,0,0
K07795,0,0,2,2,98,2,155,5
K00681,1,1,11,1,30,1,35,4
K07795,1,7,55,24,34,29,42,51
K01679,19,44,290,67,201,69,259,431
K13936,0,0,0,0,0,0,0,0
K01448,14,14,167,39,209,30,223,205
K03975,1,0,14,3,15,2,18,12
K03572,28,30,369,95,339,108,405,629
K00791,2,0,4,4,15,6,13,15
K01933,2,1,14,5,5,6,20,36
K10763,0,4,7,21,104,11,118,37
K00970,2,13,97,36,129,21,182,268
K18478,0,0,0,0,0,0,0,0
K00950,0,0,0,0,0,0,0,0
K09456,4,4,56,16,164,19,309,64
K04761,2,0,3,5,23,0,38,4
K03782,16,12,262,10,424,16,539,201
K21090,2,5,38,22,213,21,275,84
K13688,4,8,37,37,1190,16,1642,127
K01623,0,2,4,3,153,0,167,22
K00033,0,0,4,4,99,4,132,14
K00036,1,0,5,2,143,1,165,12
K00616,0,0,1,0,94,0,145,6
K01810,0,0,4,0,196,2,271,2
K00615,0,0,10,2,140,0,207,14
K15778,0,0,0,0,0,0,0,0
K16692,0,0,12,6,232,0,288,26
K01991,4,0,14,0,179,3,238,15
K03207,0,0,1,0,50,0,109,0
K16011,0,0,2,0,163,2,177,8
K01711,0,1,15,4,115,0,127,2
K02377,0,0,10,0,84,3,123,9
K03818,0,0,4,1,43,0,61,3
K03208,0,0,4,0,88,1,90,4
K06445,11,143,240,117,309,263,423,743
K00626,8,24,103,38,137,39,144,182
K06076,3,102,267,75,346,80,536,225
K07516,13,26,133,44,353,52,463,231
K00632,2,15,69,18,174,26,202,91
K01897,3,16,124,45,253,27,248,218
K03707,2,2,44,7,81,11,124,96
K18893,2,7,29,19,148,12,144,75
K00574,9,34,226,79,426,99,525,399
K02002,42,211,965,250,817,508,980,2941
K02001,8,20,113,31,170,39,213,304
K02000,4,9,151,68,272,68,318,294
K07795,0,2,14,10,33,6,50,35
K01821,0,0,0,0,0,0,0,0
K15866,6,14,38,21,132,28,213,132
K00626,11,29,195,29,136,60,134,307
K01692,2,12,10,44,99,33,143,135
K24012,0,6,21,8,244,31,279,85
K07795,2,3,6,11,160,8,176,31
K12685,2,14,60,22,888,18,975,119
K21908,13,12,87,44,204,44,271,250
K12685,0,1,4,5,168,3,154,37
K05799,7,22,51,48,125,62,217,375
K01578,7,52,165,102,152,104,150,366
K01692,6,21,71,34,110,52,172,115
K18661,2,8,145,58,317,61,330,205
K07795,0,1,2,0,23,2,24,9
K05882,1,1,2,0,5,2,8,6
K01989,8,30,131,84,218,80,188,319
K05832,11,7,37,18,124,6,200,53
K05833,9,8,57,9,100,12,86,32
K02020,14,16,332,35,255,35,298,267
K02018,2,0,44,14,77,16,124,47
K02019,0,0,0,0,0,0,0,0
K07001,7,3,48,25,172,19,228,81
K03585,25,46,411,99,396,117,429,1179
K18138,20,38,547,88,527,109,859,831
K18139,12,19,304,51,168,77,197,255
K03474,16,8,134,23,99,29,127,158
K00997,7,5,44,7,52,13,48,33
K01207,20,10,120,7,152,28,186,109
K03703,2,4,79,20,237,23,255,102
K08744,4,20,99,20,121,20,158,150
K08223,8,9,71,17,165,23,206,94
K06998,4,8,65,25,160,25,246,52
K00588,6,4,29,11,179,7,236,18
K06879,2,0,26,3,127,5,170,67
K01637,11,31,227,38,190,29,202,243
K07795,2,1,15,3,127,9,273,45
K00404,299,70,1027,81,578,138,659,352
K00405,9,8,215,10,158,12,171,35
K00407,2,0,13,1,9,3,13,0
K00406,30,11,318,16,197,10,302,70
K09926,0,0,0,0,0,0,0,0
K07795,0,2,26,13,116,5,160,40
K25260,0,0,22,0,180,4,281,8
K13876,0,1,16,2,106,0,132,29
K01990,3,12,65,12,111,15,117,132
K09970,0,0,6,3,39,0,24,25
K07090,0,0,0,0,0,0,0,0
K09969,0,0,4,0,147,6,193,1
K01740,5,6,52,12,90,15,120,56
K00156,2,8,37,11,154,17,251,74
K03932,2,4,14,13,139,8,132,50
K09983,3,5,12,13,37,9,46,36
K04750,1,3,3,4,45,8,87,12
K08973,0,2,12,8,59,0,85,29
K02073,0,20,14,13,165,2,177,19
K02071,0,0,0,4,120,3,192,8
K02072,2,0,4,3,75,1,82,0
K01761,0,3,4,1,198,4,200,6
K02042,0,0,3,0,68,0,96,6
K02041,0,0,0,0,64,0,82,5
K02044,0,0,0,0,55,0,75,7
K07491,0,0,0,0,18,0,8,1
K07795,2,9,26,14,186,4,170,42
K00344,0,0,5,0,103,0,153,20
K15125,7,6,23,25,376,12,357,78
K00799,0,0,0,0,0,0,0,0
K07795,0,1,4,1,139,4,176,28
K01685,0,0,20,0,76,0,98,22
K09136,2,0,14,7,151,5,234,13
K07795,0,0,0,0,0,0,0,0
K20971,1,4,22,11,229,5,313,64
K02014,12,17,71,34,237,24,297,127
K03852,0,0,0,0,1,0,0,0
K13641,4,3,42,9,116,7,150,78
K05591,2,6,49,19,193,17,217,204
K15977,0,18,208,52,116,52,148,205
K01669,0,5,39,26,111,4,98,44
K19577,0,7,26,47,147,0,165,255
K00432,0,0,0,0,0,0,1,1
K03719,0,2,6,0,10,3,6,4
K11209,5,6,78,28,144,25,188,196
K03800,6,5,35,4,73,11,116,76
K00261,3,8,39,21,70,13,58,75
K01479,29,45,228,94,377,97,368,787
K02028,2,12,26,16,108,37,109,34
K02029,1,6,12,33,77,34,103,34
K02030,0,12,46,51,88,47,112,94
K06867,1,34,53,54,141,52,155,283
K03424,3,7,82,11,54,29,78,149
K02341,2,6,47,27,174,29,200,166
K00943,1,2,34,9,31,8,45,59
K07082,13,22,126,35,134,89,173,393
K06980,2,5,38,30,38,22,50,189
K22736,2,1,8,2,9,3,14,7
K00020,3,4,47,4,23,10,28,20
K11538,17,36,196,70,224,77,340,234
K09801,8,20,140,47,60,61,70,124
K18588,0,0,0,0,0,0,0,0
K03664,0,0,0,0,0,0,0,0
K01951,1,7,46,11,87,6,58,138
K07507,34,28,302,170,192,50,219,319
K15270,0,4,27,8,94,6,107,76
K02031,2,5,47,1,157,1,187,35
K21700,0,0,0,0,0,0,0,0
K02034,0,0,5,0,92,0,152,4
K02033,0,0,2,1,26,2,25,3
K02035,0,4,32,8,140,8,199,22
K01438,2,6,44,15,270,10,384,58
K05799,2,10,40,13,114,10,188,63
K02495,92,57,983,110,518,79,609,769
K01868,62,189,1104,402,739,279,855,3660
K02520,73,302,1542,391,685,426,766,5885
K01920,9,28,140,50,180,66,206,527
K02793,6,7,34,10,46,9,48,51
K02784,4,7,21,15,37,13,36,45
K08483,7,6,118,52,71,15,78,134
K03320,3,0,0,1,11,5,8,5
K04752,0,0,3,0,55,0,64,12
K09806,8,38,166,84,140,47,98,305
K07391,6,10,41,3,243,13,274,60
K02916,27,129,886,455,488,172,502,2255
K02887,15,107,687,102,347,182,349,1599
K01889,8,41,222,32,269,66,377,671
K01890,44,43,673,176,594,118,643,1082
K04764,5,21,105,37,61,20,39,163
K03297,0,0,0,0,0,0,0,0
K20523,14,44,294,110,195,72,283,139
K03719,8,29,191,56,90,29,145,250
K15268,4,7,15,13,69,10,82,28
K18903,0,0,0,2,29,1,24,9
K07789,0,0,16,9,263,2,346,8
K07788,4,6,38,28,630,16,669,64
K07799,1,3,20,7,237,8,209,33
K18778,7,5,42,14,154,10,220,45
K00859,2,7,66,27,85,27,95,111
K02654,2,2,33,13,110,14,145,50
K01918,1,0,7,2,36,2,46,26
K05896,2,10,114,13,148,21,199,144
K00864,38,21,153,41,231,45,322,196
K07795,7,21,65,16,81,24,53,71
K09972,5,18,137,29,117,37,161,188
K09971,8,40,464,68,192,104,316,262
K09970,7,38,192,70,262,69,355,178
K09969,20,73,283,103,354,182,492,649
K04090,20,348,1597,334,555,469,774,2341
K09812,0,0,0,0,0,0,0,0
K09811,0,0,0,0,0,0,0,0
K03411,0,0,0,0,0,0,0,0
K03575,4,8,71,40,130,15,126,137
K00262,14,61,117,50,259,93,241,331
K09796,0,0,0,0,0,0,0,0
K05596,24,47,1046,70,406,134,556,742
K06895,8,18,77,14,99,23,224,460
K03566,2,8,28,12,114,9,123,116
K01999,35,170,661,157,459,426,683,729
K01997,2,21,70,15,199,39,210,81
K01995,20,38,148,42,272,90,382,80
K01996,15,32,163,41,163,50,228,66
K21965,0,0,8,1,124,2,105,6
K21965,0,0,4,2,137,3,279,3
K21966,0,3,10,8,364,4,401,30
K04063,0,0,8,1,9,4,11,23
K23775,2,26,62,15,72,19,68,171
K01995,9,15,168,21,131,35,158,59
K01997,2,19,75,31,197,36,344,39
K01998,4,10,163,26,235,33,355,27
K01996,15,7,186,33,204,44,259,25
K07090,0,1,13,0,20,1,25,3
K02456,0,1,0,2,56,0,84,4
K02457,0,0,2,0,25,0,21,7
K02458,0,0,0,0,19,0,14,3
K02459,0,0,2,0,36,0,42,12
K02460,0,2,0,0,56,2,107,12
K02461,2,3,6,3,104,0,87,17
K02462,0,1,4,2,57,0,37,4
K02454,0,0,0,0,0,0,0,0
K02463,0,0,0,0,0,0,0,0
K02453,0,2,2,0,116,0,165,0
K01950,2,10,114,15,140,25,148,144
K02455,0,0,0,0,0,0,0,0
K04752,0,0,0,0,0,0,0,0
K16053,17,18,151,28,319,54,359,251
K01755,9,27,200,80,226,43,242,557
K01534,3,4,68,20,148,25,224,149
K03790,0,0,2,0,1,0,2,1
K04116,5,2,37,2,157,4,186,35
K01995,0,0,3,2,39,1,44,11
K01997,0,2,0,0,70,0,96,0
K01999,2,2,14,4,182,0,164,10
K15790,0,8,18,10,114,14,97,37
K00029,14,17,155,52,159,32,177,391
K03745,0,0,0,0,0,0,0,0
K07090,0,2,9,5,166,2,269,25
K06077,39,36,380,96,306,108,353,570
K11744,0,0,0,0,0,0,0,0
K03758,2,23,114,17,211,26,211,187
K08992,9,7,75,58,143,9,155,90
K06188,0,0,2,3,20,0,28,4
K01093,2,2,36,13,122,10,167,38
K07795,1,13,28,9,102,19,107,91
K01999,0,2,30,3,159,15,177,58
K06917,1,1,14,4,116,8,120,29
K22479,3,0,19,9,80,13,157,15
K00375,6,4,30,22,122,1,198,36
K11209,1,0,8,0,2,1,13,6
K00383,4,22,138,33,254,47,336,358
K05834,0,4,9,8,62,2,68,22
K01779,0,0,0,0,1,0,0,1
K02031,12,0,137,11,217,28,321,143
K02034,10,0,59,8,129,19,156,23
K02033,0,0,11,1,16,1,16,6
K02035,8,0,56,13,223,33,294,61
K01753,12,2,165,21,273,82,345,106
K03566,0,0,4,2,134,2,183,16
K18988,6,0,2,12,164,4,187,21
K01821,2,0,9,4,84,5,50,27
K07795,0,0,0,3,116,2,163,2
K07231,0,5,8,0,98,2,74,15
K07338,0,0,10,2,102,4,114,15
K09947,0,0,18,3,155,2,171,17
K03442,0,1,40,16,36,6,25,31
K07795,7,25,168,44,157,74,180,273
K02533,1,0,7,1,27,3,37,22
K01092,74,55,538,148,302,150,305,875
K06153,0,0,0,0,0,0,0,0
K03269,0,1,14,5,119,4,114,40
K03767,7,31,178,19,151,67,224,367
K01883,31,67,227,100,237,94,293,638
K01247,15,13,86,32,113,21,93,237
K01962,18,22,161,69,205,44,214,376
K04075,4,0,27,7,157,15,159,70
K00928,24,50,348,127,245,123,225,836
K07795,4,2,13,7,62,7,59,71
K12410,6,32,143,53,135,75,145,258
K24700,2,25,34,25,135,26,139,280
K01999,6,3,21,8,288,8,415,41
K02433,4,2,31,1,107,1,149,21
K01673,3,6,65,15,102,34,124,174
K01055,0,0,11,8,46,6,58,26
K09780,2,0,27,6,90,8,82,33
K01032,1,0,11,0,23,3,34,14
K03464,0,0,0,0,0,0,0,0
K01031,4,7,59,8,128,22,139,61
K02624,3,7,23,25,34,15,45,120
K02106,2,0,47,11,78,16,89,82
K01595,12,35,110,128,396,63,367,305
K06920,0,0,5,2,73,2,64,10
K24217,0,1,2,0,2,0,2,2
K01687,4,6,91,28,198,40,250,273
K12340,0,0,15,15,120,1,90,14
K00573,0,5,58,9,139,15,138,137
K00941,5,21,173,51,178,47,174,417
K03149,4,5,73,31,97,7,155,80
K16092,2,5,61,8,120,34,172,133
K02016,0,0,0,0,0,0,0,0
K00548,14,49,296,158,502,101,634,774
K01469,26,107,1158,165,471,190,637,1001
K02030,0,0,0,0,0,0,0,0
K21395,7,32,192,51,130,59,164,296
K11690,4,4,120,32,195,45,209,201
K01996,0,0,0,0,0,0,0,0
K01995,8,0,19,9,45,13,62,34
K01998,8,3,66,10,96,28,126,98
K01997,4,2,29,9,67,7,85,37
K01999,13,6,86,22,155,23,293,146
K22210,15,8,164,50,207,37,231,326
K15270,0,5,6,2,34,3,25,31
K02003,0,0,0,0,0,0,0,0
K03770,22,33,194,90,126,98,210,483
K10804,0,0,0,0,0,0,0,0
K01126,0,6,10,0,25,6,24,29
K07115,0,0,0,0,0,0,0,0
K00615,0,17,17,50,91,47,152,414
K00615,2,33,21,88,142,97,176,1221
K00005,0,0,0,2,3,5,4,27
K18013,0,0,0,0,0,0,0,0
K13247,3,9,16,22,110,31,149,168
K01999,5,134,43,281,161,432,170,1473
K01997,0,1,3,8,121,9,121,108
K01995,0,9,29,14,245,34,291,163
K01996,0,0,4,6,71,17,115,25
K00344,0,3,0,8,27,15,49,20
K00059,0,0,0,0,0,0,0,0
K24136,24,112,446,230,310,273,409,1265
K17686,38,232,677,614,730,587,872,3760
K07496,0,1,3,2,30,2,32,18
K19591,0,0,0,0,0,0,0,0
K05799,3,16,41,40,111,44,161,153
K01999,8,131,70,182,187,172,201,691
K01997,6,37,42,41,167,58,237,180
K01998,3,20,32,21,130,21,149,131
K01995,0,11,11,25,50,34,78,76
K01996,0,6,17,11,75,13,118,55
K06016,4,32,60,49,133,89,117,143
K10680,3,2,30,31,98,20,80,99
K16137,2,25,103,86,109,39,147,446
K03215,0,3,27,9,93,17,85,68
K06006,1,8,8,4,104,0,107,21
K07501,4,5,36,7,63,7,71,118
K06194,3,16,85,18,164,26,137,252
K00573,17,14,170,12,182,55,200,352
K03787,8,5,77,23,80,23,120,109
K25706,3,13,46,60,112,20,117,155
K08591,0,0,0,0,0,0,0,0
K06901,12,20,128,70,286,37,389,311
K03671,0,0,0,0,0,0,0,0
K02050,2,11,68,27,54,27,74,48
K02051,7,55,205,86,170,79,261,216
K06158,8,10,46,14,172,17,270,94
K01297,21,48,264,84,204,89,235,928
K11991,1,0,13,0,21,7,20,25
K05561,2,3,7,2,22,3,19,15
K05564,0,0,0,0,0,0,0,0
K05563,0,0,0,0,0,0,0,0
K05562,0,0,0,0,0,0,0,0
K05559,16,11,104,33,215,16,255,177
K05560,0,0,0,0,0,0,0,0
K07795,5,28,114,73,210,82,294,210
K01055,0,3,11,0,144,4,152,32
K05799,6,25,28,34,151,7,105,227
K09022,1,2,10,5,123,3,160,18
K07795,0,0,0,0,0,0,0,1
K01692,0,2,3,8,45,3,56,1
K01644,0,7,1,16,84,10,136,42
K03547,7,2,67,23,134,16,118,50
K02413,5,1,39,1,29,5,42,3
K02414,7,0,160,9,184,16,182,50
K02415,8,3,129,14,117,15,91,48
K02416,26,7,162,40,235,22,221,79
K02417,8,2,85,1,107,22,123,35
K02418,3,0,5,5,31,8,52,16
K02419,1,0,28,6,48,6,49,21
K02420,0,0,20,2,31,3,36,8
K02421,0,1,7,6,44,2,79,21
K03776,0,0,2,1,14,0,16,7
K06911,0,0,0,0,0,0,0,0
K05874,7,3,136,44,306,17,310,101
K05874,24,11,222,35,268,39,331,161
K05874,37,13,344,46,373,37,341,267
K02397,6,5,182,12,171,19,220,188
K02396,70,25,903,116,651,93,756,813
K02395,62,23,463,162,259,90,318,510
K02394,27,12,335,49,230,45,252,131
K02393,8,6,131,16,126,13,128,40
K02392,11,0,150,31,147,18,201,94
K02390,61,14,562,63,427,76,454,214
K02389,43,12,468,53,443,80,423,147
K02388,19,8,312,53,155,43,159,113
K02387,0,0,1,0,3,0,3,1
K02404,16,19,243,49,259,31,268,258
K02386,0,0,0,0,0,0,0,0
K02398,0,0,0,0,0,0,0,0
K02399,0,0,0,0,0,0,0,0
K00647,0,1,8,1,94,1,137,27
K00059,2,0,8,0,93,0,109,7
K07107,1,0,13,3,73,6,78,7
K19200,0,24,8,29,141,33,141,238
K02035,0,3,0,6,23,9,19,28
K02035,0,16,2,23,24,15,40,69
K02031,13,47,128,144,137,104,222,641
K02034,0,16,9,15,85,37,111,71
K02033,0,10,4,19,119,33,148,138
K08217,0,0,11,16,275,8,267,30
K12686,0,0,1,0,44,3,61,2
K13529,0,0,1,0,12,0,17,1
K00567,0,0,0,0,0,0,0,0
K07795,0,0,0,0,175,0,178,4
K02035,0,0,0,0,1,0,3,1
K19200,0,0,10,3,165,6,184,17
K02035,0,0,12,2,145,0,113,15
K19200,0,0,0,2,121,4,156,9
K02031,0,2,5,2,121,0,168,15
K02034,0,0,1,0,66,2,108,3
K02033,0,0,2,1,128,0,168,6
K01114,0,0,2,0,6,0,5,2
K14682,9,13,119,43,226,25,222,390
K03578,16,22,184,42,532,36,568,338
K02050,2,2,7,12,278,5,373,37
K02049,1,1,3,2,52,6,94,6
K12979,0,2,4,3,8,2,10,23
K02337,32,34,349,100,603,100,780,680
K11690,0,5,14,4,132,4,205,21
K02571,17,18,164,65,115,54,139,163
K02567,22,20,351,49,475,52,622,186
K02568,2,5,16,1,22,1,42,6
K21757,0,0,2,0,3,0,10,7
K02569,0,0,0,0,0,0,0,0
K07795,0,10,10,10,110,4,199,41
K01999,3,1,22,16,145,8,173,15
K01997,0,0,3,2,104,0,121,13
K01998,0,0,0,0,99,2,97,1
K01995,2,0,3,4,65,2,64,3
K01996,0,0,0,2,16,1,17,7
K04940,2,6,39,12,137,6,146,43
K10001,1,2,71,4,156,8,155,25
K10003,2,4,24,2,54,3,47,3
K10002,1,4,5,2,110,2,150,3
K02028,0,0,0,0,1,0,1,0
K23779,1,1,0,0,8,0,4,6
K00145,0,4,0,4,116,6,142,13
K02050,0,0,15,5,97,4,126,14
K06999,8,10,62,38,127,14,124,109
K09889,2,15,152,34,141,31,232,322
K03592,10,18,164,43,268,48,326,270
K01999,47,204,1701,276,1052,395,1223,1896
K01997,5,10,111,57,211,46,182,251
K01998,2,4,65,33,143,25,146,71
K01995,8,9,108,31,124,49,136,201
K01996,4,22,141,59,144,44,147,182
K02871,71,300,1774,398,1059,374,1053,7219
K02996,47,153,825,189,560,238,540,2775
K00145,13,39,231,67,216,71,286,603
K09001,0,0,0,0,0,0,0,3
K15724,0,0,0,0,0,0,0,0
K19304,11,30,63,29,139,24,141,153
K01866,0,13,133,58,311,47,384,405
K05834,5,3,12,8,57,5,35,21
K00600,31,65,863,156,868,202,1115,2471
K07738,0,0,0,0,0,0,0,0
K11752,8,14,66,26,132,35,155,123
K00793,21,29,168,52,151,43,226,354
K07180,108,329,1822,581,1061,315,1241,3085
K09786,22,72,313,83,303,58,356,450
K06415,19,36,312,44,273,44,277,393
K11175,0,0,0,0,0,0,0,0
K11753,10,20,66,16,81,26,104,144
K01870,49,45,560,126,604,179,721,1390
K03101,4,23,87,25,122,34,209,172
K13038,0,5,18,13,73,19,111,85
K05995,0,0,0,0,0,0,0,0
K07038,10,36,81,136,99,97,112,547
K03975,0,0,23,15,69,2,59,90
K22468,1,3,7,1,7,1,4,9
K01520,0,0,0,0,0,0,0,0
K01999,4,12,60,44,182,22,185,169
K04063,3,9,45,2,55,6,64,50
K01996,0,0,0,0,0,0,0,0
K01995,5,0,25,5,35,9,65,7
K01998,8,9,118,29,164,38,138,51
K01997,4,10,94,29,205,25,196,70
K01999,4,5,27,8,101,19,134,24
K13821,33,112,698,195,588,295,856,828
K05524,6,28,115,49,95,56,77,431
K00763,14,61,263,101,231,65,285,513
K09022,0,0,0,0,0,0,0,0
K09933,6,0,17,4,76,7,70,30
K00951,21,28,175,68,177,34,143,328
K03762,0,2,1,3,11,0,12,4
K01438,13,15,233,102,228,63,249,536
K01696,26,52,252,96,193,80,214,729
K08300,2,3,25,16,32,2,50,42
K01695,0,0,0,0,0,0,0,0
K01963,0,0,0,0,0,0,0,0
K12976,0,0,0,0,0,0,0,0
K06179,4,10,76,21,196,28,212,188
K01091,7,14,68,17,96,19,141,117
K07147,8,27,87,19,183,42,267,147
K11066,0,0,0,0,0,0,0,0
K17247,0,0,0,0,0,0,0,0
K07056,5,8,20,6,78,9,111,33
K25422,6,0,22,4,91,7,131,56
K07040,47,138,478,263,471,216,525,1579
K02911,17,49,589,85,347,100,363,1311
K03621,30,64,486,193,337,124,351,1730
K00648,10,40,348,88,245,86,309,963
K00645,11,13,268,62,196,54,212,568
K00059,16,20,175,76,169,99,174,359
K02078,133,168,1482,1332,810,240,779,2503
K09458,75,71,917,219,589,217,745,1037
K03088,16,77,157,199,140,90,128,1127
K03597,53,106,450,185,250,236,237,1952
K02498,0,0,0,0,0,0,0,0
K02496,28,23,229,37,117,68,137,345
K01719,3,8,143,25,97,43,156,299
K01749,17,17,150,56,157,55,166,313
K01902,13,28,125,10,80,50,123,218
K01903,0,0,0,0,0,0,0,0
K06133,0,0,0,0,0,0,0,0
K00549,18,99,423,128,457,148,482,1491
K03576,0,3,4,4,33,3,40,32
K03565,0,0,0,0,0,0,0,0
K03553,21,26,140,53,147,87,131,424
K07774,6,47,160,105,198,84,227,381
K07649,2,20,56,34,227,31,216,102
K13069,7,9,25,39,64,23,65,99
K03554,0,0,0,0,0,0,0,0
K00609,6,44,49,46,228,50,269,305
K16348,0,3,25,3,26,13,25,62
K04065,0,2,7,2,30,2,37,5
K00426,12,8,128,19,211,19,304,99
K13953,39,21,559,51,284,36,273,101
K01425,0,0,0,0,0,0,0,0
K20265,2,8,77,5,169,10,204,59
K01580,0,0,55,0,366,3,404,60
K08172,0,2,19,15,94,9,77,17
K01053,0,2,2,5,102,4,145,10
K15054,0,0,1,1,46,0,41,2
K00135,0,2,4,2,146,2,205,17
K00020,0,0,0,0,127,0,151,4
K18622,0,0,5,2,135,3,239,6
K07795,0,0,0,0,33,0,33,2
K01607,0,0,0,0,0,0,0,0
K03893,0,0,6,6,157,1,180,24
K03892,0,0,0,0,0,0,0,0
K02014,0,2,5,12,100,7,105,20
K07262,5,4,15,22,38,9,87,39
K05520,0,0,0,0,0,0,0,0
K03496,2,7,23,4,122,4,121,59
K03497,4,12,43,12,214,16,315,59
K04095,8,35,157,54,216,34,269,366
K06194,1,11,19,11,130,9,219,66
K01458,6,13,41,33,87,11,137,107
K07319,0,0,5,2,93,5,96,15
K03497,0,0,8,2,345,2,358,8
K06942,4,9,55,25,185,6,213,130
K01056,2,4,42,15,161,16,253,52
K02897,0,5,45,5,88,12,80,117
K00948,79,160,1687,182,891,389,904,3813
K00919,44,53,488,204,300,91,345,1348
K02494,0,0,0,0,0,0,0,0
K10563,2,4,15,14,218,11,245,62
K05555,48,129,859,278,716,298,784,3055
K05712,3,29,101,37,197,70,320,516
K18297,0,1,5,4,7,0,7,15
K00451,5,8,149,54,268,35,304,88
K01555,0,0,0,0,0,0,0,0
K01707,0,12,34,9,114,12,204,78
K05799,0,16,134,15,154,36,153,288
K15778,8,9,144,23,340,33,321,315
K01810,7,2,128,26,216,22,308,175
K17249,1,0,26,0,33,6,47,24
K01953,3,1,93,7,162,9,228,56
K17249,4,6,86,21,143,18,188,135
K02473,0,2,27,9,73,21,86,77
K02474,7,26,247,47,314,56,342,658
K06134,4,15,47,20,146,13,119,42
K07397,19,26,143,71,154,82,204,269
K00560,10,20,224,93,287,51,390,515
K21023,0,4,44,20,178,15,196,71
K00287,0,0,0,0,0,0,0,0
K00822,12,1,196,46,360,44,512,106
K00140,25,12,145,66,230,26,259,125
K02035,5,15,159,39,252,50,346,160
K02033,4,0,28,18,170,15,263,37
K02034,0,0,19,9,94,0,147,29
K02031,4,10,28,17,215,17,288,20
K00281,2,1,34,5,116,14,86,59
K00605,11,14,430,66,325,69,364,504
K02437,0,0,0,0,0,0,0,0
K03520,2,12,251,45,361,63,356,457
K09386,0,0,0,0,0,0,0,0
K03518,0,0,1,0,18,2,20,1
K03519,0,3,4,0,48,1,65,2
K04102,0,0,8,4,77,3,73,6
K07795,3,5,23,26,129,17,117,52
K01584,3,4,13,17,172,14,243,40
K09800,35,109,757,210,567,167,777,741
K01494,0,0,0,0,0,0,0,0
K07278,13,13,57,22,252,29,391,104
K03593,18,23,127,24,187,37,227,126
K01874,14,45,209,102,319,117,301,1060
K01243,0,0,0,0,0,0,0,0
K07146,2,5,58,6,135,14,187,85
K03668,0,13,99,20,161,27,189,179
K03668,9,7,72,22,170,34,182,169
K16568,0,3,15,11,214,0,231,48
K00570,0,0,8,1,9,0,12,14
K21090,0,0,0,0,0,0,2,0
K07679,1,8,74,10,261,13,379,91
K07687,0,0,0,0,0,0,0,0
K07001,2,5,31,12,170,1,174,19
K01574,0,7,94,14,211,25,325,139
K01429,9,21,455,48,260,72,292,303
K01428,35,60,1298,162,831,156,1119,710
K03187,17,30,431,42,205,52,243,166
K03188,5,6,128,21,54,13,68,37
K07687,1,0,9,1,37,0,26,17
K22505,0,1,0,0,91,1,92,2
K22488,0,3,4,4,137,0,196,12
K03221,0,0,0,0,0,0,0,0
K03221,0,0,0,0,0,0,0,0
K03230,0,0,0,3,333,4,298,12
K22512,0,0,4,0,77,0,72,0
K03225,0,2,3,0,169,5,169,10
K22507,0,0,6,7,65,1,59,11
K22508,0,0,0,0,34,2,39,1
K22509,0,1,7,3,102,0,169,7
K22510,0,1,3,6,116,6,140,40
K03711,0,0,5,4,68,1,44,10
K01246,0,0,0,0,0,0,0,0
K07290,2,7,18,13,74,11,72,60
K17686,5,8,58,23,140,3,164,136
K03426,0,0,0,0,0,0,0,0
K02570,2,5,55,12,81,6,93,120
K02193,3,3,48,14,46,10,62,60
K02194,2,4,10,0,74,0,60,11
K02195,3,1,20,2,136,2,233,9
K02196,0,0,1,0,0,0,0,0
K02197,1,1,7,3,50,1,29,4
K02198,4,4,60,12,265,5,370,16
K02199,1,0,7,1,57,2,66,4
K02200,0,2,3,0,47,1,27,5
K02028,2,2,2,2,31,0,33,2
K02029,2,4,69,18,59,14,82,70
K02030,1,1,21,10,86,8,116,74
K00797,2,5,64,20,234,17,273,188
K06909,0,0,6,0,134,2,178,18
K02035,0,2,8,6,76,9,109,29
K00179,5,65,103,131,324,97,399,1565
K00180,11,15,69,77,187,34,272,231
K07068,3,5,59,27,152,34,196,48
K01475,3,10,50,9,146,19,176,73
K01999,0,9,74,20,198,56,187,133
K01997,20,14,81,31,199,32,240,64
K01995,2,11,44,20,122,21,199,96
K01996,0,6,17,5,41,8,60,25
K00874,0,2,9,11,27,3,33,18
K01625,0,4,18,25,92,24,109,136
K03701,2,9,95,30,196,37,205,247
K15777,0,0,3,1,20,0,15,22
K02031,45,73,374,230,243,121,319,1514
K02356,0,0,0,0,0,0,0,0
K02034,4,2,57,7,185,15,213,46
K01174,0,4,15,1,90,0,122,14
K03284,0,0,0,0,0,0,0,0
K03657,9,7,72,37,205,27,221,223
K00375,0,4,34,24,76,21,115,120
K00823,2,2,12,4,198,6,244,36
K00135,18,25,193,60,352,49,424,376
K11414,0,0,0,0,0,0,0,0
K00640,13,10,52,59,85,41,78,91
K01784,6,14,76,70,105,45,138,154
K01810,0,0,9,0,125,2,166,3
K01008,0,1,21,7,44,11,43,62
K03566,1,1,5,5,8,4,8,10
K00138,4,0,19,8,119,7,107,19
K09959,0,0,0,0,0,0,0,0
K21405,31,21,187,112,174,51,265,223
K01609,0,0,0,0,0,0,0,0
K00766,2,12,90,32,106,30,146,255
K01657,6,15,49,30,248,18,278,123
K01658,0,0,0,0,0,0,0,0
K01091,2,4,48,40,166,28,172,164
K01783,5,7,121,28,131,35,134,222
K06195,2,11,51,12,133,7,170,112
K08304,4,7,71,18,221,28,369,146
K03981,8,54,241,113,230,104,223,835
K01633,0,0,0,0,0,0,0,0
K02031,12,10,66,25,123,33,212,190
K02034,4,3,25,6,105,16,95,147
K02033,0,0,15,5,147,11,165,51
K07027,0,0,0,0,0,0,0,0
K16652,0,0,0,0,0,0,0,0
K16653,0,0,0,0,0,0,0,0
K14136,0,0,0,0,0,0,0,0
K01142,7,3,41,32,192,8,317,118
K10857,0,0,2,1,76,0,72,5
K07455,0,0,0,3,60,0,50,3
K02315,0,0,2,5,47,0,49,3
K18843,4,27,147,83,175,26,168,473
K07339,35,51,290,145,219,65,277,778
K06904,0,0,0,0,64,0,35,1
K21449,2,11,10,1,726,7,661,35
K09858,0,3,2,6,15,1,25,3
K06975,0,0,0,0,0,0,0,0
K17735,1,0,38,8,116,15,173,83
K01426,7,8,35,21,142,10,117,72
K00147,3,2,27,3,120,4,171,83
K02340,0,2,6,1,28,2,25,6
K01869,6,10,82,19,159,30,197,136
K03643,0,0,0,0,0,0,0,0
K08224,10,12,187,54,227,63,259,547
K03449,2,13,25,17,164,17,270,98
K07258,4,9,52,56,185,19,139,389
K01841,7,10,61,42,112,4,125,196
K03321,0,1,6,3,83,0,102,18
K01998,4,0,36,7,70,5,84,70
K01995,0,0,0,0,0,0,0,0
K01999,3,3,31,10,210,31,237,90
K07552,15,116,575,235,384,200,476,2265
K02913,0,0,0,0,0,0,0,0
K02902,0,0,0,0,0,0,0,0
K02355,8,16,151,45,144,92,167,325
K02992,38,122,720,184,767,265,762,2290
K02950,53,123,528,182,468,185,469,1368
K07165,10,13,107,21,241,26,297,214
K03046,7,18,115,34,413,47,591,322
K03043,159,127,2179,415,2107,682,2156,3804
K02935,17,24,259,43,166,59,204,499
K02864,150,168,2484,441,1413,365,1529,4803
K02863,92,225,2865,411,1918,569,1903,6107
K02867,27,66,338,53,296,134,280,922
K02601,25,107,847,127,682,239,756,2202
K03073,25,100,459,268,356,178,489,1517
K00059,0,5,15,0,195,6,278,35
K02052,28,59,165,66,173,163,193,389
K02053,3,7,32,29,112,23,155,95
K12972,0,0,0,0,0,0,0,0
K11474,0,0,0,0,0,0,0,0
K03179,8,9,226,28,162,18,182,273
K05825,5,9,63,7,121,19,167,127
K08968,0,8,52,11,118,17,131,171
K01714,10,12,9,26,122,23,127,101
K00227,0,8,7,5,188,10,219,53
K00648,0,0,37,10,261,10,295,68
K01876,18,44,502,55,491,94,550,975
K06131,0,0,17,2,36,2,31,7
K01810,22,55,610,48,482,68,583,439
K09386,0,0,0,0,0,0,0,0
K02841,15,10,210,82,244,44,305,496
K02527,5,2,24,10,77,12,104,52
K03525,0,0,0,0,2,0,3,1
K03524,4,6,78,19,145,39,177,151
K02066,8,14,111,26,187,34,264,230
K02065,3,12,66,31,190,11,224,97
K02067,5,12,83,26,130,20,119,100
K18480,11,4,92,22,96,28,86,67
K07018,10,11,84,20,160,13,159,49
K07258,12,30,194,78,217,93,342,666
K00824,6,2,75,15,107,11,148,260
K03801,7,12,129,25,167,49,213,471
K07126,0,0,0,0,0,0,0,0
K03644,18,47,263,83,359,57,448,850
K16568,3,14,85,40,108,20,115,186
K15669,2,11,54,45,66,11,56,100
K07031,12,29,186,37,166,34,242,305
K03271,0,0,0,0,0,0,0,0
K16870,24,68,762,166,820,156,849,1107
K09690,0,5,95,11,132,19,250,133
K01790,3,1,16,11,29,2,25,43
K00973,0,8,54,8,106,6,96,137
K00067,0,4,108,26,222,18,295,213
K01710,4,23,125,61,262,20,384,308
K00798,15,25,98,53,115,44,111,265
K03667,2,7,104,20,227,41,301,286
K01419,22,31,534,67,563,216,675,1476
K06204,0,0,0,0,0,0,0,0
K02074,6,2,5,7,130,6,165,31
K02075,0,4,10,0,152,6,229,22
K02077,0,0,0,0,0,0,0,0
K03733,0,2,11,1,27,2,15,8
K09921,3,0,21,8,83,13,82,56
K01778,4,5,122,28,110,23,158,168
K02517,13,20,134,43,144,33,200,213
K02517,6,5,45,18,188,11,238,103
K01426,5,18,133,23,123,32,129,304
K00789,0,0,0,0,0,0,0,0
K03761,0,2,1,3,189,2,239,17
K03718,3,7,59,18,227,20,342,130
K01251,19,55,1054,173,1192,311,1338,3052
K08972,5,21,198,17,209,61,257,336
K00297,13,10,185,27,184,56,173,307
K07395,0,0,24,2,25,8,34,68
K11381,0,4,8,4,252,11,279,31
K19577,0,0,0,5,137,4,207,14
K06222,0,0,0,2,53,2,66,4
K21345,0,0,0,0,0,0,0,0
K03688,49,136,1288,450,743,321,716,2627
K03690,1,4,19,12,57,5,65,64
K03183,217,375,1211,400,601,573,634,3493
K07657,6,5,56,30,186,14,167,143
K07636,12,8,69,49,232,39,321,174
K07665,0,0,18,6,96,4,116,17
K07644,4,4,35,15,232,10,304,51
K00058,3,9,41,26,60,11,93,115
K06991,2,35,188,46,177,53,198,517
K06351,4,7,89,9,184,23,303,175
K06350,4,2,61,19,160,17,308,126
K07160,0,0,0,0,0,0,0,0
K00982,14,44,213,123,251,61,340,662
K00344,0,0,0,0,0,0,0,0
K09765,0,0,0,0,0,0,0,0
K03628,0,1,3,0,7,1,8,6
K03671,8,44,198,85,161,105,149,823
K02621,22,8,221,63,370,80,426,374
K07148,0,2,13,6,180,9,197,37
K06718,71,156,752,344,310,339,424,1401
K00836,83,174,1830,499,1178,629,1450,1868
K06720,7,18,318,67,304,114,429,370
K10674,42,129,1179,302,775,307,896,974
K07140,8,27,139,76,122,77,161,222
K11741,1,0,8,1,4,1,5,4
K01579,3,7,33,32,63,21,89,127
K07080,0,2,26,4,111,6,129,48
K03296,10,12,87,33,125,33,160,186
K09768,0,0,0,0,0,0,0,0
K02342,0,0,0,0,0,0,0,0
K03585,6,9,76,31,218,26,275,138
K03469,0,0,10,2,31,2,15,4
K01069,6,13,91,54,239,35,206,386
K08307,11,28,230,84,263,88,341,433
K00208,5,8,95,18,105,36,115,288
K07397,0,1,3,3,16,0,13,6
K07795,0,4,23,8,37,4,39,38
K00767,6,6,19,28,128,16,120,181
K06941,12,13,81,72,115,53,144,581
K16871,1,5,40,3,160,4,183,46
K07497,4,10,40,15,86,10,86,111
K17218,0,0,0,0,2,0,0,4
K22042,16,18,104,27,113,25,156,268
K23753,2,9,77,12,244,19,291,116
K01113,8,18,81,18,439,14,556,97
K03313,2,6,52,14,224,10,339,136
K01448,1,0,12,4,95,4,58,25
K00019,11,9,113,26,160,31,179,159
K03648,2,0,15,6,107,9,136,36
K08309,10,8,96,19,170,24,244,100
K01934,4,21,133,59,190,32,285,316
K07395,0,7,21,14,30,17,32,98
K03809,0,0,0,0,0,0,0,0
K01754,0,0,1,1,9,0,11,0
K07726,0,0,0,0,0,0,0,0
K00962,4,9,70,23,125,15,180,171
K02956,6,25,150,6,171,63,209,343
K17103,28,115,274,171,207,151,231,744
K00053,5,28,191,80,139,67,163,478
K01652,30,42,444,94,361,88,458,818
K01653,0,0,0,0,0,0,0,0
K09861,0,0,0,0,0,0,0,0
K00019,1,2,55,23,59,2,53,58
K03455,4,15,78,14,107,19,234,136
K03308,0,3,18,9,181,8,223,96
K05306,0,5,9,7,117,5,78,23
K07795,0,0,0,0,0,0,0,0
K07795,0,0,1,2,80,5,54,7
K18289,4,2,4,4,225,4,294,9
K21645,10,8,86,28,266,35,406,63
K10001,2,0,42,6,205,17,263,36
K10003,0,0,15,0,204,2,216,5
K10002,0,0,6,0,126,5,221,0
K10004,2,0,15,2,133,2,142,10
K00824,2,2,18,6,125,18,157,6
K00209,0,11,126,20,299,15,399,105
K07090,1,4,29,4,122,6,139,80
K07795,5,5,20,10,166,4,317,148
K01295,0,4,28,4,242,5,331,33
K05396,0,2,32,2,70,13,80,25
K09975,1,0,5,0,5,1,4,6
K07223,0,0,3,0,33,0,17,2
K07795,0,2,9,1,37,2,72,11
K07002,6,0,38,16,133,5,170,16
K07233,0,0,0,0,0,0,0,0
K13021,0,1,0,1,18,0,9,3
K01689,4,8,10,33,276,15,431,41
K02529,0,16,9,12,115,31,155,41
K21757,0,9,37,12,153,19,278,59
K07795,4,2,12,0,194,8,143,8
K15919,0,2,14,2,121,8,196,14
K00375,0,0,21,12,240,2,257,46
K05782,0,2,13,2,162,1,214,57
K16839,0,0,2,0,149,2,233,8
K01426,3,1,32,4,123,6,67,46
K00657,0,0,0,0,0,0,0,0
K07795,2,0,16,8,166,9,183,52
K00375,13,18,83,30,199,22,283,144
K01439,0,0,0,0,0,0,0,0
K20971,17,16,190,64,321,32,406,356
K21023,0,0,10,4,272,3,266,27
K03406,4,0,8,6,148,3,123,10
K02039,0,0,4,3,127,0,147,8
K09456,2,17,88,29,159,50,174,253
K01807,0,0,0,0,0,0,0,0
K01426,16,6,66,24,219,23,272,91
K09760,28,8,180,37,421,24,408,158
K03652,2,4,35,6,89,7,125,63
K11074,10,3,29,2,32,5,37,23
K00537,0,0,0,0,0,0,0,0
K11075,1,5,29,7,63,4,87,24
K11076,0,6,57,6,134,12,183,95
K11073,14,14,153,26,175,32,226,310
K02004,24,15,199,40,151,48,182,210
K11211,0,0,0,0,0,0,0,0
K06886,0,0,0,0,0,0,0,0
K21395,12,28,176,72,388,87,456,292
K21394,0,0,5,0,69,2,91,17
K11690,0,0,16,4,100,4,141,47
K07090,2,32,189,98,250,47,296,848
K03188,12,11,165,9,121,26,150,57
K03189,5,23,341,21,221,31,260,73
K03190,5,14,108,14,191,27,198,46
K08717,9,12,183,13,267,9,436,65
K10094,6,3,88,12,196,16,213,21
K02007,0,2,38,5,136,10,148,20
K16915,3,4,36,11,100,3,137,18
K02008,0,2,27,0,85,4,156,7
K06867,0,0,1,1,0,0,1,1
K02182,0,2,17,6,113,4,120,22
K18622,2,6,46,37,157,16,206,111
K00077,0,5,3,0,108,2,174,17
K07795,0,1,1,0,35,1,27,7
K14520,0,0,12,7,288,4,354,44
K07001,0,0,13,12,85,5,74,13
K07795,0,0,0,1,40,1,54,1
K01755,0,0,2,2,10,0,10,4
K18306,0,0,0,0,108,0,111,5
K02168,0,0,13,1,214,0,277,25
K18302,2,6,41,20,150,7,174,178
K18303,2,26,76,44,461,25,620,391
K07687,0,0,5,0,56,0,78,1
K13021,0,2,29,20,94,6,67,37
K01426,6,48,282,97,449,130,476,1124
K22293,8,68,124,111,195,143,235,945
K07795,0,2,7,2,173,2,194,20
K00626,0,0,1,0,41,0,107,2
K02028,0,0,0,0,0,0,0,0
K02030,4,10,64,27,125,82,103,20
K02029,0,17,67,14,109,116,147,26
K02029,0,2,17,4,65,7,113,13
K18336,2,11,30,15,143,18,165,26
K18335,4,80,198,45,236,214,339,91
K02032,0,2,11,0,38,0,74,8
K02031,0,0,14,2,121,4,128,15
K02034,0,0,0,0,126,1,155,3
K02033,0,0,0,0,18,0,59,0
K02035,0,0,1,1,39,0,33,0
K08351,2,0,10,15,268,8,272,15
K01451,4,14,41,7,159,14,183,73
K02035,0,6,16,8,277,2,324,39
K02033,0,0,4,0,72,4,128,9
K02034,1,0,1,2,91,0,133,6
K02031,0,0,3,1,120,0,176,20
K07486,0,0,3,4,27,1,33,7
K01046,6,3,16,3,151,6,142,15
K03719,0,0,4,2,24,2,27,5
K12538,0,0,3,0,11,0,6,5
K12537,0,0,0,2,51,0,28,12
K01406,0,0,14,2,297,5,343,27
K12536,0,0,0,0,0,0,0,0
K12538,0,0,0,0,0,0,0,0
K03075,0,1,4,5,75,1,66,2
K01803,12,24,116,58,87,31,108,313
K00344,14,23,157,55,187,78,245,734
K11912,8,3,143,21,389,22,405,132
K02004,3,1,20,6,81,2,89,40
K09969,5,12,22,13,39,14,58,42
K09794,0,0,0,0,0,0,0,0
K07795,9,21,62,54,66,36,70,128
K19713,4,6,100,18,127,15,158,112
K02078,2,1,12,5,29,3,27,17
K02078,0,1,16,2,29,4,13,21
K07107,2,2,8,2,38,3,27,3
K10126,0,0,1,0,47,4,44,4
K10125,10,19,129,16,238,30,253,314
K11103,5,13,52,18,151,16,210,83
K06287,0,0,0,1,9,1,8,6
K00783,6,0,33,13,57,4,75,82
K09710,1,1,26,11,36,5,35,53
K00969,0,0,5,0,1,1,5,10
K00228,0,0,1,3,6,0,3,12
K01945,5,9,149,32,168,30,186,297
K18189,10,8,98,29,184,28,174,224
K06915,10,13,114,37,306,23,257,288
K07246,5,37,181,74,212,52,178,408
K03446,0,0,2,0,18,6,26,10
K03543,0,3,24,2,130,5,141,77
K15550,2,2,15,5,96,20,136,50
K03712,0,1,8,0,23,2,26,26
K15514,27,24,249,116,159,106,292,435
K04110,13,17,375,115,330,93,392,383
K01999,10,13,338,79,300,106,348,162
K01997,0,2,152,48,110,26,117,87
K01998,2,0,131,41,174,29,213,105
K01995,0,0,0,0,0,0,0,0
K01996,0,0,0,0,0,0,0,0
K09969,4,9,96,23,236,32,258,81
K07795,2,5,41,6,166,14,212,49
K01031,2,4,24,2,81,4,109,26
K01032,0,1,5,0,47,3,71,11
K07566,0,0,0,0,0,0,0,0
K02624,0,0,0,0,0,0,0,0
K01589,2,13,58,30,172,16,207,116
K01588,4,10,70,15,91,23,104,145
K01923,6,11,153,29,177,27,337,251
K03598,47,54,233,212,225,120,287,1115
K04771,63,149,821,196,664,361,745,1845
K03596,27,63,490,117,394,142,445,1359
K03100,34,24,241,127,213,36,231,680
K03685,29,39,206,60,136,70,151,595
K03595,16,22,288,81,132,47,135,508
K03584,1,0,0,0,1,0,0,3
K19416,9,31,129,40,67,34,67,549
K01255,11,63,329,80,215,86,226,1182
K02339,0,0,0,0,0,0,0,0
K07091,1,5,11,21,74,9,123,67
K01999,28,29,562,120,456,155,579,158
K00140,47,57,879,111,770,325,1019,172
K01908,14,16,183,26,440,45,638,152
K11477,1,5,79,19,47,13,59,40
K01042,2,4,14,1,54,0,33,13
K02380,12,6,81,16,205,12,191,63
K00127,0,0,0,0,0,0,0,0
K00124,0,0,0,0,0,0,0,0
K22278,2,5,38,8,81,13,91,124
K00523,0,4,9,11,30,0,28,17
K22187,0,4,9,0,162,0,196,20
K11477,0,0,0,0,0,0,0,0
K01681,0,1,12,4,8,3,11,25
K01682,24,48,263,148,506,100,632,1475
K07090,0,2,4,6,119,5,201,17
K03406,9,8,112,39,260,27,309,184
K02342,0,0,13,6,49,8,60,56
K05802,0,0,1,4,55,2,62,33
K16904,0,0,0,0,0,0,0,0
K18118,2,1,14,7,52,0,48,13
K03566,0,0,4,1,12,1,6,10
K01997,0,0,8,4,131,2,193,14
K01995,2,0,10,0,68,2,57,3
K00381,23,58,193,99,398,93,456,354
K03186,0,0,7,5,6,6,5,22
K02493,4,14,226,65,152,34,153,470
K07390,0,0,0,0,0,0,0,0
K02835,8,9,88,46,147,20,186,181
K02492,3,4,63,23,160,29,204,283
K07795,0,0,1,2,52,1,43,8
K15977,0,2,4,0,61,0,76,7
K00433,0,0,1,1,11,0,16,0
K06911,0,0,0,0,0,0,0,0
K01652,0,1,11,2,292,2,291,8
K02014,1,0,10,9,210,7,252,15
K19338,0,0,0,0,0,0,0,0
K03113,0,8,29,18,69,2,75,62
K17733,0,2,0,1,138,1,157,12
K05913,0,0,1,2,14,0,9,2
K00059,0,0,1,0,94,0,120,7
K07795,1,1,4,1,101,5,67,13
K02529,0,2,6,1,203,1,161,12
K07795,0,2,3,2,32,6,28,10
K07795,2,10,20,13,135,14,157,65
K05799,0,48,56,57,163,36,215,497
K01799,0,30,28,26,129,32,105,385
K03802,23,20,128,59,283,46,286,455
K03802,0,0,0,0,0,0,0,0
K06147,32,56,230,140,404,70,455,656
K09919,0,0,6,2,26,0,28,4
K08305,4,17,75,23,195,20,235,117
K07345,0,0,6,3,33,5,36,15
K22292,3,3,10,6,102,8,147,59
K06015,0,1,12,5,195,8,225,159
K03574,0,9,38,16,200,15,203,65
K06923,4,3,21,9,91,4,104,24
K00620,2,2,43,10,206,7,231,82
K01432,2,2,19,3,67,4,82,66
K01999,40,42,483,75,318,81,474,914
K01997,11,5,59,23,117,16,225,82
K01998,12,5,47,17,138,22,191,52
K01995,11,2,127,11,76,18,99,108
K13490,2,2,49,4,71,14,94,31
K13489,0,0,0,0,5,0,6,0
K13486,0,4,18,6,113,3,108,25
K13487,6,1,45,18,105,14,132,69
K13488,0,0,0,0,0,0,0,0
K03762,14,2,42,10,158,9,218,60
K01426,0,1,15,6,56,0,110,14
K14057,0,0,0,0,0,0,0,0
K01295,3,9,92,26,293,31,368,137
K13979,1,1,2,4,9,1,27,10
K02199,0,0,0,0,0,0,0,0
K03574,0,7,78,0,57,2,72,41
K23247,0,6,29,9,209,9,243,73
K01559,2,3,15,12,124,2,216,21
K11690,3,4,26,8,170,16,193,43
K21395,5,6,28,12,156,22,202,41
K00799,0,0,1,2,77,0,95,21
K03566,0,2,4,0,76,3,52,28
K00135,2,0,2,0,62,0,52,0
K07795,0,2,6,4,135,6,131,27
K16087,0,0,2,2,165,1,146,10
K02013,0,0,0,0,20,0,30,0
K02015,0,0,0,0,66,0,63,0
K02016,0,0,0,0,77,0,97,5
K00344,3,4,35,16,92,14,107,60
K01951,13,43,131,140,279,114,343,904
K00088,21,7,284,56,520,71,547,713
K09965,0,2,39,7,58,3,88,99
K03406,2,1,16,2,111,0,163,43
K22879,2,80,47,108,112,105,216,767
K22879,0,20,25,43,116,34,163,156
K02033,0,2,8,15,117,10,127,60
K02034,0,0,4,10,76,14,136,37
K02031,0,4,7,12,74,7,110,24
K02032,0,0,3,16,137,11,177,34
K02035,0,10,22,28,260,11,351,52
K01952,22,18,376,72,500,101,576,722
K09941,0,0,0,0,0,0,0,0
K21394,2,1,12,10,69,10,102,60
K11690,3,10,38,37,201,29,241,78
K21395,10,20,62,30,132,25,165,89
K04760,0,0,0,0,0,0,0,0
K07053,1,1,5,1,26,3,27,3
K02238,0,11,38,30,227,14,315,60
K05841,0,2,9,14,45,5,57,69
K16089,2,5,15,10,87,9,123,123
K00140,0,0,0,0,0,0,0,0
K03424,0,0,0,2,77,0,99,15
K09810,0,1,2,2,9,0,10,15
K09808,9,14,161,57,121,58,154,310
K07462,6,5,13,4,46,9,46,18
K13021,0,1,0,1,15,0,26,0
K02836,10,43,192,87,194,58,225,736
K16216,11,2,60,18,92,8,100,129
K04567,5,6,40,8,75,21,61,57
K01897,0,1,21,0,123,8,162,15
K22108,0,0,0,0,0,0,0,0
K01996,0,1,14,6,116,13,131,13
K12063,0,0,0,0,0,0,0,0
K12061,0,0,0,0,0,0,0,0
K11903,0,0,0,0,0,0,0,0
K14060,0,0,0,0,0,0,0,0
K06919,0,0,0,0,0,0,0,0
K16092,0,0,0,0,0,0,0,0
K01776,0,0,0,0,0,0,0,0
K00557,0,0,0,0,0,0,0,0
K22105,0,0,0,0,0,0,0,0
K00322,0,0,0,0,0,0,0,0
K04761,0,0,0,0,0,0,0,0
K01755,0,0,0,0,0,0,0,0
K01940,0,0,0,0,1,0,0,0
K00930,0,0,0,0,0,0,0,0
K00145,0,0,0,0,0,0,0,0
K01438,0,0,0,0,0,0,0,0
K01595,0,0,0,0,0,0,0,0
K04069,0,0,0,0,0,0,0,0
K11202,0,0,0,0,0,0,0,0
K11203,0,0,0,0,0,0,0,0
K11202,0,0,0,0,0,0,0,0
K23991,0,0,0,0,0,0,0,0
K03782,0,0,0,0,0,0,0,0
K08314,0,0,0,0,0,0,0,0
K00005,0,0,0,0,0,0,0,0
K12525,0,0,0,0,0,0,0,0
K00297,0,0,0,0,0,0,0,0
K01760,0,0,0,0,0,0,0,0
K03764,0,0,0,0,0,0,0,0
K02909,0,0,0,0,0,0,0,0
K04066,0,0,0,0,0,0,0,0
K05499,1,0,0,0,0,0,0,0
K03591,0,0,0,0,0,0,0,0
K01419,0,0,0,0,0,0,0,0
K03667,0,0,0,0,0,0,0,0
K02548,0,0,0,0,0,0,0,0
K02553,0,0,0,0,0,0,0,0
K09892,0,0,0,0,0,0,0,0
K02440,0,0,0,0,0,0,0,0
K00864,0,0,0,0,0,0,0,0
K02446,0,0,0,0,0,0,0,0
K01803,0,0,0,0,0,0,0,0
K01521,0,0,0,0,0,0,0,0
K23163,0,0,0,0,0,0,0,0
K00850,0,0,0,0,0,0,0,0
K13283,0,0,0,0,0,0,0,0
K06006,0,0,0,0,0,0,0,0
K07662,0,0,0,0,0,0,0,0
K07640,0,0,0,0,0,0,0,0
K00640,0,0,0,0,0,0,0,0
K03216,0,0,0,0,0,0,0,0
K00057,0,0,0,0,0,0,0,0
K03071,0,0,0,0,0,0,0,0
K03676,0,0,0,0,0,0,0,0
K15633,0,0,0,0,0,0,0,0
K22719,0,0,0,0,0,0,0,0
K09798,0,0,0,0,0,0,0,0
K00060,0,0,0,0,0,0,0,0
K00639,0,0,0,0,0,0,0,0
K03274,0,0,0,0,0,0,0,0
K02843,0,0,0,0,0,0,0,0
K02841,0,0,0,0,0,0,0,0
K02847,0,0,0,0,0,0,0,0
K02849,0,0,0,0,0,0,0,0
K02844,0,0,0,0,0,0,0,0
K02527,0,0,0,0,0,0,0,0
K12984,0,0,0,0,0,0,0,0
K10563,0,0,0,0,0,0,0,0
K00954,0,0,0,0,0,0,0,0
K02913,0,0,0,0,0,0,0,0
K02902,0,0,0,0,0,0,0,0
K03630,0,0,0,0,0,1,0,1
K13038,0,0,0,0,0,0,0,0
K01520,0,0,0,0,0,0,0,0
K00762,0,0,0,0,0,0,0,0
K05501,0,0,0,0,0,0,0,0
K00989,0,0,0,0,0,0,0,0
K01972,0,0,0,0,0,0,0,0
K00942,0,0,0,0,0,0,0,0
K03060,0,0,0,0,0,0,0,0
K01139,0,0,0,0,0,0,0,0
K00556,0,0,0,0,0,0,0,0
K03655,0,0,0,0,0,0,0,0
K03312,0,0,0,0,0,0,0,0
K16345,0,0,0,0,0,0,0,0
K07058,0,0,0,0,0,0,0,0
K07560,0,0,0,0,0,0,0,0
K06207,0,0,0,0,0,0,0,0
K20866,0,0,0,0,0,0,0,0
K01915,0,2,0,0,0,0,2,0
K07708,0,0,0,0,0,0,0,0
K07712,0,0,0,0,0,0,0,0
K02495,0,0,0,0,0,0,0,0
K02335,0,1,1,0,0,0,4,0
K09894,0,0,0,0,0,0,0,0
K03978,0,0,0,0,0,0,0,0
K03673,0,0,0,0,0,0,0,0
K09896,0,0,0,0,0,0,0,0
K03752,0,0,0,0,0,0,0,0
K03753,0,0,0,0,0,0,0,0
K11733,0,0,0,0,0,0,0,0
K16089,0,0,0,0,0,0,0,0
K01070,0,0,0,0,0,0,0,0
K01495,0,0,0,0,0,0,0,0
K07148,0,0,0,0,0,0,0,0
K02529,0,0,0,0,0,0,0,0
K10540,0,0,0,0,0,1,1,0
K10542,0,0,0,0,0,0,0,0
K10541,0,0,0,0,0,0,0,0
K03748,0,0,0,0,0,0,0,0
K01489,0,0,0,0,0,0,0,0
K06518,0,0,0,0,0,0,0,0
K19235,0,0,0,0,0,0,0,0
K06158,0,0,0,0,0,0,0,0
K08191,0,0,0,0,0,0,0,0
K21029,0,0,0,0,0,0,0,0
K03750,0,0,0,0,0,0,0,0
K13051,0,0,0,0,0,0,0,0
K13892,0,0,0,0,0,0,0,0
K13889,0,0,0,0,0,0,0,0
K02033,0,0,0,0,0,0,0,0
K14441,0,0,0,0,0,0,0,0
K13891,0,0,0,0,0,0,0,0
K19688,0,0,0,0,0,0,0,0
K21430,0,0,0,0,0,0,0,0
K00799,0,0,0,0,0,0,0,0
K07258,0,0,0,0,0,0,0,0
K11534,0,0,0,0,0,0,0,0
K19302,0,0,0,0,0,0,0,0
K08160,0,0,0,0,0,0,0,0
K22303,0,0,0,0,0,0,0,0
K01874,0,0,0,0,0,0,0,0
K03593,0,0,0,0,0,0,0,0
K02478,0,0,0,0,0,0,0,0
K02477,0,0,0,0,0,0,0,0
K07402,0,0,0,0,0,0,0,0
K07141,0,0,0,0,0,0,0,0
K06200,0,0,0,0,0,0,0,0
K05802,0,0,0,0,0,0,0,0
K11903,0,0,0,0,0,0,0,0
K00878,0,0,0,0,0,0,0,0
K00941,0,0,0,0,0,0,0,0
K11645,0,0,0,0,0,0,0,0
K02035,0,0,0,0,0,0,0,0
K02033,0,0,0,0,0,0,0,0
K02034,0,0,0,0,0,0,0,0
K07029,0,0,0,0,0,0,0,0
K08303,0,0,0,0,0,0,0,0
K01620,0,0,0,0,0,0,0,0
K07664,0,0,0,0,0,0,0,0
K07642,0,0,0,0,0,0,0,0
K07789,0,0,0,0,0,0,0,0
K18326,0,0,0,0,0,0,0,0
K07788,0,0,0,0,0,0,0,0
K07799,0,0,0,0,0,0,0,0
K04046,0,0,0,0,0,0,0,0
K24310,0,0,0,0,0,0,0,0
K13007,0,0,0,0,0,0,0,0
K21084,0,0,0,0,0,0,0,0
K24300,0,0,0,0,0,0,0,0
K00876,0,0,0,0,0,0,0,0
K01494,0,0,0,0,0,0,0,0
K07289,0,0,0,0,0,0,0,0
K01991,0,0,0,0,0,0,0,1
K25307,0,0,0,0,0,0,0,0
K16692,0,0,0,0,0,0,0,0
K03819,0,0,0,0,0,0,0,0
K13684,0,0,0,0,0,0,0,0
K07486,0,0,0,0,0,0,0,0
K07483,0,0,0,0,0,0,0,0
K07497,0,0,0,0,0,0,0,0
K02002,0,0,0,0,0,0,0,0
K07486,0,0,0,0,0,0,0,0
K13633,0,0,0,0,0,0,0,0
K13409,0,0,0,0,0,0,0,0
K13408,0,0,0,0,0,0,0,0
K07052,0,0,0,0,0,0,0,0
K03205,0,0,0,0,0,0,0,0
K12056,0,0,0,0,0,0,0,0
K12072,0,0,0,0,0,0,0,0
K12058,0,0,0,0,0,0,0,0
K12057,0,0,0,0,0,0,0,0
K12059,0,0,0,0,0,0,0,0
K12060,0,0,0,0,0,0,0,0
K12063,0,0,0,0,0,0,0,0
K12061,0,0,0,0,0,0,0,0
K12065,0,0,0,0,0,0,0,0
K12064,0,0,0,0,0,0,0,0
K12066,0,0,0,0,0,0,0,0
K12067,0,0,0,0,0,0,0,0
K12068,0,0,0,0,0,0,0,0
K03497,0,0,0,0,0,0,0,0
K07319,0,0,0,0,0,0,0,0
K03503,0,0,0,0,0,0,0,0
K03496,0,0,0,0,0,0,0,0
K07497,0,0,0,0,0,0,0,0
K07497,0,0,0,0,0,0,0,0
K13735,0,0,0,0,0,0,0,0
K06077,0,0,0,0,0,0,0,0
K07497,0,0,0,0,0,0,0,0
K07497,0,0,0,0,0,0,0,0
K13985,0,0,0,0,0,0,0,0
K03704,0,0,2,1,2,1,1,1
K03587,0,0,0,0,0,0,0,0
K00563,0,0,0,0,0,0,0,0
K23242,0,0,0,0,0,0,0,0
K02796,0,0,0,0,0,0,0,0
K02795,0,0,0,0,0,0,0,0
K02794,0,0,0,0,0,0,0,1
K21090,0,0,0,0,0,0,0,0
K01752,0,0,0,0,0,0,0,0
K07592,0,0,0,0,0,0,0,0
K01665,0,0,0,0,0,0,0,0
K09917,0,0,0,0,0,0,0,0
K03722,0,0,0,0,0,0,0,0
K14742,0,0,0,0,0,0,0,0
K07285,0,0,0,0,0,0,0,0
K01897,0,0,0,0,0,0,0,0
K03684,0,0,0,0,0,0,0,0
K03609,0,0,0,0,0,0,0,0
K03608,0,0,0,0,0,0,0,0
K03610,0,0,0,0,0,0,0,0
K09902,0,0,0,0,0,0,0,0
K08305,0,0,0,0,0,0,0,0
K01557,0,0,0,0,0,0,0,0
K09160,0,0,0,0,0,0,0,0
K03314,0,0,0,0,0,0,0,0
K03611,0,0,0,0,0,0,0,0
K09712,0,0,0,0,0,0,0,0
K06415,0,0,0,0,0,0,0,0
K03603,0,0,0,0,0,0,0,0
K00285,0,0,0,0,0,0,0,0
K11105,0,0,0,0,0,0,0,0
K01775,0,0,0,0,0,0,0,0
K01297,0,0,0,0,0,0,0,0
K03931,0,0,0,0,0,0,0,0
K21087,0,0,0,0,0,0,0,0
K08308,0,0,0,0,0,0,0,0
K12113,0,0,0,0,0,0,0,0
K12111,0,0,0,0,0,0,0,0
K12112,0,0,0,0,0,0,0,0
K02014,0,0,0,0,0,0,0,0
K20265,0,0,0,0,0,0,0,0
K01194,0,0,0,0,0,0,0,0
K22397,0,0,0,0,0,0,0,0
K00375,0,0,0,0,0,0,0,0
K00823,0,0,0,0,0,0,0,0
K00135,0,0,0,0,0,0,0,0
K00316,0,0,0,0,0,0,0,0
K03760,0,0,0,0,0,0,0,0
K02030,0,0,0,0,0,0,0,0
K07806,0,0,0,0,0,0,0,0
K10012,0,0,1,0,0,0,0,0
K10011,0,0,0,0,0,0,0,0
K13014,0,0,0,0,0,0,0,0
K07264,0,0,0,0,0,0,0,0
K12962,0,0,0,0,0,0,0,0
K12963,0,0,0,0,0,0,0,0
K11177,0,0,0,0,0,0,0,0
K02073,0,0,0,0,0,0,0,0
K11178,0,0,0,0,0,0,0,0
K13483,0,0,0,0,0,0,0,0
K23237,0,0,0,0,0,0,0,0
K07406,0,0,0,0,0,0,0,0
K07093,0,0,0,0,0,0,0,0
K11901,0,0,0,0,0,0,0,0
K11900,0,0,0,0,0,0,0,0
K01624,0,0,0,0,0,0,0,0
K09988,0,0,0,0,0,0,0,0
K10439,0,0,0,0,0,0,0,0
K10440,0,0,0,0,0,0,0,0
K10441,0,0,0,0,0,0,0,0
K13587,0,0,0,0,0,0,0,0
K16922,0,0,0,0,0,0,0,0
K06167,0,0,0,0,0,0,0,0
K07491,0,0,0,0,0,0,0,0
K09994,0,0,0,0,0,0,0,0
K06162,0,0,0,0,0,0,0,0
K05774,0,0,0,0,0,0,0,0
K05780,0,0,0,0,0,0,0,0
K05781,0,0,0,0,0,0,0,0
K06163,0,0,0,0,0,0,0,0
K06164,0,0,0,0,0,0,0,0
K06165,0,0,0,0,0,0,0,0
K06166,0,0,0,0,0,0,0,0
K02043,0,0,0,0,0,0,0,0
K02042,0,0,0,0,0,0,0,0
K02044,0,0,0,0,0,0,0,0
K02041,0,0,0,0,0,0,0,0
K04750,0,0,0,0,0,0,0,0
K07790,0,0,0,0,0,0,0,0
K11209,0,0,0,0,0,0,0,0
K00457,0,0,0,0,0,0,0,0
K08194,0,0,0,0,0,0,0,0
K03704,0,0,0,0,0,0,0,0
K03829,0,0,0,0,0,0,0,0
K16923,0,0,0,0,0,0,0,0
K06934,0,0,0,0,0,0,0,0
K04084,0,0,0,0,0,0,0,0
K07791,0,0,0,0,0,0,0,0
K03926,0,0,0,0,0,0,0,0
K01744,0,0,0,0,0,0,0,0
K07113,0,0,0,0,0,0,0,0
K04078,0,0,0,0,0,0,0,0
K04077,0,0,0,0,0,0,0,0
K19810,0,0,0,0,0,0,0,0
K02356,0,0,0,0,0,0,0,1
K16347,0,0,0,0,0,0,0,0
K16348,0,0,0,0,0,0,0,0
K03098,0,0,0,0,0,0,0,0
K11741,0,0,0,0,0,0,0,0
K00247,0,0,0,0,0,0,0,0
K00244,0,0,0,0,0,0,0,0
K00246,0,0,0,0,0,0,0,0
K00245,0,0,0,0,0,0,0,0
K22051,0,0,0,0,0,0,0,0
K04568,0,0,0,0,0,0,0,0
K01613,0,0,0,0,0,0,0,0
K06949,0,0,0,0,0,0,0,0
K13288,0,0,0,0,0,0,0,0
K15125,0,0,0,0,0,0,0,0
K15125,0,0,0,0,0,0,0,0
K19048,0,0,0,0,0,0,0,0
K07326,0,0,0,0,0,0,0,0
K06193,0,0,0,0,0,0,0,0
K03169,0,0,0,0,0,0,0,0
K08320,0,0,0,0,0,0,0,0
K01008,0,0,0,0,0,0,0,0
K04773,0,0,0,0,0,0,0,0
K01424,0,0,0,0,0,0,0,0
K08281,0,0,0,0,0,0,0,0
K01183,0,0,0,0,0,0,0,0
K09916,0,0,0,0,0,0,0,0
K07305,0,0,0,0,0,0,0,0
K00134,0,0,2,0,2,0,3,4
K01792,0,0,0,0,0,0,0,0
K07274,0,0,0,0,0,0,0,0
K07180,0,0,2,0,3,1,8,6
K09786,0,0,0,1,0,0,0,0
K25495,0,0,0,0,0,0,0,0
K25494,0,0,0,0,0,0,0,0
K01937,0,0,0,0,0,0,0,0
K03704,0,0,0,0,0,0,0,0
K18691,0,0,0,0,0,0,0,0
K22110,0,0,0,0,0,0,0,0
K11904,0,0,0,0,0,0,0,0
K03286,0,0,0,0,0,0,0,0
K11903,0,0,0,0,0,0,0,0
K11893,0,0,0,0,0,0,0,0
K11892,0,0,0,0,0,0,0,0
K11900,0,0,0,0,0,0,0,0
K11901,0,0,0,0,0,0,0,0
K00031,0,0,0,0,0,0,0,0
K06181,0,0,0,0,0,0,0,0
K01734,0,0,0,0,0,0,0,0
K12152,0,0,0,0,0,0,0,0
K00566,0,0,1,0,0,0,0,0
K07153,0,0,0,0,0,0,0,0
K01756,0,0,0,0,0,0,0,0
K07660,0,0,0,0,0,0,0,0
K07637,0,0,0,0,0,0,0,0
K18850,0,0,0,0,0,0,0,0
K03829,0,0,0,0,0,0,0,0
K09780,0,0,0,0,0,0,0,0
K00432,0,0,0,0,0,0,0,0
K01258,0,0,0,0,0,0,0,0
K11072,0,0,0,0,0,0,0,0
K11071,0,0,0,0,0,0,0,0
K11070,0,0,0,0,0,0,0,0
K11069,0,0,0,0,0,0,0,0
K03703,0,0,0,0,0,0,0,0
K00995,0,0,0,0,0,0,0,0
K07689,0,0,0,0,0,0,0,0
K07782,0,0,0,0,0,0,0,0
K02028,0,0,0,0,0,0,0,0
K10009,0,0,0,0,0,0,0,0
K05396,0,0,0,0,0,0,0,0
K02424,0,0,0,0,0,0,0,0
K02425,0,0,0,0,0,0,0,0
K02406,0,0,0,0,0,0,0,0
K02405,0,0,0,0,0,0,0,0
K02407,0,0,0,0,0,0,0,0
K02422,0,0,0,0,0,0,0,0
K02423,0,0,0,0,0,0,0,0
K01176,0,0,0,0,0,0,0,0
K00640,0,0,0,0,0,0,0,0
K21495,0,0,0,0,0,0,0,0
K14059,0,0,0,0,0,0,0,0
K02408,0,0,0,0,0,0,0,0
K02409,0,0,0,0,0,0,0,0
K02410,0,0,0,0,0,0,0,0
K02411,0,0,0,0,0,0,0,0
K02412,0,0,0,0,0,0,0,0
K02413,0,0,0,0,0,0,0,0
K02414,0,0,0,0,0,0,0,0
K02415,0,0,0,0,0,0,0,0
K02416,0,0,0,0,0,0,0,0
K02417,0,0,0,0,0,0,0,0
K02418,0,0,0,0,0,0,0,0
K02419,0,0,0,0,0,0,0,0
K02420,0,0,0,0,0,0,0,0
K02421,0,0,0,0,0,0,0,0
K07781,0,0,0,0,0,0,0,0
K21085,0,0,0,0,0,0,0,0
K07026,0,0,0,0,0,0,0,0
K09781,0,0,0,0,0,0,0,0
K07458,0,0,0,0,0,0,0,0
K00558,0,0,0,0,0,0,0,0
K06950,0,0,0,0,0,0,0,0
K14062,0,0,0,0,0,0,0,0
K09933,0,0,0,0,0,0,0,0
K10679,0,0,0,0,0,0,0,0
K09760,0,0,0,0,0,0,0,0
K12942,0,0,0,0,0,0,0,0
K03327,0,0,0,0,0,0,0,0
K01996,0,0,0,0,0,0,0,0
K01995,0,0,0,0,0,0,0,0
K01998,0,0,0,0,0,0,0,0
K01997,0,0,0,0,0,0,0,0
K01999,0,0,0,0,0,0,0,0
K00078,0,0,0,0,0,0,1,0
K06177,0,0,0,0,0,0,0,0
K08224,0,0,0,0,0,0,0,0
K22213,0,0,0,0,0,0,0,0
K00459,0,0,0,0,0,0,0,0
K19271,0,0,0,0,0,0,0,0
K21023,0,0,0,0,0,0,0,0
K18138,0,0,0,0,0,0,0,0
K03585,0,0,0,0,0,0,0,0
K03478,0,0,0,0,0,0,0,0
K18140,0,0,0,0,0,0,0,0
K01222,0,0,0,0,0,0,0,0
K03490,0,0,0,0,0,0,0,0
K02761,0,0,0,0,0,0,0,0
K02759,0,0,0,0,0,0,0,0
K06217,0,0,0,0,0,0,0,0
K02760,0,0,0,0,0,0,0,0
K16301,0,0,0,0,0,0,0,0
K07224,0,0,0,0,0,0,0,0
K07243,0,0,0,0,0,0,0,0
K11928,0,0,0,0,0,0,0,0
K13821,0,0,0,0,0,0,0,0
K09017,0,0,0,0,0,0,0,0
K09018,0,0,0,0,0,0,0,0
K09020,0,0,0,0,0,0,0,0
K09021,0,0,0,0,0,0,0,0
K09023,0,0,0,0,0,0,0,0
K09019,0,0,0,0,0,0,0,0
K09024,0,0,0,0,0,0,0,0
K09016,0,0,0,0,0,0,0,0
K06884,0,0,0,0,0,0,0,0
K01085,0,0,0,0,0,0,0,0
K03809,0,0,0,0,0,0,0,0
K07124,0,0,0,0,0,0,0,0
K15580,0,0,0,0,0,0,0,1
K19416,0,0,0,0,0,0,0,0
K11179,0,0,0,0,0,0,0,0
K01512,0,0,0,0,0,0,0,0
K06969,0,0,0,0,0,0,0,0
K06929,0,0,0,0,0,0,0,0
K11940,0,0,0,0,0,0,0,0
K03658,0,0,0,0,0,0,0,0
K09909,0,0,0,0,0,0,0,0
K01734,0,0,0,0,0,0,0,0
K07343,0,0,0,0,0,0,0,0
K13053,0,0,0,0,0,0,0,0
K03286,0,0,1,0,1,0,2,4
K09911,0,0,0,0,0,0,0,0
K04770,0,0,0,0,0,0,0,0
K01716,0,0,0,0,0,0,0,0
K06192,0,0,0,0,0,0,0,0
K03812,0,0,0,0,0,0,0,0
K09857,0,0,0,0,0,0,0,0
K03808,0,0,0,0,0,0,0,0
K15738,0,0,0,0,0,0,0,0
K12297,0,0,0,0,0,0,0,0
K07140,0,0,0,0,0,0,0,0
K18657,0,0,0,0,0,0,0,0
K00254,0,0,0,0,0,0,0,0
K00299,0,0,0,0,0,0,0,0
K15553,0,0,0,0,0,0,0,0
K04091,0,0,0,0,0,0,0,0
K01256,0,0,0,0,0,0,0,0
K15554,0,0,0,0,0,0,0,0
K00763,0,0,0,0,0,0,0,0
K01893,0,0,0,0,0,0,0,0
K09476,0,0,0,0,0,0,0,0
K00813,0,0,0,0,0,0,0,0
K01069,0,0,0,0,0,0,0,0
K21470,0,0,0,0,0,0,0,0
K03632,0,0,0,0,0,0,0,0
K03475,0,0,0,0,0,0,0,0
K11736,0,0,0,0,0,0,0,0
K03311,0,0,0,0,0,0,0,0
K07636,0,0,0,0,0,0,0,0
K07657,0,0,0,0,0,0,0,0
K03547,0,0,0,0,0,0,0,0
K03546,0,0,0,0,0,0,0,0
K03554,0,0,0,0,0,0,0,0
K14591,0,0,0,0,0,0,0,0
K09913,0,0,0,0,0,0,0,0
K00891,0,0,0,0,0,0,0,0
K09768,0,0,0,0,0,0,0,0
K18968,0,0,0,0,0,0,0,0
K00286,0,0,0,0,0,0,0,0
K08161,0,0,0,0,0,0,0,0
K01921,0,0,0,0,0,0,0,0
K03712,0,0,0,0,0,0,0,0
K03543,0,0,0,0,0,0,0,0
K03446,0,0,0,0,0,0,0,0
K17938,0,0,0,0,0,0,0,0
K12974,0,0,0,0,0,0,0,0
K18988,0,0,0,0,0,0,0,0
K00147,0,0,0,0,0,0,0,0
K00931,0,0,0,0,0,0,0,0
K11929,0,0,0,0,0,0,0,0
K11750,0,0,0,0,0,0,0,0
K11926,0,0,0,0,0,0,0,0
K00769,0,0,0,0,0,0,0,0
K01270,0,0,0,1,0,0,0,0
K02346,0,0,0,0,0,0,0,0
K00351,0,0,0,0,0,0,0,0
K05952,0,0,0,0,0,0,0,0
K00350,0,0,0,0,0,0,0,0
K00349,0,0,0,0,0,0,0,0
K00348,0,0,0,0,0,0,0,0
K00347,0,0,0,0,0,0,0,0
K00346,0,0,0,0,0,0,0,0
K03271,0,0,0,0,0,0,0,0
K06445,0,0,0,0,0,0,0,0
K21965,0,0,0,0,0,0,0,0
K21966,0,0,0,0,0,0,0,0
K02083,0,0,0,0,0,0,0,0
K07127,0,0,0,0,0,0,0,0
K00839,0,0,0,0,0,0,0,0
K22602,0,0,0,0,0,0,0,0
K22601,0,0,0,0,0,0,0,0
K16842,0,0,0,0,0,0,0,0
K16841,0,0,0,0,0,0,0,0
K03457,0,0,0,0,0,0,0,0
K02342,0,0,0,0,1,0,3,0
K03469,0,0,0,0,0,0,0,0
K01069,0,0,0,0,0,0,0,0
K08307,0,0,0,0,0,0,0,0
K19577,0,0,0,0,0,0,0,0
K06222,0,0,0,0,0,0,0,0
K19780,0,0,0,0,0,0,0,0
K07245,0,0,0,0,0,0,0,0
K07156,0,0,0,0,0,0,0,0
K01354,0,0,0,0,0,0,0,0
K02345,0,0,0,0,0,0,0,0
K10857,0,0,0,0,0,0,0,0
K09918,0,0,0,0,0,0,0,0
K08289,0,0,0,0,0,0,0,0
K01690,0,0,0,0,0,0,0,0
K01625,0,0,0,0,0,0,0,0
K00036,0,0,0,0,0,0,0,0
K19337,0,0,0,0,0,0,0,0
K00873,0,0,1,0,0,0,0,0
K19304,0,0,0,0,0,0,0,0
K09815,0,0,0,0,0,0,0,0
K09817,0,0,0,0,0,0,0,0
K03551,0,0,0,0,0,0,0,0
K09816,0,0,0,0,0,0,0,0
K03550,0,0,0,0,0,0,0,0
K01159,0,0,0,0,0,0,0,0
K18189,0,0,0,0,0,0,0,0
K01876,0,0,0,0,0,0,0,0
K08310,0,0,0,0,0,0,0,0
K07136,0,0,0,0,0,0,0,0
K15256,0,0,0,0,0,0,0,0
K15257,0,0,0,0,0,0,0,0
K07347,0,0,0,0,0,0,0,0
K07345,0,0,0,0,0,0,0,0
K14188,0,0,0,0,0,0,0,0
K03739,0,0,0,0,0,0,0,0
K03740,0,0,0,0,0,0,0,0
K06201,0,0,0,0,0,0,0,0
K14155,0,0,0,0,0,0,0,0
K09907,0,0,0,0,0,0,0,0
K01887,0,0,0,0,0,0,0,0
K00677,0,0,0,0,0,0,0,0
K15532,0,0,0,0,0,0,0,0
K16210,0,0,0,0,0,0,0,0
K02400,0,0,0,0,0,0,0,0
K03516,0,0,0,0,0,0,0,0
K02401,0,0,0,0,0,0,0,0
K07345,0,0,0,0,0,0,0,0
K07347,0,0,0,0,0,0,0,0
K03414,0,0,0,0,0,0,0,0
K03412,0,0,0,0,0,0,0,0
K03413,0,0,0,0,0,0,0,0
K00575,0,0,0,0,0,0,0,0
K05877,0,0,0,0,0,0,0,0
K05874,0,0,0,0,0,0,0,0
K07346,0,0,0,0,0,0,0,0
K00014,0,0,0,0,0,0,0,0
K01726,0,0,0,0,0,0,0,0
K07566,0,0,0,0,0,0,0,0
K07479,0,0,0,0,0,0,0,0
K04096,0,0,0,0,0,0,0,0
K03747,0,0,0,0,0,0,0,0
K01462,0,0,0,0,0,0,0,0
K00604,0,0,0,0,0,0,0,0
K03500,0,0,0,0,0,0,0,0
K03499,0,0,0,0,0,0,0,0
K03282,0,0,0,0,0,0,0,0
K09890,0,0,0,0,0,0,0,0
K13638,0,0,0,0,0,0,0,0
K03040,0,1,41,1,47,9,55,94
K02879,0,0,0,0,0,0,0,0
K02986,2,2,36,6,50,10,68,108
K02948,0,0,0,0,0,0,0,0
K03076,0,0,1,0,5,0,6,8
K02952,0,0,0,0,0,0,0,0
K02919,0,0,0,0,0,0,0,0
K02876,0,0,0,0,0,0,2,0
K02988,0,0,0,0,0,0,0,0
K02907,0,0,0,0,0,0,0,0
K02881,0,0,1,0,0,0,0,0
K02933,0,0,3,0,3,2,5,3
K02994,0,0,0,0,0,0,0,0
K02954,0,0,0,0,0,0,0,0
K02931,0,0,0,0,0,0,0,0
K02895,0,0,2,0,2,2,2,13
K02874,0,0,0,0,1,0,0,3
K02961,0,0,0,0,0,0,0,4
K02878,0,0,0,0,0,0,0,0
K02904,0,0,0,0,0,0,0,0
K02982,0,0,4,0,2,1,5,2
K02890,0,0,0,0,0,0,0,2
K02886,0,0,23,0,31,4,44,17
K02965,0,0,0,0,0,0,0,0
K02926,0,0,0,0,1,0,1,0
K02892,0,0,0,0,0,0,0,0
K02906,0,0,1,0,0,0,2,2
K02946,0,1,1,0,0,1,0,0
K03594,0,0,0,0,0,0,0,0
K02358,0,0,0,0,0,0,0,0
K02355,2,18,218,18,218,41,238,312
K02192,0,0,0,0,0,0,0,0
K02992,0,0,0,0,0,0,0,0
K02950,0,0,0,0,0,0,1,0
K07237,0,0,0,0,0,0,1,0
K07236,0,0,0,0,0,0,0,0
K07235,0,0,0,0,0,0,0,0
K03772,0,0,0,0,0,0,0,0
K11747,0,0,0,0,0,0,0,0
K03775,0,0,0,0,0,0,0,0
K03745,0,0,0,0,0,0,0,0
K07070,0,0,0,0,0,0,0,0
K11748,0,0,0,0,0,0,0,0
K06158,0,0,0,0,0,0,0,0
K11249,0,0,0,0,0,0,0,0
K07019,0,0,0,0,0,0,0,0
K09898,0,0,0,0,0,0,0,0
K00855,0,0,0,0,0,0,0,0
K07397,0,0,0,0,0,0,0,0
K10914,0,0,0,0,0,0,0,1
K00821,0,0,0,0,0,0,0,0
K01664,0,0,0,0,0,0,0,0
K04095,0,0,0,0,0,0,0,0
K03767,0,0,0,0,0,0,0,0
K01485,0,0,0,0,0,0,0,0
K06141,0,0,0,0,0,0,0,0
K00362,0,0,0,0,0,0,0,0
K00363,0,0,0,0,0,0,0,0
K02598,0,0,0,0,0,0,0,0
K02302,0,0,0,0,0,0,0,0
K01867,0,0,0,0,0,0,0,0
K01091,0,0,0,0,0,0,0,0
K01783,0,0,0,0,0,0,0,0
K06223,0,0,0,0,0,0,0,0
K03112,0,0,0,0,0,0,0,0
K01735,0,0,0,0,0,0,0,0
K00891,0,0,0,0,0,0,0,0
K02507,0,0,0,0,0,0,0,0
K12291,0,0,0,0,0,0,0,0
K12290,0,0,0,0,0,0,0,0
K12289,0,0,0,0,0,0,0,0
K12288,0,0,0,0,0,0,0,0
K05366,0,0,0,0,0,0,0,0
K08312,0,0,0,0,0,0,0,0
K20881,0,0,0,0,0,0,0,0
K04762,0,1,0,0,0,0,0,0
K04083,0,0,0,0,0,0,0,0
K01610,0,0,0,0,0,0,0,0
K07638,0,0,0,0,0,0,0,0
K07659,0,0,0,0,0,0,0,0
K04760,0,0,0,0,0,0,0,0
K06959,0,0,1,0,0,0,0,0
K04758,0,0,0,0,0,0,0,0
K04759,0,0,0,0,0,0,0,0
K02170,0,0,0,0,0,0,0,0
K07490,0,0,0,0,0,0,0,0
K00705,0,0,0,0,0,0,0,0
K02242,0,0,0,0,0,0,0,0
K07400,0,0,0,0,0,0,0,0
K00688,0,0,0,0,0,0,0,0
K03556,0,0,0,0,0,0,0,0
K00111,0,0,0,0,0,0,0,0
K00688,0,0,0,0,0,0,0,0
K02439,0,0,0,0,0,0,0,0
K02441,0,0,0,0,0,0,0,0
K02444,0,0,0,0,0,0,0,0
K00703,0,0,0,0,0,0,0,0
K00975,0,0,0,0,0,0,0,0
K02438,0,0,0,0,0,0,0,0
K00700,0,0,0,0,0,0,0,0
K00133,0,0,0,0,0,0,0,0
K01811,0,0,0,0,0,0,0,0
K05595,0,0,0,0,0,0,0,0
K15125,0,0,0,0,0,0,0,0
K03292,0,0,0,0,0,0,0,0
K18831,0,0,0,0,0,0,0,0
K07326,0,0,0,0,0,0,0,0
K09476,0,0,0,0,0,0,0,0
K07733,0,0,0,0,0,0,0,0
K03630,0,0,0,0,0,0,0,0
K18838,0,0,0,0,0,0,0,0
K18837,0,0,0,0,0,0,0,0
K01066,0,0,0,0,0,0,0,0
K03088,0,0,0,0,0,0,0,0
K02380,0,0,0,0,0,0,0,0
K18842,0,0,0,0,0,0,0,0
K07171,0,0,0,0,0,0,0,0
K00127,0,0,0,0,0,0,0,0
K00124,0,0,0,0,0,0,0,0
K02379,0,0,0,0,0,0,0,0
K19504,0,0,0,0,0,0,0,0
K02529,0,0,0,0,0,0,0,0
K03415,0,0,0,0,0,0,0,0
K11903,0,0,0,0,0,0,0,0
K03534,0,0,0,0,0,0,0,0
K10561,0,0,0,0,0,0,0,0
K10560,0,0,0,0,0,0,0,0
K10562,0,0,0,0,0,0,0,0
K10559,0,0,0,0,0,0,0,0
K01629,0,0,0,0,0,0,0,0
K01813,0,0,0,0,0,0,0,0
K00848,0,0,0,0,0,0,0,0
K02855,0,0,0,0,0,0,0,0
K02856,0,0,0,0,0,0,0,0
K02854,0,0,0,0,0,0,0,0
K01804,0,0,0,0,0,0,0,0
K04564,0,0,0,0,0,0,0,0
K03704,0,0,0,0,0,0,0,0
K18138,0,0,0,0,0,0,0,0
K08195,0,0,0,0,0,0,0,0
K07726,0,0,0,0,0,0,0,0
K03585,0,0,0,0,0,0,0,0
K01879,0,0,0,0,0,0,0,0
K01878,0,0,0,0,0,0,0,0
K02525,0,0,0,0,0,0,0,0
K00874,0,0,0,0,0,0,0,0
K00090,0,0,0,0,0,0,0,0
K19092,0,0,0,0,0,0,0,0
K14762,0,0,0,0,0,0,0,0
K00009,0,0,0,0,0,0,0,0
K02562,0,0,0,0,0,0,0,0
K02800,0,0,0,0,0,0,0,0
K00799,0,0,0,0,0,0,0,0
K01042,0,0,0,0,0,0,0,0
K03833,0,0,0,0,0,0,0,0
K00138,0,0,0,0,0,0,0,0
K07504,0,0,0,0,0,0,0,0
K18673,0,0,0,0,0,0,0,0
K09955,0,0,0,0,0,0,0,0
K03292,0,0,0,0,0,0,0,0
K03406,0,0,0,0,0,0,0,0
K03979,0,0,0,0,0,0,0,0
K07643,0,0,0,0,0,0,0,0
K02899,0,0,0,0,0,0,0,0
K02888,0,0,0,0,0,0,0,0
K02523,0,0,0,0,0,0,0,0
K00790,0,0,0,0,0,0,0,0
K07724,0,0,0,0,0,0,0,0
K07323,0,0,0,0,0,0,0,0
K07122,0,0,0,0,0,0,0,0
K02067,0,0,0,0,0,0,0,0
K02066,0,0,0,0,0,0,0,0
K02065,0,0,0,0,0,0,0,0
K07301,0,0,0,0,0,0,0,0
K06041,0,0,0,0,0,0,0,0
K03270,0,0,0,0,0,0,0,0
K11719,0,0,0,0,0,0,0,0
K09774,0,0,0,0,0,0,0,0
K06861,0,0,0,0,0,0,0,0
K03092,0,0,0,0,0,0,0,0
K05808,0,0,0,0,0,0,0,0
K02806,0,0,0,0,0,0,0,0
K06958,0,0,0,0,0,0,0,0
K07648,0,0,0,0,0,0,0,0
K03814,0,0,0,0,0,0,0,0
K08485,0,0,0,0,0,0,0,0
K07139,0,0,0,0,0,0,0,0
K00265,0,0,0,0,0,0,0,0
K00266,0,0,0,0,0,0,0,0
K19334,0,0,0,0,0,0,0,0
K00885,0,0,0,0,0,0,0,0
K03290,0,0,0,0,0,0,0,0
K01788,0,0,0,0,0,0,0,0
K01639,0,0,0,0,0,0,0,0
K22104,0,0,0,0,0,0,0,0
K03600,0,0,0,0,0,0,0,0
K03599,0,0,0,0,0,0,0,0
K02996,0,0,0,0,0,0,0,0
K06916,0,0,0,0,0,0,0,0
K02871,0,0,0,0,0,0,0,0
K09908,0,0,0,0,0,0,0,0
K04772,0,0,0,0,0,0,0,0
K04691,0,0,0,0,0,0,0,0
K03402,0,0,0,0,0,0,0,0
K00135,0,0,0,0,0,0,0,0
K03623,0,0,0,0,0,0,0,0
K03468,0,0,0,0,0,0,0,0
K15548,0,0,0,0,0,0,0,0
K21695,0,0,0,0,0,0,0,0
K03568,0,0,0,0,0,0,0,0
K21698,0,0,0,0,0,0,0,0
K08301,0,0,0,0,0,0,0,0
K06287,0,0,0,0,0,0,0,0
K03570,0,0,0,0,0,0,0,0
K03571,0,0,0,0,0,0,0,0
K03569,0,0,0,0,0,0,0,0
K18765,0,0,1,0,0,0,0,1
K07147,0,0,0,0,0,0,0,0
K17247,0,0,0,0,0,0,0,0
K03786,0,0,0,0,0,0,0,0
K02160,0,0,1,0,1,0,1,0
K01961,0,0,0,0,0,0,0,0
K14392,0,0,0,0,0,0,0,0
K02687,0,0,0,0,0,0,0,0
K01674,0,0,0,0,0,0,0,0
K05540,0,0,0,0,0,0,0,0
K03557,0,0,0,0,0,0,0,0
K09969,0,0,0,0,0,0,0,0
K09970,0,0,0,0,0,0,0,0
K09971,0,0,0,0,0,0,0,0
K09972,0,0,0,0,0,0,0,0
K03784,0,0,0,0,0,0,0,0
K01839,0,0,1,0,0,0,1,0
K00758,0,0,0,0,0,0,2,0
K01619,0,0,0,0,0,0,0,0
K03317,0,0,0,0,0,0,0,0
K03424,0,0,0,0,0,0,0,0
K02837,0,0,0,0,0,0,0,0
K04065,0,0,0,0,0,0,0,0
K08723,0,0,0,0,0,0,0,0
K03789,0,0,0,0,0,0,0,0
K02344,0,0,0,0,0,0,0,0
K00564,0,0,0,0,0,0,0,0
K02761,0,0,0,0,0,0,0,0
K13255,0,0,0,0,0,0,0,0
K18954,0,0,0,0,0,0,0,0
K00481,0,0,0,0,0,0,0,0
K01451,0,0,0,0,0,0,0,0
K03762,0,0,0,0,0,0,0,0
K01223,0,0,0,0,0,0,0,0
K14057,0,0,0,0,0,0,0,0
K02753,0,0,0,0,0,0,0,0
K03487,0,0,0,0,0,0,0,0
K23256,0,0,0,0,0,0,0,0
K03762,0,0,0,0,0,0,0,0
K02035,0,0,0,0,0,0,0,0
K02033,0,0,0,0,0,0,0,0
K02034,0,0,0,0,0,0,0,0
K13069,0,0,0,0,0,0,0,0
K09251,0,0,0,0,0,0,0,0
K08321,0,0,0,0,0,0,0,0
K11530,0,0,0,0,0,0,0,0
K11216,0,0,0,0,0,0,0,0
K00219,0,0,0,0,0,0,0,0
K11391,0,0,0,0,0,0,0,0
K00863,0,0,0,0,0,0,0,0
K07043,0,0,0,0,0,0,0,0
K06915,0,0,0,0,0,0,0,0
K11720,0,0,0,0,0,0,0,0
K07091,0,0,0,0,0,0,0,0
K01255,0,0,0,0,0,0,0,0
K02339,0,0,0,0,0,0,0,0
K01873,0,0,1,1,0,0,0,1
K07784,0,0,0,0,0,0,0,0
K03828,0,0,0,0,0,0,0,0
K07783,0,1,2,0,0,0,2,0
K07675,0,0,0,0,0,0,0,0
K07686,0,0,0,0,0,0,0,0
K06169,0,0,0,0,0,0,0,0
K09893,0,0,0,0,0,0,0,0
K00611,0,0,0,0,0,0,0,0
K19334,0,0,0,0,0,0,0,0
K03756,0,0,0,0,0,0,0,0
K00791,0,0,0,0,0,0,1,0
K03666,0,0,0,0,0,0,0,0
K03665,0,0,0,0,0,0,0,0
K04088,0,0,0,0,0,0,0,0
K04087,0,0,2,0,0,0,0,0
K09937,0,0,0,0,0,0,0,0
K01939,0,0,0,2,0,0,1,4
K13771,0,0,0,0,0,0,0,0
K12573,0,0,0,0,0,0,0,0
K03218,0,0,0,0,0,0,0,0
K09456,0,0,0,0,0,0,0,0
K03477,0,0,0,0,0,0,0,0
K03476,0,0,0,0,0,0,0,0
K03475,0,0,0,0,0,0,0,0
K03475,0,0,0,0,0,0,0,0
K02822,0,0,0,0,0,0,0,0
K02821,0,0,0,0,0,0,0,0
K03078,0,0,0,0,0,0,0,0
K03079,0,0,0,0,0,0,0,0
K03077,0,0,0,0,0,0,0,0
K02990,0,0,0,0,2,0,0,0
K02686,0,0,0,0,0,0,0,0
K02963,0,0,0,0,0,0,1,0
K07269,0,0,0,0,0,0,0,0
K02939,0,0,0,0,0,0,0,0
K03773,0,0,0,0,0,0,0,0
K11737,0,0,0,0,0,0,0,0
K07322,0,0,0,0,0,0,0,0
K07506,0,0,0,0,0,0,0,0
K19267,0,0,0,0,0,0,0,0
K01119,0,0,0,0,0,0,0,0
K01082,0,0,0,0,0,0,0,0
K07109,0,0,0,0,0,0,0,0
K03699,0,0,0,0,0,0,0,0
K07746,0,0,0,0,0,0,0,0
K04088,0,0,0,0,0,0,0,0
K04087,0,0,0,0,0,0,0,0
K04088,0,0,0,0,0,0,0,0
K07304,0,0,0,0,0,0,0,0
K07278,0,0,0,0,0,0,0,0
K09800,0,0,0,0,0,0,0,0
K19761,0,0,0,0,0,0,0,0
K01507,0,0,0,0,0,0,0,0
K18841,0,0,0,0,0,0,0,0
K23508,0,0,0,1,0,0,0,0
K10820,0,0,0,0,0,0,0,0
K23509,0,0,0,0,0,0,0,0
K23509,0,0,0,0,0,0,0,0
K03406,0,0,0,0,0,0,0,0
K03841,0,0,0,0,0,0,0,0
K02558,0,0,0,0,0,0,0,0
K09889,0,0,0,0,0,0,0,0
K03592,0,0,0,0,0,0,0,0
K15536,0,0,0,0,0,0,0,0
K19157,0,0,0,0,0,0,0,0
K07473,0,0,0,0,0,0,0,0
K13929,0,0,0,0,0,0,0,0
K13930,0,0,0,0,0,0,0,0
K13931,0,0,0,0,0,0,0,0
K13932,0,0,0,0,0,0,0,0
K13933,0,0,0,0,0,0,0,0
K13936,0,0,0,0,0,0,0,0
K13934,0,0,0,0,0,0,0,0
K13928,0,0,0,0,0,0,0,0
K13935,0,0,0,0,0,0,0,0
K21395,0,0,0,0,0,0,0,0
K21394,0,0,0,0,0,0,0,0
K11690,0,0,0,0,0,0,0,0
K07726,0,0,0,0,0,0,0,0
K07726,0,0,0,0,0,0,0,0
K07724,0,0,0,0,0,0,0,0
K03582,0,0,0,0,0,0,0,0
K01407,0,0,0,0,0,0,0,0
K03583,0,0,0,0,0,0,0,0
K02681,0,0,0,0,0,0,0,0
K02680,0,0,0,0,0,0,0,0
K02679,0,0,0,0,0,0,0,0
K00560,0,0,0,0,0,0,0,0
K08484,0,0,0,0,0,0,0,0
K13292,0,0,0,0,0,0,0,0
K08311,0,0,0,0,0,0,0,0
K03573,0,0,0,0,0,0,0,0
K08227,0,0,0,0,0,0,0,0
K05939,0,0,0,0,0,0,0,0
K02529,0,0,0,0,0,0,0,0
K13637,0,0,0,0,0,0,0,0
K01223,0,0,0,0,0,0,0,0
K02761,0,0,0,0,0,0,0,0
K01586,0,0,0,0,0,0,0,0
K02529,0,0,0,0,0,0,0,0
K19577,0,0,0,0,0,0,0,0
K25316,0,0,0,0,0,0,0,0
K10193,0,0,0,0,0,0,0,0
K10194,0,0,0,0,0,0,0,0
K10195,0,0,0,0,0,0,0,0
K10192,0,0,0,0,0,0,0,0
K01730,0,0,0,0,0,0,0,0
K00065,0,0,0,0,0,0,0,0
K01730,0,0,0,0,0,0,0,0
K22110,0,0,0,0,0,0,0,0
K00626,0,0,0,0,0,0,0,0
K13069,0,0,0,0,0,0,0,0
K02488,0,0,0,0,0,0,0,0
K00575,0,0,0,0,0,0,0,0
K03412,0,0,0,0,0,0,0,0
K03406,0,0,0,0,0,0,0,0
K21023,0,0,0,0,0,0,0,0
K10001,0,0,0,0,0,0,0,0
K02030,0,0,0,0,0,0,0,0
K18765,0,0,0,0,0,0,0,0
K25317,0,0,0,0,0,0,0,0
K09912,0,0,0,0,0,0,0,0
K21990,0,0,0,0,0,0,0,0
K02193,0,0,0,0,0,0,0,0
K02194,0,0,0,0,0,0,0,0
K02195,0,0,0,0,0,0,0,0
K02196,0,0,0,0,0,0,0,0
K02197,0,0,0,0,0,0,0,0
K02198,0,0,0,0,0,0,0,0
K02199,0,0,0,0,0,0,0,0
K02200,0,0,0,0,0,0,0,0
K06076,0,0,0,0,0,0,0,0
K04754,0,0,0,0,0,0,0,0
K00626,0,0,0,0,0,0,0,0
K01782,0,0,0,0,0,0,0,0
K08296,0,0,0,0,1,0,0,0
K07320,0,0,0,0,0,0,0,0
K01736,0,0,0,0,0,0,0,0
K07261,0,0,0,0,0,0,0,0
K15461,0,0,0,0,0,0,0,0
K07090,0,0,0,0,0,0,0,0
K09906,0,0,0,0,0,0,0,0
K00647,0,0,0,0,0,0,0,0
K03482,0,0,0,0,0,0,0,0
K01223,0,0,0,0,0,0,0,0
K03473,0,0,0,0,0,0,0,0
K00133,0,0,0,0,0,0,0,0
K06173,0,0,0,0,0,0,0,0
K03975,0,0,0,0,0,0,0,0
K01963,0,0,0,0,0,0,0,0
K11754,0,0,0,0,0,0,0,0
K03749,0,0,0,0,0,0,0,0
K03558,0,0,0,0,0,0,0,0
K00764,0,0,1,0,0,0,0,1
K03186,0,0,0,0,0,0,0,0
K10013,0,0,0,0,0,0,0,0
K10014,0,0,0,0,0,0,0,0
K10016,0,0,0,0,0,0,0,0
K10015,0,0,0,0,0,0,0,0
K07071,0,0,0,0,0,0,0,0
K10017,0,0,0,0,0,0,0,0
K07589,0,0,0,0,0,0,0,0
K11209,0,0,0,0,0,0,0,0
K00799,0,0,0,0,0,0,0,0
K00875,0,0,0,0,0,0,0,0
K07095,0,0,0,0,0,0,0,0
K00039,0,0,0,0,0,0,0,0
K03435,0,0,0,0,0,0,0,0
K00007,0,0,0,0,0,0,0,0
K00854,0,0,0,0,0,0,0,0
K10544,0,0,0,0,0,0,0,0
K10545,0,0,0,0,0,0,0,0
K10543,0,0,0,0,0,0,0,0
K13788,0,0,0,0,0,0,0,0
K00925,0,0,0,0,0,0,0,0
K09899,0,0,0,0,0,0,0,0
K09161,0,0,0,0,0,0,0,0
K01011,0,0,0,0,0,0,0,0
K07751,0,0,0,0,0,0,0,0
K04044,0,0,0,0,0,0,0,0
K04755,0,0,0,0,0,0,0,0
K04082,0,0,0,0,0,0,0,0
K13628,0,0,0,0,0,0,0,0
K04487,0,0,0,0,0,0,0,0
K04488,0,0,0,0,0,0,0,0
K13643,0,0,0,0,0,0,0,0
K15396,0,0,0,0,0,0,0,0
K08970,0,0,0,0,0,0,0,0
K01092,0,0,0,0,0,0,0,0
K05820,0,0,0,0,0,0,0,0
K01785,0,0,0,0,0,0,0,0
K08138,0,0,0,0,0,0,0,0
K00600,0,0,0,0,0,0,0,0
K05916,0,0,0,0,0,0,0,0
K07715,0,0,0,0,0,0,0,0
K04752,0,0,0,0,0,0,0,0
K01952,0,0,0,0,0,0,0,0
K07711,0,0,0,0,0,0,0,0
K18691,0,0,0,0,0,0,0,0
K11991,0,0,0,0,0,0,0,0
K18697,0,0,0,0,0,0,0,0
K07106,0,0,0,0,0,0,0,0
K15835,0,0,0,0,0,0,0,0
K07349,0,0,0,0,0,0,0,0
K07347,0,0,0,0,0,0,0,0
K07346,0,0,0,0,0,0,0,0
K07345,0,0,0,0,0,0,0,0
K00997,0,0,0,0,0,0,0,0
K03474,0,0,0,0,0,0,0,0
K03584,0,0,0,0,0,0,0,0
K03595,0,0,0,0,0,0,0,0
K03685,0,0,0,0,0,0,0,0
K03100,0,0,0,0,0,0,0,0
K03596,0,0,0,0,0,0,0,0
K03598,0,0,0,0,0,0,0,0
K03803,0,0,0,0,0,0,0,0
K03597,0,0,0,0,0,0,0,0
K03088,0,0,0,0,0,0,0,1
K00278,0,0,0,0,0,0,0,0
K15460,0,0,0,0,0,0,0,0
K05590,0,0,0,0,0,0,0,0
K06866,0,0,0,0,0,0,0,0
K03214,0,0,0,0,0,0,0,0
K03648,0,0,0,0,0,0,0,0
K03672,0,0,0,0,0,0,0,0
K05812,0,0,0,0,0,0,0,0
K09181,0,0,0,0,0,0,0,0
K00998,0,0,0,0,0,0,0,0
K03761,0,0,0,0,0,0,0,0
K05811,0,0,0,0,0,0,0,0
K03632,0,0,0,0,0,0,0,0
K03804,0,0,0,0,0,0,0,0
K03633,0,0,0,0,0,0,0,0
K06219,0,0,0,0,0,0,0,0
K00979,0,0,0,0,0,0,0,0
K09927,0,0,0,0,0,0,0,0
K09791,0,0,0,0,0,0,0,0
K00912,0,0,0,0,0,0,0,0
K11085,0,0,0,0,0,0,0,0
K11085,0,0,0,0,0,0,0,0
K02945,0,0,0,0,0,0,0,0
K05788,0,0,0,0,0,0,0,0
K00945,2,0,1,0,0,0,1,2
K00800,0,0,0,0,0,0,0,0
K00831,0,0,0,0,0,0,0,0
K09136,0,0,0,0,0,0,0,0
K06212,0,0,0,0,0,0,0,0
K00656,0,0,0,0,0,0,1,0
K08219,0,0,0,0,0,0,0,0
K04069,0,0,0,0,0,0,0,0
K07306,0,0,0,0,0,0,0,0
K07308,0,0,0,0,0,0,0,0
K07307,0,0,0,0,0,0,0,0
K01875,0,0,0,0,0,0,0,0
K03466,0,0,0,0,0,0,0,0
K07478,0,0,0,0,0,0,0,0
K03634,0,0,0,0,0,0,0,0
K03719,0,0,0,0,0,0,0,0
K00384,0,0,0,0,0,0,0,0
K16013,0,0,0,0,0,0,0,0
K16012,0,0,0,0,0,0,0,0
K03694,0,0,0,0,0,0,0,0
K00684,0,0,0,0,0,0,0,0
K02518,0,0,0,0,0,0,0,0
K05685,0,0,0,0,0,0,0,0
K06891,0,0,0,0,0,0,0,0
K03704,0,0,0,0,0,0,0,0
K13888,0,0,0,0,0,0,0,0
K07459,0,0,0,0,0,0,0,0
K09824,0,0,0,0,0,0,0,0
K06188,0,0,0,0,0,0,0,0
K05601,0,0,0,0,0,0,0,0
K11933,0,0,0,0,0,0,0,0
K00156,0,0,0,0,0,0,0,0
K01620,0,0,0,0,0,0,0,0
K11066,0,0,0,0,0,0,0,0
K06178,0,0,0,0,0,0,0,0
K19221,0,0,0,0,0,0,0,0
K07566,0,0,0,0,0,0,0,0
K07053,0,0,0,0,0,0,0,0
K01657,0,0,0,0,0,0,0,0
K13497,0,0,0,0,0,0,0,0
K13498,0,0,0,0,0,0,0,0
K01696,0,0,0,0,0,0,0,0
K01695,0,0,0,0,0,0,0,0
K07275,0,0,0,0,0,0,0,0
K03098,0,0,0,0,0,0,0,0
K21089,0,0,0,0,0,0,0,0
K06954,0,0,0,0,0,0,0,0
K09701,0,0,0,0,0,0,0,0
K00574,0,0,0,0,0,0,0,0
K06190,0,0,0,0,0,0,0,0
K10806,0,0,0,0,0,0,0,0
K07349,0,0,0,0,0,0,0,0
K07347,0,0,0,0,0,0,0,0
K07349,0,0,0,0,0,0,0,0
K07346,0,0,0,0,0,0,0,0
K07345,0,0,0,0,0,0,0,0
K01284,0,0,0,0,0,0,0,0
K13482,0,0,0,0,0,0,0,0
K07402,0,0,0,0,0,0,0,0
K13481,0,0,0,0,0,0,0,0
K01487,0,0,0,0,0,0,0,0
K16066,0,0,0,0,0,0,0,0
K22293,0,0,0,0,0,0,0,0
K00040,0,0,0,0,0,0,0,0
K08322,0,0,0,0,0,0,0,0
K08323,0,0,0,0,0,0,0,0
K09771,0,0,0,0,0,0,0,0
K16044,0,0,0,0,0,0,0,0
K05839,0,0,0,0,0,0,0,0
K03617,0,0,0,0,0,0,0,0
K03616,0,0,0,0,0,0,0,0
K03615,0,0,0,0,0,0,0,0
K03614,0,0,0,0,0,0,0,0
K03612,0,0,0,0,0,0,0,0
K03613,0,0,0,0,0,0,0,0
K10773,0,0,0,0,0,0,0,0
K03305,0,0,0,0,0,0,0,0
K10680,0,0,0,0,0,0,0,0
K01607,0,0,0,0,0,0,0,0
K16137,0,0,0,0,0,0,0,0
K07397,0,0,0,0,0,0,0,0
K02050,0,0,0,0,0,0,0,0
K02049,0,0,0,0,0,0,0,0
K02051,0,0,0,0,0,0,0,0
K19745,0,0,0,0,0,0,0,0
K00768,0,0,0,0,0,0,0,0
K02233,0,0,0,0,0,0,0,0
K02232,0,0,0,0,0,0,0,0
K02231,0,0,0,0,0,0,0,0
K02006,0,0,0,0,0,0,0,0
K02008,0,0,0,0,0,0,0,0
K02007,0,0,0,0,0,0,0,0
K02009,0,0,0,0,0,0,0,0
K03394,0,0,0,0,0,0,0,0
K02190,0,0,0,0,0,0,0,0
K05895,0,0,0,0,0,0,0,0
K05934,0,0,0,0,0,0,0,0
K02189,0,0,0,0,0,0,0,0
K05936,0,0,0,0,0,0,0,0
K02191,0,0,0,0,0,0,0,0
K03399,0,0,0,0,0,0,0,0
K02188,0,0,0,0,0,0,0,0
K06042,0,0,0,0,0,0,0,0
K02227,0,0,0,0,0,0,0,0
K02224,0,0,0,0,0,0,0,0
K16651,0,0,0,0,0,0,0,0
K09802,0,0,0,0,0,0,0,0
K07258,0,0,0,0,0,0,0,0
K07470,0,0,0,0,0,0,0,0
K01141,0,0,0,0,0,0,0,0
K14052,0,0,0,0,0,0,0,0
K07250,0,0,0,0,0,0,0,0
K00765,0,0,0,0,0,0,0,0
K00013,0,0,0,0,0,0,0,0
K00817,0,0,0,0,0,0,0,0
K01089,0,0,0,0,0,0,0,0
K02501,0,0,0,0,0,0,0,0
K01814,0,0,0,0,0,0,0,0
K02500,0,0,0,0,0,0,0,0
K05789,0,0,0,0,0,0,0,0
K11755,0,0,0,0,0,0,0,0
K00973,0,0,0,0,0,0,0,0
K01710,0,0,0,0,0,0,0,0
K00033,0,0,0,0,0,0,0,0
K01840,0,0,0,0,0,0,0,0
K16011,0,0,0,0,0,0,0,0
K02377,0,0,0,0,0,0,0,0
K03207,0,0,0,0,0,0,0,0
K01711,0,0,0,0,0,0,0,0
K13001,0,0,0,0,0,0,0,0
K07494,0,0,0,0,0,0,0,0
K00661,0,0,0,0,0,0,0,0
K13069,0,0,0,0,0,0,0,0
K03498,0,0,0,0,0,0,0,0
K07396,0,0,0,0,0,0,0,0
K08349,0,0,1,0,0,0,0,0
K16053,0,0,0,0,0,0,0,0
K08350,0,0,0,0,0,0,0,0
K06048,0,0,0,0,0,0,0,0
K01607,0,0,0,0,0,0,0,0
K13979,0,0,0,0,0,0,0,0
K14348,0,0,0,0,0,0,0,0
K00101,0,0,0,0,0,0,0,0
K04063,0,0,0,0,0,0,0,0
K03088,0,0,0,0,0,0,0,0
K01652,0,0,0,0,0,0,0,0
K18828,0,0,0,0,0,0,0,0
K18829,0,0,0,0,0,0,0,0
K01653,0,0,0,0,0,0,0,0
K06200,0,0,0,0,0,0,0,0
K01451,0,0,0,0,0,0,0,0
K08170,0,0,0,0,0,0,0,0
K24147,0,0,0,0,0,0,0,0
K00216,0,0,0,0,0,0,0,0
K01252,0,0,0,0,0,0,0,0
K02363,0,0,0,0,0,0,0,0
K02361,0,0,0,0,0,0,0,0
K08225,0,0,0,0,0,0,0,0
K23185,0,0,0,0,0,0,0,0
K02364,0,0,0,0,0,0,0,0
K23186,0,0,0,0,0,0,0,0
K23187,0,0,0,0,0,0,0,0
K23188,0,0,0,0,0,0,0,0
K07214,0,0,0,0,0,0,0,0
K05375,0,0,0,0,0,0,0,0
K19611,0,0,0,0,0,0,0,0
K15582,0,0,0,0,0,0,0,0
K15583,0,0,0,0,0,0,0,0
K02032,0,0,0,0,0,0,0,0
K06131,0,0,0,0,0,0,0,0
K10716,0,0,0,0,0,0,0,0
K09901,0,0,0,0,0,0,0,0
K02014,0,0,0,0,0,0,0,0
K09780,0,0,0,0,0,0,0,0
K03832,0,0,0,0,0,0,0,0
K11738,0,0,0,0,0,0,0,0
K01190,0,0,0,0,0,0,0,0
K03088,0,0,0,0,0,0,0,0
K02529,0,0,0,0,0,0,0,0
K11744,0,0,0,0,0,0,0,0
K01821,0,0,0,0,0,0,0,0
K04775,0,0,0,0,0,0,0,0
K11743,0,0,0,0,0,0,0,0
K11742,0,0,0,0,0,0,0,0
K01299,0,0,0,0,0,0,0,0
K08224,0,0,0,0,0,0,0,0
K21757,0,0,0,0,0,0,0,0
K15545,0,0,0,0,0,0,0,0
K03281,0,0,0,0,0,0,0,0
K01935,0,0,0,0,0,0,0,0
K05847,0,0,0,0,0,0,0,0
K19780,0,0,0,0,0,0,0,0
K16568,0,0,0,0,0,0,0,0
K05846,0,0,0,0,0,0,0,0
K05845,0,0,0,0,0,0,0,0
K05846,0,0,0,0,0,0,0,0
K23349,0,0,0,0,0,0,0,0
K07306,0,0,0,0,0,0,0,0
K07312,0,0,0,0,0,0,0,0
K07307,0,0,0,0,0,0,0,0
K14347,0,0,0,0,0,0,0,0
K01488,0,0,0,0,0,0,0,0
K05984,0,0,0,0,0,0,0,0
K14155,0,0,0,0,0,0,0,0
K02791,0,0,0,0,0,0,0,0
K16136,0,0,0,0,0,0,0,0
K11903,0,0,0,0,0,0,0,0
K01809,0,0,0,0,0,0,0,0
K01676,0,0,0,0,0,0,0,0
K01679,0,0,0,0,0,0,0,0
K10748,0,0,0,0,0,0,0,0
K07639,0,0,0,0,0,0,0,0
K07661,0,0,0,0,0,0,0,0
K13938,0,0,0,0,0,0,0,0
K03758,0,0,0,0,0,0,0,0
K00324,0,0,0,0,0,0,0,0
K00325,0,0,0,0,0,0,0,0
K07495,0,0,0,0,0,0,0,0
K14055,0,0,0,0,0,0,0,0
K14059,0,0,0,0,0,0,0,0
K10857,0,0,0,0,0,0,0,0
K10906,0,0,0,0,0,0,0,0
K22300,0,0,0,0,0,0,0,0
K02314,0,0,0,0,0,0,0,0
K00558,0,0,0,0,0,0,0,0
K01160,0,0,0,0,0,0,0,0
K07474,0,0,0,0,0,0,0,0
K03502,0,0,0,0,0,0,0,0
K01420,0,0,0,0,0,0,0,0
K12942,0,0,0,0,0,0,0,0
K00567,0,0,0,0,0,0,0,0
K12941,0,0,0,0,0,0,0,0
K12940,0,0,0,0,0,0,0,0
K14057,0,0,0,0,0,0,0,0
K02624,0,0,0,0,0,0,0,0
K01031,0,0,0,0,0,0,0,0
K01032,0,0,0,0,0,0,0,0
K00632,0,0,0,0,0,0,0,0
K01857,0,0,0,0,0,0,0,0
K01055,0,0,0,0,0,0,0,0
K02623,0,0,0,0,0,0,0,0
K01607,0,0,0,0,0,0,0,0
K11903,0,0,0,0,0,0,0,0
K00448,0,0,0,0,0,0,0,0
K00449,0,0,0,0,0,0,0,0
K03566,0,0,0,0,0,0,0,0
K14287,0,0,0,0,0,0,0,0
K10013,0,0,0,0,0,0,0,0
K03670,0,0,0,0,0,0,0,0
K11903,0,0,0,0,0,0,0,0
K16839,0,0,0,0,0,0,0,0
K03817,0,0,0,0,0,0,0,0
K03304,0,0,0,0,0,0,0,0
K16868,0,0,0,0,0,0,0,0
K05782,0,0,0,0,0,0,0,0
K07506,0,0,0,0,0,0,0,0
K21023,0,0,0,0,0,0,0,0
K24847,0,0,0,0,0,0,0,0
K00598,0,0,0,0,0,0,0,0
K13633,0,0,0,0,0,0,0,0
K23243,0,0,0,0,0,0,0,0
K08994,0,0,0,0,0,0,0,0
K09983,0,0,0,0,0,0,0,0
K00549,0,0,0,0,0,0,0,0
K05876,0,0,0,0,0,0,0,0
K02529,0,0,0,0,0,0,0,0
K10236,0,0,0,0,0,0,0,0
K10237,0,0,0,0,0,0,0,0
K10238,0,0,0,0,0,0,0,0
K10111,0,0,0,0,0,0,0,0
K01182,0,0,0,0,0,0,0,0
K01118,0,0,0,0,0,0,0,0
K03737,0,0,0,0,0,0,0,0
K07248,0,0,0,0,0,0,0,0
K03668,0,0,0,0,0,0,0,0
K09712,0,0,0,0,0,0,0,0
K07300,0,0,0,0,0,0,0,0
K01627,0,0,0,0,0,0,0,0
K02493,0,0,0,0,0,0,0,0
K02835,0,0,0,0,0,0,0,0
K02492,0,0,0,0,0,0,0,0
K02494,0,0,0,0,0,0,0,0
K00919,0,0,0,0,0,0,0,0
K00948,0,0,1,0,1,0,0,1
K03321,0,0,0,0,0,0,0,0
K01056,0,0,0,0,0,0,0,0
K06942,0,0,0,0,0,0,0,0
K08363,0,0,0,0,0,0,0,0
K01190,0,0,0,0,0,0,0,0
K02532,0,0,0,0,0,0,0,0
K21023,0,0,0,0,0,0,0,0
K10001,0,0,0,0,0,0,0,0
K00873,0,1,1,0,0,0,0,0
K19236,0,0,0,0,0,0,0,0
K06078,0,0,0,0,0,0,0,0
K11717,0,0,0,0,0,0,0,0
K02426,0,0,0,0,0,0,0,0
K09015,0,0,0,0,0,0,0,0
K09013,0,0,0,0,0,0,0,0
K09014,0,0,0,0,0,0,0,0
K05997,0,0,0,0,0,0,0,0
K11477,0,0,0,0,0,0,0,0
K12944,0,0,0,0,0,0,0,0
K07345,0,0,0,0,0,0,0,0
K19222,0,0,0,0,0,0,0,0
K17641,0,0,0,0,0,0,0,0
K01007,0,0,0,0,0,0,0,0
K03292,0,0,0,0,0,0,0,0
K09773,0,0,0,0,0,0,0,0
K01626,0,0,0,0,0,0,0,0
K11904,0,0,0,0,0,0,0,0
K12410,0,0,0,0,0,0,0,0
K00884,0,0,0,0,0,0,0,0
K09808,0,0,0,0,0,0,0,0
K09810,0,0,0,0,0,0,0,0
K09808,0,0,0,0,0,0,0,0
K03723,0,0,0,0,0,0,0,1
K19236,0,0,0,0,0,0,0,0
K12151,0,0,0,0,0,0,0,0
K07229,0,0,0,0,0,0,0,0
K22041,0,0,0,0,0,0,0,0
K02014,0,0,0,0,0,0,0,0
K03885,0,0,0,0,0,0,0,0
K06077,0,0,0,0,0,0,0,0
K07000,0,0,0,0,0,0,0,0
K01207,0,0,0,0,0,0,0,0
K07251,0,0,0,0,0,0,0,0
K07337,0,0,0,0,0,0,0,0
K02503,0,0,0,0,0,0,0,0
K16088,0,0,0,0,0,0,0,0
K02779,0,0,0,0,0,0,0,0
K03424,0,0,0,0,0,0,0,0
K02341,0,0,0,0,0,0,0,0
K00943,0,0,0,0,0,0,0,0
K07082,0,0,0,0,0,0,0,0
K02619,0,0,0,0,0,0,0,0
K09458,0,0,0,0,0,0,0,0
K00059,0,0,2,0,2,1,0,6
K02078,0,0,0,0,0,0,0,0
K00645,0,0,0,0,0,0,1,0
K00648,0,0,0,0,0,0,0,0
K03621,0,0,0,0,0,0,0,0
K07040,0,0,3,0,1,0,0,3
K02911,0,0,0,0,0,0,0,0
K06179,0,0,0,0,0,0,0,0
K25422,0,0,0,0,0,0,0,0
K08300,0,0,1,0,0,0,0,0
K02397,0,0,0,0,0,0,0,0
K02396,0,0,0,0,0,0,0,0
K02395,0,0,0,0,0,0,0,0
K02394,0,0,0,0,0,0,0,0
K02393,0,0,0,0,0,0,0,0
K02392,0,0,0,0,0,0,0,0
K02391,0,0,0,0,0,0,0,0
K02390,0,0,0,0,0,0,0,0
K02389,0,0,0,0,0,0,0,0
K02388,0,0,0,0,0,0,0,0
K02387,0,0,0,0,0,0,0,0
K02386,0,0,0,0,0,0,0,0
K02398,0,0,0,0,0,0,0,0
K02399,0,0,0,0,0,0,0,0
K03671,0,0,0,0,0,0,0,0
K03628,0,0,1,0,0,0,0,2
K02851,0,0,0,0,0,0,0,0
K05790,0,0,0,0,0,0,0,0
K01791,0,0,0,0,0,0,0,0
K02472,0,0,0,0,0,0,0,0
K16704,0,0,0,0,0,0,0,0
K02805,0,0,0,0,0,0,0,0
K16693,0,0,0,0,0,0,0,0
K12582,0,0,0,0,0,0,0,0
K02853,0,0,0,0,0,0,0,0
K02852,0,0,0,0,0,0,0,0
K02498,0,0,1,0,4,0,3,0
K02496,0,0,0,0,0,0,0,0
K01719,0,0,0,0,0,0,0,0
K01749,0,0,0,0,0,0,0,0
K05851,0,0,0,0,0,0,0,0
K06202,0,0,0,0,0,0,0,0
K01778,0,0,0,0,0,0,0,0
K09921,0,0,0,0,0,0,0,0
K03733,0,0,0,0,0,0,0,0
K20862,0,0,0,0,0,0,0,0
K03657,0,0,1,0,0,0,1,1
K03284,0,0,0,0,0,0,0,0
K05786,0,0,0,0,0,0,0,0
K01058,0,0,0,0,0,0,0,0
K03654,0,0,0,0,0,0,0,0
K05835,0,0,0,0,0,0,0,0
K05834,0,0,0,0,0,0,0,0
K01048,0,0,0,0,0,0,0,0
K21064,0,0,0,0,0,0,0,0
K03576,0,0,0,0,0,0,0,0
K00549,0,0,0,0,0,0,0,0
K07171,0,0,0,0,0,0,0,0
K07172,0,0,0,0,0,0,0,0
K01061,0,0,0,0,0,0,0,0
K00757,0,0,0,0,0,0,0,0
K09760,0,0,0,0,0,0,0,0
K03183,0,0,0,0,0,0,0,0
K03690,0,0,0,0,0,0,0,0
K03688,0,0,0,0,0,0,0,0
K03116,0,0,0,0,0,0,0,0
K03117,0,0,0,0,0,0,0,0
K03118,0,0,0,0,0,0,0,0
K03424,0,0,0,0,0,0,0,0
K01698,0,0,0,0,0,0,0,0
K05785,0,0,0,0,0,0,0,0
K03182,0,0,0,0,0,0,0,0
K05368,0,0,0,0,0,0,0,0
K00632,0,0,0,0,0,0,0,0
K01825,0,0,0,0,0,0,0,0
K03498,0,0,0,0,0,0,0,0
K00230,0,0,0,0,0,0,0,0
K04774,0,0,0,0,0,0,0,0
K03168,0,0,0,0,0,0,0,0
K13634,0,0,0,0,0,0,0,0
K01681,0,0,0,0,0,0,0,0
K01497,0,0,0,0,0,0,0,0
K01096,0,0,0,0,0,0,0,0
K08992,0,0,0,0,0,0,0,0
K19804,0,0,0,0,0,0,0,0
K01591,0,0,0,0,0,0,0,0
K03113,0,0,0,0,0,0,0,0
K04062,0,0,0,0,0,0,0,0
K04069,0,0,0,0,0,0,0,0
K21757,0,0,0,0,0,0,0,0
K13816,0,0,0,0,0,0,0,0
K14051,0,0,0,0,0,0,0,0
K01607,0,0,0,0,0,0,0,0
K01147,0,0,0,0,0,0,0,0
K00208,0,0,0,0,0,0,0,0
K19230,0,0,0,0,0,0,0,0
K19229,0,0,0,0,0,0,0,0
K19228,0,0,0,0,0,0,0,0
K19227,0,0,0,0,0,0,0,0
K19226,0,0,0,0,0,0,0,0
K03974,0,0,0,0,0,0,0,0
K03969,0,0,0,0,0,0,0,0
K03970,0,0,0,0,0,0,0,0
K03973,0,0,0,0,0,0,0,0
K03971,0,0,0,0,0,0,0,0
K06918,0,0,0,0,0,0,0,0
K08990,0,0,0,0,0,0,0,0
K03721,0,0,0,0,0,0,0,0
K11065,0,0,0,0,0,0,0,0
K19802,0,0,0,0,0,0,0,0
K14054,0,0,0,0,0,0,0,0
K15580,0,0,0,0,0,0,0,0
K16074,0,0,0,0,0,0,0,0
K14058,0,0,0,0,0,0,1,0
K12151,0,0,0,0,0,0,0,0
K05275,0,0,0,0,0,0,0,0
K06221,0,0,0,0,0,0,0,0
K18326,0,0,0,0,0,0,0,0
K02529,0,0,0,0,0,0,0,0
K00852,0,0,0,0,0,0,0,0
K10439,0,0,0,0,0,0,0,0
K10440,0,0,0,0,0,0,0,0
K10441,0,0,0,0,0,0,0,0
K03549,0,0,0,0,0,0,0,0
K06726,0,0,0,0,0,0,0,0
K03924,0,0,0,0,0,0,0,0
K01914,0,0,0,0,0,0,0,0
K03718,0,0,0,0,0,0,0,0
K06205,0,0,0,0,0,0,0,0
K03495,0,0,0,0,0,0,0,0
K03501,0,0,0,0,0,0,0,0
K02108,0,0,0,0,0,0,0,0
K02110,0,1,0,0,0,0,1,3
K02109,0,0,1,0,0,0,1,2
K02113,0,0,1,0,0,0,0,1
K02111,0,0,1,0,3,0,2,4
K02115,0,0,1,0,0,1,0,0
K22994,0,0,0,0,0,0,0,0
K02112,0,0,0,0,0,0,0,0
K02114,0,0,0,0,0,0,0,0
K04042,0,0,0,0,0,0,0,0
K00820,0,0,0,0,0,0,0,0
K08191,0,0,0,0,0,0,0,0
K06182,0,0,0,0,0,0,0,0
K02040,0,0,0,0,0,0,0,0
K02037,1,0,0,0,0,0,1,0
K02038,0,0,0,0,0,0,0,0
K02036,0,0,0,0,0,0,0,0
K03475,0,0,0,0,0,0,0,0
K02039,0,0,0,0,0,0,0,0
K02822,0,0,0,0,0,0,0,0
K02821,0,0,0,0,0,0,0,0
K06901,0,0,0,0,0,0,0,0
K13985,0,0,0,0,0,0,0,0
K18325,0,0,0,0,0,0,0,0
K19784,0,0,0,0,0,0,0,0
K03650,0,0,0,0,0,0,0,0
K03217,0,0,0,0,0,0,0,0
K03536,0,0,0,0,0,0,0,0
K02914,0,0,0,0,0,0,0,0
K02313,0,0,1,0,0,0,0,1
K02338,0,0,0,0,0,0,0,1
K03629,0,0,0,0,0,0,0,0
K10000,0,0,0,0,0,0,0,0
K09997,0,0,0,0,0,0,0,0
K09999,0,0,0,0,0,0,0,0
K09998,0,0,0,0,0,0,0,0
K03212,0,0,0,0,0,0,0,0
K09996,0,0,0,0,0,0,0,0
K11074,0,0,0,0,0,0,0,0
K11075,0,0,0,0,0,0,0,0
K11076,0,0,0,0,0,0,0,0
K11073,0,0,0,0,0,0,0,0
K05844,0,0,0,0,0,0,0,0
K11537,0,0,0,0,0,0,0,0
K03783,0,0,0,0,0,0,0,0
K10678,0,0,0,0,0,0,0,0
K03674,0,0,0,0,0,0,0,0
K07085,0,0,0,0,0,0,0,0
K07494,0,0,0,0,0,0,0,0
K23778,0,0,0,0,0,0,0,0
K20861,0,0,0,0,0,0,0,0
K11924,0,0,0,0,0,0,0,0
K11934,0,0,0,0,0,0,0,0
K11939,0,0,0,0,0,0,0,0
K04047,0,0,0,0,0,0,0,0
K02030,0,0,0,0,1,0,0,0
K02029,0,0,0,0,0,0,0,0
K02028,0,0,0,0,0,0,0,0
K22044,0,0,0,0,0,0,0,0
K06970,0,0,0,0,0,0,0,0
K13650,0,0,0,0,0,0,0,0
K21395,0,0,0,0,0,0,0,0
K21394,0,0,0,0,0,0,0,0
K11690,0,0,0,0,0,0,0,0
K03722,0,0,0,0,0,0,0,0
K12151,0,0,0,0,0,0,0,0
K18850,0,0,0,0,0,0,0,0
K21089,0,0,0,0,0,0,0,0
K05846,0,0,0,0,0,0,0,0
K05847,0,0,0,0,0,0,0,0
K05846,0,0,0,0,0,0,0,0
K05845,0,0,0,0,0,0,0,0
K19270,0,0,0,0,0,0,0,0
K08722,0,0,0,0,0,0,0,0
K14260,0,0,0,0,0,0,0,0
K00330,0,0,0,0,0,0,0,0
K00331,0,0,0,0,0,0,0,0
K13378,0,0,0,0,0,0,0,1
K00334,0,0,0,0,0,0,0,0
K00335,0,0,0,0,0,0,1,0
K00336,0,0,0,0,0,0,0,0
K00337,0,0,0,0,0,0,0,0
K00338,0,0,0,0,0,0,0,0
K00339,0,0,0,0,0,0,0,0
K00340,0,0,0,0,0,0,0,0
K00341,0,0,0,0,0,0,0,0
K00342,1,0,1,0,0,0,0,2
K00343,0,0,0,0,0,0,0,0
K01669,0,0,0,0,0,0,0,0
K23123,0,0,0,0,0,0,0,0
K23124,0,0,0,0,0,0,0,0
K01647,0,0,0,0,0,0,0,0
K00241,0,0,0,0,0,0,0,0
K00242,0,0,0,0,0,0,0,0
K00239,0,2,1,2,0,1,0,1
K00240,0,0,0,0,0,0,0,0
K00658,0,0,0,0,1,0,0,0
K01903,0,0,0,0,1,0,3,1
K01902,0,1,0,1,0,0,0,0
K00425,0,0,0,0,0,0,0,0
K00426,0,0,0,0,0,0,0,0
K00424,0,0,0,0,0,0,0,0
K07107,0,0,1,0,0,0,0,0
K03562,0,0,0,0,0,0,0,0
K03559,0,0,0,0,0,0,0,0
K03646,0,0,0,0,0,0,0,0
K03641,0,0,1,0,0,0,0,0
K03640,0,0,0,0,0,0,0,0
K19333,0,0,0,0,0,0,0,0
K08169,0,0,0,0,0,0,0,0
K03797,0,0,0,0,0,0,0,0
K03799,0,0,0,0,0,0,0,0
K03607,0,0,0,0,0,0,0,0
K08968,0,0,0,0,0,0,0,0
K03808,0,0,0,0,0,0,0,0
K06192,0,0,0,0,0,0,0,0
K11392,0,0,0,0,0,0,0,0
K07313,0,0,0,0,0,0,0,0
K03321,0,0,0,0,0,0,0,0
K02030,0,0,0,0,0,0,0,0
K03502,0,0,0,0,0,0,0,0
K05835,0,0,0,0,0,0,0,0
K03503,0,0,0,0,0,0,0,0
K21512,0,0,0,0,0,0,0,0
K22014,0,0,0,0,0,0,0,0
K19171,0,0,0,0,0,0,0,0
K04487,0,0,0,0,0,0,0,0
K22230,0,0,0,0,0,0,0,0
K05794,0,0,0,0,0,0,0,0
K07862,0,0,0,0,0,0,0,0
K01685,0,0,0,0,0,0,0,0
K01812,0,0,0,0,0,0,0,0
K08191,0,0,0,0,0,0,0,0
K19775,0,0,0,0,0,0,0,0
K03975,0,0,0,0,0,0,0,0
K25864,0,0,0,0,0,0,0,0
K05594,0,0,0,0,0,0,0,0
K15977,0,0,0,0,0,0,0,0
K07393,0,0,0,0,0,0,0,0
K06911,0,0,0,0,0,0,0,0
K00865,8812,4594,30676,13357,17173,6139,10119,46421
K00042,0,0,0,0,0,0,0,0
K01630,0,0,0,0,0,0,0,0
K12299,0,0,0,0,0,0,0,0
K01708,0,0,0,0,0,0,0,0
K08169,0,0,0,0,0,0,0,0
K02081,0,0,0,0,0,0,0,0
K16371,0,0,0,0,0,0,0,0
K02745,0,0,0,0,0,0,0,0
K02746,0,0,0,0,0,0,0,0
K02747,0,0,0,0,0,0,0,0
K02744,0,0,0,0,0,0,0,0
K02079,0,0,0,0,0,0,0,0
K02082,0,0,0,0,0,0,0,0
K08302,0,0,0,0,0,0,0,0
K07056,0,0,0,0,0,0,0,0
K07121,0,0,0,0,0,0,0,0
K07460,0,0,0,0,0,0,0,0
K12961,0,0,0,0,0,0,0,0
K04065,0,0,0,0,0,0,0,0
K25706,0,0,0,0,0,0,0,0
K08591,0,0,0,0,0,0,0,0
K01633,0,0,0,0,0,0,0,0
K06153,0,0,0,0,0,0,0,0
K15524,0,0,0,0,0,0,0,0
K23991,0,0,0,0,0,0,0,0
K00974,0,0,0,0,0,0,0,0
K02429,0,0,0,0,0,0,0,0
K07184,0,0,0,0,0,0,0,0
K18446,0,0,0,0,0,0,0,0
K00982,0,0,0,0,0,0,0,0
K03272,0,0,0,0,0,0,0,0
K09806,0,0,0,0,0,0,0,0
K07238,0,0,0,0,0,0,0,0
K02858,0,0,0,0,0,0,0,0
K15777,0,0,0,0,0,0,0,0
K12340,0,0,0,0,0,0,0,0
K01515,0,0,0,0,0,0,0,0
K09920,0,0,0,0,0,0,0,0
K03651,0,0,0,0,0,0,0,0
K07000,0,0,0,0,0,0,0,0
K02622,0,0,0,0,0,0,0,0
K07645,0,0,0,0,0,0,0,0
K03923,0,0,0,0,0,0,0,0
K07666,0,0,0,0,0,0,0,0
K02621,0,0,0,0,0,0,0,0
K00655,0,0,0,0,0,0,0,0
K04753,0,0,0,0,0,0,0,0
K06221,0,0,0,0,0,0,0,0
K08325,0,0,0,0,0,0,0,0
K03975,0,0,0,0,0,0,0,0
K01760,0,0,0,0,0,0,0,0
K03561,0,0,0,0,0,0,0,0
K03559,0,0,0,0,0,0,0,0
K08309,0,0,0,0,0,0,0,0
K01529,0,0,0,0,0,0,0,0
K03720,0,0,0,0,0,0,0,0
K05804,0,0,0,0,0,0,0,0
K15634,0,0,0,0,0,0,0,0
K05805,0,0,0,0,0,0,0,0
K07663,0,0,0,0,0,0,0,0
K07773,0,0,0,0,0,0,0,0
K02533,0,0,0,0,0,0,0,0
K12524,0,0,0,0,0,0,0,0
K00872,0,0,0,0,0,0,0,0
K01733,0,0,0,0,0,0,0,0
K01093,0,0,0,0,0,0,0,0
K00134,0,0,0,0,0,0,0,0
K13633,0,0,0,0,0,0,0,0
K09861,0,0,0,0,0,0,0,0
K03310,0,0,0,0,0,0,0,0
K00616,0,0,2,0,0,0,0,0
K03831,0,0,0,0,0,0,0,0
K07034,0,0,0,0,0,0,0,0
K04043,2,0,3,1,6,1,2,3
K03686,0,0,0,0,0,0,0,0
K03313,0,0,0,0,0,0,0,0
K03717,0,0,0,0,0,0,0,0
K02968,0,0,0,0,0,0,0,0
K11753,0,0,0,0,0,0,0,0
K01870,0,0,0,0,1,0,0,0
K13409,0,0,0,0,0,0,0,0
K03101,0,0,0,0,0,0,0,0
K03774,0,0,0,0,0,0,0,0
K03527,0,0,0,0,0,0,0,0
K13408,0,0,0,0,0,0,0,0
K13876,0,0,0,0,0,0,0,0
K01687,0,0,0,0,0,0,0,0
K13021,0,0,0,0,0,0,0,0
K08137,0,0,0,0,0,0,0,0
K01631,0,0,0,0,0,0,0,0
K00883,0,0,0,0,0,0,0,0
K19776,0,0,0,0,0,0,0,0
K12700,0,0,0,0,0,0,0,0
K16210,0,0,0,0,0,0,0,0
K13020,0,0,0,0,0,0,0,0
K13020,0,0,0,0,0,0,0,0
K00215,0,0,1,0,0,0,0,0
K01956,0,0,0,0,0,0,0,0
K01955,0,0,0,0,3,0,0,0
K11746,0,0,0,0,0,0,0,0
K11745,0,0,0,0,0,0,0,0
K05835,0,0,0,0,0,0,0,0
K01525,0,0,0,0,0,0,0,0
K00287,0,0,0,0,0,0,0,0
K02528,0,0,0,0,0,0,0,0
K06195,0,0,0,0,0,0,0,0
K00097,0,0,0,0,0,0,0,0
K03771,0,0,0,0,0,0,0,0
K04744,0,0,0,0,0,0,0,0
K03580,0,0,0,0,0,0,0,0
K05801,0,0,0,0,0,0,0,0
K06177,0,0,0,0,0,0,0,0
K02336,0,0,0,0,0,0,0,0
K01804,0,0,0,0,0,0,0,0
K03077,0,0,0,0,0,0,0,0
K00853,0,0,0,0,1,0,0,0
K02099,0,0,0,0,0,0,0,0
K03975,0,0,0,0,0,0,0,0
K02063,0,0,0,0,0,0,0,0
K02064,0,0,0,0,0,0,0,0
K11925,0,0,0,0,0,0,0,0
K03291,0,0,0,0,0,0,0,0
K02495,0,0,0,0,0,0,0,0
K01519,0,0,0,0,0,0,0,0
K09131,0,0,0,0,0,0,0,0
K02221,0,0,0,0,0,0,0,0
K06997,0,0,0,0,0,0,0,0
K07447,0,0,0,0,0,0,0,0
K07735,0,0,0,0,0,0,0,0
K01920,0,0,0,0,0,0,0,0
K09761,0,0,0,0,0,0,0,0
K01150,0,0,0,0,0,0,0,0
K08137,0,0,0,0,0,0,0,0
K02742,0,0,0,0,0,0,0,0
K00789,0,0,0,0,0,0,0,0
K01480,0,0,0,0,0,0,0,0
K07387,0,0,0,0,0,0,0,0
K00615,0,0,0,0,0,0,0,2
K16089,0,0,0,0,0,0,0,0
K03472,0,0,0,0,0,0,0,0
K00927,0,0,0,0,0,0,1,2
K01624,0,0,1,0,0,0,0,0
K07592,0,0,0,0,0,0,0,0
K01754,0,0,0,0,0,0,0,0
K03838,0,0,0,0,0,0,0,0
K00932,0,0,0,0,0,0,0,0
K00656,0,0,0,0,0,0,0,0
K03442,0,0,0,0,0,0,0,0
K06895,0,0,0,0,0,0,0,0
K05596,0,0,0,0,0,0,0,0
K09807,0,0,0,0,0,0,0,0
K01807,0,0,0,0,0,0,0,0
K00058,0,0,0,0,0,0,0,0
K08984,0,0,0,0,0,0,0,0
K01934,0,0,0,0,0,0,0,0
K09888,0,0,0,0,0,0,0,0
K09895,0,0,0,0,0,0,0,0
K01262,0,0,0,0,0,0,0,0
K03185,0,0,0,0,0,0,0,0
K18800,0,0,0,0,0,0,0,0
K00605,0,0,0,0,0,0,0,0
K02437,0,0,0,0,0,0,0,0
K00281,0,0,0,0,0,0,0,2
K00059,0,0,0,0,0,0,0,0
K02483,0,0,0,0,0,0,0,0
K00428,0,0,0,0,0,0,0,0
K01223,0,0,0,0,0,0,0,0
K07023,0,0,0,0,0,0,0,0
K06980,0,0,0,0,0,0,0,0
K11068,0,0,0,0,0,0,0,0
K09159,0,0,0,0,0,0,0,0
K03840,0,0,0,0,0,0,0,0
K19168,0,0,0,0,0,0,0,0
K04763,0,0,0,0,0,0,0,0
K03981,0,0,0,0,0,0,0,0
K07462,0,0,0,0,0,0,0,0
K02836,0,0,0,0,0,0,0,0
K04567,0,0,0,0,0,0,0,1
K12943,0,0,0,0,0,0,0,0
K01258,0,0,0,0,0,0,0,0
K12543,0,0,0,0,0,0,0,0
K12541,0,0,0,0,0,0,0,0
K12542,0,0,0,0,0,0,0,0
K18837,0,0,0,0,0,0,0,0
K18838,0,0,0,0,0,0,0,0
K03630,0,0,0,0,0,0,0,0
K06946,0,0,0,0,0,0,0,0
K07733,0,0,0,0,0,0,0,0
K07733,0,0,0,0,0,0,0,0
K18843,0,0,0,0,0,0,0,0
K19780,0,0,0,0,0,0,0,0
K07326,0,0,0,0,0,0,0,0
K15125,0,0,0,0,0,0,0,0
K12373,0,0,0,0,0,0,0,0
K00609,0,0,0,0,0,0,0,0
K00610,0,0,0,0,0,0,0,0
K09022,0,0,0,0,0,0,0,0
K01531,0,0,0,0,0,0,0,0
K03485,0,0,0,0,0,0,0,0
K02819,0,0,0,0,0,0,0,0
K01226,0,0,0,0,0,0,0,0
K21636,0,0,0,0,0,0,0,0
K04068,0,0,0,0,0,0,0,0
K17290,0,0,0,0,0,0,0,0
K11903,0,0,0,0,0,0,0,0
K09979,0,0,0,0,0,0,0,0
K03824,0,0,0,0,0,0,0,0
K07461,0,0,0,0,0,0,0,0
K24843,0,0,0,0,0,0,0,0
K24844,0,0,0,0,0,0,0,0
K24845,0,0,0,0,0,0,0,0
K03835,0,0,0,0,0,0,0,0
K07496,0,0,0,0,0,0,0,0
K05592,0,0,0,0,0,0,0,0
K00962,1,0,2,0,4,0,2,6
K05803,0,0,0,0,0,0,0,0
K02519,0,0,0,0,0,0,0,0
K03177,0,0,0,0,0,0,0,0
K02956,0,0,0,0,0,0,0,0
K02834,0,0,0,0,0,0,0,0
K02600,0,0,1,1,3,0,0,0
K09748,0,0,0,0,0,0,0,0
K03431,0,0,0,0,0,0,0,0
K03075,0,0,0,0,0,0,0,0
K03798,0,0,0,0,0,0,0,0
K00796,0,0,0,0,0,0,0,0
K02427,0,0,0,1,0,0,0,2
K03624,0,0,0,0,0,0,0,0
K07574,0,0,0,0,0,0,0,0
K07259,0,0,0,0,0,0,0,0
K07771,0,0,0,0,0,0,0,0
K12368,0,0,0,0,0,0,0,0
K01951,0,0,0,0,0,0,0,0
K18297,0,0,0,0,0,0,0,0
K00141,0,0,0,0,0,0,0,0
K05876,0,0,0,0,0,0,0,0
K05358,0,0,0,0,0,0,0,0
K12368,0,0,0,0,0,0,0,0
K03578,0,0,0,0,0,0,0,0
K01258,0,0,0,0,0,0,0,0
K01118,0,0,0,0,0,0,0,0
K13745,0,0,0,0,0,0,0,0
K00836,0,0,0,0,0,0,0,0
K09978,0,0,0,0,0,0,0,0
K03778,0,0,0,0,0,0,0,0
K06197,0,0,0,0,0,0,0,0
K07232,0,0,0,0,0,0,0,0
K06039,0,0,0,0,0,0,0,0
K15576,0,0,0,0,0,0,0,0
K15577,0,0,0,0,0,0,0,0
K15578,0,0,0,0,0,0,0,0
K00362,0,0,0,0,0,0,0,0
K00372,0,0,0,0,0,0,0,0
K13735,0,0,0,0,0,0,0,0
K07673,0,0,0,0,0,0,0,0
K07684,0,0,0,0,0,0,0,0
K02575,0,0,0,0,0,0,0,0
K13069,0,0,0,0,0,0,0,0
K00370,0,0,3,0,0,0,0,0
K00371,0,0,0,0,0,0,0,0
K00373,0,0,0,0,0,0,0,0
K00374,0,0,0,0,0,0,0,0
K01433,0,0,0,0,0,0,0,0
K09858,0,0,0,0,0,0,0,0
K07001,0,0,0,0,0,0,0,0
K02485,0,0,0,0,0,0,0,0
K00963,0,0,0,0,0,0,0,0
K00012,0,0,0,0,0,0,0,0
K08679,0,0,0,0,0,0,0,0
K04072,0,0,0,0,0,0,0,0
K03746,0,0,0,0,0,0,0,0
K00857,0,0,0,0,0,0,0,0
K05595,0,0,0,0,0,0,0,0
K15580,0,0,0,0,0,0,0,0
K03980,0,0,0,0,0,0,0,0
K03810,0,0,0,0,0,0,0,0
K09915,0,0,0,0,0,0,0,0
K03790,0,0,0,0,0,0,0,0
K08162,0,0,0,0,0,0,0,0
K03675,0,0,0,0,0,0,0,0
K12149,0,0,0,0,0,0,0,0
K12148,0,0,0,0,0,0,0,0
K02846,0,0,0,0,0,0,0,0
K07146,0,0,0,0,0,0,0,0
K02517,0,0,0,0,0,0,0,0
K03669,0,0,0,0,0,0,0,0
K08161,0,0,0,0,0,0,0,0
K12147,0,0,0,0,0,0,0,0
K03670,0,0,0,0,0,0,0,0
K06132,0,0,0,0,0,0,0,0
K11941,0,0,0,0,0,0,0,0
K23518,0,0,0,0,0,0,0,0
K03759,0,0,0,0,0,0,0,0
K01584,0,0,0,0,0,0,0,0
K06133,0,0,0,0,0,0,0,0
K00059,0,0,0,0,0,0,0,0
K00647,0,0,0,0,0,0,0,0
K03634,0,0,0,0,0,0,0,0
K07107,0,0,0,0,0,0,0,0
K02078,0,0,0,0,0,0,0,0
K02078,0,0,0,0,0,0,0,0
K04336,0,0,0,0,0,0,0,0
K04335,0,0,0,0,0,0,0,0
K04333,0,0,0,0,0,0,0,0
K04337,0,0,0,0,0,0,0,0
K04338,0,0,0,0,0,0,0,0
K02770,0,0,0,0,0,0,0,0
K01151,0,0,0,0,0,0,0,0
K00882,0,0,0,0,0,0,0,0
K11183,0,0,0,0,0,0,0,0
K07811,0,0,0,0,0,0,0,0
K03533,0,0,0,0,0,0,0,0
K03532,0,0,0,0,0,0,0,0
K00375,0,0,0,0,0,0,0,0
K03291,0,0,0,0,0,0,0,0
K06940,0,0,0,0,0,0,0,0
K02356,0,0,0,0,0,0,0,0
K01686,0,0,0,0,0,0,0,0
K22110,0,0,0,0,0,0,0,0
K00040,0,0,0,0,0,0,0,0
K19803,0,0,0,0,0,0,0,0
K13694,0,0,0,0,0,0,0,0
K21090,0,0,0,0,0,0,0,0
K13893,0,0,0,0,0,0,0,0
K13894,0,0,0,0,0,0,0,0
K13895,0,0,0,0,0,0,0,0
K02031,0,0,0,0,0,0,0,0
K07552,0,0,0,0,0,0,0,0
K06183,0,0,0,0,0,0,0,0
K19789,0,0,0,0,0,0,0,0
K06899,0,0,0,0,0,0,0,0
K02897,0,0,0,0,0,0,0,0
K09904,0,0,0,0,0,0,0,0
K07014,0,0,0,0,0,0,0,0
K12542,0,0,0,0,0,0,0,0
K12541,0,0,0,0,0,0,0,0
K12543,0,0,0,0,0,0,0,0
K03664,0,0,0,0,0,0,0,0
K03631,0,0,0,0,0,0,0,0
K18588,0,0,0,0,0,0,0,0
K06186,0,0,0,0,0,0,0,0
K09801,0,0,0,0,0,0,0,0
K00858,0,0,0,0,0,0,0,0
K03699,0,0,0,0,0,0,0,0
K03687,0,0,0,0,0,0,0,0
K03106,0,0,0,0,0,0,0,0
K02959,0,0,0,0,0,0,0,0
K02860,0,0,0,0,0,0,3,0
K00554,0,0,0,0,1,0,0,1
K02884,0,0,0,0,0,0,0,0
K01626,0,0,0,0,0,0,0,0
K14187,0,0,0,0,0,0,0,0
K14170,0,0,0,0,0,0,0,0
K05809,0,0,0,0,0,0,0,0
K05807,0,0,0,0,0,0,0,0
K06180,0,0,0,0,0,0,0,0
K05810,0,0,0,0,0,0,0,0
K03695,0,0,0,0,0,0,0,0
K15551,0,0,0,0,0,0,0,0
K10831,0,0,0,0,0,0,0,0
K15552,0,0,0,0,0,0,0,0
K03445,0,0,0,0,0,0,0,0
K03119,0,0,0,0,0,0,0,0
K02030,0,0,0,0,0,0,0,0
K02028,0,0,0,0,0,0,0,0
K04095,0,0,0,0,0,0,0,0
K07733,0,0,0,0,0,0,0,0
K07497,0,0,0,0,0,0,0,0
K07497,0,0,0,0,0,0,0,0
K07486,0,0,0,0,0,0,0,0
K06946,0,0,0,0,0,0,0,0
K12687,0,0,0,0,0,0,0,0
K03630,0,0,0,0,0,0,0,0
K18838,0,0,0,0,0,0,0,0
K03086,0,0,0,1,0,0,0,0
K18837,0,0,0,0,0,0,0,0
K02316,0,0,0,0,3,1,0,1
K02970,0,0,0,0,1,0,0,0
K21028,0,0,0,0,0,0,0,0
K01061,0,0,0,0,0,0,0,0
K05778,0,0,0,0,0,0,0,0
K05779,0,0,0,0,0,0,0,0
K05777,0,0,0,0,0,0,0,0
K01142,0,0,0,0,0,0,0,0
K00840,0,0,0,0,0,0,0,0
K00673,0,0,0,0,0,0,0,0
K06447,0,0,0,0,0,0,0,0
K01484,0,0,0,0,0,0,0,0
K05526,0,0,0,0,0,0,0,0
K01458,0,0,0,0,0,0,0,0
K06006,0,0,0,0,0,0,0,0
K01468,0,0,0,0,0,0,0,0
K05603,0,0,0,0,0,0,0,0
K05836,0,0,0,0,0,0,0,0
K09975,0,0,0,0,0,0,0,0
K01745,0,0,0,0,0,0,0,0
K01712,0,0,0,0,0,0,0,0
K01916,0,0,0,0,0,0,0,0
K03781,0,0,0,0,0,0,0,0
K04064,0,0,0,0,0,0,0,0
K07126,0,0,0,0,0,0,0,0
K06956,0,0,0,0,0,0,0,0
K07038,0,0,0,0,0,0,0,0
K00065,0,0,0,0,0,0,0,0
K24204,0,0,0,0,0,0,0,0
K15523,0,0,0,0,0,0,0,0
K16370,0,0,0,0,0,0,0,0
K07283,0,0,0,0,0,0,0,0
K01534,0,0,0,0,0,0,0,0
K11690,0,0,0,0,0,0,0,0
K18831,0,0,0,0,0,0,0,0
K21394,0,0,0,0,0,0,0,0
K21395,0,0,0,0,0,0,0,0
K04085,0,0,0,0,0,0,0,0
K09125,0,0,0,0,0,0,0,0
K11744,0,0,0,0,0,0,0,0
K16322,0,0,0,0,0,0,0,0
K06144,0,0,0,0,0,0,0,0
K01414,0,0,0,1,0,0,0,0
K06149,0,0,0,0,0,0,0,0
K19163,0,0,0,0,0,0,0,0
K15984,0,0,0,0,0,0,0,0
K19164,0,0,0,0,0,0,0,0
K07115,0,0,0,0,0,0,0,0
K00383,0,0,0,0,0,0,0,0
K23775,0,0,0,0,0,0,0,0
K06988,0,0,0,0,0,0,0,0
K06988,0,0,0,0,0,0,0,0
K07345,0,0,0,0,0,0,0,0
K07346,0,0,0,0,0,0,0,0
K07347,0,0,0,0,0,0,0,0
K07349,0,0,0,0,0,0,0,0
K07349,0,0,0,0,0,0,0,0
K03273,0,0,0,0,0,0,0,0
K02071,0,0,0,0,0,0,0,0
K02072,0,0,0,0,0,0,0,0
K02073,0,0,0,0,0,0,0,0
K06080,0,0,0,0,0,0,0,0
K22900,0,0,0,0,0,0,0,0
K01881,0,0,0,0,0,0,0,0
K06079,0,0,0,0,0,0,0,0
K15034,0,0,0,0,0,0,0,0
K04075,0,0,0,0,0,0,0,0
K17230,0,0,0,0,0,0,0,0
K19000,0,0,0,0,0,0,0,0
K01582,0,0,0,0,0,0,0,0
K08234,0,0,0,0,0,0,0,0
K02337,0,0,0,0,0,0,0,0
K01962,0,0,0,0,0,0,0,0
K03470,0,0,0,0,0,0,0,0
K00748,0,0,0,0,0,0,0,0
K00677,0,0,0,0,0,0,0,0
K02372,0,0,0,0,0,0,0,0
K02536,0,0,0,0,0,0,0,0
K07277,0,0,0,0,0,0,0,0
K06142,0,0,0,0,0,0,0,0
K11749,0,0,0,0,1,0,0,0
K00981,0,0,0,0,0,0,0,0
K00806,0,0,0,0,0,0,0,0
K00099,0,0,0,0,0,0,0,0
K02838,0,0,0,0,0,0,0,0
K09903,0,0,0,0,0,0,0,0
K02357,0,0,0,0,0,0,1,0
K02967,0,0,0,0,0,0,0,0
K01265,0,0,0,0,0,0,0,0
K00990,0,0,0,0,0,0,0,0
K00674,0,0,0,0,0,0,0,0
K02647,0,0,0,0,0,0,0,0
K04772,0,0,0,0,0,0,0,0
K01129,0,0,0,0,0,0,0,0
K01243,0,0,0,0,0,0,0,0
K06858,0,0,0,0,0,0,0,0
K03281,0,0,0,0,0,0,0,0
K15724,0,0,0,0,0,0,0,0
K23228,0,0,0,0,0,0,0,0
K01845,0,0,0,0,0,0,0,0
K23227,0,0,0,0,0,0,0,0
K02014,0,0,0,0,0,0,0,0
K10829,0,0,0,0,0,0,0,0
K05365,0,0,0,1,0,0,0,0
K03579,0,0,0,0,0,0,0,0
K01975,0,0,0,0,0,0,0,0
K06206,0,0,0,0,0,0,0,0
K06204,0,0,1,0,0,0,0,0
K01894,0,0,0,0,0,0,0,0
K00970,0,0,0,0,0,0,0,0
K00950,0,0,0,0,0,0,0,0
K00606,0,0,0,0,0,0,0,0
K01918,0,0,0,0,0,0,0,0
K01579,0,0,0,0,0,0,0,0
K01990,0,0,0,0,0,0,0,0
K01673,0,0,0,0,0,0,0,0
K00760,0,0,0,0,0,0,0,0
K00117,0,0,0,0,0,0,0,0
K14588,0,0,0,0,0,0,0,0
K01682,0,0,0,0,0,0,0,0
K09910,0,0,0,0,0,0,0,0
K00382,0,0,0,0,0,0,0,0
K00627,0,0,0,0,0,0,0,0
K00163,0,0,0,0,0,0,0,0
K05799,0,0,0,0,1,0,0,0
K11734,0,0,0,0,0,0,0,0
K03292,0,0,0,0,0,0,0,0
K03807,0,0,0,0,0,0,0,0
K03806,0,0,0,0,0,0,0,0
K00767,0,0,0,0,0,0,0,0
K02682,0,0,0,0,0,0,0,0
K02504,0,0,0,0,0,0,0,0
K02505,0,0,0,0,0,0,0,0
K00364,0,0,0,0,0,0,0,0
K03070,0,0,0,0,0,0,0,0
K00859,0,0,0,0,0,0,0,0
K18778,0,0,0,0,0,0,0,0
K03574,0,0,0,0,0,0,0,0
K09862,0,0,0,0,0,0,0,0
K13301,0,0,0,0,0,0,0,0
K02535,0,0,0,0,0,0,0,0
K03531,0,0,2,0,0,0,1,3
K03590,0,0,0,0,0,0,0,0
K03589,0,0,0,0,0,0,0,0
K01921,0,0,0,0,0,0,0,0
K01924,0,0,0,0,0,0,0,0
K02563,0,0,0,0,0,0,0,0
K03588,0,0,0,0,0,0,0,0
K01925,0,0,0,0,0,0,0,0
K01000,0,0,0,0,0,0,0,0
K01929,0,0,0,0,0,0,0,0
K01928,0,0,0,0,0,0,0,0
K03587,0,0,0,0,0,0,0,0
K03438,0,0,0,0,0,0,0,0
K03586,0,0,0,0,0,0,0,0
K03925,0,0,0,0,0,0,0,0
K03435,0,0,0,0,0,0,0,0
K01652,0,0,0,0,0,0,0,0
K01653,0,0,0,0,0,0,0,0
K05798,0,0,0,0,0,0,0,0
K01649,0,0,0,0,0,0,0,0
K00052,0,0,0,0,0,0,0,0
K01703,0,0,0,0,0,0,0,0
K01704,0,0,0,0,0,0,0,0
K03439,0,0,0,0,0,0,0,0
K09923,0,0,0,0,0,0,0,0
K03575,0,0,0,0,0,0,0,0
K08306,0,0,0,0,0,0,0,0
K03289,0,0,0,0,0,0,0,0
K00029,0,0,0,0,1,0,0,0
K03780,0,0,0,0,0,0,0,0
K03779,0,0,0,0,0,0,0,0
K13021,0,0,0,0,0,0,0,0
K07246,0,0,0,0,0,0,0,0
K11529,0,0,0,0,0,0,0,0
K03286,0,0,0,0,0,0,0,0
K11903,0,0,0,0,0,0,0,0
K11907,0,0,0,0,0,0,0,0
K11895,0,0,0,0,0,0,0,0
K11906,0,0,0,0,0,0,0,0
K11905,0,0,0,0,0,0,0,0
K11911,0,0,0,0,0,0,0,0
K03327,0,0,0,0,0,0,0,0
K00793,0,0,0,0,0,0,0,0
K01223,0,0,0,0,0,0,0,0
K02761,0,0,0,0,0,0,0,0
K00574,0,0,0,0,0,0,0,0
K07552,0,0,0,0,0,0,0,0
K03604,0,0,0,0,0,0,0,0
K04564,0,0,0,0,0,0,0,0
K19303,0,0,0,0,0,0,0,0
K03683,0,0,0,0,0,0,0,0
K07390,0,0,0,0,0,0,0,0
K10680,0,0,0,0,0,0,0,0
K01759,0,0,0,0,0,0,0,0
K16137,0,0,0,0,0,0,0,0
K04565,0,0,0,0,0,0,0,0
K06075,0,0,0,0,0,0,0,0
K06077,0,0,0,0,0,0,0,0
K09001,0,0,0,0,0,0,0,0
K00275,0,0,0,0,0,0,0,0
K01866,0,0,0,0,0,0,0,0
K00868,0,0,0,0,0,0,0,0
K00799,0,0,0,0,0,0,0,0
K08351,0,0,0,0,0,0,0,0
K03826,0,0,0,0,0,0,0,0
K01246,0,0,0,0,0,0,0,0
K08177,0,0,0,0,0,0,0,0
K12975,0,0,0,0,0,0,0,0
K12368,0,0,0,0,0,0,0,0
K12369,0,0,0,0,0,0,0,0
K12370,0,0,0,0,0,0,0,0
K12371,0,0,0,0,0,0,0,0
K12372,0,0,0,0,0,0,0,1
K00694,0,0,0,0,0,0,0,0
K20541,0,0,0,0,0,0,0,0
K20543,0,0,0,0,0,0,0,0
K20542,0,0,0,0,0,0,0,0
K21023,0,0,0,0,0,0,0,0
K11103,0,0,0,0,0,0,0,0
K01784,0,0,0,0,0,0,0,0
K02217,0,0,0,0,0,0,0,0
K02035,0,0,0,0,0,0,0,0
K02033,0,0,0,0,0,0,0,0
K02034,0,0,0,0,0,0,0,0
K15583,0,0,0,0,0,0,0,0
K02032,0,0,0,0,0,0,0,0
K07726,0,0,0,0,0,0,0,0
K07792,0,0,0,0,0,0,0,0
K07726,0,0,0,0,0,0,0,0
K02255,0,0,0,0,0,0,0,0
K02532,0,0,0,0,0,0,0,0
K18581,0,0,0,0,0,0,0,0
K03152,0,0,0,0,0,0,0,0
K10537,0,0,0,0,0,0,0,0
K10539,0,0,0,0,0,0,0,0
K10538,0,0,0,0,0,0,0,0
K03837,0,0,0,0,0,0,0,0
K10545,0,0,0,0,0,0,0,0
K10543,0,0,0,0,0,0,0,0
K01805,0,0,0,0,0,0,0,0
K00854,0,0,0,0,0,0,0,0
K06156,0,0,0,0,0,0,0,0
K00851,0,0,0,0,0,0,0,0
K06145,0,0,0,0,0,0,0,0
K06911,0,0,0,0,0,0,0,0
K16044,0,0,0,0,0,0,0,0
K00681,0,0,0,0,0,0,0,0
K03825,0,0,0,0,0,0,0,0
K01126,0,0,0,0,0,0,0,0
K05816,0,0,0,0,0,0,0,0
K05815,0,0,0,0,0,0,0,0
K05814,0,0,0,0,0,0,0,0
K05813,0,0,0,0,0,0,0,0
K07341,0,0,0,0,0,0,0,0
K01996,0,0,0,0,0,0,0,0
K19165,0,0,0,0,0,0,0,0
K01995,0,0,0,0,0,0,0,0
K01998,0,0,0,0,0,0,0,1
K01997,0,0,0,0,0,0,0,0
K01999,0,0,0,0,0,0,0,0
K01999,0,0,0,0,0,0,0,0
K03089,0,0,0,0,0,0,0,0
K09811,0,0,0,0,0,0,0,0
K03110,0,0,0,0,0,0,0,0
K09812,0,0,0,0,0,0,0,0
K08316,0,0,0,0,0,0,0,0
K08993,0,0,0,0,0,0,0,0
K00602,0,0,0,0,0,0,0,0
K01945,0,0,0,0,0,0,0,0
K05787,0,0,0,0,0,0,0,0
K09891,0,0,1,1,1,1,2,0
K05982,0,0,0,0,0,0,0,0
K01599,0,0,0,0,0,0,0,0
K03426,0,0,0,0,0,0,0,0
K07740,0,0,0,0,0,0,0,0
K03147,0,0,0,0,1,0,0,0
K00788,0,0,0,0,0,0,0,0
K03046,0,0,0,0,0,0,0,0
K03148,0,0,0,0,0,0,0,0
K03154,0,0,0,0,0,0,0,0
K03149,0,0,0,0,0,0,0,0
K03150,0,0,0,0,0,0,0,0
K02760,0,0,0,0,0,0,0,0
K02759,0,0,0,0,0,0,0,0
K03043,0,0,4,1,5,0,4,4
K02935,0,0,1,0,1,0,1,3
K02864,0,0,0,0,0,0,0,0
K02863,0,0,2,0,1,1,4,10
K02867,0,0,0,0,0,0,0,0
K02601,0,0,0,0,0,0,1,0
K02358,0,0,1,0,0,1,0,0
K03073,0,0,0,0,0,0,0,0
K19113,0,0,0,0,0,0,0,0
K00867,0,0,0,0,0,0,0,0
K01646,0,0,0,0,0,0,0,0
K01644,0,0,0,0,0,0,0,0
K01643,0,0,0,0,0,0,0,0
K05964,0,0,0,0,0,0,0,0
K05966,0,0,0,0,0,0,0,0
K09477,0,0,0,0,0,0,0,0
K01169,0,0,0,0,0,0,0,0
K06146,0,0,0,0,0,0,0,0
K00046,0,0,0,0,0,0,0,0
K00433,0,0,0,0,0,0,0,0
K19334,0,0,0,0,0,0,0,0
K03299,0,0,0,0,0,0,0,0
K16136,0,0,0,0,0,0,0,0
K06140,0,0,0,0,0,0,0,0
K07038,0,0,0,0,0,0,0,0
K03305,0,0,0,0,0,0,0,0
K01491,0,0,0,0,0,0,0,0
K14761,0,0,0,0,0,0,0,0
K07494,0,0,0,0,0,0,0,0
K21064,0,0,0,0,0,0,0,0
K04080,0,0,0,0,0,0,0,0
K04081,0,0,0,0,0,0,0,0
K07085,0,0,0,0,0,0,0,0
K03482,0,0,0,0,0,0,0,0
K02750,0,0,0,0,0,0,0,0
K01232,0,0,0,0,0,0,0,0
K01586,0,0,0,0,0,0,0,0
K01753,0,0,0,0,0,0,0,0
K13629,0,0,0,0,0,0,0,0
K13636,0,0,0,0,0,0,0,0
K02030,0,0,0,0,0,0,0,0
K02029,0,0,0,0,0,0,0,0
K08154,0,0,0,0,0,0,0,0
K02028,0,0,0,0,0,0,0,0
K03286,0,0,0,0,0,0,0,0
K03111,0,0,0,0,0,0,0,0
K01451,0,0,0,0,0,0,0,0
K10013,0,0,0,0,0,0,0,0
K13631,0,0,0,0,0,0,0,0
K13639,0,0,0,0,0,0,0,0
K00799,0,0,0,0,0,0,0,0
K06901,0,0,0,0,0,0,0,0
K24163,0,0,0,0,0,0,0,0
K01991,0,0,0,0,0,0,0,0
K16692,0,0,0,0,0,0,0,0
K06518,0,0,0,0,0,0,0,0
K14393,0,0,0,0,0,0,0,0
K01895,0,0,0,0,0,0,0,0
K22015,0,0,0,0,0,0,0,0
K01624,0,0,0,0,0,0,0,0
K07494,0,0,0,0,0,0,0,0
K13005,0,0,0,0,0,0,0,0
K12455,0,0,0,0,0,0,0,0
K12452,0,0,0,0,0,0,0,0
K01709,0,0,0,0,0,0,0,0
K00978,0,0,0,0,0,0,0,0
K00523,0,0,0,0,0,0,0,0
K00963,0,0,0,0,0,0,0,0
K16711,0,0,0,0,0,0,0,0
K16703,0,0,0,0,0,0,0,0
K16710,0,0,0,0,0,0,0,0
K16695,0,0,0,0,0,0,0,0
K03606,0,0,0,0,0,0,0,0
K01840,0,0,0,0,0,0,0,0
K16011,0,0,0,0,0,0,0,0
K03208,0,0,0,0,0,0,0,0
K03207,0,0,0,0,0,0,0,0
K02377,0,0,0,0,0,0,0,0
K01711,0,0,0,0,0,0,0,0
K03818,0,0,0,0,0,0,0,0
K13683,0,0,0,0,0,0,0,0
K13620,0,0,0,0,0,0,0,0
K10110,0,0,0,0,0,0,0,0
K10109,0,0,0,0,0,0,0,0
K13256,0,0,0,0,0,0,0,0
K10108,0,0,0,0,0,0,0,0
K10111,0,0,0,0,0,0,0,0
K02024,0,0,1,0,0,0,0,0
K05775,0,0,0,0,0,0,0,0
K00631,0,0,0,0,0,0,0,0
K03181,0,0,0,0,0,0,0,0
K03179,0,0,0,0,0,0,0,0
K01356,0,0,0,0,0,0,0,0
K03327,0,0,0,0,0,0,0,0
K09823,0,0,0,0,0,0,0,0
K05539,0,0,0,0,0,0,0,0
K00344,0,0,0,0,0,0,0,0
K02314,0,0,0,0,0,0,0,0
K01775,0,0,0,0,0,0,0,0
K00832,0,0,0,0,0,0,0,0
K01223,0,0,0,0,0,0,0,0
K18297,0,0,0,0,0,0,0,0
K02757,0,0,0,0,0,0,0,0
K03488,0,0,0,0,0,0,0,0
K03787,0,0,0,0,0,0,0,0
K05541,0,0,0,0,0,0,0,0
K11927,0,0,0,0,0,0,0,0
K23777,0,0,0,0,0,0,0,0
K25183,0,0,0,0,0,0,0,0
K25182,0,0,0,0,0,0,0,0
K25181,0,0,0,0,0,0,0,0
K25180,0,1,0,0,0,0,0,0
K06131,0,0,0,0,0,0,0,0
K07027,0,0,0,0,0,0,0,0
K06890,0,0,0,0,0,0,0,0
K03635,0,0,0,0,0,0,0,0
K03637,0,0,0,0,0,0,0,0
K03636,0,0,0,0,0,0,0,0
K03638,0,0,0,0,0,0,0,0
K03639,0,0,0,0,0,0,0,0
K03702,0,0,0,0,0,0,0,0
K11963,0,0,0,0,0,0,0,0
K01935,0,0,0,0,0,0,0,0
K02169,0,0,0,0,0,0,0,0
K00652,0,0,0,0,0,0,0,0
K01012,0,0,0,0,0,0,0,0
K00833,0,0,0,0,0,0,0,0
K01051,0,0,0,0,0,0,0,0
K07404,0,0,0,0,0,0,0,0
K21064,0,0,0,0,0,0,0,0
K14060,0,0,0,0,0,0,0,0
K06400,0,0,0,0,0,0,0,0
K02017,0,0,0,0,0,0,0,0
K02018,0,0,0,0,0,0,0,0
K02020,0,0,0,0,0,0,0,0
K06213,0,0,0,0,0,0,0,0
K06159,0,0,0,0,0,0,0,0
K03919,0,0,0,0,0,0,0,0
K10778,0,0,0,0,0,0,0,0
K03734,0,0,0,0,0,0,0,0
K09475,0,0,0,0,0,0,0,0
K07676,0,0,0,0,0,0,0,0
K07677,0,0,0,0,0,0,0,0
K07687,0,0,0,0,0,0,0,0
K02469,0,0,0,0,0,0,0,0
K00568,0,0,0,0,0,0,0,0
K00525,0,0,0,0,0,0,0,2
K00526,0,0,0,0,0,0,0,0
K02445,0,0,0,0,0,0,0,0
K00111,0,0,0,0,0,0,0,0
K00112,0,0,0,0,0,0,0,0
K00113,0,0,0,0,0,0,0,0
K03742,0,0,0,0,0,0,0,0
K03781,0,0,0,0,0,0,0,0
K01911,0,0,0,0,0,0,0,0
K02549,0,0,0,0,0,0,0,0
K01661,0,0,0,0,0,0,0,0
K02551,0,0,0,0,0,0,0,0
K08680,0,0,0,0,0,0,0,0
K02552,0,0,0,0,0,0,0,0
K05594,0,0,0,0,0,0,0,0
K02348,0,0,0,0,0,0,0,0
K01546,0,0,0,0,0,0,0,0
K01547,0,0,0,0,1,0,0,0
K01548,0,0,0,0,0,0,0,0
K07646,0,0,0,0,0,0,0,0
K01835,0,0,0,0,0,0,0,0
K07667,0,0,0,0,0,0,0,0
K03645,0,0,0,0,0,0,0,0
K01175,0,0,0,0,0,0,0,0
K03839,0,0,0,0,0,0,0,0
K03711,0,0,0,0,0,0,0,0
K01886,0,0,0,0,0,0,0,0
K02804,0,0,0,0,0,0,0,0
K02564,0,0,0,0,0,0,0,0
K01443,0,0,0,0,0,0,0,0
K02565,0,0,0,0,0,0,0,0
K02566,0,0,0,0,0,0,0,0
K01953,0,0,0,0,0,0,0,0
K03184,0,0,1,0,2,0,5,5
K06168,0,0,0,0,0,0,0,0
K06217,0,0,0,0,0,0,0,0
K07042,0,0,0,0,0,0,0,0
K06189,0,0,0,0,0,0,0,0
K03820,0,0,0,0,0,0,0,0
K10001,0,0,0,0,0,0,0,0
K10003,0,0,0,0,0,0,0,0
K10002,0,0,0,0,0,0,0,0
K21395,0,0,0,0,0,0,0,0
K10004,0,0,0,0,0,0,0,0
K01869,0,0,0,0,0,0,0,0
K03643,0,0,0,0,0,0,0,0
K02340,0,0,0,0,0,0,0,0
K04720,0,0,0,0,0,0,0,0
K00969,0,0,0,0,0,0,0,0
K02226,0,0,0,0,0,0,0,0
K09710,0,0,0,0,0,0,0,0
K00783,0,0,0,0,0,0,0,0
K05515,0,0,0,0,0,0,0,0
K05837,0,0,0,0,0,0,0,0
K03642,0,0,0,0,0,0,0,0
K07258,0,0,0,0,0,0,0,0
K09158,0,0,0,0,0,0,0,0
K03801,0,0,0,0,0,0,0,0
K01810,0,0,0,0,0,0,0,0
K00928,0,0,0,0,0,0,0,0
K03453,0,0,0,0,0,0,0,0
K06182,0,0,0,0,0,0,0,0
K00548,0,0,0,0,0,0,0,0
K03324,0,0,0,0,0,0,0,0
K00906,0,0,0,0,0,0,0,0
K13641,0,0,0,0,0,0,0,0
K01637,0,0,0,0,0,0,0,0
K01638,0,0,0,0,0,0,0,0
K00651,0,0,0,0,0,0,0,0
K06905,0,0,0,0,0,0,0,0
K06907,0,0,0,0,0,0,0,0
K06908,0,0,0,0,0,0,0,0
K01358,0,0,0,0,0,0,0,0
K01185,0,0,0,0,0,0,0,0
K06946,0,0,0,0,0,0,0,0
K06400,0,0,0,0,0,0,0,0
K03497,0,0,0,0,0,0,0,0
K11891,0,0,0,0,0,0,0,0
K01485,0,0,0,0,0,0,0,0
K09022,0,0,0,0,0,0,0,0
K01470,0,0,0,0,0,0,0,0
K02049,0,0,0,0,0,0,0,0
K02050,0,0,0,0,0,0,0,0
K25859,0,0,0,0,0,0,0,0
K02019,0,0,0,0,0,0,0,0
K05776,0,0,0,0,0,0,0,0
K01784,0,0,0,0,0,0,0,0
K00965,0,0,0,0,0,0,0,0
K00849,0,0,0,0,0,0,0,0
K01785,0,0,0,0,0,0,0,0
K01626,0,0,0,0,0,0,0,0
K01834,0,0,0,0,0,0,0,0
K16264,0,0,0,0,0,0,0,0
K03811,0,0,0,0,0,0,0,0
K03517,0,0,0,0,0,0,0,0
K12518,0,0,0,0,0,0,0,0
K12519,0,0,0,0,0,0,0,0
K07345,0,0,0,0,0,0,0,0
K03407,0,0,0,0,0,0,0,0
K03408,0,0,0,0,0,0,0,0
K02557,0,0,0,0,0,0,0,0
K02556,0,0,0,0,0,0,0,0
K02402,0,0,0,0,0,0,0,0
K02403,0,0,0,0,0,0,0,0
K00697,0,0,0,0,0,0,0,0
K14064,0,0,0,0,0,0,0,0
K01087,0,0,0,0,0,0,0,0
K16087,0,0,0,0,0,0,0,0
K07225,0,0,0,0,0,0,0,0
K25132,0,0,0,0,0,0,0,0
K25133,0,0,0,0,0,0,0,0
K08997,0,0,0,0,0,0,0,0
K10834,0,0,0,0,0,0,0,0
K02529,0,0,0,0,0,0,0,0
K13695,0,0,0,0,0,0,0,0
K06074,0,0,0,0,0,0,0,0
K00432,0,0,0,0,0,0,0,0
K01890,0,0,0,0,0,0,0,0
K06073,0,0,0,0,0,0,0,0
K04764,0,0,0,0,0,0,0,0
K01889,0,0,0,0,0,0,0,1
K01868,0,0,0,0,0,0,0,0
K02887,0,0,0,0,0,0,0,0
K02916,0,0,0,0,0,0,0,0
K02520,0,0,0,0,0,0,0,0
K07349,0,0,0,0,0,0,0,0
K02760,0,0,0,0,0,0,0,0
K02761,0,0,0,0,0,0,0,0
K02759,0,0,0,0,0,0,0,0
K02024,0,0,0,0,0,0,0,0
K03790,0,0,0,0,0,0,0,0
K18900,0,0,0,0,0,0,0,0
K07058,0,0,0,0,0,0,0,0
K07290,0,0,0,0,0,0,0,0
K19163,0,0,0,0,0,0,0,0
K19164,0,0,0,0,0,0,0,0
K21086,0,0,0,0,0,0,0,0
K00874,0,0,0,0,0,0,0,0
K03151,0,0,0,0,0,0,0,0
K03602,0,0,0,0,0,0,0,0
K00795,0,0,0,0,0,0,0,0
K01662,0,0,0,0,0,0,0,0
K23107,0,0,0,0,0,0,0,0
K01095,0,0,0,0,0,0,0,0
K00946,0,0,0,0,0,0,0,0
K03625,0,0,0,0,0,0,0,0
K11752,0,0,0,0,0,0,0,0
K00794,0,0,0,0,0,0,0,0
K07738,0,0,0,0,0,0,0,0
K05517,0,0,0,0,0,0,0,0
K03074,0,0,0,0,0,0,0,0
K03072,0,0,0,0,0,0,0,0
K00773,0,0,0,0,0,0,0,0
K03210,0,0,0,0,0,0,0,0
K07568,0,0,0,0,0,0,0,0
K08682,0,0,0,0,0,0,0,0
K03386,0,0,0,0,0,0,0,0
K20920,0,0,0,0,0,0,0,0
K20988,0,0,0,0,0,0,0,0
K07039,0,0,0,0,0,0,0,0
K13635,1,3,5,1,7,2,8,8
K19338,0,0,0,0,0,0,0,0
K08344,0,0,0,0,0,0,0,0
K01241,0,0,0,0,0,0,0,0
K01262,0,0,0,0,0,0,0,0
K11892,0,0,0,0,0,0,0,0
K11893,0,0,0,0,0,0,0,0
K11900,0,0,0,0,0,0,0,0
K11901,0,0,0,0,0,0,0,0
K21908,0,0,0,0,0,0,0,0
K18456,0,0,0,0,0,0,0,0
K13694,0,0,0,0,0,0,0,0
K02430,0,0,0,0,0,0,0,0
K03406,0,0,0,0,0,0,0,0
K03559,0,0,0,0,0,0,0,0
K06894,0,0,0,0,0,0,0,0
K05367,0,0,0,0,0,0,0,0
K00940,0,0,0,0,0,0,1,0
K06941,0,0,0,0,0,0,0,0
K15539,0,0,0,0,0,0,0,0
K03526,0,0,0,0,0,0,0,0
K01892,0,0,0,0,0,0,0,0
K17713,0,0,0,0,0,0,0,0
K03977,0,0,1,0,0,0,0,0
K07733,0,0,0,0,0,0,0,0
K03736,0,0,0,0,0,0,0,0
K03735,0,0,0,0,0,0,0,0
K03601,0,0,0,0,0,0,0,0
K00088,0,0,0,0,1,1,0,0
K01951,0,0,0,0,0,0,0,0
K07483,0,0,0,0,0,0,0,0
K15986,0,0,0,0,0,0,0,0
K10680,0,0,0,0,0,0,0,0
K01524,0,0,0,0,0,0,0,0
K00937,0,0,0,0,0,0,0,0
K11175,0,0,0,0,0,0,0,0
K01933,0,0,0,0,0,0,0,0
K00761,0,0,0,0,0,0,0,0
K02824,0,0,0,0,0,0,0,0
K01423,0,0,0,0,0,0,0,0
K10763,0,0,0,0,0,0,0,0
K00537,0,0,0,0,0,0,0,0
K03548,0,0,0,0,0,0,0,0
K03564,0,0,0,0,0,0,0,0
K03567,0,0,0,0,0,0,0,0
K01714,0,0,0,0,0,0,0,0
K07287,0,0,0,0,0,0,0,0
K01923,0,0,0,0,0,0,0,0
K07054,0,0,0,0,0,0,0,0
K06957,0,0,0,0,0,0,0,0
K06999,0,0,0,0,0,0,0,0
K01439,0,0,0,0,0,0,0,0
K18138,0,0,0,0,0,0,0,0
K00760,0,0,0,0,0,0,0,0
K07674,0,0,0,0,0,0,0,0
K07685,0,0,0,0,0,0,0,0
K00266,0,0,0,0,0,0,0,0
K23237,0,0,0,0,0,0,0,0
K03315,0,0,0,0,0,0,0,0
K14155,0,0,0,0,0,0,0,0
K02572,0,0,0,0,0,0,0,0
K02570,0,0,0,0,1,0,0,0
K02567,0,0,0,0,0,0,0,0
K02568,0,0,0,0,0,0,0,0
K02569,0,0,0,0,0,0,0,0
K12945,0,0,0,0,0,0,0,0
K00615,0,0,0,0,0,0,0,0
K00616,0,0,0,0,0,0,0,0
K00027,0,0,0,0,0,0,0,0
K00228,0,0,0,0,0,0,0,0
K01448,0,0,0,0,0,0,0,0
K07223,0,0,0,0,0,0,0,0
K02048,0,0,0,0,0,0,0,0
K02046,0,0,0,0,0,0,0,0
K02047,0,0,0,0,0,0,0,0
K02045,0,0,0,0,0,0,0,0
K08483,0,0,3,1,2,0,0,4
K12339,0,0,0,0,0,0,0,0
K02777,0,0,0,0,0,0,0,0
K01738,0,0,0,0,0,0,0,0
K02784,0,0,0,0,0,0,0,0
K06203,0,0,0,0,0,0,0,0
K03528,0,0,0,0,0,0,0,0
K01972,0,0,0,0,0,0,0,0
K14347,0,0,0,0,0,0,0,0
K09954,0,0,0,0,0,0,0,0
K17737,0,0,0,0,0,0,0,0
K01885,0,0,0,0,0,0,0,0
K21085,0,0,0,0,0,0,0,0
K11535,0,0,0,0,0,0,0,0
K03322,0,0,0,0,0,0,0,0
K19265,0,0,0,0,0,0,0,0
K04103,0,0,0,0,0,0,0,0
K00845,0,0,0,0,0,0,0,0
K02478,0,0,0,0,0,0,0,0
K02477,0,0,0,0,0,0,0,0
K14261,0,0,0,0,0,0,0,0
K13727,0,0,0,0,0,0,0,0
K03644,0,0,0,0,0,0,0,0
K03425,0,0,0,0,0,0,0,0
K07787,0,0,0,0,0,0,0,0
K06199,0,0,0,0,0,0,0,0
K03704,0,0,0,0,0,0,0,0
K12973,0,0,0,0,0,0,0,0
K07798,0,0,0,0,0,0,0,0
K07810,0,0,0,0,0,0,0,0
K03326,0,0,0,0,0,0,0,0
K07700,0,0,0,0,0,0,0,0
K07702,0,0,0,0,0,0,0,0
K15836,0,0,0,0,0,0,0,0
K03406,0,0,0,0,0,0,0,0
K04655,0,0,0,0,0,0,0,0
K04654,0,0,0,0,0,0,0,0
K04652,0,0,0,0,0,0,0,0
K04653,0,0,0,0,0,0,0,0
K04651,0,0,0,0,0,0,0,0
K15833,0,0,0,0,0,0,0,0
K15827,0,0,0,0,0,0,0,0
K15828,0,0,0,0,0,0,0,0
K15829,0,0,0,0,0,0,0,0
K15830,0,0,1,0,0,0,0,0
K15831,0,0,0,0,0,0,0,0
K15832,0,0,0,0,0,0,0,0
K15834,0,0,0,0,0,0,0,0
K08315,0,0,0,0,0,0,0,0
K07484,0,0,0,0,0,0,0,0
K05796,0,0,0,0,0,0,0,0
K22015,0,0,0,0,0,0,0,0
K04656,0,0,0,0,0,0,0,0
K00835,0,0,0,0,0,0,0,0
K07241,0,0,0,0,0,0,0,0
K01176,0,0,0,0,0,0,0,0
K03796,0,0,0,0,0,0,0,0
K10544,0,0,0,0,0,0,0,0
K07498,0,0,0,0,0,0,0,0
K07480,0,0,0,0,0,0,0,0
K03497,0,0,0,0,0,0,0,0
K07498,0,0,0,0,0,0,0,0
K07484,0,0,0,0,0,0,0,0
K18837,0,0,0,0,0,0,0,0
K18838,0,0,0,0,0,0,0,0
K03630,0,0,0,0,0,0,0,0
K06946,0,0,0,0,0,0,0,0
K07733,0,0,0,0,0,0,0,0
K03491,0,0,0,0,0,0,0,0
K07404,0,0,0,0,0,0,0,0
K17463,0,0,0,0,0,0,0,0
K01042,0,0,0,0,0,0,0,0
K05349,0,0,0,0,0,0,0,0
K05845,0,0,0,0,0,0,0,0
K03777,0,0,0,0,0,0,0,0
K07262,0,0,0,0,0,0,0,0
K15550,0,0,0,0,0,0,0,0
K03975,0,0,0,0,0,0,0,0
K07733,0,0,0,0,0,0,0,0
K18837,0,0,0,0,0,0,0,0
K05591,0,0,0,0,0,0,0,0
K12262,0,0,0,0,0,0,0,0
K11903,0,0,0,0,0,0,0,0
K23239,0,0,0,0,0,0,0,0
K00121,0,0,0,0,0,0,0,0
K03297,0,0,0,0,0,0,0,0
K00426,0,0,0,0,0,0,0,0
K00425,0,0,0,0,0,0,0,0
K03790,0,0,0,0,0,0,0,0
K02055,0,0,0,0,0,0,0,0
K02052,0,0,0,0,0,0,0,0
K00137,0,0,0,0,0,0,0,0
K09946,0,0,0,0,0,0,0,0
K09900,0,0,0,0,0,0,0,0
K09794,0,0,0,0,0,0,0,0
K07229,0,0,0,0,0,0,0,0
K10947,0,0,0,0,0,0,0,0
K05874,0,0,0,0,0,0,0,0
K07154,0,0,0,0,0,0,0,0
K07154,0,0,0,0,0,0,0,0
K21613,0,0,0,0,0,0,0,0
K24116,0,0,0,0,0,0,0,0
K02030,0,0,0,0,0,0,0,0
K02029,0,0,0,0,0,0,0,0
K02028,0,0,0,0,0,0,0,0
K02030,0,0,0,0,0,0,0,0
K03834,0,0,0,0,0,0,0,0
K02618,0,0,0,0,0,0,0,0
K02609,0,0,0,0,0,0,0,0
K02610,0,0,0,0,0,0,0,0
K02611,0,0,0,0,0,0,0,0
K02612,0,0,0,0,0,0,0,0
K02613,0,0,0,0,0,0,0,0
K01692,0,0,0,0,0,0,0,0
K15866,0,0,0,0,0,0,0,0
K00074,0,0,0,0,0,0,0,0
K02614,0,0,0,0,0,0,0,0
K02615,0,0,0,0,0,0,0,0
K01912,0,0,0,0,0,0,0,0
K02616,0,0,0,0,0,0,0,0
K02617,0,0,0,0,0,0,0,0
K23243,0,0,0,0,0,0,0,0
K01223,0,0,0,0,0,0,0,0
K01223,0,0,0,0,0,0,0,0
K02757,0,0,0,0,0,0,0,0
K03488,0,0,0,0,0,0,0,0
K09936,0,0,0,0,0,0,0,0
K09936,0,0,0,0,0,0,0,0
K21976,0,0,0,0,0,0,0,0
K21975,0,0,0,0,0,0,0,0
K21974,0,0,0,0,0,0,0,0
K21973,0,0,0,0,0,0,0,0
K21972,0,0,0,0,0,0,0,0
K02016,0,0,0,0,0,0,0,0
K02015,0,0,0,0,0,0,0,0
K02013,0,0,0,0,0,0,0,0
K13688,0,0,0,0,0,0,0,0
K07154,0,0,0,0,0,0,0,0
K11811,0,0,0,0,0,0,0,0
K03892,0,0,0,0,0,0,0,0
K03893,0,0,0,0,0,0,0,0
K00537,0,0,0,0,0,0,0,0
K03406,0,0,0,0,0,0,0,0
K17836,0,0,0,0,0,0,0,0
K02013,0,0,0,0,0,0,0,0
K02020,0,0,0,0,0,0,0,0
K02015,0,0,0,0,0,0,0,0
K02016,0,0,0,0,0,0,0,0
K02013,0,0,0,0,0,0,0,0
K02016,0,0,0,0,0,0,0,0
K03885,0,0,0,0,0,0,0,0
K03805,0,0,0,0,0,0,0,0
K00041,0,0,0,0,0,0,0,0
K09824,0,1,0,0,0,0,0,0
K01425,0,0,0,0,0,0,0,0
K08324,0,0,0,0,0,0,0,0
K21959,0,0,0,0,0,0,0,0
K06998,0,0,0,0,0,0,0,0
K08159,0,0,0,0,0,0,0,0
K05595,0,0,0,0,0,0,0,0
K03712,0,0,0,0,0,0,0,0
K15268,0,0,0,0,0,0,0,0
K13632,0,0,0,0,0,0,0,0
K13630,0,0,0,0,0,0,0,0
K22479,0,0,0,0,0,0,0,0
K11963,0,0,0,0,0,0,0,0
K11962,0,0,0,0,0,0,0,0
K11961,0,0,0,0,0,0,0,0
K11960,0,0,0,0,0,0,0,0
K01941,0,0,0,0,0,0,0,0
K11959,0,0,0,0,0,0,0,0
K01457,0,0,0,0,0,0,0,0
K01687,0,0,0,0,0,0,0,0
K01754,0,0,0,0,0,0,0,0
K02521,0,0,0,0,0,0,0,0
K00053,1,0,0,0,0,0,0,0
K03656,0,0,0,0,0,0,0,0
K01524,0,0,0,0,0,0,0,0
K03732,0,0,0,0,0,0,0,0
K07160,0,0,0,0,0,0,0,0
K07552,0,0,0,0,0,0,0,0
K07274,0,0,0,0,0,0,0,0
K14060,0,0,0,0,0,0,0,0
K03800,0,0,0,0,0,0,0,0
K07186,0,0,0,0,0,0,0,0
K01079,0,0,0,0,0,0,0,0
K04485,0,0,0,0,0,0,0,0
K06020,0,0,0,0,0,0,0,0
K06211,0,0,0,0,0,0,0,0
K08309,0,0,0,0,0,0,0,0
K11891,0,0,0,0,0,0,0,0
K11893,0,0,0,0,0,0,0,0
K11902,0,0,0,0,0,0,0,0
K12064,0,0,0,0,0,0,0,0
K12065,0,0,0,0,0,0,0,0
K12066,0,0,0,0,0,0,0,0
K12067,0,0,0,0,0,0,0,0
K12068,0,0,0,0,0,0,0,0
K04338,0,0,0,0,0,0,0,0
K06214,0,0,0,0,0,0,0,0
K23349,0,0,0,0,0,0,0,0
K18138,0,0,0,0,1,0,0,0
K12972,0,0,0,0,0,0,0,0
K13735,0,0,0,0,0,0,0,0
K23773,0,0,0,0,0,0,0,0
K07391,0,0,0,0,0,0,0,0
K09897,0,0,0,0,0,0,0,0
K01652,0,0,0,0,0,0,0,0
K11258,0,0,0,0,0,0,0,0
K00826,0,0,0,0,0,0,0,0
K18979,0,0,2,0,3,1,3,0
K23997,0,0,0,0,0,0,0,0
K06925,0,0,0,0,0,0,0,0
K01448,0,0,0,0,0,0,0,0
K03572,0,0,0,0,0,0,0,0
K01002,0,0,0,0,0,0,0,0
K02362,0,0,0,0,0,0,0,0
K00262,0,0,0,0,0,0,0,0
K24119,0,0,0,0,0,0,0,0
K03387,0,0,0,0,0,0,0,0
K01883,0,0,0,0,0,0,0,0
K03767,0,0,0,0,0,0,0,0
K03269,0,0,0,0,0,0,0,0
K01588,0,0,0,0,0,0,0,0
K01589,0,0,0,0,0,0,0,0
K06917,0,0,0,0,0,0,0,0
K09958,0,0,0,0,0,0,0,0
K25227,0,0,0,0,0,0,0,0
K25227,0,0,0,0,0,0,0,0
K00549,0,0,0,0,0,0,0,0
K02004,0,0,0,0,0,0,0,0
K02003,0,0,0,0,0,0,0,0
K10804,0,0,0,0,0,0,0,0
K05838,0,0,0,0,0,0,0,0
K07340,0,0,0,0,0,0,0,0
K19591,0,0,0,0,0,0,0,0
K21449,0,0,0,0,0,0,0,0
K11004,0,0,0,0,0,0,0,0
K11003,0,0,0,0,0,0,0,0
K12340,0,0,0,0,0,0,0,0
K17686,0,0,0,0,0,0,0,0
K09973,0,0,0,0,0,0,0,0
K11751,0,0,0,0,0,0,0,0
K03976,0,0,0,0,0,0,0,0
K13652,0,0,0,0,0,0,0,0
K08223,0,0,0,0,0,0,0,0
K03455,0,0,0,0,0,0,1,0
K00892,0,0,0,0,0,0,0,0
K01772,0,0,0,0,0,0,0,0
K04079,0,0,1,0,0,0,0,0
K00939,0,0,0,0,0,0,0,0
K06187,0,0,0,0,0,0,0,0
K06911,0,0,0,0,0,0,0,0
K02343,0,0,0,0,0,0,0,0
K09747,0,0,0,0,0,0,0,0
K05802,0,0,0,0,0,0,0,0
K00759,0,0,0,0,0,0,0,0
K09790,0,0,0,0,0,0,0,0
K04067,0,0,0,0,0,0,0,0
K03577,0,0,0,0,0,0,0,0
K03585,0,0,0,0,0,0,0,0
K18138,0,0,0,0,1,1,0,0
K19162,0,0,0,0,0,0,0,0
K05839,0,0,0,0,0,0,0,0
K00661,0,0,0,0,0,0,0,0
K02919,0,0,0,0,0,0,0,0
K02073,0,0,0,0,0,0,0,0
K02071,0,0,0,0,0,0,0,0
K02072,0,0,0,0,0,0,0,0
K08323,0,0,0,0,0,0,0,0
K12266,0,0,0,0,0,0,0,0
K12264,0,0,0,0,0,0,0,0
K12265,0,0,0,0,0,0,0,0
K07149,0,0,0,0,0,0,0,0
K09914,0,0,0,0,0,0,0,0
K07443,0,0,0,0,0,0,0,0
K03320,0,0,0,0,0,0,0,0
K10805,0,0,0,0,0,0,0,0
K18890,0,0,0,0,0,0,0,0
K04752,0,0,0,0,0,0,0,0
K18889,0,0,0,0,0,0,0,0
K05800,0,0,0,0,0,0,0,0
K11938,0,0,0,0,0,0,0,0
K11925,0,0,0,0,0,0,0,0
K03770,0,0,0,0,0,0,0,0
K06920,0,0,0,0,0,0,0,0
K12500,0,0,0,0,0,0,0,0
K02237,0,0,0,0,0,0,0,0
K01338,0,0,0,0,0,0,0,0
K03530,0,0,0,0,0,0,0,0
K03544,0,0,0,0,0,0,0,0
K01358,0,0,0,0,0,0,0,0
K03545,0,0,0,0,1,0,1,0
K05527,0,0,0,0,0,0,0,0
K07286,0,0,0,0,0,0,0,0
K08218,0,0,0,0,0,0,0,0
K02297,0,0,0,0,0,0,0,0
K02298,0,0,0,1,0,0,0,1
K02299,0,0,0,0,0,0,0,0
K02300,0,0,0,0,0,0,0,0
K02257,0,0,0,0,0,0,0,0
K09767,0,0,0,0,0,0,0,0
K00077,0,0,0,0,0,0,0,0
K03152,0,0,0,0,0,0,0,0
K01448,0,0,0,0,5,0,5,7
K03581,0,0,0,0,0,0,0,0
K14682,0,0,0,0,0,0,0,0
K03582,0,0,0,0,0,0,0,0
K01607,0,0,0,0,0,0,0,0
K11904,0,0,0,0,0,0,0,0
K11895,0,0,0,0,0,0,0,0
K11896,0,0,0,0,0,0,0,0
K03701,0,0,0,0,0,0,0,0
K03788,0,0,0,0,0,0,0,0
K07498,0,0,0,0,0,0,0,0
K07480,0,0,0,0,0,0,0,0
K11901,0,0,0,0,0,0,0,0
K11900,0,0,0,0,0,0,0,0
K14060,0,0,0,0,0,0,0,0
K24087,0,0,0,0,0,0,0,0
K07453,0,0,0,0,0,0,0,0
K05275,0,0,0,0,0,0,0,0
K08304,0,0,0,0,0,0,0,0
K22132,0,0,0,0,0,0,0,0
K01766,0,0,0,0,0,0,0,0
K02426,0,0,0,0,0,0,0,0
K03566,0,0,0,0,0,0,0,0
K06968,0,0,0,0,0,0,0,0
K01146,0,0,0,0,0,0,0,0
K05825,0,0,0,0,0,0,0,0
K02526,0,0,0,0,0,0,0,0
K01752,0,0,0,0,0,0,0,0
K01815,0,0,0,0,0,0,0,0
K03837,0,0,0,0,0,0,0,0
K06966,0,0,0,0,0,0,0,0
K06879,0,0,0,0,0,0,0,0
K15723,0,0,0,0,0,0,0,0
K06175,0,0,0,0,0,0,0,0
K06205,0,0,0,0,0,0,0,0
K07326,0,0,0,0,0,0,0,0
K07389,0,0,0,0,0,0,0,0
K15125,0,0,0,0,0,0,0,0
K07804,0,0,0,0,0,0,0,0
K19048,0,0,0,0,0,0,0,0
K15125,0,0,0,0,0,0,0,0
K07804,0,0,0,0,0,0,0,0
K19048,0,0,0,0,0,0,0,0
K03535,0,0,0,0,0,0,0,0
K13918,0,0,0,0,0,0,0,0
K07678,0,0,0,0,0,0,0,0
K01706,0,0,0,0,0,0,0,0
K00865,0,0,0,0,0,0,0,0
K03215,0,0,0,0,0,0,0,0
K00951,0,0,0,0,0,0,0,0
K04765,0,0,0,0,0,0,0,0
K01937,0,0,2,0,0,0,0,0
K01689,1,0,0,0,0,0,0,2
K01295,0,0,0,0,0,0,0,0
K13953,0,0,0,0,0,0,0,0
K10026,0,0,0,0,0,0,0,0
K01737,0,0,0,0,0,0,0,0
K00380,0,0,0,0,0,0,0,0
K00381,0,0,0,0,0,0,0,0
K09612,0,0,0,0,0,0,0,0
K00390,0,0,0,0,0,0,0,0
K00957,0,0,0,0,0,0,0,0
K00956,0,0,0,0,0,0,0,0
K00860,0,0,0,0,0,0,0,0
K05589,0,0,0,0,0,0,0,0
K00991,0,0,0,0,0,0,0,0
K01770,0,0,0,0,0,0,0,0
K06176,0,0,0,0,0,0,0,0
K03787,0,0,0,0,0,0,0,0
K00573,0,0,0,0,0,0,0,0
K03555,0,0,0,0,0,0,0,0
K06194,0,0,0,0,0,0,0,0
K03087,0,0,0,0,0,0,0,0
K08305,0,0,0,0,0,0,0,0
K02074,0,0,0,0,0,0,0,0
K02075,0,0,0,0,0,0,0,0
K02077,0,0,0,0,0,0,0,0
K03743,0,0,0,0,0,0,0,0
K03553,0,0,0,0,0,1,1,0
K03565,0,0,0,0,0,0,0,0
K01872,0,0,0,0,0,0,0,0
K03563,0,0,1,0,0,0,0,0
K01919,0,0,0,0,0,0,0,0
K03446,0,0,0,0,0,0,0,0
K07173,0,0,0,0,0,0,0,0
K03543,0,0,0,0,0,0,0,0
K15974,0,0,0,0,0,0,0,0
K02002,0,0,0,0,0,0,0,0
K02001,0,0,0,0,0,0,0,0
K02000,0,0,3,0,0,0,1,0
K00525,0,0,1,0,0,0,0,1
K00526,0,0,0,0,0,0,0,0
K03647,0,0,0,0,0,0,0,0
K06191,0,0,0,0,0,0,0,0
K00375,0,0,0,0,0,0,0,0
K05594,0,0,0,0,0,0,0,0
K07178,0,0,0,0,0,0,0,0
K22479,0,0,0,0,0,0,0,0
K18555,0,0,0,0,0,0,0,0
K07724,0,0,0,0,0,0,0,0
K07127,0,0,0,0,0,0,0,0
K23773,0,0,2,0,1,0,5,1
K07391,0,11,30,12,172,18,167,164
K09897,0,0,0,0,0,0,0,0
K01652,14,29,205,109,397,100,476,456
K11258,1,3,14,7,36,9,42,26
K00826,12,25,100,60,299,60,373,239
K01687,11,6,285,46,442,100,423,413
K01754,1,6,18,5,51,5,34,36
K00209,0,1,18,3,31,4,24,47
K02521,2,6,122,19,334,31,341,335
K00053,10,23,100,40,245,91,290,443
K03656,0,6,11,2,161,9,211,48
K01524,0,0,2,2,22,1,31,8
K03732,0,6,62,29,219,42,278,330
K03671,5,25,214,56,334,46,358,733
K03628,3,35,246,83,461,118,522,1368
K02851,3,9,84,17,337,12,369,207
K05790,4,2,31,11,192,18,226,92
K01791,3,2,26,5,169,8,181,45
K02472,0,2,17,4,210,8,293,36
K01710,0,0,25,0,153,10,120,36
K00973,2,8,17,0,188,14,227,24
K16704,0,0,7,0,42,4,70,15
K02805,0,1,15,3,159,5,147,24
K16693,0,0,16,2,215,4,271,45
K12582,2,0,22,0,247,7,262,48
K02853,0,2,6,6,225,5,260,11
K02852,4,0,73,0,208,13,274,91
K03293,0,6,24,4,318,2,354,22
K02498,1,3,70,13,225,25,186,74
K02496,0,3,189,12,259,36,350,209
K01719,4,3,20,5,84,4,57,55
K01749,8,6,65,7,153,17,161,151
K05851,22,60,491,85,968,171,1163,1378
K06202,1,0,0,0,3,2,4,3
K01778,7,11,52,4,136,25,179,122
K09921,0,1,18,5,136,25,233,76
K03733,0,0,6,2,170,5,295,23
K20862,0,0,2,0,61,6,82,0
K03657,8,0,76,18,372,16,396,180
K03284,0,0,6,1,18,2,15,10
K05786,0,0,1,0,1,2,4,4
K01058,0,2,89,14,291,13,240,76
K03654,1,0,32,4,275,13,326,59
K05835,0,0,0,0,0,0,1,1
K05834,0,0,0,0,6,0,9,2
K01048,4,6,45,11,173,26,193,91
K21064,0,2,9,6,116,4,134,52
K03576,0,0,0,0,1,0,0,0
K00549,0,0,12,0,237,0,279,15
K01061,0,1,16,1,18,5,39,19
K00757,0,2,97,5,246,10,297,80
K09760,2,6,28,17,269,6,295,95
K03183,2,9,42,24,139,16,171,58
K03690,3,1,18,9,69,7,79,22
K03688,4,6,61,16,311,14,343,151
K03116,8,3,159,13,163,33,178,203
K03117,1,4,57,8,119,20,111,175
K03118,0,4,27,0,174,7,183,107
K03424,0,0,1,2,35,3,34,16
K05785,0,0,1,0,1,0,3,0
K03182,4,11,74,22,333,14,407,183
K05368,0,9,58,24,158,19,209,127
K00632,0,0,0,0,0,0,0,0
K02529,0,0,0,0,0,0,0,0
K01825,2,18,294,36,323,65,460,898
K03498,0,2,27,9,343,13,352,38
K00230,0,2,18,0,93,3,80,11
K00014,1,0,6,0,63,1,63,24
K01726,0,0,0,0,0,0,0,0
K07566,0,2,17,0,157,6,117,58
K07479,0,3,8,2,48,10,56,51
K04096,10,74,620,72,673,108,608,1612
K03747,0,0,0,0,0,0,0,0
K01462,13,18,304,24,343,45,398,601
K00604,2,9,113,17,287,40,258,315
K03500,0,3,30,4,166,6,182,123
K03499,2,10,103,22,319,22,343,189
K03282,0,3,72,2,78,13,104,106
K09890,0,0,0,0,0,0,0,0
K13638,0,3,8,1,53,1,58,40
K03040,6,29,615,40,767,130,805,1198
K02879,0,0,0,0,0,0,0,0
K02986,83,75,1790,161,1987,404,2113,3303
K02948,5,11,242,22,289,44,317,524
K03076,29,43,919,97,1126,219,1199,1973
K02952,0,0,0,0,0,0,0,0
K02919,0,0,0,0,0,0,0,0
K02876,20,33,1383,63,1256,131,1535,1022
K02988,5,22,454,36,498,81,576,375
K02907,0,0,0,0,0,0,0,0
K02881,10,23,248,31,305,67,275,310
K02933,18,21,377,43,394,126,472,591
K02994,20,43,658,78,715,149,749,1057
K02954,0,7,57,8,56,9,86,118
K02931,16,37,393,39,336,104,375,807
K02895,14,20,288,36,183,88,264,605
K02874,16,32,480,81,362,170,410,929
K02961,7,28,331,39,306,109,292,594
K02878,0,0,1,0,1,0,1,1
K02904,0,0,0,0,0,0,0,0
K02982,14,14,516,17,559,54,627,445
K02890,2,1,152,4,177,8,206,150
K02886,3,4,215,7,228,30,264,171
K02965,0,0,0,0,0,0,0,0
K02926,5,4,118,2,124,19,111,118
K02892,0,0,0,0,0,0,0,0
K02906,4,16,408,17,413,68,483,468
K02946,0,0,0,0,0,0,0,0
K02452,0,0,0,1,242,0,187,6
K02453,0,0,6,6,322,3,320,19
K02454,0,0,16,0,247,4,268,38
K02456,0,0,2,0,48,0,87,0
K02457,0,4,2,4,40,0,74,2
K02458,0,0,0,0,44,0,51,2
K02459,0,0,3,0,73,1,50,5
K02460,0,0,4,0,141,2,138,10
K02461,0,0,2,0,136,2,235,2
K02462,0,0,2,0,88,0,111,0
K02654,2,2,4,0,39,0,57,3
K03594,4,8,216,7,215,11,253,226
K02358,12,24,521,37,589,78,621,746
K02192,0,0,0,0,0,0,0,0
K00602,2,4,44,18,212,14,231,154
K07713,0,0,0,0,0,0,0,0
K01945,0,0,0,0,0,0,0,0
K07709,6,5,47,9,238,28,199,67
K07803,0,0,0,0,0,0,0,0
K05787,0,0,4,0,32,3,49,25
K09891,11,5,363,27,449,43,464,638
K05982,0,0,11,0,31,0,26,22
K01599,2,4,24,0,185,4,200,45
K03426,2,2,46,11,203,9,270,100
K07740,7,7,30,12,164,11,118,86
K03147,1,0,6,1,342,5,357,41
K00788,0,0,2,0,89,0,87,3
K03148,0,0,3,0,44,0,64,4
K03154,0,0,0,0,0,0,0,0
K03046,4895,3848,123196,5979,110123,5736,117949,98642
K03149,0,0,0,0,0,0,0,0
K03150,0,0,0,0,0,0,0,0
K03704,0,0,0,0,0,0,0,0
K02760,0,0,0,0,0,0,0,0
K02759,0,0,0,0,0,0,0,0
K03043,77,100,2096,148,2541,363,2679,3134
K02935,0,12,104,24,93,36,85,288
K02864,18,32,806,76,686,100,716,1293
K02863,26,61,849,93,838,170,916,1794
K02867,4,4,182,23,226,37,223,339
K02601,11,11,206,33,221,58,244,397
K03073,3,18,202,31,272,99,296,484
K00075,0,2,13,8,153,5,114,63
K03524,0,0,0,0,0,0,0,0
K00867,0,0,0,0,17,0,9,1
K11893,1,0,0,2,162,0,258,11
K11892,0,0,0,0,125,0,167,6
K02314,0,0,0,0,0,0,0,0
K11907,0,2,5,0,185,2,285,7
K11904,0,4,11,2,469,4,642,23
K11891,4,2,15,0,520,2,754,41
K11910,1,0,6,0,180,0,268,2
K11895,2,0,6,1,370,4,451,34
K11895,0,0,8,0,173,0,299,4
K11906,0,0,1,0,45,0,69,6
K11905,2,0,2,1,58,0,76,18
K20534,0,0,2,2,282,0,319,35
K03784,0,0,1,0,134,0,142,16
K06141,4,2,3,0,247,2,351,11
K05517,0,0,0,0,24,0,39,0
K05516,0,0,30,2,172,7,140,112
K18997,0,0,0,0,0,0,0,0
K03673,0,5,60,5,225,9,255,105
K08344,0,0,14,8,281,2,317,13
K07090,0,2,16,4,179,1,140,13
K01085,10,20,220,21,466,53,576,485
K03809,14,10,848,23,1199,46,1192,382
K13821,56,33,1666,28,2787,93,2814,904
K06884,0,0,0,0,0,0,0,0
K09017,0,0,0,0,0,0,0,0
K11928,2,22,224,27,549,79,613,467
K07243,0,6,24,4,141,14,125,180
K07224,4,4,57,2,175,11,178,156
K16301,4,3,44,13,221,18,261,185
K06217,6,60,333,60,286,59,347,1656
K12972,4,11,51,19,236,13,260,157
K04477,0,5,51,17,219,17,266,112
K23349,0,2,19,3,27,1,32,19
K06214,0,1,10,1,18,1,17,7
K04338,0,4,22,2,108,3,131,64
K04337,0,0,0,0,13,0,12,6
K04333,0,2,21,4,96,1,99,63
K04335,0,0,0,0,127,0,135,0
K04334,0,0,9,4,89,9,76,11
K04336,0,0,8,1,76,0,52,16
K23518,0,5,30,4,112,8,174,47
K06132,0,0,12,2,40,0,24,14
K11941,0,0,1,0,15,0,8,3
K03670,4,22,173,29,445,69,506,477
K03669,10,16,265,24,544,88,577,464
K08161,6,8,117,10,207,11,238,164
K12147,0,0,0,0,0,0,0,0
K02517,0,6,16,0,170,7,211,16
K07146,0,1,7,1,88,4,83,19
K12262,0,0,0,0,54,0,84,2
K02846,0,0,2,1,166,0,137,21
K12148,0,0,8,2,11,2,15,14
K12149,0,0,0,0,0,0,0,0
K08162,0,0,18,9,114,15,87,50
K03790,4,2,25,11,154,5,197,75
K09915,0,3,36,3,76,15,110,92
K03810,4,0,18,8,219,7,240,22
K03980,0,2,21,0,225,2,219,12
K02399,0,0,0,0,5,1,10,1
K02398,0,0,0,0,1,0,1,0
K02386,0,2,11,2,112,2,115,19
K02387,0,0,0,0,55,0,73,0
K02388,0,0,0,0,30,0,43,0
K02389,0,0,0,0,97,0,111,2
K02390,2,0,10,0,180,0,159,12
K02392,0,0,2,0,146,0,126,17
K02393,0,0,2,0,74,0,73,7
K02394,0,0,2,0,154,0,141,5
K02395,0,0,2,0,92,0,103,4
K08300,1,4,23,2,31,4,41,38
K02396,0,0,0,0,0,0,0,0
K02397,0,0,0,0,0,0,0,0
K06179,0,0,13,6,89,0,100,35
K25422,1,2,4,1,21,0,24,25
K07040,6,25,308,26,290,51,341,538
K02911,2,7,343,24,291,36,311,424
K03621,3,14,134,22,289,38,325,271
K00648,6,16,157,21,172,30,233,195
K00645,6,9,108,21,212,29,247,150
K00059,5,36,542,65,866,91,851,916
K02078,18,53,956,84,879,123,964,1221
K09458,2,5,50,15,85,26,117,132
K07349,0,0,0,0,0,0,0,0
K07347,0,6,9,9,402,0,432,51
K07349,0,0,0,0,0,0,0,0
K07346,0,0,2,2,181,2,221,4
K07345,0,0,2,4,102,0,100,12
K02619,0,2,28,4,156,24,201,65
K07082,0,4,27,5,180,8,208,59
K00943,2,2,37,7,80,2,95,58
K02341,0,1,16,6,111,7,170,27
K03424,2,21,198,26,341,41,347,417
K01262,0,6,33,0,89,4,85,48
K02779,0,0,0,0,0,0,0,0
K01241,0,6,52,2,294,12,328,142
K08172,2,8,35,1,299,11,407,101
K19338,0,2,13,4,94,4,133,8
K03327,0,0,0,2,51,1,63,12
K13635,0,0,0,0,0,0,0,0
K02503,2,3,83,2,216,8,147,126
K07337,0,8,121,6,177,13,166,145
K07251,0,1,17,1,91,6,166,36
K01207,0,2,14,1,226,8,292,27
K07000,5,12,138,16,341,20,368,142
K02014,0,0,0,0,23,0,18,2
K03885,0,0,0,0,0,0,0,0
K06077,0,0,0,0,0,0,0,0
K03723,0,1,31,14,341,12,425,86
K22041,0,0,0,0,0,0,0,0
K19236,0,0,0,0,0,0,0,0
K12151,0,0,0,0,0,0,0,0
K09808,0,0,17,5,278,2,355,13
K09810,2,5,8,4,63,7,70,14
K09808,2,10,46,18,240,9,317,91
K00884,0,5,29,4,143,15,90,80
K11069,0,0,3,3,29,4,27,17
K12410,0,0,0,0,0,0,0,0
K11070,1,10,75,10,288,21,304,145
K03704,0,7,38,68,63,50,76,242
K03704,1,12,37,26,40,23,28,177
K13688,4,6,91,10,1823,29,2324,161
K21975,0,0,1,0,3,0,3,2
K11071,2,2,21,5,90,6,132,46
K11072,0,4,26,6,197,7,252,47
K01258,1,1,6,4,44,4,75,5
K18850,0,0,0,0,0,0,0,0
K07637,0,11,105,24,309,21,389,255
K07660,0,1,3,0,29,0,32,7
K14059,0,0,0,0,0,0,0,0
K10906,0,8,32,21,247,45,196,438
K22300,0,1,2,2,90,2,76,25
K02317,0,0,0,0,178,0,227,3
K09968,2,2,27,14,125,4,53,31
K01160,0,1,0,0,56,0,45,3
K14061,0,1,13,2,34,0,36,18
K01185,0,0,0,0,69,0,59,6
K12262,0,0,12,0,33,2,29,24
K09816,0,4,17,3,145,5,124,44
K09817,0,3,32,12,213,10,232,88
K09815,2,17,71,13,237,3,197,367
K19304,0,3,65,10,187,27,172,228
K00873,1,1,28,3,25,2,37,32
K02560,0,0,0,0,0,0,0,0
K19337,8,11,290,27,509,49,480,363
K00036,10,18,158,22,441,36,398,321
K01690,0,0,5,0,279,1,435,14
K08289,0,0,0,0,12,0,11,5
K01625,0,0,0,0,0,0,0,0
K09918,0,6,24,20,90,18,82,119
K01354,2,5,131,13,313,24,291,167
K10857,0,0,0,0,0,0,0,0
K02345,0,0,12,2,111,7,104,26
K07156,0,2,36,15,121,2,90,93
K07245,0,3,40,4,126,22,143,79
K11392,0,0,0,0,0,0,0,0
K07313,0,0,0,0,0,0,0,0
K06192,0,4,8,12,204,7,225,57
K03808,1,9,35,4,217,5,263,67
K08968,0,4,22,11,136,14,93,114
K03607,12,12,167,14,161,38,220,263
K03797,2,4,107,21,224,26,273,244
K16089,2,0,15,4,115,7,112,75
K03799,0,0,0,0,0,0,0,0
K02035,12,6,119,23,438,25,394,170
K02033,0,9,75,6,155,11,205,128
K02034,1,2,23,2,99,1,129,29
K11250,0,0,0,0,47,0,41,0
K22015,0,0,0,0,24,0,23,3
K13069,0,2,4,0,147,1,206,12
K09712,0,0,0,0,0,0,0,0
K25494,4,2,17,6,174,11,156,72
K01937,0,0,0,0,0,0,0,0
K25495,0,0,0,0,101,0,160,3
K19055,0,0,0,0,0,0,0,0
K09786,0,0,0,0,0,0,0,0
K00638,0,0,0,0,0,0,0,0
K07180,22,104,1958,79,3053,292,3855,3124
K07274,0,4,74,10,328,24,400,92
K01792,0,0,3,0,8,0,8,2
K00134,0,4,47,12,221,7,200,83
K01183,0,1,24,7,118,10,96,73
K07305,0,0,0,0,0,0,0,0
K09916,0,0,0,0,0,0,0,0
K08281,1,3,1,1,55,1,46,10
K01424,0,0,0,0,0,0,0,0
K04773,1,2,37,3,168,11,173,86
K01008,2,5,43,13,177,19,146,72
K03169,0,2,34,0,128,5,83,59
K00262,0,2,9,1,20,2,32,19
K08320,0,0,0,0,31,1,19,2
K21028,0,0,0,0,31,0,33,3
K05778,2,0,9,2,117,1,105,19
K05779,0,0,0,0,0,0,0,0
K05777,0,0,2,0,178,2,202,25
K01142,2,2,11,6,201,3,220,59
K00840,0,14,128,18,196,16,214,365
K00673,1,11,63,8,195,10,209,202
K06447,2,30,253,10,345,53,487,479
K01484,2,18,136,11,278,41,315,349
K05526,0,8,29,12,178,13,132,89
K06006,1,1,54,17,107,8,144,200
K05984,0,0,1,0,22,0,15,3
K09975,0,0,0,0,6,0,7,1
K01916,0,2,10,13,163,8,181,97
K04064,14,36,758,50,698,53,657,654
K02760,2,7,38,8,133,5,125,117
K02761,5,7,65,19,343,14,430,144
K02759,0,0,0,3,40,0,45,15
K03490,0,2,8,10,121,4,99,54
K03781,0,0,2,0,10,0,10,1
K01222,0,0,0,0,0,0,0,0
K03478,0,0,0,0,0,0,0,0
K06956,2,0,127,7,317,26,314,230
K07038,2,20,20,28,159,35,154,131
K24204,0,2,10,3,170,2,212,36
K15523,0,0,31,1,124,3,143,75
K16370,15,17,358,24,554,63,635,604
K07283,0,2,24,17,138,11,116,36
K01868,27,49,929,101,1413,128,1545,1941
K02520,73,131,2352,224,2551,381,2646,4541
K02916,27,36,1015,79,1053,148,1059,1426
K02887,36,40,1768,111,1735,158,1768,2176
K01889,6,4,41,15,154,28,179,90
K01890,4,10,88,15,220,22,224,153
K04764,0,0,0,0,0,0,0,0
K00852,0,0,0,0,372,0,436,2
K06073,0,4,35,7,281,14,304,39
K00432,2,3,49,7,127,11,169,51
K06074,10,4,80,12,170,18,210,95
K13695,0,4,23,2,137,6,138,59
K08997,2,4,8,1,56,6,72,17
K10834,0,0,0,0,0,0,0,0
K25133,0,1,12,0,118,8,151,43
K25132,0,0,6,0,76,1,138,19
K07225,0,0,0,0,0,0,0,0
K16087,0,3,17,0,199,10,225,96
K01626,0,2,8,3,134,5,175,27
K09773,0,7,19,4,233,15,216,53
K01007,6,25,172,27,317,60,302,558
K12507,0,1,2,0,35,2,63,6
K00313,0,0,1,2,213,1,280,3
K03855,0,0,0,0,0,0,0,0
K03522,0,2,0,4,208,4,298,21
K03521,0,0,2,0,147,1,211,3
K19709,0,0,3,0,177,0,206,23
K03785,0,0,6,0,238,0,303,4
K05887,0,2,3,3,52,2,56,30
K19222,0,0,0,0,0,0,0,0
K05997,8,10,99,14,185,13,237,185
K09014,2,13,255,23,454,32,495,305
K09013,1,8,57,14,239,6,277,140
K09015,2,13,112,13,280,47,313,160
K11717,5,12,163,13,375,29,409,263
K02426,4,12,74,6,193,26,182,203
K19234,4,5,120,6,166,14,193,130
K00873,126,184,3946,149,3156,317,2397,2367
K06078,0,0,0,0,0,0,0,0
K08357,0,0,11,0,107,2,107,9
K02071,0,0,0,0,0,0,0,0
K02072,0,0,0,0,0,0,0,0
K02073,0,0,0,0,0,0,0,0
K08359,0,0,0,4,241,0,307,17
K08358,0,0,0,0,152,2,167,10
K13040,0,2,16,4,355,3,444,57
K13041,0,1,3,0,55,2,55,2
K01675,0,0,10,0,150,2,150,17
K03738,2,0,27,2,530,0,742,9
K04014,0,0,16,1,83,0,73,3
K08354,0,0,11,2,142,0,195,2
K02028,0,2,2,0,109,1,127,7
K02030,0,1,0,2,145,9,144,13
K00316,6,4,69,10,264,23,372,106
K00375,0,0,1,0,13,0,8,2
K00823,2,2,116,0,282,10,339,56
K02016,0,0,8,1,149,0,144,11
K02015,0,0,0,0,142,4,134,4
K02020,0,0,0,0,0,0,0,0
K02013,0,0,0,0,2,0,3,0
K00432,0,0,4,0,82,1,63,3
K00134,0,1,4,2,173,0,139,11
K13633,0,54,26,14,161,8,175,125
K03830,0,0,0,0,0,0,0,0
K06889,0,0,4,0,328,2,493,7
K03566,0,2,3,0,126,2,150,30
K22441,0,0,0,0,0,0,0,0
K03311,0,2,9,2,308,2,326,31
K06998,0,2,0,0,161,0,215,2
K09022,0,0,0,0,98,2,81,13
K07120,0,1,4,2,137,2,128,26
K01821,0,0,0,0,0,0,0,0
K21959,2,4,16,9,150,12,126,195
K01867,0,0,8,7,56,0,40,35
K21023,0,0,13,3,173,6,232,40
K22589,0,1,6,2,129,5,109,41
K09022,0,1,9,0,86,7,90,50
K06998,2,3,68,5,121,14,86,85
K03327,1,3,13,4,150,3,154,45
K06177,0,0,0,0,0,0,0,0
K00574,2,0,31,1,115,5,156,58
K00793,0,0,0,0,0,0,0,0
K03604,0,0,1,0,7,0,6,0
K19577,0,0,15,0,122,2,141,41
K04564,0,0,0,0,0,0,0,0
K19303,0,14,145,14,259,16,233,211
K03683,0,0,7,0,127,1,105,13
K07390,0,0,0,0,0,0,0,0
K10680,1,1,36,6,123,6,145,85
K01759,0,0,0,0,0,0,0,0
K16137,0,3,22,5,54,7,93,56
K06938,0,0,0,0,0,0,0,0
K04565,0,0,0,0,0,0,0,0
K21695,0,0,14,4,91,7,107,37
K06075,2,0,6,1,8,0,4,11
K06077,1,4,6,3,53,12,69,45
K09001,3,6,54,20,217,34,218,234
K00275,3,6,39,4,144,10,146,107
K01866,9,16,381,36,582,80,643,548
K00868,0,0,2,0,27,0,28,7
K03305,8,6,226,20,311,25,294,310
K00799,0,0,0,0,0,0,0,0
K10773,0,0,18,1,124,2,124,21
K03613,0,2,7,1,123,3,169,36
K03612,0,0,4,0,23,2,32,8
K03615,0,1,14,8,259,11,314,30
K03614,0,0,0,0,0,0,0,0
K03616,1,2,6,0,89,6,76,22
K03617,0,4,17,8,117,12,155,44
K05839,2,0,24,5,81,10,75,73
K16044,1,0,1,0,18,0,22,6
K01488,0,0,0,0,0,0,0,0
K14155,0,1,26,2,91,12,131,41
K02791,4,2,28,16,252,17,209,195
K16136,0,0,0,0,0,0,0,0
K01809,2,5,100,10,397,20,595,181
K01676,24,35,303,64,504,87,591,610
K01679,0,1,28,4,126,8,170,52
K10748,0,0,0,0,0,0,0,0
K07639,0,1,26,6,212,4,268,58
K04343,0,0,11,5,250,3,231,27
K07241,3,1,34,5,194,6,156,44
K07661,2,2,18,1,62,10,64,74
K13938,0,1,9,6,35,4,62,100
K03758,1,3,59,9,152,16,234,118
K02442,0,0,0,0,0,0,0,0
K00324,9,14,226,20,476,49,448,213
K00325,10,18,479,34,630,84,649,415
K07552,0,0,0,1,26,0,16,11
K11744,0,0,1,1,8,0,18,6
K04775,0,4,23,9,33,7,32,61
K11743,0,0,0,0,0,0,0,0
K11742,0,0,0,0,0,0,0,0
K01299,0,4,35,12,237,10,281,130
K17247,0,0,16,0,73,1,54,21
K07147,2,0,0,0,178,2,264,9
K02483,0,0,2,4,172,0,269,4
K08224,0,2,2,2,4,1,7,5
K07052,0,0,0,0,0,0,0,0
K21757,0,2,4,4,173,0,150,8
K15545,4,6,48,21,236,4,325,151
K03281,0,0,0,0,1,0,0,0
K01935,0,0,2,0,19,0,32,2
K23349,0,0,0,0,55,2,68,2
K07306,0,0,12,3,114,1,121,18
K07312,0,0,0,0,0,0,0,0
K07307,0,0,0,0,0,0,0,0
K09771,0,0,2,0,81,2,142,20
K08323,0,0,3,2,274,0,298,4
K08172,0,2,10,4,320,4,295,20
K00040,0,0,37,0,185,2,263,16
K22293,4,1,17,0,69,0,70,6
K16066,0,3,12,7,203,12,182,59
K01284,2,12,64,22,324,10,311,181
K11959,0,0,2,0,290,6,273,23
K11960,0,0,0,0,229,0,245,4
K11961,0,2,3,0,276,0,355,5
K11962,0,0,4,0,38,0,31,7
K11963,0,0,0,0,0,0,0,0
K15268,0,0,8,4,184,9,230,11
K13630,0,0,0,0,0,0,0,0
K13632,0,3,9,13,24,6,20,49
K03712,0,15,111,33,150,67,151,294
K08159,2,13,86,15,188,42,210,340
K05595,0,0,0,0,0,0,0,0
K21959,1,2,10,12,162,2,163,39
K08324,0,2,30,0,304,6,290,40
K01425,0,0,16,6,140,4,165,25
K19113,0,0,8,0,157,0,204,6
K00041,0,3,7,2,318,8,438,47
K08994,0,0,1,0,105,0,88,46
K00598,0,3,26,5,120,3,128,75
K18189,1,2,18,6,208,5,189,90
K03406,0,1,2,0,36,0,37,0
K19778,0,0,2,0,170,0,172,8
K08641,2,3,83,6,106,4,118,47
K02035,2,4,339,4,396,30,555,273
K02033,0,6,87,1,108,12,212,92
K02034,2,5,97,2,156,11,299,60
K02031,0,4,108,4,201,11,203,83
K17737,0,0,1,1,6,0,10,4
K01028,0,2,6,2,138,4,135,10
K01029,0,0,10,2,84,2,83,10
K00626,0,3,12,4,138,2,114,23
K00019,0,0,7,0,58,1,74,12
K04063,0,0,34,1,44,7,35,63
K02972,6,20,495,69,554,11,441,584
K00029,2,17,54,22,418,28,506,269
K08350,0,0,0,0,0,0,0,0
K08349,0,0,0,0,0,0,0,0
K16076,5,2,159,12,204,4,217,125
K08167,0,0,0,0,0,0,1,0
K02575,0,4,70,7,305,9,400,102
K00370,4,4,115,4,715,20,940,106
K00371,0,2,70,9,312,6,303,62
K00374,0,2,30,4,110,2,163,15
K00374,0,0,23,2,235,4,282,34
K06998,0,0,0,0,31,0,59,3
K00675,0,0,1,0,13,0,8,2
K25227,2,0,99,0,297,10,319,81
K06145,0,0,12,4,38,0,30,19
K01821,0,0,0,0,0,0,0,0
K20023,0,0,0,0,212,0,245,0
K03535,0,0,0,0,138,0,141,0
K11208,0,0,0,0,0,0,0,0
K02028,0,2,25,2,68,3,88,14
K02029,0,0,6,0,105,2,60,4
K02030,0,0,0,0,4,0,3,0
K24116,0,0,0,0,150,1,198,0
K03776,0,0,4,2,327,0,356,0
K11738,0,0,13,0,112,0,143,0
K02014,0,0,7,2,168,4,172,10
K23256,0,0,7,2,14,0,23,2
K12368,1,4,32,5,116,12,92,71
K24217,0,0,0,0,0,0,0,0
K09936,0,0,0,0,0,0,0,0
K18839,0,0,0,0,0,0,0,0
K00137,1,2,28,1,146,8,182,21
K02055,8,28,381,32,493,33,562,363
K00425,37,94,540,176,593,253,722,2533
K24847,0,4,6,3,32,8,34,97
K00426,0,0,0,0,0,0,0,0
K23779,0,0,15,0,113,3,153,29
K05782,0,0,0,2,27,0,57,3
K07506,0,0,0,0,0,0,0,0
K16868,10,16,291,25,369,40,383,364
K03304,0,0,0,4,162,3,142,71
K03670,99,242,3522,619,2500,307,2536,2724
K03817,0,0,0,0,0,0,0,0
K09794,0,0,0,0,0,0,0,0
K15986,4,11,146,4,327,25,415,107
K05876,2,3,33,6,208,4,229,57
K02623,0,0,0,0,0,0,0,0
K00121,0,0,9,2,191,1,178,23
K23239,0,0,14,5,95,3,105,19
K16078,0,1,0,0,92,1,84,7
K01093,0,1,75,12,201,6,179,90
K03502,8,14,60,15,458,23,494,291
K03503,0,0,0,0,38,0,75,8
K07248,0,0,0,0,0,0,0,0
K03578,3,0,35,13,356,14,414,112
K12262,0,0,0,0,0,0,0,0
K01118,0,0,0,0,0,0,0,0
K09978,0,0,0,0,0,0,0,0
K03778,4,6,99,8,334,13,388,149
K03668,1,0,6,2,12,3,37,18
K09712,0,0,0,0,3,0,5,3
K03737,20,62,1139,75,2018,164,2181,2109
K14062,0,0,8,2,271,7,267,29
K14061,26,58,898,87,981,76,976,1086
K07497,0,0,3,1,102,2,111,13
K07497,0,2,0,1,80,0,81,10
K05591,0,0,6,0,16,2,14,8
K14058,0,0,0,0,0,0,0,0
K16074,1,5,101,3,251,21,250,126
K03406,4,4,61,9,276,11,325,67
K21023,1,3,80,5,461,8,539,123
K21088,3,2,19,1,116,8,105,67
K00567,0,0,28,10,79,14,92,77
K01420,10,16,194,87,256,87,227,858
K14055,22,28,1179,33,1503,78,1595,841
K16052,0,2,12,0,139,3,152,35
K01607,0,2,2,0,34,2,41,3
K15580,0,1,11,0,128,5,144,66
K19802,2,8,33,8,126,10,95,98
K14054,0,0,0,0,1,2,2,2
K03721,1,7,48,6,219,19,197,120
K11065,0,0,0,0,0,0,0,0
K08990,1,7,139,5,182,14,190,228
K06918,4,8,119,6,277,24,329,121
K03972,0,3,18,3,154,9,146,45
K14053,0,0,0,0,0,0,0,0
K10112,0,0,1,0,87,0,100,12
K10231,0,0,9,0,157,2,230,8
K01838,0,0,0,0,0,0,0,0
K02026,0,0,0,0,137,0,168,1
K22597,0,0,0,0,203,0,182,5
K03971,0,0,0,0,14,0,15,3
K03973,0,1,4,0,15,1,18,10
K03969,1,5,33,8,36,12,42,94
K03970,0,0,0,0,0,0,0,0
K03974,4,2,30,4,215,8,175,58
K18555,0,0,0,2,41,6,43,20
K19226,0,8,91,7,439,34,617,160
K19227,1,5,71,6,256,8,263,122
K19228,0,5,65,4,159,9,206,128
K19229,0,6,66,5,219,10,210,134
K19230,0,0,2,0,3,3,7,2
K21086,1,0,0,0,8,3,12,5
K00208,2,11,95,13,180,21,255,271
K01147,0,11,91,19,378,34,507,260
K14051,8,0,139,18,477,25,412,344
K01591,0,1,6,0,13,1,4,6
K03113,0,0,0,0,0,0,0,0
K04062,0,0,0,0,0,0,0,0
K19804,0,2,16,4,150,3,162,16
K01681,1,12,90,20,285,17,321,167
K08992,0,0,0,0,0,0,0,0
K01096,0,0,0,0,0,0,0,0
K01497,0,0,0,0,0,0,0,0
K03168,4,26,191,56,357,50,511,347
K13634,0,0,0,0,0,0,0,0
K04774,3,2,40,12,147,10,189,113
K06178,0,0,2,1,14,3,24,17
K19221,0,0,0,0,0,0,0,0
K07566,2,3,34,7,60,8,83,68
K07053,2,4,55,6,149,9,180,72
K01657,0,30,58,56,212,49,240,708
K13497,4,16,48,71,207,52,296,400
K13498,3,18,101,68,154,59,148,338
K01696,3,10,54,38,74,50,133,128
K01695,0,0,0,0,0,0,0,0
K07275,1,0,15,2,90,0,111,17
K06190,1,7,119,3,179,11,202,181
K03832,0,0,1,0,30,0,43,11
K10806,0,0,0,0,0,0,0,0
K09780,0,1,15,2,46,2,30,57
K06131,0,2,61,8,259,18,300,111
K10716,0,0,0,0,0,0,0,0
K09901,0,0,0,0,0,0,0,0
K02032,1,2,11,5,195,6,227,69
K15583,4,6,137,8,316,24,459,98
K15582,4,2,106,0,260,13,295,65
K15581,0,3,19,1,97,3,139,6
K15580,2,3,95,16,184,11,289,118
K05595,0,3,49,10,227,8,172,66
K04072,48,59,1059,96,1723,155,1617,2155
K00857,1,0,2,0,98,3,127,19
K00963,0,0,2,1,142,2,168,12
K03746,0,0,0,0,0,0,0,0
K02485,6,24,249,38,397,27,439,380
K07001,11,9,121,9,305,23,353,271
K09858,0,3,28,10,136,7,114,95
K01433,2,2,27,8,141,19,170,146
K00370,0,1,46,0,268,3,278,14
K00374,0,0,0,0,0,0,0,0
K00371,0,0,0,0,0,0,0,0
K00373,0,0,0,0,0,0,0,0
K02575,2,0,4,2,333,1,348,5
K07673,0,0,35,5,206,19,257,68
K13735,0,0,0,0,9,1,8,1
K07684,0,0,0,0,0,0,0,0
K06039,0,1,0,0,52,0,62,0
K07232,0,1,11,1,48,1,54,21
K06197,3,8,35,12,93,14,144,65
K07300,0,2,60,5,154,13,130,83
K01627,0,0,4,0,21,0,26,10
K02493,0,1,8,1,14,0,16,10
K02835,0,0,8,3,57,7,56,37
K02492,2,7,68,26,199,24,273,185
K02494,0,2,17,0,143,4,169,57
K00919,6,6,132,10,264,21,297,273
K00948,13,11,544,36,657,111,754,976
K03321,0,0,2,2,31,1,66,20
K13745,0,0,0,0,7,0,12,1
K00836,2,4,60,6,199,14,195,98
K01056,4,2,2,3,143,2,110,36
K06942,4,5,44,9,118,15,85,90
K06889,0,0,1,5,57,5,55,15
K07665,0,0,2,0,164,0,235,4
K07644,2,0,0,0,323,5,455,12
K01607,0,0,0,0,57,0,59,3
K01607,0,0,6,0,74,0,108,11
K16137,0,0,5,0,174,0,179,10
K06221,0,2,3,3,149,2,141,35
K05275,0,0,0,0,3,0,3,0
K21976,3,3,99,1,82,3,63,9
K21975,2,0,149,1,136,2,175,6
K21974,1,3,248,8,105,4,158,10
K21973,0,5,35,8,391,18,461,101
K21972,2,5,85,6,234,14,346,105
K07346,0,0,2,0,184,0,166,2
K00261,6,34,561,20,489,73,553,935
K05878,1,1,60,6,230,6,306,61
K05879,0,1,25,2,111,3,93,21
K05881,12,2,67,2,259,6,260,64
K01194,10,11,296,7,667,33,719,288
K21087,0,0,2,0,21,0,25,3
K08308,0,0,0,0,3,0,0,0
K01297,0,4,48,0,179,12,170,85
K11105,0,0,9,0,143,2,219,16
K01775,0,0,0,0,0,0,0,0
K00285,1,19,57,6,275,15,331,232
K06415,15,24,788,30,934,74,904,1006
K03603,1,2,22,0,40,8,30,76
K03314,0,2,21,8,205,2,235,98
K03611,4,14,241,9,297,34,318,279
K09160,0,0,0,0,1,0,0,0
K01557,6,1,105,30,148,13,161,111
K09902,3,4,86,21,131,22,184,284
K03610,2,12,22,4,131,10,144,108
K03609,0,2,12,4,58,5,31,31
K16135,0,0,6,0,15,2,8,4
K03608,0,0,0,0,0,0,0,0
K07246,1,1,4,0,191,0,314,22
K22443,0,0,9,6,191,3,227,24
K03684,0,0,0,0,1,0,0,0
K22444,0,0,0,0,0,0,0,0
K01897,0,2,25,6,137,11,138,48
K07285,1,2,87,3,28,13,53,68
K03722,2,1,21,2,146,3,236,21
K14742,0,0,0,0,0,0,0,0
K09022,0,0,10,3,32,3,21,26
K09917,0,0,1,2,6,0,2,3
K01665,0,4,27,7,202,5,273,80
K17879,2,1,6,2,128,3,143,28
K01752,7,27,502,33,868,67,892,643
K21090,0,0,0,0,9,0,2,0
K02794,4,20,276,27,552,36,615,252
K02795,12,10,313,14,449,35,482,114
K02796,6,7,158,12,224,30,306,43
K03587,4,0,28,4,221,3,258,56
K00563,0,0,0,0,0,0,0,0
K23242,0,0,0,0,0,0,0,0
K03704,19,54,530,81,464,78,520,1413
K19333,0,2,13,7,61,9,42,46
K08169,0,0,1,0,29,0,18,8
K00031,1,0,19,0,26,1,15,29
K06181,0,0,38,6,102,10,148,76
K12152,2,0,13,8,81,1,65,51
K00566,0,19,76,12,179,18,212,240
K07153,3,6,41,13,109,13,173,85
K01756,0,0,31,7,60,6,38,44
K03551,1,1,0,1,12,0,18,10
K03550,4,0,30,2,121,11,196,61
K01159,0,0,11,5,41,6,38,24
K18189,0,0,0,0,0,0,0,0
K01876,3,3,58,13,165,9,194,85
K08310,0,0,0,0,0,0,0,0
K07136,4,16,206,6,389,20,360,368
K15256,0,2,16,4,99,4,107,18
K15257,0,0,4,0,25,1,20,10
K06201,3,21,102,22,109,39,131,431
K09907,3,19,110,26,169,38,244,423
K01887,2,8,67,21,298,27,356,130
K05515,0,2,0,0,161,0,200,3
K15532,0,0,0,0,0,0,0,0
K16210,0,0,3,1,192,2,191,10
K02400,0,0,6,2,395,3,559,10
K03516,0,0,0,0,0,0,0,0
K05989,0,0,4,5,313,0,391,14
K02401,0,0,0,0,0,0,0,0
K06610,1,0,2,0,294,2,256,10
K03414,0,1,2,0,148,2,139,11
K03412,0,1,7,4,140,0,138,17
K03413,0,0,0,0,0,0,0,0
K00575,0,0,1,3,20,0,16,5
K05877,0,0,4,0,76,3,69,66
K05874,0,0,23,4,230,2,152,263
K03407,0,0,7,3,171,2,147,36
K03408,0,0,0,0,0,0,0,0
K02557,0,2,4,0,106,0,106,15
K02556,2,0,2,2,160,3,197,12
K02402,0,1,21,4,53,1,71,72
K02403,0,4,43,8,75,9,62,195
K00697,4,3,31,31,231,17,189,244
K14064,0,0,0,0,0,0,0,0
K01087,0,0,57,11,156,7,205,114
K10538,0,3,9,5,70,6,90,3
K10539,0,1,17,0,383,3,539,32
K10537,0,0,13,0,230,0,190,9
K03152,0,0,12,0,201,6,176,14
K02255,0,4,8,0,115,4,131,27
K02217,5,0,78,2,148,4,178,64
K03834,4,5,27,2,99,8,165,64
K07039,0,0,1,0,5,0,2,0
K08363,0,0,0,0,0,0,0,0
K03893,0,4,21,1,232,3,337,62
K00537,0,0,0,0,0,0,0,0
K03892,0,0,5,0,54,7,70,8
K11811,0,0,8,2,158,4,159,35
K03704,0,3,11,6,70,4,47,54
K03703,0,6,41,4,395,12,348,124
K00995,0,0,0,0,0,0,0,0
K07689,1,2,19,12,82,7,77,116
K07782,0,0,3,0,58,1,67,23
K02028,0,8,17,13,222,10,207,159
K10009,0,0,23,0,39,2,56,27
K05396,0,2,19,4,169,8,197,37
K02424,6,4,44,20,149,16,155,61
K02425,5,54,149,60,206,92,321,373
K02405,0,0,0,0,0,0,0,0
K02406,2,0,13,0,126,1,157,66
K02407,6,0,16,0,233,0,251,94
K02422,0,0,1,0,37,0,25,22
K02423,0,0,2,0,96,1,112,7
K01176,4,2,48,4,275,11,320,75
K07112,0,0,6,2,267,6,422,12
K02408,0,0,0,0,10,0,23,0
K04085,0,0,0,0,0,0,0,0
K02409,0,0,2,0,206,2,243,3
K02410,0,0,3,2,77,1,72,11
K02411,0,1,0,0,69,2,31,6
K02412,0,0,0,0,151,0,222,6
K02413,0,0,0,2,100,0,87,1
K02414,0,0,6,0,118,2,158,10
K02415,0,0,9,0,49,0,61,5
K02416,0,0,1,2,176,0,163,11
K02417,0,0,0,0,40,0,55,0
K02418,0,0,0,0,29,0,74,7
K02419,0,1,4,0,64,0,61,5
K02420,0,1,2,0,36,0,39,1
K02421,0,0,1,0,153,2,153,5
K07781,0,0,1,1,164,0,106,2
K09781,6,13,337,14,378,27,391,456
K00558,1,0,13,2,102,9,108,48
K07458,0,0,0,0,0,0,0,0
K06950,2,4,42,2,155,18,179,86
K09476,0,0,14,6,205,5,246,30
K09933,5,6,59,15,294,24,358,208
K02012,0,4,24,20,132,15,159,132
K02011,0,3,12,4,223,5,275,81
K00768,6,24,452,26,632,62,693,429
K02233,0,0,10,3,98,8,144,0
K02232,3,0,15,4,63,5,95,17
K02231,0,0,0,0,0,0,0,0
K02006,1,0,21,2,154,6,181,13
K02007,0,0,11,3,72,2,84,7
K02009,0,0,0,0,0,0,0,0
K03394,0,1,12,3,145,0,158,2
K02190,2,0,7,0,104,4,109,14
K05895,2,2,15,4,122,3,182,16
K05934,0,0,9,0,67,0,68,12
K02189,2,0,44,4,217,2,213,31
K05936,3,0,31,6,145,4,131,17
K02191,0,0,27,2,126,2,130,5
K03399,0,0,0,0,0,0,0,0
K02188,0,0,20,0,115,2,113,4
K06042,0,0,12,0,55,0,43,2
K02227,0,1,6,1,17,1,16,1
K02224,4,2,28,4,168,4,216,8
K02440,4,5,28,6,181,16,151,77
K04027,0,0,0,0,34,0,38,2
K01699,2,0,4,0,266,0,273,8
K13919,0,0,0,0,131,0,136,4
K13920,2,0,1,0,47,0,42,0
K04027,0,0,2,3,29,0,26,10
K13923,0,0,0,0,74,2,55,0
K04028,0,0,0,0,48,0,55,0
K00798,0,0,2,0,105,0,128,10
K13922,2,2,28,5,264,11,369,64
K13921,0,0,45,0,118,8,114,38
K03615,0,2,48,11,253,1,359,87
K04031,0,0,6,1,85,2,95,13
K04029,2,0,5,0,62,0,69,11
K19697,0,2,38,0,189,6,298,34
K16651,0,0,29,0,86,6,100,12
K09802,0,0,0,0,0,0,0,0
K07258,15,20,242,22,349,58,366,692
K07470,0,0,0,0,0,0,0,0
K08352,2,2,31,0,259,8,287,15
K08354,0,0,0,0,0,0,0,0
K08353,0,0,0,0,0,0,0,0
K01141,0,0,0,0,21,0,14,2
K14052,0,0,3,1,9,2,9,2
K00765,4,7,69,28,221,33,262,124
K00013,2,2,52,7,209,20,301,79
K00817,0,4,41,6,172,10,275,54
K01089,0,1,56,10,198,20,207,136
K02501,0,0,17,5,70,4,103,52
K01814,0,0,8,4,105,4,121,21
K02500,0,2,16,2,95,19,149,45
K11755,1,0,2,1,76,11,109,29
K05789,0,1,14,0,48,2,75,27
K07497,0,0,0,0,0,0,0,0
K08679,2,5,25,13,215,12,206,116
K17865,0,0,0,0,0,0,0,0
K00012,0,9,51,15,160,18,174,187
K00033,0,2,97,26,193,15,180,185
K24300,3,17,315,33,529,58,564,552
K13017,6,23,164,26,377,41,308,400
K02474,8,25,204,15,445,50,343,585
K13018,0,0,0,0,0,0,0,0
K13020,9,34,288,56,495,77,503,865
K00963,0,4,92,19,126,5,80,198
K16711,8,19,222,46,274,30,215,429
K16703,0,1,0,0,279,2,293,12
K16710,0,0,4,2,151,3,183,2
K16695,0,2,10,0,239,0,311,21
K03606,2,0,0,0,326,0,380,8
K01840,0,1,0,0,213,0,192,2
K16011,0,0,2,0,303,4,395,6
K03208,0,2,2,0,242,0,277,5
K02377,0,0,0,0,57,0,62,3
K03207,0,0,0,0,0,0,0,0
K01711,0,0,1,0,156,2,224,5
K03818,0,0,0,0,52,1,66,4
K13683,0,0,0,0,3,0,1,0
K13620,0,0,0,0,126,0,141,0
K13684,0,0,6,0,314,0,338,0
K16692,0,0,1,0,291,4,383,16
K03819,0,0,0,0,0,0,0,0
K01991,0,0,0,0,129,0,131,0
K25307,0,0,0,0,0,0,0,0
K07289,0,0,5,0,115,1,87,2
K01494,3,0,38,1,142,8,181,65
K00876,4,2,68,9,190,20,207,159
K21084,3,18,151,23,505,22,751,288
K04046,0,3,20,2,204,11,271,43
K07799,0,0,21,0,170,4,244,36
K07788,0,2,41,6,447,3,596,66
K07789,0,2,5,0,484,7,579,27
K18326,0,0,9,0,237,0,291,7
K07642,0,4,6,0,167,8,174,10
K07664,2,2,40,10,104,9,130,72
K03694,3,7,117,11,167,20,167,320
K09946,0,0,0,0,0,0,0,0
K08303,0,0,0,0,0,0,0,0
K05685,18,75,563,69,600,180,634,976
K06891,0,0,0,0,0,0,0,0
K03704,0,0,0,0,0,0,0,0
K13888,3,3,13,11,232,10,260,30
K07459,0,4,45,19,124,20,136,110
K09824,0,0,0,0,0,0,0,0
K06188,3,1,194,3,313,11,339,89
K05601,1,0,14,4,284,0,290,13
K11933,0,0,12,2,162,0,194,6
K15977,1,0,13,4,34,2,36,11
K00156,2,4,187,10,469,30,507,393
K01620,8,4,43,8,184,13,160,130
K11066,0,0,0,0,0,0,0,0
K10000,2,2,153,13,243,22,218,249
K09997,6,13,160,15,278,16,246,242
K09999,2,9,117,4,147,19,160,153
K09998,1,2,84,4,151,17,232,82
K09996,2,4,115,27,203,28,236,183
K11645,0,1,2,0,9,0,8,0
K07029,0,0,0,0,0,0,0,0
K05820,0,0,10,4,214,0,197,7
K03710,0,0,0,0,0,0,0,0
K00941,2,4,26,11,139,2,163,70
K00878,0,0,0,2,168,0,233,4
K07347,0,1,13,4,458,5,416,12
K23243,0,0,0,0,0,0,0,0
K03593,4,2,23,1,146,4,129,49
K01874,8,22,234,28,549,74,460,561
K02478,0,3,8,1,116,0,128,68
K02477,0,0,0,0,0,0,0,0
K21089,1,1,41,6,53,4,63,92
K05846,0,0,0,0,0,0,0,0
K05847,2,1,30,4,73,7,157,93
K05846,1,0,12,3,159,1,162,59
K05349,1,6,88,2,291,14,331,109
K05845,0,0,0,0,0,0,0,0
K03777,0,0,68,10,147,14,159,89
K07262,0,0,0,0,40,1,22,8
K15550,10,48,909,39,1040,75,1198,590
K03975,0,0,0,0,0,0,0,0
K05541,0,0,0,0,16,0,16,0
K22270,2,5,23,4,191,8,270,54
K01801,0,4,14,0,171,0,181,52
K16165,2,0,10,0,36,3,43,13
K00450,0,0,4,7,94,4,110,31
K08195,2,0,36,2,200,13,294,187
K06518,0,0,7,0,105,5,87,34
K01489,0,0,28,6,155,2,173,37
K03748,0,0,4,0,89,3,99,30
K17722,6,6,124,1,398,6,379,78
K17723,0,0,13,0,57,0,48,4
K10541,0,0,0,0,0,0,0,0
K10542,6,83,304,103,590,130,658,150
K10540,7,39,335,83,500,107,403,272
K02529,23,79,1353,218,1969,197,1423,777
K07148,55,36,345,154,346,84,282,202
K01495,0,5,32,4,124,17,247,110
K01070,2,0,8,1,253,0,342,69
K16089,0,0,4,2,95,0,110,4
K11733,0,0,1,0,8,0,6,0
K01151,2,2,36,2,89,8,52,112
K16324,0,0,3,0,2,4,8,17
K16328,0,0,0,0,0,0,0,0
K16329,0,4,36,23,181,21,248,109
K16328,2,13,83,37,246,37,302,622
K21645,4,6,20,19,141,38,117,499
K01779,0,10,51,9,144,0,137,140
K02770,0,2,6,0,23,5,42,11
K07791,0,0,0,0,0,0,0,0
K00882,0,2,21,2,122,3,130,9
K11183,0,2,16,4,209,4,272,33
K03291,0,0,0,4,176,0,227,18
K07811,0,0,14,6,526,8,524,70
K03533,0,0,0,0,0,0,0,0
K02356,0,0,0,0,0,0,0,0
K03532,0,0,8,0,182,0,206,20
K00375,0,0,6,0,125,0,126,2
K01686,0,0,0,1,10,0,8,4
K00040,0,10,15,6,315,1,316,127
K19803,4,18,119,10,255,35,258,367
K13694,4,20,120,32,177,32,104,278
K21090,0,7,38,9,415,14,465,105
K13893,0,5,21,4,288,7,371,91
K13894,0,0,14,4,236,8,246,50
K13895,0,5,33,4,250,3,383,29
K02031,0,0,31,5,175,14,193,47
K07552,18,27,374,44,299,18,406,185
K06183,0,0,18,0,159,2,197,28
K19789,0,1,18,3,217,2,208,45
K06899,0,0,13,1,23,1,26,10
K02897,0,0,0,0,0,0,0,0
K09904,0,1,6,2,49,1,28,15
K07014,4,4,36,17,273,10,303,145
K02200,0,1,4,4,26,1,44,7
K07685,0,0,0,0,0,0,0,0
K02198,1,0,29,1,208,2,290,16
K02199,0,0,0,0,0,0,0,0
K02197,0,3,7,0,117,2,231,3
K02195,0,0,27,1,72,1,83,1
K02196,0,0,0,0,0,0,0,0
K02194,0,0,20,6,130,6,152,12
K02193,1,0,25,3,59,17,75,13
K02569,4,2,214,13,303,24,337,130
K02567,10,5,188,15,269,48,232,69
K02568,0,0,0,0,0,0,0,0
K02574,0,0,0,0,0,0,0,0
K02573,0,0,0,0,0,0,0,0
K02570,0,0,6,0,12,1,9,0
K02572,0,0,0,0,0,0,0,0
K00116,10,0,134,26,459,60,408,105
K08276,0,0,0,0,0,0,0,0
K06213,0,0,0,0,23,0,20,1
K06159,1,2,30,9,245,12,358,45
K03919,0,0,3,6,36,0,41,6
K10778,3,11,87,2,149,10,116,89
K03734,3,14,234,8,348,22,348,256
K09475,2,3,35,2,257,2,272,36
K07676,0,0,12,4,160,5,120,43
K07677,0,0,6,2,40,0,51,6
K07687,0,0,0,0,0,0,0,0
K07710,0,0,27,16,376,2,450,53
K07714,0,0,2,0,229,4,237,9
K01034,0,0,0,0,96,0,158,0
K01035,0,0,0,0,42,2,50,0
K02469,2,1,17,2,17,4,29,28
K02106,0,0,0,0,0,0,0,0
K00626,0,0,0,0,0,0,0,0
K00568,0,3,15,8,169,10,169,41
K00525,0,6,160,30,517,37,513,532
K00526,0,1,27,3,64,10,77,40
K01126,0,0,0,0,0,0,0,0
K11107,0,0,0,0,0,0,0,0
K02445,58,12,203,13,392,22,363,287
K00111,8,0,16,10,228,12,292,60
K00112,20,0,2,0,127,0,152,28
K00113,3,1,0,0,46,1,33,23
K12660,0,0,0,0,0,0,0,0
K12661,0,0,0,2,269,1,357,7
K03742,0,1,8,1,153,0,145,25
K12944,0,0,2,0,130,4,108,2
K07806,2,0,20,0,204,8,250,46
K10012,2,0,18,2,157,14,188,43
K10011,2,2,56,7,325,13,285,125
K13014,2,4,22,6,165,4,174,44
K07264,0,0,22,2,250,9,301,47
K01911,0,8,25,11,97,19,98,284
K12962,0,0,0,0,0,0,0,0
K12963,0,0,0,0,0,0,0,0
K19238,0,0,0,0,0,0,0,0
K02549,2,3,31,1,104,12,122,35
K01661,3,3,53,8,131,12,136,95
K02551,1,1,29,0,130,18,163,41
K08680,0,0,0,0,0,0,0,0
K02552,0,2,37,2,229,2,316,73
K05594,0,2,31,2,74,4,77,66
K02348,5,13,376,34,329,46,424,553
K00784,0,0,6,2,117,4,93,19
K00343,0,0,0,0,0,0,0,0
K03415,0,0,0,0,0,0,0,0
K00342,6,6,212,12,412,27,510,151
K00341,11,7,367,15,607,38,606,362
K00336,13,9,374,20,624,99,697,377
K00340,0,0,0,0,0,0,0,0
K00339,0,0,0,0,0,0,0,0
K00338,0,0,0,0,0,0,0,0
K00337,0,0,0,0,0,0,0,0
K00335,7,17,254,21,383,47,418,289
K13378,7,15,195,28,313,45,342,249
K00334,0,0,0,0,0,0,0,0
K00331,8,18,130,51,275,49,272,541
K00330,6,9,119,44,259,47,249,339
K14260,0,2,10,3,61,2,47,28
K08722,0,0,0,0,0,0,0,0
K19270,2,1,47,2,228,6,180,40
K09161,1,6,109,27,173,27,218,170
K09899,1,2,61,9,136,14,215,123
K00925,18,21,429,44,710,53,632,606
K13788,12,3,141,10,379,46,413,273
K07095,2,1,34,7,113,10,108,64
K00799,3,5,80,17,177,25,194,167
K11209,4,3,84,10,289,11,295,88
K07589,2,5,53,0,136,13,143,97
K07071,17,6,312,12,395,23,420,281
K10017,0,0,0,1,2,0,0,0
K03790,0,0,0,0,0,0,0,0
K10015,2,9,71,8,113,17,205,122
K10016,0,4,82,9,187,18,235,160
K10014,6,6,225,19,305,57,418,434
K10013,6,22,349,21,338,62,500,700
K00764,3,9,107,18,169,24,190,279
K03186,0,0,0,0,0,0,0,0
K03558,6,4,65,24,168,36,238,334
K03749,0,0,0,0,0,0,0,0
K11754,1,18,48,10,91,29,187,88
K01963,3,10,35,12,166,25,138,136
K03975,1,6,88,25,170,33,161,277
K06173,0,1,7,0,68,6,64,24
K00133,2,3,18,4,116,18,164,63
K03473,0,2,37,9,151,16,190,83
K00647,0,0,1,0,25,1,18,2
K07724,0,0,0,0,0,0,0,0
K15461,1,12,73,11,369,16,507,120
K09906,0,0,0,0,0,0,0,0
K07090,0,2,11,3,70,0,87,22
K07261,0,0,2,1,95,2,107,13
K01736,1,5,32,7,166,15,143,65
K07320,1,4,36,4,226,19,284,98
K01782,27,71,948,95,1301,197,1639,1561
K08296,0,0,0,0,0,0,0,0
K00626,2,13,159,16,405,58,509,315
K06076,9,9,342,25,328,45,370,838
K04754,0,0,7,0,11,0,12,5
K21990,0,0,9,5,56,0,72,12
K03406,0,2,18,11,269,9,348,68
K08476,0,0,1,0,106,2,113,2
K08475,2,0,33,6,231,10,338,85
K09912,0,0,0,0,0,0,0,0
K08478,0,2,26,8,194,8,235,51
K11382,0,0,9,0,321,0,371,16
K12974,0,10,28,15,89,16,93,234
K14261,1,14,173,23,379,22,374,313
K02478,0,0,2,0,309,4,385,28
K23991,2,0,19,2,63,2,72,8
K02477,0,0,0,0,0,0,0,0
K08326,0,2,0,0,125,0,152,0
K00845,0,2,11,0,175,3,227,13
K11202,0,0,0,0,0,0,0,0
K04103,1,2,40,7,121,3,96,66
K19265,0,4,24,8,237,4,385,23
K01857,2,13,21,7,178,11,203,30
K01443,0,0,0,0,1,0,1,0
K03322,4,16,64,18,416,27,534,238
K11535,6,1,132,7,352,16,346,143
K01885,1,1,18,6,77,4,51,16
K15580,0,0,15,0,386,3,438,16
K19416,2,4,67,24,100,13,97,156
K21966,0,0,3,0,345,6,479,24
K11179,0,0,0,0,2,0,2,0
K01512,0,0,0,0,0,0,0,0
K06969,0,3,32,5,214,5,183,99
K06929,0,0,0,0,0,0,0,0
K11940,0,0,0,0,0,0,0,0
K03658,5,4,115,16,183,13,177,118
K09909,0,0,0,0,0,0,0,0
K01734,0,0,0,0,0,0,0,0
K07343,0,0,0,0,0,0,0,0
K13053,0,6,13,9,168,13,195,65
K03286,114,127,4643,203,5346,427,5374,4544
K09911,0,0,8,1,19,0,13,27
K04770,2,5,67,17,276,22,348,174
K06192,0,8,121,0,208,12,199,114
K01716,0,0,0,0,0,0,0,0
K03812,0,0,0,0,0,0,0,0
K09857,0,0,0,0,0,0,0,0
K03808,0,0,27,6,118,3,133,53
K15738,10,6,104,7,302,23,429,205
K12297,2,8,125,20,325,13,309,215
K07140,1,3,68,14,230,13,226,119
K18657,0,0,0,0,0,0,0,0
K00254,0,10,72,11,176,16,214,154
K00299,0,4,2,0,104,0,118,4
K15553,0,0,0,0,79,2,130,2
K04091,0,0,0,0,19,0,12,0
K01256,0,0,12,0,26,2,23,20
K15554,0,0,0,0,0,0,0,0
K15555,0,0,0,0,0,0,0,0
K00763,4,14,79,18,332,26,364,238
K01893,14,16,300,20,620,73,550,436
K09476,14,70,923,145,923,210,970,2858
K00813,1,2,12,5,37,3,22,45
K03632,22,36,834,76,1358,147,1486,1499
K01069,0,0,0,0,0,0,0,0
K21470,0,0,0,0,0,0,0,0
K03804,0,0,3,0,10,0,3,9
K03633,3,4,51,5,155,25,97,72
K06219,1,1,14,10,148,4,163,41
K00979,8,3,145,10,239,7,383,94
K09927,0,5,41,11,205,14,211,141
K09791,0,0,0,0,0,0,0,0
K00912,0,0,4,0,27,3,35,16
K11085,1,1,26,3,68,13,56,53
K02238,7,14,142,29,426,36,435,319
K02945,8,12,432,34,525,56,581,549
K05788,0,0,0,0,0,0,0,0
K00945,20,40,753,61,689,115,823,956
K00800,1,1,58,19,134,22,141,166
K00831,4,8,41,15,204,31,364,132
K09136,1,6,22,14,283,7,325,84
K06212,3,17,341,35,447,72,465,482
K00656,38,106,1620,106,2073,262,2115,2470
K04069,0,0,0,0,0,0,0,0
K02822,1,3,31,7,123,10,117,55
K03475,0,4,15,4,377,0,454,29
K00615,0,2,6,0,189,0,302,12
K08219,0,0,0,0,12,0,15,1
K02821,0,0,0,0,0,0,0,0
K07306,4,18,202,6,386,25,433,90
K07308,0,0,0,0,0,0,0,0
K07307,0,0,0,0,0,0,0,0
K01875,6,2,147,12,306,15,415,57
K03466,7,13,150,33,332,29,424,275
K07478,0,0,0,0,0,0,0,0
K03634,0,0,0,0,0,0,0,0
K03719,4,20,241,42,479,83,485,745
K00384,0,8,89,30,213,40,167,303
K16013,0,4,41,3,230,11,270,56
K16012,1,6,64,9,258,19,304,148
K00684,0,1,9,3,54,4,43,32
K02518,0,0,0,0,0,0,0,0
K06911,0,2,3,0,194,2,216,11
K03212,0,0,1,0,69,0,72,2
K11074,0,0,5,0,84,0,93,11
K11075,3,1,39,2,95,7,112,32
K11076,1,2,50,2,258,12,274,43
K11073,5,2,67,10,258,15,256,92
K05844,2,2,47,10,124,14,132,99
K10678,0,0,17,6,167,2,123,41
K03674,1,38,66,64,148,63,146,466
K07085,4,21,141,27,414,47,446,319
K23778,0,0,0,0,0,0,0,0
K20861,0,0,0,0,0,0,0,0
K08160,0,0,0,0,12,0,11,0
K19302,2,1,3,1,62,2,45,19
K07258,0,1,6,0,10,3,9,2
K11534,0,0,0,0,0,0,0,0
K21430,7,16,84,11,206,30,254,110
K00799,0,0,0,0,0,0,0,0
K19688,8,11,152,21,266,16,284,190
K14441,0,0,8,2,70,4,75,14
K13891,0,0,0,0,0,0,0,0
K02033,0,2,16,1,28,0,30,11
K13889,0,0,9,2,122,3,140,7
K13892,4,3,87,10,440,24,502,133
K13051,4,0,34,23,195,19,242,91
K00984,0,6,50,9,379,17,438,87
K03750,2,2,38,10,220,10,236,63
K21029,0,0,2,1,9,1,10,17
K08313,0,0,6,0,14,1,16,14
K04069,2,0,7,0,206,0,132,9
K07757,0,2,19,4,179,5,119,99
K06158,0,0,9,3,30,6,37,27
K19235,0,0,0,0,0,0,0,0
K11924,0,4,6,1,120,5,260,11
K11934,0,0,11,4,16,3,19,17
K11939,0,2,14,0,197,9,216,68
K04047,20,64,1210,116,1264,113,1482,1327
K02030,13,35,162,75,283,83,278,870
K02029,2,4,30,10,90,27,103,232
K02028,0,6,101,25,219,34,278,476
K22044,4,4,27,2,241,10,307,67
K06970,0,0,0,0,0,0,0,0
K13650,2,0,68,2,180,4,228,71
K16090,0,0,15,2,432,0,485,31
K07336,0,0,5,0,73,4,64,11
K13574,1,0,4,0,78,3,40,46
K06204,0,0,0,0,0,0,0,0
K12151,0,0,0,0,0,0,0,0
K03722,4,7,124,10,336,17,286,136
K11927,0,4,23,0,262,4,234,34
K23777,0,1,8,0,155,5,136,41
K25183,0,2,37,2,146,1,139,14
K25182,1,2,36,1,282,4,280,19
K25181,1,0,5,10,307,0,405,20
K25180,1,7,76,6,156,15,256,146
K06131,3,2,46,2,275,5,421,49
K07027,0,0,0,0,54,0,50,1
K06890,1,0,10,0,14,0,25,28
K03635,3,13,152,6,310,13,305,225
K03636,0,0,0,0,0,0,0,0
K03637,0,0,14,4,16,1,22,6
K03638,0,0,0,0,0,0,0,0
K03639,0,4,41,4,158,4,166,58
K03702,12,16,106,16,275,29,214,223
K01935,0,0,0,0,1,0,0,0
K02169,0,0,4,0,16,0,27,8
K00652,0,0,0,0,130,0,129,0
K01012,0,0,6,0,125,0,215,4
K00833,0,0,14,6,240,4,295,14
K01745,0,0,0,1,26,0,34,2
K01712,20,13,252,13,463,27,554,462
K05836,6,4,83,10,143,12,179,194
K01479,0,1,2,0,75,0,86,16
K01468,0,2,22,0,164,4,182,57
K01051,2,6,74,10,257,28,335,200
K10930,0,0,6,6,186,4,217,23
K10931,0,2,20,7,451,2,603,60
K10962,0,0,0,0,68,0,25,4
K10932,0,6,0,10,252,6,370,34
K10933,0,0,2,0,148,0,206,8
K10965,0,0,5,2,173,2,156,23
K10934,0,0,0,0,139,0,159,11
K02654,0,0,1,2,129,0,232,3
K19304,0,0,0,1,98,0,124,0
K07404,0,0,2,0,25,1,31,7
K02017,2,1,15,1,52,3,36,9
K21064,0,0,0,0,0,0,0,0
K02018,0,0,21,2,110,4,168,8
K02020,0,2,90,4,210,4,269,28
K25859,0,2,9,1,166,12,179,17
K02019,0,2,14,2,131,2,94,54
K05776,0,5,33,10,277,26,339,166
K01784,2,13,74,46,297,27,291,206
K00965,4,6,31,6,166,12,139,59
K00849,0,8,109,28,265,22,177,130
K01785,3,12,87,16,389,21,416,118
K01626,0,2,14,1,56,8,70,74
K01834,0,0,0,0,0,0,0,0
K16264,0,0,9,0,78,2,73,24
K03811,0,0,0,0,0,0,0,0
K03517,4,5,145,28,222,32,180,239
K03641,19,21,536,40,609,62,500,816
K03640,0,0,0,0,0,0,0,0
K03646,4,11,246,40,500,53,531,485
K03559,2,1,19,2,38,4,32,58
K03562,3,4,28,4,59,9,101,82
K07107,0,5,30,8,92,8,81,76
K00426,0,0,8,3,78,4,51,42
K00425,51,76,2115,70,2509,220,2567,2101
K00424,0,0,0,0,0,0,0,0
K01846,0,0,47,2,120,1,171,27
K19268,0,2,65,0,259,9,280,38
K04835,1,0,52,2,268,0,284,33
K01425,0,3,26,2,214,4,185,12
K01676,0,0,21,2,227,2,278,47
K03566,0,0,1,0,35,1,26,2
K19221,0,0,0,0,0,0,0,0
K02303,0,0,0,0,7,0,8,0
K21948,0,2,16,6,167,8,169,23
K22130,3,0,10,0,65,7,90,45
K01816,2,0,13,1,175,4,141,28
K18013,0,2,2,2,178,3,173,40
K03453,4,1,20,0,180,12,214,85
K11477,0,1,2,0,27,3,17,9
K01902,0,0,0,0,0,0,0,0
K01903,0,10,68,10,104,13,150,60
K00164,13,35,479,36,708,122,712,971
K00658,0,0,0,0,0,0,0,0
K00239,1,26,308,60,560,52,570,949
K00240,0,0,0,0,0,0,0,0
K00242,6,0,27,12,71,15,142,65
K00241,3,7,60,12,122,18,159,140
K01647,7,49,440,85,547,110,630,1395
K07120,0,0,10,1,61,2,67,13
K05522,0,0,0,0,0,0,0,0
K01304,0,0,1,0,38,2,30,23
K07160,0,0,9,1,72,2,72,17
K23124,0,2,11,2,109,2,95,32
K23123,0,4,50,6,168,6,197,90
K03305,0,0,9,6,112,2,218,12
K24087,0,0,0,0,0,0,0,0
K01669,2,3,10,3,291,4,289,20
K01546,0,0,10,2,296,0,430,10
K01547,0,0,4,0,297,0,331,12
K01548,0,2,19,0,78,1,115,18
K07646,7,0,58,8,470,12,778,68
K07667,0,0,9,0,162,0,238,28
K01835,0,1,0,0,6,0,4,0
K03756,0,0,0,0,0,0,0,0
K03645,26,12,171,19,189,19,251,258
K01175,0,0,5,2,165,4,190,11
K03839,2,5,46,10,100,2,100,152
K03711,8,10,233,35,351,46,388,662
K13794,0,4,10,2,116,3,116,25
K13796,0,2,4,2,206,5,252,31
K13795,0,2,5,4,233,0,194,32
K03288,0,2,3,0,56,0,35,12
K02529,2,4,14,2,208,10,225,29
K01886,0,0,0,0,0,0,0,0
K02804,16,13,284,26,579,63,430,562
K02564,0,9,124,28,357,24,328,239
K01443,0,2,73,38,384,12,409,160
K02565,6,6,60,12,253,13,302,145
K02566,3,4,71,9,272,14,221,170
K01953,12,6,61,26,313,24,246,160
K03184,4,14,119,24,231,28,264,293
K06168,2,8,70,4,377,19,436,221
K06217,6,6,232,16,410,37,437,413
K07042,0,3,61,2,159,11,173,190
K06189,2,19,203,18,346,45,377,384
K03820,0,8,18,8,270,5,384,41
K10001,33,81,1131,139,826,223,869,2873
K10003,2,7,40,11,175,14,167,163
K10002,6,3,35,6,109,9,151,57
K10004,0,6,70,11,178,15,183,115
K01250,0,2,6,2,90,11,94,24
K01869,17,24,526,71,924,99,1047,966
K03643,4,4,88,7,238,18,237,236
K02340,0,1,18,0,55,7,55,37
K04720,0,0,0,0,0,0,0,0
K00969,0,1,0,1,3,1,14,1
K02226,4,2,14,2,97,8,127,46
K09710,2,4,23,5,155,9,141,105
K00783,0,2,20,3,80,2,122,67
K05515,0,2,21,4,394,16,396,66
K05837,0,0,19,4,202,16,300,33
K03642,2,4,34,1,189,9,190,55
K07258,0,8,26,7,188,7,236,102
K09158,8,11,202,22,286,46,289,615
K03801,0,4,39,8,155,21,190,126
K03644,4,12,46,23,132,30,169,361
K03425,0,0,0,0,0,0,0,0
K06199,0,0,11,0,44,0,57,27
K03704,0,0,0,0,0,0,0,0
K12973,139,707,3456,1818,2814,745,2515,8477
K03326,0,0,8,0,96,6,112,8
K07700,0,2,23,6,95,4,102,23
K07702,0,0,0,0,0,0,0,0
K01910,0,0,0,0,157,0,190,0
K01646,0,0,0,0,19,0,22,0
K01644,0,0,0,0,96,0,108,2
K01643,0,0,0,0,158,0,124,6
K05964,0,0,0,0,38,2,43,0
K05966,0,0,10,0,123,0,141,2
K09477,0,4,2,0,293,2,393,19
K01169,0,0,0,0,48,0,45,4
K00433,0,0,39,4,200,8,239,96
K03387,3,11,77,8,131,13,111,200
K06140,0,0,0,0,0,0,0,0
K11932,0,0,0,0,0,0,0,0
K24119,0,30,85,37,186,76,236,450
K03805,0,6,6,2,166,2,141,31
K14287,0,0,0,0,0,0,1,0
K06200,3,20,171,26,362,47,377,344
K08317,0,0,0,0,0,0,0,0
K24147,1,6,34,5,53,13,66,56
K00216,0,0,0,0,30,1,35,1
K01252,0,0,0,0,0,0,0,0
K02363,0,4,16,3,138,9,188,65
K02361,0,10,26,5,263,8,272,63
K08225,0,0,0,2,110,1,160,6
K23185,0,0,0,0,0,0,0,0
K23186,0,4,9,5,102,7,117,74
K02364,2,6,67,12,434,11,368,144
K23187,0,0,0,0,0,0,0,0
K23188,0,0,0,0,0,0,0,0
K07214,0,4,14,0,166,0,194,37
K05375,0,0,0,0,0,0,0,0
K19611,1,10,34,14,531,16,845,75
K02362,0,0,4,0,156,0,194,13
K17202,0,0,10,1,202,2,208,16
K17204,0,1,6,0,315,0,428,12
K17203,0,0,0,3,6,0,15,3
K00615,0,0,8,0,175,0,193,5
K00864,2,0,24,4,142,4,183,10
K22479,0,0,4,1,7,1,11,13
K06048,1,0,39,0,164,4,227,59
K13985,10,4,42,6,85,23,124,173
K18325,0,0,0,0,0,0,0,0
K10679,1,6,19,9,123,23,118,112
K16053,0,0,0,0,51,3,51,13
K02529,0,0,0,0,0,0,0,0
K11732,0,0,0,0,304,0,281,7
K19231,0,0,20,6,1440,8,2012,47
K21087,0,4,11,4,140,3,111,16
K21741,0,2,14,3,40,1,32,17
K21739,0,0,1,0,30,0,32,1
K07787,0,0,6,3,308,2,291,10
K21740,0,0,0,0,0,0,0,0
K21746,0,0,0,0,0,0,0,0
K07798,0,2,25,1,309,4,317,12
K07796,0,5,8,8,207,10,301,35
K07810,0,0,0,0,0,0,0,0
K07665,2,3,21,6,131,4,207,53
K07644,0,0,9,12,292,3,356,54
K07812,0,0,10,0,64,1,45,4
K06897,0,0,0,0,0,0,0,0
K07821,2,0,58,7,281,0,311,14
K07811,4,2,52,10,448,5,454,42
K14061,0,0,0,0,0,0,0,0
K03533,0,0,0,0,0,0,0,0
K03532,0,2,8,0,212,0,276,15
K11930,0,0,0,0,88,0,85,0
K07772,0,0,0,0,17,0,25,0
K07647,4,6,10,12,477,4,664,53
K08087,0,0,2,0,168,0,163,16
K08088,0,0,11,0,217,0,206,7
K07347,9,2,59,6,284,1,336,49
K07688,0,0,0,0,0,0,0,0
K07348,0,0,0,0,0,0,0,0
K07350,0,0,0,0,0,0,0,0
K07346,0,0,6,0,188,2,182,12
K07351,0,0,18,2,153,3,109,12
K07345,4,2,171,3,275,13,309,84
K01491,2,1,20,6,78,6,86,39
K01883,0,0,0,0,1,0,1,1
K14761,0,0,0,0,0,0,0,0
K07038,0,0,0,0,0,0,0,0
K03767,0,6,81,24,160,15,163,274
K03269,0,2,58,4,215,3,237,50
K01588,0,2,16,6,98,6,99,149
K01589,2,9,33,16,190,23,203,212
K06917,0,0,2,4,53,2,74,2
K02072,0,0,0,0,0,0,0,0
K02071,0,3,10,0,115,0,135,8
K02073,0,0,5,4,109,1,155,21
K02004,0,0,10,0,317,2,313,15
K02003,0,0,5,1,104,9,159,10
K10804,2,4,15,9,107,16,68,47
K05838,0,0,2,0,10,1,27,12
K02069,0,1,0,0,5,0,3,2
K02068,0,1,18,4,218,12,275,13
K07340,0,5,27,5,129,10,211,33
K19591,0,0,0,0,0,0,0,0
K16087,0,1,11,8,504,0,604,11
K25132,0,0,0,0,98,0,69,12
K21936,0,0,0,0,178,1,234,6
K07227,0,0,3,0,61,1,63,5
K25133,0,0,2,0,189,6,263,7
K10834,0,0,1,0,148,0,175,13
K17686,56,615,2297,870,1864,2205,1891,16599
K09973,0,0,0,0,0,0,1,0
K11751,1,0,17,3,104,3,147,34
K03976,0,0,0,0,0,0,0,0
K08223,0,8,16,4,377,8,427,89
K03455,2,6,79,9,115,13,141,82
K00892,0,0,4,0,7,0,13,6
K01772,0,0,0,0,5,0,4,0
K01066,0,0,0,0,1,0,0,0
K04079,1,5,79,21,264,25,306,203
K00939,0,0,0,0,0,0,0,0
K02343,5,6,115,19,239,17,252,319
K06187,0,0,0,0,0,0,0,0
K09747,0,0,0,0,0,0,0,0
K05802,0,6,49,24,253,16,301,227
K00759,0,0,0,0,0,0,0,0
K09790,0,0,0,0,0,0,0,0
K04067,0,0,0,0,0,0,0,0
K03577,0,3,11,12,130,14,149,73
K03585,5,16,173,25,316,29,383,334
K18138,32,27,628,54,898,109,1068,389
K19162,4,40,111,52,168,29,145,813
K05839,1,23,58,28,46,21,29,379
K00661,0,8,27,25,214,17,335,166
K02919,0,0,0,0,0,0,0,0
K02909,2,2,9,7,44,5,38,81
K07149,6,11,492,3,513,24,544,287
K09914,1,0,72,9,119,2,143,94
K07443,0,0,0,0,0,0,0,0
K03320,5,8,285,17,311,23,354,274
K10805,0,0,0,0,0,0,0,0
K18890,0,4,5,1,297,6,291,10
K04752,0,0,0,0,0,0,0,0
K18889,4,8,45,8,301,4,370,29
K05800,0,0,6,6,142,3,137,36
K11938,0,2,9,0,32,3,39,26
K11925,2,6,16,3,406,26,525,89
K03770,2,6,16,3,94,5,73,47
K06920,0,0,0,0,0,0,0,0
K12500,0,0,0,0,0,0,0,0
K02237,0,0,0,0,0,0,0,0
K01338,20,43,691,111,738,139,722,1107
K03530,0,0,0,0,0,0,0,0
K03544,3,16,151,32,392,32,396,276
K01358,0,3,44,7,79,10,75,66
K03545,10,3,129,12,344,34,284,501
K05527,7,12,370,22,262,23,284,563
K07286,1,4,17,2,116,4,112,31
K08218,1,0,28,4,239,6,219,44
K02297,6,24,276,33,396,60,413,603
K02298,23,37,560,75,636,99,815,802
K02299,4,7,129,43,201,46,195,215
K02300,1,3,109,13,113,13,132,134
K02257,6,14,336,13,342,41,325,324
K11903,0,8,93,16,248,6,291,99
K09767,0,1,14,1,18,4,19,17
K00077,2,12,96,10,253,22,300,199
K03152,1,0,16,0,59,6,56,41
K03151,0,0,5,1,39,2,49,15
K03602,0,2,16,5,61,3,39,85
K00795,0,3,18,5,177,5,201,73
K01662,6,17,92,16,477,31,616,286
K23107,2,6,90,13,200,24,141,152
K01095,0,0,0,0,0,0,0,0
K00946,0,0,28,6,140,6,161,72
K03625,0,0,4,2,34,1,33,1
K11752,2,3,24,6,163,7,153,140
K00794,0,0,0,0,0,0,0,0
K07738,1,3,27,0,81,16,108,32
K05517,0,2,14,0,52,0,50,8
K03074,0,1,1,0,10,1,15,4
K06996,0,0,0,0,0,0,0,0
K03072,4,5,98,7,242,18,258,148
K00773,0,4,109,16,144,29,164,213
K03210,0,0,0,0,0,0,0,0
K07568,3,5,88,21,367,30,317,202
K08682,0,0,0,0,2,0,0,0
K03386,0,0,0,0,0,0,0,0
K09932,1,0,8,0,126,0,78,1
K11736,2,0,29,0,265,10,362,56
K03311,2,8,47,4,326,19,391,85
K07636,0,5,97,10,352,26,329,229
K07657,0,0,14,1,175,2,215,37
K03547,0,0,8,6,232,4,314,16
K03546,4,0,20,6,367,6,436,68
K08156,0,1,0,0,120,0,221,1
K03554,0,0,26,3,97,3,82,58
K14591,2,1,50,13,143,14,156,199
K09913,0,0,0,0,0,0,0,0
K00891,6,17,166,23,270,26,282,209
K09768,0,7,41,26,159,17,197,203
K18968,0,0,0,0,30,0,43,5
K00286,0,0,0,0,0,0,0,0
K01077,2,6,115,3,345,4,420,227
K08161,0,0,6,2,196,3,217,13
K01921,0,2,31,6,265,19,330,113
K17938,2,2,63,7,320,15,394,148
K18988,0,0,0,0,0,0,0,0
K01698,2,2,27,2,159,6,129,90
K20264,0,0,19,6,86,1,115,53
K20263,4,2,9,6,274,4,408,37
K07783,16,8,318,11,340,27,413,199
K02012,4,9,272,4,303,7,395,162
K02011,0,2,96,2,357,8,364,80
K02010,0,1,2,0,10,0,5,1
K00547,0,0,0,0,0,0,0,0
K16235,9,11,229,26,267,60,279,233
K05819,4,0,28,1,262,0,403,24
K01666,0,0,1,2,140,1,160,12
K04073,2,1,8,0,142,0,144,4
K02554,0,2,2,0,114,0,147,2
K05714,0,0,0,0,75,0,93,0
K05713,0,0,0,0,6,0,7,1
K05712,0,0,1,0,101,0,145,2
K05818,0,10,72,1,200,2,196,196
K13633,0,0,1,0,23,0,43,16
K02529,0,4,8,0,268,2,349,14
K01190,2,2,43,1,495,16,666,119
K01908,0,1,9,0,19,0,9,8
K02532,0,0,0,0,0,0,0,0
K01720,2,5,99,4,312,8,425,74
K01659,2,9,34,0,230,6,275,74
K03417,0,0,25,0,171,3,181,43
K02688,2,0,74,16,393,42,471,521
K03329,0,2,9,0,138,1,174,49
K13069,2,0,8,6,258,15,179,50
K02014,0,1,2,1,28,1,29,5
K02574,0,0,0,0,0,0,0,0
K03406,2,0,8,6,203,2,306,18
K03326,0,0,2,0,184,0,145,5
K01258,3,0,60,0,278,0,398,54
K09982,1,2,11,1,75,2,61,12
K14052,0,1,126,8,288,17,359,155
K05520,0,0,0,0,0,0,0,0
K09470,0,0,22,7,262,2,365,30
K09473,0,0,36,2,166,11,153,51
K14056,0,0,29,4,161,3,182,52
K09472,0,0,14,8,222,0,207,7
K09471,0,2,9,0,90,4,128,21
K06282,0,2,3,0,244,4,342,5
K06281,0,0,6,0,232,0,401,8
K03620,0,0,4,0,131,0,150,4
K03605,0,0,4,0,51,0,51,2
K03619,0,0,0,0,46,0,53,0
K03618,0,0,6,0,137,0,162,11
K00425,0,0,3,0,227,0,228,12
K00426,0,2,10,0,271,2,357,18
K22501,0,0,4,0,30,0,56,4
K11903,1,4,26,5,187,9,297,107
K07451,0,0,0,0,7,0,2,0
K00558,0,5,20,7,160,10,157,92
K07459,7,14,179,20,461,42,497,263
K06946,0,2,9,10,265,2,368,32
K03630,0,0,0,4,89,0,106,4
K18838,0,0,0,0,39,2,78,6
K18837,0,0,1,0,122,0,185,0
K07733,0,0,0,0,0,0,0,0
K21967,0,0,1,0,6,0,5,0
K21968,0,0,0,0,0,0,0,0
K21966,0,10,62,5,436,26,509,193
K21965,0,0,17,3,106,0,124,50
K21964,1,9,82,16,178,14,185,58
K00147,0,0,7,0,244,2,288,5
K00931,0,7,58,14,177,21,207,174
K11929,0,0,0,0,90,0,95,0
K11750,0,13,138,13,172,25,139,257
K11926,0,0,0,0,0,0,0,0
K00769,1,4,37,11,123,11,107,92
K01270,2,1,40,12,127,18,116,94
K02346,0,0,1,0,9,0,6,4
K02557,0,0,0,0,225,0,245,13
K02556,0,0,6,0,175,0,241,17
K02405,0,0,4,0,261,0,286,0
K02414,0,0,2,0,143,0,88,1
K02415,0,0,0,0,0,0,0,0
K02407,0,0,2,0,78,0,97,2
K02422,0,0,0,0,0,0,0,0
K02406,0,0,6,0,137,0,164,1
K02397,0,0,0,0,58,0,70,3
K02396,2,0,0,0,174,2,203,19
K02394,0,0,1,0,192,0,187,6
K02395,0,0,0,0,0,0,0,0
K02393,0,0,0,0,151,0,181,4
K02392,0,0,0,0,154,0,160,0
K02390,0,0,0,0,81,0,83,0
K02389,0,0,4,0,260,0,272,0
K02388,0,0,0,0,121,2,146,3
K02387,0,0,0,0,80,0,61,3
K02386,0,0,1,2,190,0,234,16
K02398,0,0,4,0,56,0,56,1
K02399,0,2,2,4,90,0,74,10
K18475,0,0,5,0,192,0,253,7
K02412,0,0,0,1,58,0,70,0
K00980,0,0,0,0,0,0,0,0
K02413,0,0,0,0,0,0,0,0
K02411,0,0,0,0,51,0,80,1
K02410,0,0,0,0,0,0,0,0
K02409,0,0,0,0,160,0,140,2
K02408,0,0,0,0,0,0,0,0
K02417,0,0,1,0,54,0,42,0
K02419,0,0,4,2,141,2,144,7
K02421,1,0,0,0,94,2,143,1
K02401,1,0,2,1,227,0,233,7
K02400,0,0,0,0,152,2,198,8
K19303,0,0,0,0,18,0,32,0
K03271,3,4,49,9,223,10,241,118
K06445,25,85,1287,61,1314,227,1500,4202
K21086,0,0,0,0,0,0,0,0
K06006,0,0,0,0,0,0,0,0
K12518,0,0,4,0,198,0,232,8
K12519,0,0,0,0,0,0,0,0
K07345,0,0,0,0,130,0,98,0
K02342,0,0,6,1,121,1,207,10
K03469,0,0,0,0,2,0,0,0
K01069,0,0,30,6,245,3,251,67
K08307,6,34,308,84,233,134,278,1082
K19577,7,2,71,12,250,18,287,241
K06222,0,0,1,0,8,0,3,0
K11893,0,0,0,0,146,0,219,1
K03286,0,0,0,0,413,0,622,0
K11903,0,0,0,0,198,0,230,0
K11907,0,0,2,0,494,2,622,4
K11904,0,0,3,0,512,0,678,0
K11891,0,0,6,2,564,0,666,16
K11910,0,0,4,0,176,0,228,8
K11895,0,0,0,4,73,0,103,6
K11895,0,0,0,0,54,0,50,7
K11895,0,0,14,3,230,0,337,21
K11895,0,0,0,0,211,1,440,14
K11906,0,0,0,0,72,1,89,0
K11905,0,0,0,0,32,0,38,1
K11911,0,0,4,2,291,3,361,34
K07345,0,2,2,0,143,0,155,9
K12518,0,2,6,4,739,2,816,12
K12519,0,0,1,2,195,0,225,8
K09690,0,0,1,2,144,0,191,4
K01854,0,0,2,4,230,0,278,4
K07497,0,0,0,0,106,2,98,10
K07497,0,2,6,4,69,2,75,7
K07483,0,0,0,0,0,0,0,0
K07150,0,8,33,13,216,18,232,101
K03289,0,0,0,0,17,0,18,6
K08306,2,4,67,8,263,1,275,133
K03575,1,0,22,2,173,5,263,26
K03439,0,0,69,9,148,22,151,75
K09923,0,5,88,9,67,6,89,79
K01424,0,0,4,0,30,2,19,26
K02495,0,0,5,3,74,2,82,14
K01519,0,2,15,4,111,14,125,42
K09131,0,0,0,0,1,0,0,0
K02221,0,0,0,0,3,0,5,0
K06997,1,2,33,5,102,9,140,90
K07447,0,0,0,0,0,0,0,0
K07735,0,1,1,0,9,2,12,3
K01920,0,0,4,11,209,4,212,73
K09761,1,8,36,7,135,17,152,110
K01150,2,3,18,3,124,7,80,48
K08137,0,0,1,1,149,3,144,6
K02742,0,0,0,0,0,0,0,0
K00789,3,0,25,2,271,6,274,18
K01480,1,1,12,3,62,6,48,20
K07387,0,1,10,0,21,6,27,12
K00615,8,4,140,20,419,37,397,324
K02821,0,0,4,4,77,0,56,23
K02800,0,2,7,2,354,3,374,21
K19956,2,0,10,1,256,2,214,13
K01774,8,1,20,9,112,7,91,61
K02173,0,2,12,1,177,5,173,26
K03472,4,15,111,19,206,30,206,259
K00927,8,25,442,54,508,57,591,892
K01624,12,32,575,58,634,93,693,1093
K21395,0,0,2,0,28,0,13,2
K03442,0,0,0,0,0,0,0,0
K06895,0,0,0,0,139,2,148,7
K09807,10,4,160,8,163,20,212,259
K22214,0,1,1,0,2,0,9,2
K11264,0,0,10,0,87,0,156,10
K01847,2,0,12,1,129,2,117,17
K07588,0,0,0,0,0,0,0,0
K05596,0,1,12,0,118,2,152,23
K01807,0,0,45,1,172,12,127,63
K00058,0,7,101,47,257,50,246,237
K01934,1,3,10,8,92,4,97,43
K09888,0,0,15,9,30,9,39,37
K09895,0,5,46,4,87,10,128,106
K01262,2,16,80,20,275,17,329,177
K03185,5,16,84,22,215,38,244,203
K18800,5,8,71,1,271,35,337,161
K00605,6,0,49,8,299,11,280,200
K02437,2,2,57,4,122,6,128,155
K00281,10,4,145,24,533,18,540,555
K01223,0,1,2,0,12,0,19,10
K00059,0,0,0,0,0,0,0,0
K09900,0,0,10,0,19,8,34,13
K06980,3,2,21,6,48,7,38,55
K11068,0,0,0,0,0,0,0,0
K09159,2,2,17,2,75,6,69,41
K03840,0,0,3,5,26,2,37,10
K19168,0,0,0,0,0,0,0,0
K04763,0,6,37,8,161,10,176,91
K03981,1,4,46,13,149,7,148,64
K07462,0,0,31,2,221,14,341,32
K02836,2,5,53,16,178,23,225,140
K04567,1,3,47,10,192,15,220,59
K01823,0,0,0,0,21,2,33,8
K12943,2,4,25,9,123,22,144,136
K11935,9,10,180,23,613,27,680,316
K11931,2,3,117,11,401,25,509,143
K11936,0,3,72,7,331,8,323,63
K11937,1,0,3,0,16,1,24,1
K06975,0,0,0,0,0,0,0,0
K06867,2,2,34,7,156,4,134,49
K02381,0,0,0,0,150,0,209,2
K06901,2,2,0,0,232,0,305,11
K00926,0,0,0,0,156,4,229,0
K01485,0,0,0,0,70,1,78,0
K08970,0,0,0,0,1,0,0,0
K23240,0,0,0,0,0,0,0,0
K00626,10,14,168,12,306,59,404,103
K01815,0,0,0,0,201,4,212,8
K00065,0,0,6,1,77,1,63,11
K25316,0,0,0,0,3,1,7,2
K01586,0,0,9,0,49,0,71,2
K02529,0,0,0,0,0,0,0,0
K02529,0,6,27,4,227,5,320,59
K05939,2,7,58,20,399,13,407,109
K08227,0,1,10,5,29,1,18,9
K03573,2,2,2,4,168,4,194,22
K08311,5,8,86,24,250,17,256,296
K08484,10,16,180,43,528,75,639,476
K13292,2,8,55,10,279,18,406,124
K00560,6,6,122,11,210,18,208,228
K02679,0,0,0,0,47,0,48,3
K02680,0,0,0,2,103,0,134,4
K02681,0,0,0,0,27,1,38,7
K03583,10,19,107,18,624,30,610,304
K01407,1,26,108,75,498,80,467,605
K03582,10,13,189,42,579,64,650,512
K03581,0,2,18,3,77,9,127,29
K14682,0,0,3,2,6,0,11,3
K01448,1,6,20,6,276,16,230,79
K08304,1,0,34,2,252,11,245,51
K22132,0,0,1,0,4,0,0,0
K01766,1,4,18,0,72,5,122,53
K02426,0,0,0,0,0,0,0,0
K03566,2,5,89,7,272,21,289,226
K06968,0,0,18,1,53,3,57,21
K02430,0,0,0,0,0,0,0,0
K00879,0,8,7,3,48,12,47,196
K02431,0,0,0,0,0,0,0,0
K01818,0,45,21,28,229,100,356,1193
K10441,0,14,12,19,336,17,252,76
K10440,0,14,50,30,221,44,230,351
K10439,0,31,51,29,259,99,290,633
K00875,2,51,54,47,246,222,336,804
K01628,4,24,156,23,324,70,448,328
K00048,4,7,130,20,235,74,395,277
K01146,0,0,0,0,0,0,0,0
K01752,0,2,16,5,184,13,262,69
K03837,0,4,13,3,157,6,199,35
K06966,1,1,13,8,361,0,417,83
K06879,6,8,93,10,230,29,358,213
K15723,0,2,18,12,100,7,80,47
K06175,2,2,16,1,100,5,149,18
K06205,2,10,34,2,162,14,250,71
K03535,0,0,2,3,427,0,554,19
K13918,0,0,1,0,211,0,234,4
K07678,1,0,5,0,31,2,12,5
K01706,0,0,0,0,0,0,0,0
K00865,0,0,0,0,0,0,0,0
K03215,2,2,16,16,292,16,324,50
K00951,4,22,135,26,451,32,663,177
K04765,1,1,24,1,288,10,263,39
K01937,11,48,558,66,787,142,1069,959
K01689,5,20,414,25,468,69,525,527
K07349,0,0,0,0,5,0,8,1
K07347,0,0,2,2,263,1,342,12
K07349,0,0,0,0,0,0,0,0
K07349,0,0,0,0,0,0,0,0
K07346,0,0,0,0,135,2,137,2
K07345,0,0,2,0,172,0,176,6
K10026,0,5,36,7,80,4,98,74
K01737,0,3,17,2,94,6,141,39
K00380,4,56,160,148,314,172,290,829
K00381,19,87,388,144,469,266,521,1458
K09612,0,5,10,4,18,12,15,32
K00390,0,0,0,0,0,0,0,0
K00957,0,55,66,95,207,76,170,651
K00956,9,54,121,103,270,169,316,769
K00860,1,10,29,42,120,49,119,101
K05589,1,9,36,9,73,11,121,36
K00991,0,2,9,0,79,4,107,10
K01770,0,0,16,3,109,2,114,12
K06176,2,5,63,14,115,25,98,82
K03787,3,7,72,4,150,18,157,115
K00573,0,0,12,0,42,2,54,20
K03555,1,0,9,3,22,5,19,19
K06194,0,0,0,0,0,0,0,0
K03087,0,0,0,0,0,0,0,0
K07345,0,0,0,0,0,0,0,0
K11606,0,0,0,0,2,0,2,3
K11605,2,92,453,100,526,204,625,3105
K11607,1,39,323,60,297,116,371,1648
K11604,1,21,42,27,46,28,50,231
K15836,18,97,434,184,391,214,436,2170
K04655,0,0,9,6,149,3,171,9
K04654,36,23,295,46,223,44,195,419
K04652,0,0,22,0,106,1,68,8
K04653,0,0,0,0,0,0,0,0
K04651,3,0,44,5,164,2,218,32
K15833,0,0,4,1,106,0,70,0
K15827,0,0,1,0,86,0,107,0
K15828,0,0,4,0,239,1,306,8
K15829,0,0,4,0,130,1,133,4
K15830,6,1,5,0,266,1,319,22
K15831,0,0,0,0,77,0,70,3
K15832,1,2,4,0,84,2,53,6
K15834,0,2,6,0,43,4,53,14
K08315,0,1,2,2,17,0,27,3
K01223,0,2,3,0,110,3,124,1
K19048,0,0,0,0,0,0,0,0
K02753,0,3,14,2,223,2,258,11
K03487,2,0,26,2,203,5,141,67
K05796,0,0,0,0,103,1,105,19
K04656,2,0,16,4,246,0,272,32
K12265,0,0,0,0,0,0,0,0
K12264,0,0,3,0,130,0,155,10
K12266,0,3,15,4,94,6,107,25
K02467,0,0,0,0,0,0,0,0
K02468,2,2,52,7,155,14,263,112
K02466,0,0,0,0,10,1,13,0
K00068,0,0,7,0,81,0,87,2
K02782,0,0,1,0,106,0,112,2
K02781,0,0,0,0,0,0,0,0
K02783,0,0,0,0,165,0,182,0
K08305,0,2,7,0,311,4,487,17
K03743,0,4,50,10,129,17,119,121
K03553,8,6,106,46,313,24,327,588
K03565,2,0,5,2,94,2,76,5
K01872,15,22,202,44,489,88,529,390
K03563,15,32,1071,56,895,97,1048,1112
K01919,0,7,86,14,181,26,196,130
K03446,1,0,3,1,21,2,23,7
K07173,0,0,0,0,0,0,0,0
K03543,2,5,46,10,224,18,270,102
K15974,2,10,25,23,133,36,106,108
K02002,0,0,7,4,160,1,211,29
K02001,2,5,38,13,232,24,289,238
K02000,4,7,77,22,261,37,478,294
K00525,0,10,33,7,257,14,245,197
K00526,0,0,0,0,0,0,0,0
K03647,0,0,2,0,83,4,132,37
K06191,0,0,4,0,33,0,53,7
K00375,0,2,13,2,193,0,290,14
K11685,1,2,5,2,58,4,24,33
K22042,0,0,3,2,50,3,64,38
K15735,0,0,0,0,0,0,0,0
K11735,0,4,76,10,104,12,152,116
K07250,0,10,167,2,394,11,504,125
K00135,4,16,173,2,317,25,454,129
K15736,2,7,152,7,257,43,398,123
K15737,2,10,67,4,203,16,290,116
K07507,2,1,53,4,79,0,70,72
K06167,0,0,12,4,306,4,315,17
K07793,0,1,7,3,135,6,171,9
K07795,0,0,10,5,101,4,138,19
K07794,0,0,0,0,0,0,0,0
K07774,6,0,11,11,124,12,150,20
K07347,0,0,6,2,242,5,314,11
K07649,0,0,0,0,0,0,0,0
K07345,0,0,0,0,119,0,131,3
K20920,3,9,127,17,358,5,374,126
K20988,0,2,62,0,115,6,148,54
K01784,0,0,3,0,2,0,8,3
K01673,0,4,7,2,18,1,19,14
K14155,0,2,41,0,75,11,114,104
K03315,0,0,7,2,233,2,224,11
K23237,0,0,5,0,225,5,259,26
K07690,2,0,2,1,158,0,86,16
K07679,2,4,8,7,415,5,426,52
K18138,0,0,2,0,242,0,236,0
K21908,0,0,0,0,0,0,0,0
K19778,0,0,0,0,0,0,0,0
K18898,0,2,0,2,304,0,426,17
K07285,0,2,0,4,152,0,137,6
K06919,2,9,70,8,548,14,469,164
K07733,0,0,0,1,67,0,171,4
K14060,0,3,32,13,226,3,224,74
K14059,0,2,0,0,333,6,271,19
K01185,0,0,0,0,52,0,49,4
K09961,1,0,0,0,300,0,426,8
K09960,0,0,2,0,280,2,309,5
K21528,0,0,0,0,0,0,0,0
K12149,0,0,0,0,0,0,0,0
K12542,0,0,0,0,0,0,0,0
K12541,0,0,0,0,0,0,0,0
K12543,0,0,0,0,0,0,0,0
K03664,0,1,5,1,138,1,98,26
K03631,6,16,87,24,247,33,246,296
K18588,0,0,0,0,0,0,0,0
K09801,0,0,0,0,0,0,0,0
K06186,0,0,0,0,0,0,0,0
K00858,2,1,7,5,107,9,97,49
K03699,1,5,33,4,156,4,137,52
K03687,0,0,0,0,0,0,0,0
K03106,8,13,172,22,338,82,318,495
K02959,3,10,159,32,179,40,264,289
K02860,12,19,394,33,522,103,536,687
K00554,19,19,781,68,817,118,1018,1145
K02884,14,17,456,32,534,53,467,584
K06905,0,0,0,0,0,0,0,0
K06906,0,0,0,0,0,0,0,0
K06907,0,0,0,0,115,0,135,3
K06908,0,0,0,0,0,0,0,0
K06903,0,0,0,0,13,1,26,2
K01185,0,0,0,0,55,0,91,0
K06204,0,0,0,0,31,0,37,0
K21021,0,4,52,1,110,2,98,158
K01626,17,16,255,41,342,65,407,1237
K14187,0,0,0,0,0,0,0,4
K14170,0,0,6,3,25,4,25,35
K05809,0,0,17,4,73,3,63,22
K05807,55,215,2561,425,2827,397,2165,4552
K06180,1,6,52,15,136,14,194,223
K05810,0,5,61,10,104,21,126,163
K03695,8,18,213,80,593,73,572,620
K04084,2,0,173,15,381,25,485,228
K07791,0,4,18,4,153,9,173,39
K03926,0,0,0,0,0,0,0,0
K01744,32,35,1032,51,1485,126,1518,810
K16263,25,36,931,76,1481,150,1209,1319
K07113,0,0,0,0,0,0,0,0
K04078,1,4,80,25,148,23,118,321
K04077,45,55,1369,104,1526,205,1497,3006
K19810,0,6,8,5,205,12,157,26
K02356,6,15,152,25,156,24,210,292
K16347,0,0,0,0,0,0,0,0
K16348,0,0,0,0,0,0,0,0
K03098,0,0,1,0,0,0,3,2
K19096,0,2,90,13,193,23,255,117
K11741,0,0,0,0,0,0,0,0
K17850,0,0,9,1,157,0,187,37
K00247,0,0,0,0,0,0,0,0
K00244,2,8,386,17,526,25,601,276
K00246,0,0,0,0,0,0,0,0
K00245,0,0,0,0,0,0,0,0
K22051,12,16,296,28,415,38,438,272
K04568,0,0,0,0,0,0,0,0
K20265,0,0,0,0,0,0,0,0
K01613,2,2,16,2,103,11,99,48
K06949,2,7,60,9,193,16,274,307
K13288,0,0,16,0,69,3,69,32
K18979,23,19,103,62,256,74,227,506
K23997,5,17,154,17,345,37,412,110
K06925,4,7,78,11,158,12,180,58
K01448,7,13,177,26,374,58,393,275
K03572,8,9,218,36,382,63,442,420
K00791,7,34,336,50,420,50,463,495
K03666,2,20,299,27,260,66,290,245
K03665,11,18,255,61,343,89,387,524
K04088,13,19,228,47,423,68,493,406
K04087,5,14,337,33,424,69,540,572
K09937,0,0,2,0,36,0,41,10
K01939,20,63,707,107,1079,201,1059,1907
K13771,2,3,99,7,138,27,165,206
K12573,6,16,311,50,686,105,722,635
K03218,4,8,219,13,202,49,287,132
K09456,9,30,361,46,567,64,611,365
K03477,0,0,0,0,0,0,2,0
K03476,0,2,11,2,161,0,176,15
K03475,0,0,10,1,357,1,509,10
K02822,0,0,0,0,104,1,144,2
K02821,0,0,0,0,61,2,42,4
K03078,0,0,0,0,66,0,106,4
K03079,0,0,2,0,99,2,112,1
K03077,0,0,0,0,74,0,100,2
K07090,0,0,0,0,248,0,246,6
K02990,7,3,69,6,72,16,99,66
K02686,1,4,79,4,95,15,119,99
K02963,2,3,94,6,98,19,108,104
K02939,3,23,404,29,422,48,427,459
K07269,0,2,16,3,46,2,47,29
K03773,0,2,42,13,108,8,81,102
K11737,3,10,106,27,199,27,213,194
K07322,0,0,1,0,21,0,28,6
K05874,0,0,4,4,75,1,128,5
K19267,0,1,8,1,30,2,38,22
K01119,6,4,72,8,214,10,208,89
K01082,1,1,53,2,72,3,76,68
K07109,0,0,0,0,0,0,0,0
K03699,0,6,156,13,278,31,273,340
K07304,0,2,48,7,181,14,174,91
K07278,6,10,68,12,455,24,573,140
K09800,4,0,20,5,402,0,619,26
K16089,0,0,3,1,4,0,7,4
K19761,0,0,0,0,0,0,0,0
K01507,0,2,7,3,78,2,104,15
K23508,8,21,181,19,330,32,361,184
K10820,4,17,176,15,311,59,406,161
K23509,0,6,83,8,256,21,331,44
K23509,0,16,153,19,375,20,442,51
K03406,0,0,1,2,45,1,42,4
K03841,0,0,4,1,12,0,13,13
K02558,2,8,18,10,299,10,343,49
K01222,2,0,10,6,204,2,259,26
K02761,0,0,0,0,151,0,128,9
K09889,1,4,12,0,23,7,38,39
K03592,12,9,69,21,283,9,320,78
K15536,3,12,111,0,215,11,190,161
K17463,0,0,9,0,136,2,241,2
K03491,0,2,24,4,51,1,59,11
K21636,2,4,70,9,181,5,181,97
K04068,0,0,0,0,0,0,0,0
K01226,4,12,250,5,735,26,717,203
K02819,2,3,12,16,189,13,239,136
K03485,0,8,37,19,174,14,279,203
K01531,4,26,43,26,474,29,590,305
K21395,2,4,29,8,236,3,230,43
K21394,0,0,1,4,126,0,105,15
K11690,0,0,1,0,132,0,130,20
K09022,0,0,1,0,0,0,0,0
K00610,0,0,0,0,0,0,0,0
K00609,0,1,2,5,108,1,112,23
K03402,0,0,0,0,0,0,0,0
K00611,0,0,0,0,193,2,303,6
K00926,0,0,0,0,100,0,184,0
K01478,0,0,6,0,125,0,186,2
K00611,0,1,6,3,131,1,77,11
K19334,0,0,0,0,0,0,0,0
K09893,0,0,4,1,32,0,50,11
K01873,4,3,21,6,131,8,137,57
K06169,0,0,0,0,0,0,0,0
K03828,0,0,0,0,0,0,0,0
K01255,0,3,54,8,190,22,194,165
K02339,0,0,0,0,0,0,0,0
K07091,0,2,28,8,178,12,163,32
K06915,0,0,6,1,12,2,21,1
K11720,0,0,0,0,0,0,0,0
K06146,4,3,106,4,168,15,194,135
K06157,0,0,8,4,241,3,283,18
K00046,0,0,0,0,145,0,182,2
K00098,0,0,6,0,118,0,142,10
K12957,0,0,2,0,129,0,106,4
K00851,0,0,0,0,0,0,0,0
K18831,1,14,45,8,101,13,125,168
K07733,1,0,2,0,56,0,60,5
K06919,0,0,26,4,486,4,660,38
K07317,0,2,51,14,377,20,402,150
K19048,0,2,9,8,136,2,201,42
K01668,2,6,90,0,398,4,450,26
K03318,0,0,0,0,268,0,333,6
K03303,0,0,3,2,136,0,112,2
K00868,0,0,0,0,0,0,0,0
K18928,0,3,2,4,148,2,136,4
K18929,0,0,8,0,130,2,141,8
K16321,0,0,1,0,16,0,19,3
K00782,0,0,0,0,0,0,0,0
K01686,0,1,5,4,140,0,209,11
K00040,0,0,6,0,181,6,198,20
K13637,0,2,32,0,130,4,154,37
K23241,0,0,4,1,20,2,13,6
K23676,0,0,11,5,113,5,155,48
K05874,0,0,3,8,170,0,136,13
K23016,0,0,4,0,97,0,149,11
K23015,0,0,2,1,191,0,228,46
K23007,0,0,0,0,145,0,93,0
K01002,0,0,4,4,24,4,35,46
K00041,0,0,0,0,0,0,0,0
K02315,0,4,23,10,159,13,174,56
K02317,0,7,48,4,161,3,163,95
K22650,0,0,0,0,20,0,12,3
K02761,0,0,2,4,57,1,43,1
K13255,0,0,0,0,0,0,0,0
K00564,0,0,28,21,222,9,311,40
K02344,0,2,6,4,66,3,125,29
K03789,0,1,1,0,44,2,50,18
K08723,0,1,14,7,107,0,130,54
K02837,0,6,24,4,376,11,375,67
K04065,19,44,1245,80,1390,85,1422,1641
K04069,0,0,0,0,0,0,0,0
K03424,0,0,0,0,0,0,0,0
K01619,0,2,37,0,224,3,256,41
K00758,1,0,59,0,233,8,281,51
K01839,9,36,451,31,693,94,759,1100
K03800,0,1,13,2,36,2,38,17
K03784,0,0,0,0,0,0,0,0
K07186,0,1,21,2,127,1,132,20
K01079,0,10,57,9,212,9,173,102
K04485,0,0,45,1,128,8,185,88
K06020,0,0,4,2,23,3,26,10
K06211,0,0,0,0,0,0,0,0
K08309,2,5,72,6,364,8,393,94
K01529,0,0,2,0,23,2,16,8
K03720,0,0,0,0,0,0,0,0
K05804,0,0,2,2,24,2,14,10
K15634,0,0,0,0,1,0,0,0
K05805,0,1,6,4,105,2,139,13
K07663,0,0,13,4,101,7,93,55
K07641,0,0,13,4,144,6,146,17
K06143,0,0,0,0,152,4,204,6
K07773,3,7,68,1,93,10,95,126
K02533,0,4,17,0,141,5,108,48
K12524,18,49,290,86,541,123,687,480
K00872,19,15,140,33,210,43,233,171
K01733,1,16,139,15,231,22,164,164
K09861,0,0,0,0,0,0,0,0
K03310,2,15,47,16,141,12,140,155
K00616,12,39,390,48,554,86,543,874
K03831,0,0,34,16,165,9,163,73
K07034,0,0,3,0,16,0,19,1
K04043,60,86,1416,230,1773,266,1779,4473
K03686,7,0,62,10,167,28,191,103
K03313,4,36,160,40,288,96,283,277
K03717,2,29,124,24,232,73,188,366
K02968,0,3,9,5,30,8,35,41
K11753,10,7,89,28,229,23,244,235
K01870,14,12,289,46,748,89,685,776
K03101,0,1,57,8,89,6,84,94
K03774,1,2,24,3,68,12,87,83
K03527,2,4,46,8,200,10,252,78
K12700,4,0,65,24,196,16,295,91
K06859,3,4,29,7,156,5,222,58
K06859,1,3,7,0,46,3,46,12
K17467,2,0,11,4,80,6,72,21
K02795,0,0,27,6,161,7,288,50
K01809,0,0,6,1,87,4,108,35
K02529,0,0,14,9,153,2,146,80
K00215,6,2,44,9,244,14,203,32
K01956,2,8,51,11,349,27,356,101
K01955,16,9,131,60,516,74,581,273
K08279,0,0,0,0,37,0,33,6
K08277,0,0,0,0,0,0,0,0
K08299,0,0,0,0,0,0,0,0
K02182,0,0,15,0,128,4,154,14
K08298,0,2,16,0,320,2,425,17
K08297,0,2,6,0,122,2,178,19
K05245,3,0,16,6,190,2,203,19
K03521,0,0,1,0,105,0,139,6
K03522,0,0,4,0,145,0,103,8
K00313,0,0,4,4,222,0,213,1
K03855,0,0,0,0,62,0,78,4
K08368,2,0,6,0,398,2,545,7
K11746,0,0,27,0,124,5,191,18
K11745,0,4,74,0,307,4,420,26
K01525,0,0,0,0,44,2,100,4
K00287,0,0,0,0,0,0,0,0
K02528,0,0,3,0,27,2,55,25
K06195,0,0,0,0,0,0,0,0
K00097,0,1,38,7,87,7,123,47
K03771,0,0,0,0,0,0,0,0
K04744,5,26,280,47,461,68,508,603
K03580,4,15,210,34,726,67,727,444
K05801,0,0,0,0,0,0,0,0
K06177,0,0,0,0,0,0,0,0
K02336,0,6,48,10,435,8,499,82
K01804,0,0,0,0,95,0,108,4
K03077,0,0,0,0,0,0,0,0
K00853,0,2,24,8,258,6,222,25
K02099,2,1,49,4,303,11,276,97
K02063,0,0,9,11,122,4,137,9
K03975,0,0,0,0,0,0,0,0
K02064,0,0,1,1,57,4,100,12
K11925,13,3,116,15,366,14,302,112
K03291,0,0,9,6,75,4,78,7
K01703,0,17,74,19,187,43,181,319
K01704,0,0,0,0,0,0,0,0
K00052,1,15,38,8,109,24,133,336
K01649,2,37,55,32,253,101,229,677
K05798,0,0,5,2,154,4,120,9
K01652,2,16,40,20,411,22,600,70
K01653,0,2,11,9,115,10,128,48
K03435,4,12,77,9,245,29,296,143
K03925,10,17,119,16,211,33,216,331
K03438,31,23,206,62,279,61,309,530
K03586,1,7,19,11,57,5,73,62
K03587,5,6,65,10,335,23,319,120
K01928,5,8,108,15,243,24,247,153
K01929,0,5,75,27,180,20,216,102
K01000,2,8,47,7,235,12,281,77
K01925,5,6,55,4,241,23,342,125
K03588,4,6,60,3,302,12,359,75
K02563,2,2,24,7,150,12,176,26
K01924,4,2,90,12,248,16,307,70
K01921,7,0,40,9,202,8,206,57
K03589,2,0,21,5,128,7,153,26
K03590,8,9,231,28,376,53,454,341
K03531,14,14,544,57,658,124,760,796
K02535,59,236,3286,320,4227,588,4148,7224
K13301,0,2,31,7,106,12,98,78
K03070,4,14,101,22,515,33,447,344
K18778,0,0,9,2,38,1,32,16
K03574,0,0,0,0,0,0,0,0
K09862,0,0,0,0,0,0,0,0
K00859,0,2,23,2,76,11,43,59
K02505,0,0,0,0,21,0,18,0
K00364,0,0,0,0,0,0,0,0
K02504,0,0,4,0,196,0,238,22
K02682,0,0,5,0,96,0,124,9
K00986,0,0,0,0,10,0,5,4
K14060,0,0,0,0,0,0,0,0
K00767,0,0,15,6,217,3,235,67
K03806,0,6,29,4,122,14,168,99
K03807,0,0,0,0,0,0,0,0
K03292,0,0,9,3,262,2,371,21
K11734,0,3,10,2,287,5,397,53
K05799,1,9,43,4,156,22,164,115
K00163,11,36,189,46,623,59,772,294
K00627,14,16,260,11,583,50,646,376
K00382,5,59,471,48,755,112,852,947
K01682,36,73,734,125,1067,254,1155,1941
K09910,0,6,54,14,124,9,142,26
K02526,0,4,4,1,182,4,209,12
K22129,0,0,19,1,240,6,286,3
K22024,2,2,16,3,246,14,263,29
K00117,0,0,3,1,19,0,17,9
K14588,0,0,0,0,0,0,0,0
K01673,0,1,0,0,21,0,18,4
K00760,0,0,0,0,0,0,0,0
K01990,0,4,47,5,152,2,212,73
K01579,0,0,0,0,0,0,0,0
K01918,2,5,37,2,100,13,88,92
K00606,4,7,45,17,96,13,137,96
K00970,1,3,21,6,223,14,261,46
K00950,0,0,0,0,0,0,0,0
K01894,6,8,42,22,139,8,191,100
K06204,1,8,4,3,30,3,45,24
K06206,25,73,1137,91,1315,117,1194,1529
K01975,7,11,140,22,281,21,277,331
K03579,2,6,56,8,369,16,403,86
K05365,4,16,132,20,542,57,618,254
K02014,0,8,94,16,618,32,635,226
K10829,0,2,2,0,102,0,119,15
K23227,0,2,5,2,97,0,135,3
K23228,0,0,4,0,94,0,113,20
K01845,1,0,4,0,43,6,57,14
K03281,0,0,32,6,371,5,461,40
K15724,0,0,0,0,0,0,0,0
K06858,0,0,26,0,153,9,220,44
K01243,0,3,8,3,134,4,177,38
K01129,4,5,45,7,487,8,586,109
K04772,6,41,185,98,403,121,489,950
K00990,3,6,77,13,212,30,271,169
K02647,0,0,0,0,0,0,0,0
K00674,0,0,0,0,0,0,0,0
K01265,3,3,11,10,293,4,471,52
K02967,28,63,1035,103,1045,186,1122,1150
K02357,4,9,403,34,379,69,325,565
K09903,1,1,25,6,181,12,188,79
K02838,14,21,373,36,412,53,436,569
K00099,2,7,90,14,252,33,293,260
K00806,1,7,138,20,259,30,282,123
K00981,7,4,46,23,179,25,253,84
K11749,10,15,147,30,276,54,359,406
K07277,17,59,642,128,1085,192,1302,1748
K06142,20,19,423,47,334,101,371,807
K02536,9,14,208,19,281,70,229,561
K02372,4,15,95,19,188,30,155,233
K00677,3,11,270,39,250,75,272,314
K00748,2,9,42,8,157,21,173,116
K03470,0,2,8,9,127,11,126,39
K02337,7,6,115,18,615,45,795,290
K01962,14,10,140,20,265,38,272,339
K01582,0,2,34,8,535,5,577,64
K08234,0,0,48,1,113,7,100,42
K04075,0,4,19,2,154,4,183,49
K19000,0,0,0,0,1,0,2,1
K15034,0,1,8,3,25,3,27,14
K01881,0,2,18,0,190,7,315,33
K06079,0,0,0,0,0,0,0,0
K22900,1,5,23,4,164,13,140,97
K06080,0,1,0,2,17,1,32,7
K02073,5,0,40,1,132,15,123,60
K02072,3,2,53,4,80,9,59,101
K02071,1,3,22,2,136,3,128,14
K03273,0,0,49,14,124,11,109,134
K05799,0,0,12,5,115,7,129,34
K18326,0,0,5,0,31,0,51,12
K02529,0,0,0,0,0,0,0,0
K00852,3,1,20,8,162,9,206,80
K10439,1,2,34,4,247,12,330,123
K10440,2,3,123,6,160,10,156,85
K10441,7,11,200,10,389,34,447,215
K03549,319,61,915,580,996,97,1013,656
K06726,0,0,0,0,0,0,0,0
K03924,1,1,43,2,221,7,224,51
K01914,0,0,0,0,1,1,0,2
K03718,2,0,4,0,112,2,105,29
K06205,0,0,27,7,73,4,80,74
K03495,3,14,88,19,377,29,389,186
K03501,0,0,14,3,136,3,137,33
K02108,7,21,142,57,256,33,272,337
K02110,1,12,225,31,214,28,250,292
K02109,7,16,321,24,331,48,377,362
K02113,8,5,257,38,295,33,308,272
K02111,29,25,874,46,1092,154,1150,616
K02115,9,4,210,18,329,56,342,209
K02112,11,24,835,42,813,100,1032,526
K02114,9,11,542,17,450,34,487,297
K04042,10,49,367,55,621,76,653,503
K00820,14,22,762,57,983,122,1165,739
K02040,11,1,303,6,662,15,716,152
K02037,0,1,71,4,282,5,363,42
K02038,2,1,107,0,233,10,273,60
K02036,7,2,116,3,274,14,283,89
K02039,0,0,5,0,9,0,7,1
K06901,2,9,22,0,155,1,166,34
K19784,0,0,0,0,0,0,0,0
K08163,0,0,12,2,159,2,164,5
K03650,2,2,29,0,228,4,357,52
K03217,3,4,45,6,216,32,369,142
K03536,0,2,45,11,101,10,131,128
K02914,2,8,72,13,95,17,117,217
K02313,10,12,151,45,357,48,360,517
K02338,1,16,105,28,255,46,242,250
K03629,0,2,22,10,164,11,130,62
K02470,7,21,200,58,512,77,487,548
K21064,0,0,0,0,0,0,0,0
K04080,10,30,308,62,499,78,533,1713
K04081,2,1,78,45,166,61,176,1932
K07085,4,8,92,20,358,20,519,123
K00389,0,0,26,0,60,4,60,36
K01753,0,0,0,0,0,0,0,0
K06871,0,0,0,0,0,0,0,0
K13629,2,0,16,0,222,4,308,26
K13636,0,0,4,0,199,2,235,30
K08154,0,0,0,0,1,0,1,0
K19148,0,0,5,0,36,0,41,6
K01652,14,34,182,32,318,53,327,470
K11534,0,0,0,0,2,0,1,2
K01653,0,0,0,0,0,0,0,0
K00852,0,4,7,6,205,14,243,149
K02429,1,2,13,9,250,19,278,109
K07686,0,2,7,4,82,4,91,8
K07675,0,2,3,0,154,0,175,9
K07783,0,0,6,2,246,3,236,5
K07784,0,0,1,2,221,1,265,0
K01223,0,0,4,3,28,0,18,4
K03445,0,0,0,0,0,0,0,0
K02073,0,0,0,0,0,0,0,0
K09760,0,1,1,4,185,10,278,44
K07347,0,3,5,2,317,2,357,18
K07345,0,0,0,0,0,0,0,0
K08659,0,0,6,0,140,0,140,7
K12678,0,0,0,1,175,0,276,4
K12684,0,2,18,3,253,1,170,60
K03292,0,0,2,0,236,0,245,8
K01811,0,0,9,1,435,1,545,0
K02768,0,0,11,2,91,1,121,7
K02769,1,0,0,0,84,1,73,6
K01624,0,0,2,0,132,0,149,12
K01624,0,0,0,0,0,0,0,0
K09988,0,0,0,0,0,0,0,0
K16345,4,2,91,9,294,7,296,77
K03655,0,3,3,4,170,4,274,46
K03312,0,0,0,0,0,0,0,0
K01139,0,1,22,9,221,13,286,68
K00556,0,0,0,0,0,0,0,0
K00942,4,13,122,15,145,34,155,356
K03060,0,0,0,0,0,0,0,0
K01972,0,0,4,0,211,0,320,2
K00989,0,3,32,10,161,4,156,61
K00762,0,1,3,0,11,2,11,2
K05501,0,0,0,0,0,0,0,0
K13038,1,8,36,8,115,13,141,68
K01520,0,0,0,0,0,0,0,0
K03630,2,7,67,5,221,11,229,189
K02902,2,19,243,31,162,57,241,647
K02913,3,11,76,6,105,24,98,213
K10563,0,0,0,0,7,0,0,1
K02527,0,3,22,0,91,2,94,59
K00954,0,0,0,0,0,0,0,0
K02844,10,22,214,54,420,48,374,715
K02848,2,5,10,11,185,16,205,71
K02849,2,15,61,14,102,6,46,207
K02847,5,13,69,22,255,23,217,297
K02841,0,4,10,15,144,5,156,75
K02843,0,4,23,10,100,12,111,81
K03274,0,2,22,8,91,19,141,72
K00639,21,22,268,13,388,35,401,318
K00060,3,15,213,22,441,50,532,307
K19354,0,0,0,0,23,0,16,3
K09798,0,0,0,0,0,0,0,0
K22719,0,2,17,5,111,2,108,77
K15633,2,2,39,12,218,17,235,88
K03676,0,0,11,7,71,8,55,46
K03071,9,18,168,16,236,26,221,410
K00057,2,5,137,11,254,34,255,222
K00640,0,0,12,0,42,4,55,33
K08195,0,0,11,0,101,2,108,30
K03216,0,0,0,0,0,0,0,0
K00101,0,4,47,2,173,6,235,91
K00427,0,0,0,0,0,0,0,0
K14348,0,0,0,0,0,0,0,0
K14762,0,2,4,3,73,4,49,30
K02562,0,0,1,0,5,0,5,3
K00009,0,0,0,0,0,0,0,0
K02800,2,6,83,9,405,7,454,102
K01042,2,3,72,0,222,8,334,58
K03833,5,4,87,4,294,28,285,119
K13954,0,0,0,0,180,2,170,0
K00138,58,91,1696,67,1276,261,1862,983
K07274,0,0,0,0,46,0,27,0
K00835,0,0,0,0,0,0,1,0
K01176,10,3,39,8,259,15,333,168
K03796,0,0,0,0,0,0,0,0
K10544,0,2,19,3,131,6,203,60
K10545,0,0,32,8,304,6,373,27
K10543,0,0,21,0,201,7,208,40
K01805,4,8,16,3,353,8,347,26
K00854,7,5,103,5,233,16,299,76
K01878,6,4,24,19,175,21,220,76
K01879,2,16,114,19,199,24,244,273
K03704,0,16,56,54,91,49,107,908
K07726,3,84,292,248,305,229,297,3144
K00090,0,0,7,0,59,0,44,3
K00874,0,4,10,0,205,1,312,34
K02525,0,0,10,0,193,2,112,27
K03286,0,0,12,0,148,2,192,15
K08351,0,6,48,10,325,8,474,38
K03826,0,0,0,0,0,0,0,0
K01246,1,3,40,5,134,10,129,86
K08177,0,4,18,4,275,6,318,54
K12975,2,9,76,16,466,34,384,253
K12368,12,58,456,102,675,126,662,734
K12369,3,8,41,12,297,16,369,75
K12370,1,1,40,4,186,8,288,17
K12371,6,12,65,7,204,15,267,66
K12372,2,14,102,27,254,24,269,106
K01761,0,2,13,4,344,4,400,69
K18862,53,9,152,42,162,13,61,42
K21023,2,5,50,17,333,14,439,143
K11103,10,61,579,59,710,117,892,557
K00874,1,0,2,1,17,1,17,12
K21086,0,0,2,0,197,0,239,6
K07290,2,6,101,5,248,18,253,119
K07058,2,6,49,27,287,17,314,158
K18900,0,2,67,9,269,3,333,78
K01185,0,0,0,0,0,0,0,0
K03790,0,0,0,0,84,1,64,1
K01194,0,1,2,0,9,1,16,1
K00428,4,9,114,2,258,0,318,125
K00383,7,0,224,10,193,5,183,48
K07115,2,6,37,1,131,5,157,111
K01414,6,6,107,12,372,35,384,363
K03885,0,0,0,1,14,2,20,1
K15984,0,0,0,0,0,0,0,0
K03305,1,0,7,0,199,1,210,5
K06149,2,0,43,17,58,5,50,54
K16322,10,50,884,56,1089,91,986,933
K06144,0,0,0,0,0,0,0,0
K06213,0,1,2,2,11,3,7,31
K01993,0,2,33,11,168,17,203,31
K13926,0,2,55,0,455,0,600,38
K01992,0,0,4,0,99,1,169,2
K07722,0,0,0,0,0,0,0,0
K06133,0,0,0,0,19,0,9,0
K13727,0,0,0,0,0,0,0,0
K11744,3,2,40,8,173,12,186,55
K01534,0,1,32,4,172,5,168,83
K09125,0,0,0,0,0,0,0,0
K04085,0,0,0,0,0,0,0,0
K08316,0,0,2,0,43,0,51,12
K08993,0,0,0,0,0,0,0,0
K03110,4,6,36,35,357,14,308,98
K09812,1,3,49,10,144,17,142,105
K09811,3,17,93,3,288,10,265,134
K03089,2,7,53,9,66,24,80,164
K01714,0,0,0,0,15,1,19,1
K17467,0,0,4,0,183,0,173,2
K17466,0,0,0,0,214,0,198,2
K17465,0,0,0,2,170,0,135,1
K17464,0,0,0,0,148,0,105,0
K01999,6,26,201,22,289,45,374,280
K01999,8,13,87,24,262,33,180,154
K01997,3,7,60,7,170,20,164,88
K01998,0,8,62,13,233,26,312,86
K01995,0,4,73,5,133,25,169,87
K01996,0,5,70,10,254,26,298,151
K05813,8,24,340,37,625,65,834,485
K05814,0,2,34,3,178,7,216,32
K05815,3,1,18,2,116,5,116,29
K05816,0,5,36,6,138,17,193,31
K01126,0,0,6,1,32,3,37,13
K00681,0,11,38,6,204,22,216,77
K07048,0,0,0,0,2,0,1,0
K09936,1,0,47,4,312,12,433,92
K00852,0,0,33,4,248,5,131,87
K03825,0,1,0,0,134,7,184,18
K16044,6,8,53,12,199,12,268,122
K06911,0,0,40,2,240,0,259,59
K06145,0,2,27,7,289,12,393,62
K00851,0,2,4,0,139,0,130,10
K06156,0,2,4,0,124,6,174,0
K05595,0,1,2,0,249,0,320,12
K00133,2,20,150,45,345,59,417,318
K00700,14,27,637,28,1097,77,1307,636
K02438,20,28,556,47,876,91,961,549
K00975,14,10,412,12,694,53,631,457
K00703,9,24,467,51,744,78,871,521
K00688,7,15,161,18,308,13,346,90
K00111,1,0,3,1,39,4,33,6
K03556,2,2,49,4,120,14,139,102
K02439,0,0,0,0,0,0,0,0
K02441,0,0,0,0,0,0,0,0
K02444,0,0,0,0,0,0,0,0
K00688,8,5,71,11,547,6,583,77
K00705,0,4,32,9,123,6,85,30
K06155,0,1,1,1,30,0,49,1
K07400,0,0,3,0,111,0,110,10
K02242,0,22,97,60,234,41,192,529
K04759,0,4,40,8,257,16,232,103
K02170,0,0,0,0,0,0,0,0
K07490,0,0,0,0,0,0,0,0
K06959,8,21,115,31,437,34,436,407
K04758,0,0,0,0,0,0,0,0
K04760,0,0,6,2,135,1,197,11
K07659,2,2,98,10,167,17,161,155
K01610,0,2,24,0,46,1,57,42
K07638,0,0,0,0,0,0,0,0
K04083,0,0,0,0,0,0,0,1
K04762,0,0,0,0,0,0,0,0
K20881,0,0,0,0,0,0,0,0
K05366,4,6,45,28,387,19,455,207
K08312,0,0,0,0,0,0,0,0
K12288,2,0,19,6,126,4,121,66
K12289,0,0,3,0,42,0,49,1
K12290,0,0,0,0,25,0,20,0
K12291,0,0,0,0,18,0,43,0
K02507,0,0,14,1,250,5,278,43
K00891,4,11,66,22,117,34,128,186
K01735,9,10,210,39,384,77,474,462
K03112,16,29,386,37,502,104,674,741
K06223,2,11,87,8,213,26,182,157
K01783,0,0,17,11,98,4,106,51
K01091,0,0,18,1,104,7,106,28
K01867,0,2,20,9,39,3,51,38
K02302,0,2,4,0,85,1,92,12
K00362,1,0,28,2,225,10,244,49
K02598,0,0,0,0,0,0,0,0
K00363,0,0,0,0,0,0,0,0
K06141,0,0,30,2,272,3,255,24
K03767,0,14,55,16,161,16,178,111
K04095,3,3,29,2,72,14,122,2
K01664,0,0,0,0,0,0,0,0
K00821,0,0,0,0,0,0,0,0
K10914,1,12,61,10,226,31,231,311
K00855,2,10,172,24,308,34,222,618
K07397,0,0,0,0,0,0,0,0
K07019,2,0,16,1,55,4,82,15
K06158,2,0,30,9,230,4,209,76
K09898,0,0,0,0,0,0,0,0
K11748,0,2,7,9,185,8,200,24
K11747,2,2,42,6,399,13,393,39
K07070,0,1,7,2,36,1,31,15
K03775,0,7,100,13,136,35,162,136
K03745,0,0,8,0,4,1,17,11
K03772,4,22,194,26,410,58,360,653
K07235,0,0,6,3,37,8,24,10
K07236,0,1,6,1,32,2,53,9
K07237,1,2,33,8,73,4,130,83
K02950,11,46,349,68,379,74,485,953
K02992,16,14,361,51,406,108,473,739
K02355,37,115,2291,148,2661,444,2862,3526
K01460,0,0,0,0,37,0,39,0
K11209,0,0,48,2,183,7,232,76
K04653,0,0,0,0,0,0,0,0
K06281,8,6,132,8,173,21,200,85
K04651,0,0,0,0,0,0,0,0
K03605,0,0,0,0,0,0,0,0
K00124,2,4,37,9,224,7,327,37
K06282,3,5,63,4,200,16,282,68
K03406,2,7,40,2,300,10,354,59
K01061,0,2,16,6,175,1,162,42
K19265,0,3,53,5,133,12,128,101
K03559,0,0,0,0,0,0,0,0
K03561,2,15,83,21,91,30,102,150
K01760,0,0,32,2,218,0,250,66
K03975,0,0,0,0,0,0,0,0
K08325,0,2,2,0,82,0,107,11
K06221,0,0,0,0,0,0,0,0
K03498,0,0,0,1,28,0,33,2
K04753,0,0,0,0,5,0,6,0
K02621,0,2,19,10,262,10,254,98
K00655,0,0,0,0,0,0,0,0
K07666,0,0,3,2,97,4,70,24
K07645,0,0,12,0,100,0,120,4
K02622,0,0,12,0,24,4,25,25
K03923,0,0,0,0,0,0,0,0
K07000,2,1,16,7,62,1,79,39
K03651,2,0,31,16,125,6,132,105
K09920,3,4,27,2,66,12,73,136
K01515,1,0,14,5,109,8,102,65
K12340,2,19,469,50,694,64,666,859
K15777,0,0,0,1,15,1,23,3
K07238,0,4,10,6,153,6,216,88
K01023,0,0,8,0,335,0,323,21
K03673,0,1,5,1,123,1,149,7
K03611,0,1,0,0,3,0,3,0
K02858,0,1,19,2,16,7,12,41
K03272,0,5,14,5,23,14,26,79
K00982,3,2,54,2,210,11,261,71
K09806,0,0,0,0,0,0,0,0
K22720,0,0,0,0,0,0,0,0
K18446,2,5,36,13,245,7,199,53
K07184,4,7,39,6,166,21,192,132
K00974,0,4,31,2,101,19,136,101
K06153,0,0,1,0,14,0,8,2
K01633,2,3,22,7,235,8,364,10
K21742,0,1,2,1,96,0,108,4
K08591,0,0,0,0,0,0,0,0
K03779,0,0,0,0,195,0,253,2
K03780,0,0,4,0,128,0,184,6
K11106,0,6,10,5,255,4,380,19
K03190,0,0,0,0,155,0,188,0
K01430,0,0,1,0,53,0,59,0
K01429,0,0,0,0,38,0,37,0
K01428,0,0,1,0,318,0,403,13
K03187,0,0,1,0,35,0,41,0
K03188,0,0,0,0,27,0,33,2
K25706,0,0,0,0,12,1,15,0
K03189,0,0,0,0,0,0,0,0
K02970,2,41,277,55,219,72,150,730
K02316,1,0,31,6,216,17,203,130
K03086,0,0,0,0,0,0,0,0
K03649,0,0,0,0,0,0,0,0
K06120,0,0,0,0,157,0,227,0
K06122,0,0,0,0,0,0,0,0
K06121,0,0,0,0,0,0,0,0
K11477,0,0,0,0,76,0,70,2
K00086,0,0,0,0,1,0,0,0
K05880,0,0,0,0,0,0,0,0
K00798,0,0,0,0,4,0,12,1
K00005,0,2,52,2,163,5,190,30
K00863,0,0,0,0,111,0,82,4
K00574,0,0,0,0,7,0,13,0
K07229,0,0,0,0,0,0,0,0
K03776,2,1,13,7,172,2,131,52
K10947,0,0,0,0,0,0,0,0
K09251,36,55,1612,101,1290,250,1592,3178
K12113,0,2,4,6,192,4,232,26
K12111,0,2,4,0,588,0,562,14
K12112,0,0,3,0,84,0,56,2
K20265,0,0,6,4,217,1,212,9
K20885,0,0,0,0,0,0,0,0
K01840,0,0,8,2,177,0,218,9
K00219,1,2,100,2,141,10,196,105
K11391,0,1,4,0,10,0,11,9
K07043,0,2,19,6,112,2,110,74
K22230,4,10,135,4,375,25,294,251
K05794,0,1,63,6,275,15,275,71
K07862,0,23,100,22,170,40,168,290
K01685,0,0,1,2,112,0,134,13
K01812,4,11,17,16,269,26,353,114
K08191,0,26,76,26,350,51,405,657
K19775,2,18,97,31,261,31,234,294
K03975,0,3,22,13,123,15,95,128
K25864,0,1,9,2,79,8,67,43
K05594,8,11,452,21,470,35,452,477
K15977,5,0,28,6,110,6,128,89
K07393,2,4,19,6,195,17,210,47
K06911,0,0,0,0,0,0,0,0
K01752,0,0,1,0,309,3,344,3
K00656,2,2,34,13,219,0,310,22
K09022,0,0,0,0,0,0,0,0
K00932,2,2,33,13,204,10,222,29
K03838,0,0,62,8,254,2,291,61
K01754,1,2,91,18,383,9,335,64
K07592,3,2,55,11,306,8,236,55
K00865,16768,8974,52931,22296,30510,12047,17904,102968
K00042,0,4,13,0,194,0,244,9
K01630,0,0,1,0,48,0,57,1
K12299,0,0,2,1,163,5,139,2
K01708,10,2,59,6,312,12,323,140
K08302,0,0,0,0,131,0,115,2
K16371,0,0,4,1,276,2,343,18
K02773,0,0,7,0,112,0,183,8
K02774,0,0,2,0,37,0,36,1
K02775,0,2,15,0,285,8,405,19
K00094,0,0,2,0,145,0,192,7
K04095,0,0,0,0,1,0,0,0
K02436,0,0,0,0,0,0,0,0
K07056,2,3,9,4,342,11,364,46
K07121,2,5,102,29,315,36,331,199
K07460,0,0,2,2,60,4,42,19
K12961,0,0,8,10,117,0,108,54
K17290,0,1,9,0,24,1,27,0
K04065,0,0,0,0,0,0,0,0
K09979,8,3,81,10,220,15,233,64
K03824,0,0,11,0,31,0,54,11
K07461,0,0,0,0,0,0,0,0
K24843,3,14,179,10,251,24,289,215
K24844,0,1,22,6,125,8,143,43
K24845,0,1,4,0,117,0,126,6
K03835,0,0,0,0,0,0,0,0
K07496,0,0,0,0,0,0,0,0
K05592,0,4,36,13,301,14,415,110
K00962,18,79,604,210,787,200,735,2521
K05803,0,0,0,0,0,0,0,0
K02519,4,9,137,31,243,39,240,397
K03177,0,0,0,0,0,0,0,0
K02956,0,0,0,0,0,0,0,0
K02834,0,0,0,0,0,0,0,0
K02600,13,51,318,77,516,128,595,673
K09748,2,14,93,32,209,64,171,210
K01940,22,22,322,36,579,70,534,333
K03075,0,0,1,1,15,1,21,6
K01305,0,0,12,4,248,0,397,4
K03326,0,0,0,0,11,0,16,0
K03431,0,1,4,3,8,0,14,13
K03798,5,16,125,7,271,36,271,244
K00796,0,0,0,0,0,0,0,0
K02427,3,20,235,53,279,78,332,490
K07574,0,0,1,0,5,2,9,6
K03624,0,1,11,3,31,5,36,31
K07259,0,0,9,3,68,2,76,22
K03979,0,0,8,1,50,1,51,14
K02899,0,0,6,0,34,1,47,5
K02888,4,19,364,37,234,48,280,504
K02523,0,4,12,4,53,3,57,18
K00790,0,0,1,0,47,0,45,11
K07724,0,0,0,0,0,0,0,0
K07323,1,3,42,5,77,13,72,68
K07122,0,0,0,0,0,0,0,0
K02067,2,4,23,9,23,9,69,46
K02066,0,1,15,2,98,17,114,81
K02065,4,8,39,13,252,21,309,104
K07301,2,1,40,2,337,11,329,134
K06041,0,5,35,20,134,15,188,94
K03270,1,7,55,16,135,4,180,99
K11719,2,3,54,9,146,8,135,118
K09774,2,12,29,6,107,3,99,119
K06861,0,2,27,19,103,16,115,50
K03092,9,20,143,47,342,32,403,353
K05808,4,5,110,16,119,8,151,203
K02806,6,2,94,24,156,14,182,243
K06958,1,7,67,10,94,18,134,182
K07648,2,7,176,16,338,23,248,215
K03814,0,0,0,0,0,0,0,0
K08485,0,0,0,0,0,0,0,0
K07139,0,2,24,10,332,2,343,52
K00265,23,31,413,138,895,201,1014,924
K00266,8,23,302,54,404,106,378,491
K10974,2,2,18,2,269,7,300,32
K01485,0,2,1,3,120,3,116,51
K19334,0,0,0,0,0,0,0,0
K00885,0,6,6,12,87,17,75,445
K03290,0,10,8,26,142,31,168,1473
K01788,0,0,0,0,0,0,0,0
K01639,2,15,9,28,226,29,298,966
K22104,0,2,6,22,199,8,322,785
K03326,0,0,2,0,212,1,335,9
K03600,0,0,0,0,0,0,0,0
K03599,8,3,93,28,116,32,126,184
K02996,0,5,34,18,104,13,69,143
K06916,10,35,513,71,543,119,587,1330
K02871,0,0,0,0,0,0,0,0
K09908,0,14,173,39,285,46,220,443
K04772,2,6,81,4,302,23,303,152
K04691,0,0,7,3,18,2,21,23
K03468,7,18,203,42,321,69,386,320
K03402,0,0,0,0,0,0,0,0
K03623,0,0,0,0,0,0,0,0
K15548,0,0,8,2,281,0,390,12
K21695,0,0,0,0,0,0,0,0
K03568,0,0,0,0,0,0,0,0
K21698,0,0,0,0,0,0,0,0
K08301,0,2,41,9,285,10,364,51
K06287,0,1,67,20,176,19,152,78
K03570,0,0,5,0,125,3,132,30
K03571,0,0,0,0,0,0,0,0
K03569,0,2,2,6,71,3,83,6
K18765,8,12,178,22,328,62,415,354
K19745,3,11,81,3,250,10,403,66
K07147,0,0,10,3,229,4,330,34
K17247,0,0,0,6,197,4,198,31
K02160,4,2,45,13,101,10,117,114
K01961,4,8,63,19,275,11,369,145
K14392,0,0,21,0,218,8,277,48
K02687,6,3,63,6,183,6,267,89
K01674,0,2,12,0,212,2,289,42
K05540,9,6,146,23,216,20,266,360
K03557,4,1,41,2,99,11,122,102
K07319,0,0,4,0,185,1,238,6
K18140,0,0,0,0,7,0,10,0
K18141,0,2,7,0,172,0,201,14
K18138,0,4,32,5,762,1,875,79
K09969,14,18,665,36,624,45,801,595
K09970,0,4,111,4,306,6,377,135
K09971,0,0,50,6,308,9,357,87
K09972,0,2,67,8,246,7,158,90
K03761,0,2,8,3,45,2,54,26
K00998,0,0,0,0,0,0,0,0
K09181,4,20,227,27,503,51,384,547
K05811,0,0,0,0,0,0,0,0
K05812,4,11,252,15,371,33,369,291
K03672,0,8,11,7,109,6,109,33
K03214,0,6,61,6,185,16,203,114
K03648,0,0,0,0,3,0,4,0
K05590,0,3,42,2,329,11,315,117
K06866,0,0,0,0,0,0,0,0
K00278,0,2,29,13,101,15,136,88
K15460,0,1,0,0,3,0,3,5
K03088,23,102,861,252,744,344,784,3554
K03597,25,229,1234,277,1267,636,1225,6493
K03598,3,17,70,24,155,62,156,300
K03803,0,7,24,3,102,4,167,54
K03596,5,12,134,25,310,33,353,339
K03100,4,3,141,15,261,49,266,373
K03685,0,12,180,32,236,38,203,240
K03595,9,6,195,21,305,59,355,266
K03584,2,0,58,3,162,19,175,61
K03474,0,2,37,2,55,12,47,54
K15835,0,0,3,5,80,0,89,13
K00997,0,0,0,0,0,0,0,0
K07106,0,2,21,1,119,2,149,31
K18691,0,0,0,0,10,0,10,7
K18697,0,0,0,0,0,0,0,0
K11991,0,0,0,0,0,0,0,0
K01952,6,18,225,74,866,88,1156,589
K07711,3,8,28,3,345,9,348,57
K07715,0,3,18,8,102,9,143,37
K05916,1,0,4,2,26,1,17,14
K04752,0,0,0,0,0,0,0,0
K00600,1,2,19,6,27,3,38,24
K00529,0,0,2,0,17,0,10,2
K05711,0,2,4,0,84,2,136,6
K05708,0,0,2,2,114,0,140,10
K05710,0,0,0,0,0,0,0,0
K05709,0,0,0,0,0,0,0,0
K05817,0,0,0,0,0,0,0,0
K08138,0,2,37,0,376,4,259,40
K01785,0,0,11,0,50,0,51,19
K05820,0,0,2,0,0,0,0,3
K00875,3,14,169,4,292,20,369,174
K06041,0,0,0,0,0,0,0,0
K02057,3,3,21,8,211,7,224,30
K02057,0,0,5,0,65,0,65,4
K02058,0,4,30,2,229,6,214,76
K08970,0,0,0,1,12,0,7,8
K01092,0,0,1,0,16,0,10,2
K15396,0,4,40,15,167,29,130,207
K13643,4,49,174,72,175,159,220,1092
K04487,19,87,317,193,408,255,454,2115
K04488,0,25,181,34,190,62,174,620
K13628,6,28,197,58,189,61,232,676
K04082,0,4,33,23,60,23,80,150
K04044,2,18,188,79,333,83,404,578
K04755,0,2,23,5,43,16,28,63
K07751,7,6,102,27,254,33,333,212
K01011,1,2,4,0,36,1,39,10
K06894,10,13,245,29,1002,61,1041,284
K05367,0,6,55,10,502,16,618,63
K00940,0,3,81,8,201,21,188,204
K06941,16,22,300,33,389,53,437,544
K15539,7,24,216,49,265,67,276,570
K03526,9,11,235,23,256,77,275,481
K01892,8,10,84,20,203,41,209,224
K17713,14,22,479,29,511,65,450,425
K03977,0,10,82,10,302,39,343,170
K03305,2,4,104,5,332,18,477,101
K03601,0,0,0,0,1,0,0,0
K00088,4,21,79,40,378,67,399,339
K01951,1,12,69,14,267,47,271,183
K01524,0,0,0,0,0,0,0,0
K00937,5,9,94,21,316,24,452,259
K11175,0,1,21,9,77,8,95,50
K01933,0,4,35,7,161,12,278,201
K01223,0,0,2,4,331,4,341,19
K00761,0,8,86,3,160,8,169,98
K02824,0,2,8,4,237,7,377,6
K01423,2,1,28,5,89,3,113,81
K10763,0,0,0,0,0,0,0,0
K00537,0,0,0,0,0,0,0,0
K03548,2,0,38,0,414,8,560,42
K01305,0,0,5,2,89,1,180,13
K03564,0,0,0,0,0,0,0,0
K03567,0,12,48,15,120,9,150,255
K01714,10,16,152,39,288,46,397,423
K07287,35,28,514,69,706,123,688,741
K01923,5,28,199,53,391,68,543,482
K07054,0,17,171,24,207,38,337,149
K06957,1,4,97,14,358,21,504,136
K01439,0,0,0,0,0,0,0,0
K18138,4,4,60,21,403,6,482,117
K06999,0,0,0,0,0,0,0,0
K07674,0,2,5,0,414,1,501,17
K00266,0,2,77,0,308,17,356,40
K00615,0,0,0,0,10,0,5,0
K12945,0,0,0,0,0,0,0,0
K00027,6,22,462,34,779,79,838,736
K04031,0,0,6,0,87,0,100,0
K04029,1,0,10,0,81,0,72,0
K04030,0,0,41,0,73,1,83,5
K04032,0,2,58,4,105,4,154,15
K04020,2,0,68,0,153,4,199,21
K04027,3,4,33,4,139,4,131,17
K04028,0,0,3,0,63,0,80,0
K04021,0,0,30,2,158,0,175,0
K04024,0,0,18,0,199,1,153,0
K04022,2,0,22,2,109,0,168,36
K04023,1,2,8,0,237,2,335,6
K04019,0,1,18,4,189,2,240,10
K03735,0,2,8,0,292,0,326,14
K03736,0,0,30,0,197,0,246,16
K04026,2,1,32,2,121,12,171,66
K04025,6,3,236,19,415,18,357,107
K04033,0,0,0,1,20,0,10,8
K00228,0,0,0,0,0,0,0,0
K01448,0,4,15,7,80,8,139,49
K07223,0,2,32,8,214,8,248,33
K01755,0,4,26,3,370,4,322,44
K00059,10,24,488,53,460,80,532,437
K02048,6,54,49,112,221,102,272,263
K02046,5,26,99,64,161,86,239,278
K02047,4,17,34,49,193,79,208,226
K02045,8,35,150,67,255,126,313,447
K12339,0,2,18,4,49,14,69,49
K00868,0,0,0,0,0,0,0,0
K08483,31,69,1482,103,1470,134,1598,1803
K02777,0,0,0,0,0,0,0,0
K01738,16,16,354,78,437,62,434,887
K02784,0,0,0,0,0,0,0,0
K06203,7,91,223,156,349,198,427,1468
K03528,8,12,262,26,348,40,368,361
K01972,0,3,8,5,142,4,171,12
K14347,0,0,0,0,0,0,0,0
K09954,0,0,0,0,0,0,0,0
K17737,0,2,27,0,243,4,285,30
K16092,1,0,10,7,155,8,175,46
K01776,0,0,0,0,0,0,0,0
K00557,0,0,4,0,132,0,134,6
K22105,0,13,43,15,122,39,164,307
K00322,1,14,57,14,135,26,177,178
K04761,0,0,0,0,0,0,0,0
K13381,0,5,16,18,275,7,322,50
K01755,0,1,24,0,24,6,23,23
K00930,3,6,152,16,180,28,206,195
K00145,8,6,96,10,206,21,211,140
K01438,0,10,45,10,289,22,302,135
K01595,8,10,115,23,644,47,718,252
K19353,1,4,26,8,456,6,497,36
K04069,0,0,0,0,0,0,0,0
K11202,0,0,0,0,0,0,0,0
K11203,0,0,16,2,172,2,188,22
K11202,0,0,0,0,0,0,0,0
K23991,0,1,23,0,415,3,464,26
K03782,1,2,39,1,34,5,34,18
K08314,0,0,0,0,0,0,0,0
K00005,0,0,0,0,0,0,0,0
K00297,11,15,366,29,441,69,658,201
K11751,7,6,114,8,300,16,264,99
K12525,0,0,20,6,228,0,195,16
K01739,18,10,292,15,369,28,339,160
K03292,2,1,82,19,235,7,232,72
K03764,0,0,0,0,0,0,0,0
K22110,0,0,0,0,281,0,214,5
K02909,1,3,34,4,69,6,61,70
K04066,0,0,14,4,267,2,271,76
K05499,5,0,29,12,302,9,401,66
K03591,0,7,21,16,157,8,145,120
K01419,0,6,21,11,84,13,97,120
K03667,4,6,55,7,205,21,243,424
K02548,4,0,8,2,171,3,198,30
K11903,0,0,4,8,128,0,154,17
K02553,55,88,2102,86,1893,217,1235,2186
K09892,10,5,115,28,140,22,180,229
K02440,20,10,70,16,297,13,378,129
K00864,59,33,317,29,543,52,583,635
K02446,3,0,10,4,114,8,121,52
K01803,0,0,0,0,0,0,0,0
K01521,0,0,4,2,120,2,131,1
K23163,0,3,8,7,129,12,156,44
K00850,6,36,48,60,221,59,240,169
K13283,5,28,200,26,461,76,468,346
K06006,0,15,50,10,119,33,155,134
K07662,4,9,119,20,317,49,411,295
K07640,0,0,1,0,4,1,4,4
K02526,0,0,0,0,18,0,18,3
K22397,0,0,0,0,0,0,0,0
K04564,0,0,24,0,134,4,181,52
K02856,0,0,1,0,69,0,91,1
K02854,0,0,0,0,0,0,0,0
K02855,2,2,30,4,145,2,148,48
K00848,0,0,0,0,307,2,381,3
K01813,0,1,1,1,178,0,179,0
K01629,0,0,1,0,177,0,206,0
K03534,0,0,0,0,0,0,0,0
K23779,0,0,2,1,214,0,206,4
K11201,1,0,0,0,79,1,55,2
K18530,0,0,0,2,128,0,159,5
K18531,2,0,4,0,240,2,326,2
K02379,0,0,4,0,118,0,74,8
K00124,4,8,268,3,326,18,398,217
K00127,5,8,189,9,371,15,318,238
K02380,3,6,105,5,165,11,139,128
K01066,2,0,0,2,108,4,126,29
K19166,0,0,0,0,0,0,0,0
K18831,0,0,0,0,0,0,0,0
K07560,0,0,1,0,23,0,43,6
K07058,0,0,7,5,89,2,91,15
K20866,0,0,30,0,155,0,135,18
K02444,2,0,40,8,120,2,169,36
K18478,0,0,15,0,192,8,222,38
K08318,0,0,2,0,185,0,210,6
K01671,0,0,2,0,168,2,217,0
K18479,2,0,2,0,211,2,316,6
K01785,0,0,1,0,140,4,198,17
K15922,0,2,15,3,283,4,438,8
K03292,0,0,4,0,284,2,267,8
K03292,0,0,6,1,60,0,36,4
K06207,0,0,7,2,21,3,13,21
K22110,0,0,0,0,0,0,0,0
K01915,9,36,307,67,407,115,513,673
K07708,0,0,44,0,132,19,128,115
K07712,0,1,15,0,80,0,84,21
K02495,2,0,6,1,51,2,68,17
K02335,20,13,1258,96,1302,56,1177,544
K09894,0,0,0,0,0,0,0,0
K03978,0,0,0,0,0,0,0,0
K03673,0,0,0,0,0,0,0,0
K09896,2,7,37,18,102,8,82,169
K03752,0,4,18,2,203,3,229,58
K03753,0,1,11,4,93,5,81,26
K00651,1,6,79,8,201,16,171,98
K01638,10,66,132,123,328,125,399,5721
K01637,0,41,101,68,249,99,254,3104
K00906,0,10,7,19,162,32,180,538
K13641,0,0,0,3,2,0,6,15
K00548,6,24,155,58,716,62,821,344
K03324,0,4,66,0,298,6,432,69
K05995,0,0,2,0,31,1,34,6
K13633,0,6,16,2,246,2,261,43
K06182,0,0,7,0,32,3,37,14
K03453,0,0,0,0,0,0,0,0
K00928,4,0,10,1,236,2,393,7
K01810,0,8,183,12,411,28,455,296
K10110,0,0,0,0,18,0,8,2
K13256,0,0,0,0,0,0,0,0
K10109,0,0,29,3,161,6,186,66
K10108,2,2,50,2,394,11,486,67
K10111,0,0,2,4,355,2,621,1
K02024,0,1,4,1,479,0,607,13
K05775,4,0,61,4,209,0,263,46
K03181,0,0,17,1,105,0,119,27
K03179,0,6,14,3,168,0,222,40
K07345,0,3,4,0,97,0,108,68
K12518,0,2,10,2,329,6,500,36
K00631,0,0,2,0,15,0,9,10
K01356,2,20,93,26,165,34,154,163
K03327,0,0,2,0,145,2,134,16
K09823,0,2,13,1,19,1,27,9
K05539,0,0,41,2,160,4,197,32
K00344,0,1,20,0,84,0,114,6
K02314,0,4,30,6,218,14,188,64
K01775,0,2,26,8,136,4,223,57
K03701,0,0,7,3,73,2,78,15
K00832,0,0,0,0,0,0,0,0
K03788,0,0,0,0,0,0,0,0
K03111,0,5,40,10,85,9,88,64
K21090,1,2,32,0,269,6,353,39
K13631,0,0,0,0,2,0,0,0
K13639,2,0,10,2,157,2,128,46
K06901,0,0,103,9,465,11,383,162
K24163,0,2,22,0,208,11,199,38
K14393,3,0,48,2,168,13,294,67
K06518,0,0,0,0,0,0,0,0
K01895,13,30,547,48,540,107,792,450
K03385,20,9,702,21,1027,45,1126,84
K04013,2,2,107,2,203,4,250,20
K04014,7,1,118,2,194,12,237,7
K04015,5,0,58,2,246,8,304,7
K04016,0,0,14,3,206,4,329,5
K04017,1,0,2,1,81,0,111,9
K04018,0,0,4,0,152,2,141,11
K11102,0,0,2,2,104,0,115,14
K22015,1,2,27,2,146,2,161,28
K07126,0,0,0,0,0,0,0,0
K01624,4,12,183,2,331,13,327,255
K09988,0,1,114,4,213,19,207,192
K10439,2,5,184,3,372,18,365,281
K10440,5,3,377,13,447,26,484,601
K10441,1,7,342,14,500,36,591,374
K13587,2,0,28,0,293,4,284,40
K06167,0,0,2,1,32,0,36,1
K09994,0,0,1,1,94,0,85,6
K06162,0,0,0,0,67,1,118,2
K05774,0,0,0,0,0,0,0,0
K05780,0,0,0,0,95,0,114,2
K05781,0,0,2,0,100,0,62,5
K06163,0,0,3,0,41,0,85,0
K06164,0,0,2,0,171,0,178,0
K06165,1,0,2,0,85,0,159,0
K06165,0,0,0,0,11,0,18,0
K02043,0,0,0,0,22,0,31,0
K02042,0,0,0,0,67,0,68,0
K02044,0,0,0,0,172,0,246,0
K02041,0,0,2,1,201,2,258,0
K04750,0,0,2,0,88,1,95,2
K06193,0,0,33,1,110,3,91,52
K02526,0,0,0,0,10,0,16,0
K03762,4,10,129,10,264,47,329,174
K07643,0,0,0,0,0,0,1,0
K03760,0,1,26,10,172,6,224,40
K07771,0,0,0,0,0,0,0,0
K03759,0,0,14,2,383,2,432,22
K01584,0,8,1,0,325,1,358,12
K03755,0,0,0,0,0,0,0,0
K23237,0,0,8,0,192,4,159,35
K07406,0,0,8,1,284,6,467,20
K11104,0,2,2,5,220,0,313,9
K01676,6,0,0,0,160,0,240,9
K08984,0,0,0,0,0,0,0,0
K15383,0,0,0,0,0,0,0,0
K07792,2,3,18,8,268,7,329,44
K07701,4,6,50,11,291,7,313,143
K07703,0,0,0,0,0,0,0,0
K03531,254,361,2868,4454,993,286,974,6430
K09117,0,0,0,0,0,0,0,0
K03590,37,222,2032,1000,942,169,976,3784
K03589,28,91,1340,425,832,98,857,2033
K01924,13,31,449,194,247,30,225,604
K02563,18,41,378,278,364,32,298,803
K01925,23,58,589,252,668,76,592,1320
K01000,53,72,1051,508,462,58,505,1632
K01928,26,44,714,355,653,60,682,1339
K18979,137,79,715,535,351,31,334,854
K02371,4,17,110,110,438,12,356,247
K03771,5,18,80,108,107,7,99,157
K03575,9,4,103,104,122,4,116,171
K07386,210,414,2482,3749,784,260,983,8995
K03688,42,70,723,677,534,49,496,1094
K01951,5,36,137,220,80,20,61,501
K01945,44,78,843,750,561,50,450,1060
K00602,76,246,2331,2897,961,209,1177,4738
K11175,53,31,700,410,352,30,401,616
K01933,32,31,321,277,322,18,301,394
K19784,66,34,479,372,306,16,302,390
K03635,0,0,5,2,5,0,1,17
K07090,10,4,56,56,68,7,76,100
K03636,0,0,0,0,0,0,0,0
K07223,16,78,402,724,199,48,220,1213
K08978,0,0,0,0,0,0,0,0
K00604,3,20,68,148,101,11,81,205
K14652,11,25,97,211,154,13,164,282
K15255,0,1,1,3,6,0,6,4
K01726,2,7,64,94,44,8,32,114
K22074,28,207,1793,1740,608,138,676,3532
K01400,2,3,132,22,69,2,69,118
K19784,0,0,0,0,0,0,0,0
K01772,0,0,0,0,0,0,0,0
K03544,1211,2747,27972,25095,8778,1433,9218,43969
K02503,2,11,44,84,107,6,90,173
K03624,60,107,548,1306,261,65,229,1821
K02939,0,0,7,5,6,0,5,6
K02963,102,62,2312,1028,656,37,664,1155
K02990,2,0,6,3,5,0,1,2
K22205,35,92,735,212,424,40,409,1126
K06217,73,95,729,879,495,58,476,1429
K03106,6,1,13,23,31,2,16,21
K02108,49,74,1627,432,1217,55,1181,1222
K02110,357,30,746,364,455,19,423,390
K02109,194,30,1180,451,576,29,534,588
K01262,26,135,983,1636,579,109,679,2772
K00355,0,0,0,0,0,0,0,0
K18954,1,7,19,189,23,6,34,183
K03322,12,99,372,233,658,56,737,1564
K03687,65,1040,1225,8038,346,406,405,9999
K09781,0,0,5,5,27,0,22,4
K03975,0,0,0,0,0,0,0,0
K02836,22,79,576,282,280,37,250,1240
K01990,0,13,17,99,89,9,51,270
K00294,11,26,236,466,172,18,134,233
K01430,0,0,2,0,53,0,41,0
K01429,0,0,5,0,26,0,22,0
K01428,0,0,12,5,770,0,700,12
K03187,0,0,0,0,81,0,54,0
K03188,0,0,3,1,157,0,72,4
K03189,0,0,2,8,135,0,90,5
K03190,0,1,9,1,241,1,208,17
K08717,0,6,22,12,300,5,168,21
K18954,0,0,5,1,11,0,11,10
K00784,23,17,324,293,221,20,195,429
K01519,16,17,387,205,149,8,106,394
K07052,5,13,138,171,199,10,152,243
K02837,12,39,379,241,571,34,509,521
K00248,48,63,416,553,187,51,212,1040
K01897,38,682,2417,4592,1250,325,1212,10710
K07164,0,0,3,5,20,1,6,3
K22391,454,68,2238,1166,458,46,470,1341
K10716,0,0,0,0,0,0,0,0
K02337,19,193,1009,406,1287,76,1154,2890
K11381,33,161,784,770,739,83,697,2684
K08994,2,26,178,249,188,25,169,588
K03719,1,4,2,35,45,1,52,64
K25137,5,13,139,135,306,4,229,241
K06076,13,16,188,179,46,20,38,427
K01881,25,173,1034,1358,652,122,601,2976
K01444,2,5,13,10,51,4,45,51
K07112,0,0,0,0,0,0,0,0
K01069,1,11,104,57,188,8,159,308
K07112,0,0,0,0,0,0,0,0
K07090,0,3,17,3,94,1,105,75
K12373,2,35,150,199,171,24,145,511
K01029,5,4,34,57,59,9,42,103
K01028,0,3,15,15,70,1,81,51
K11936,36,227,1264,1499,576,142,613,4180
K03742,68,70,770,359,570,53,541,984
K03098,0,0,0,0,0,0,0,2
K02014,3,11,54,104,190,20,168,410
K11755,0,3,17,17,78,2,60,50
K02500,8,10,33,42,109,4,36,129
K01814,0,15,52,38,190,6,149,99
K02501,0,0,9,4,22,1,17,9
K01089,0,7,63,31,244,5,148,178
K00817,1,20,149,25,288,7,201,284
K00013,2,33,194,44,284,9,257,342
K00765,6,12,217,42,254,4,224,252
K20534,0,5,65,60,242,4,196,144
K00674,3,8,111,54,125,6,141,210
K12340,11,30,574,480,261,28,260,448
K03543,1,34,771,209,433,45,469,789
K03446,8,32,646,625,750,64,686,602
K05908,11,7,162,129,51,10,52,235
K01246,1,3,18,12,12,0,16,19
K00688,9,37,316,237,414,18,298,575
K01278,25,75,879,1031,717,43,656,1474
K03305,6,39,219,305,780,15,632,476
K03305,31,42,716,668,616,28,538,961
K03305,5,23,245,152,535,10,392,425
K06880,2,0,20,12,100,1,55,23
K04043,22,108,322,705,217,54,145,1236
K00937,12,56,461,619,509,38,460,1055
K01524,7,38,237,389,228,30,218,704
K20483,18,137,397,1028,377,85,318,3299
K20484,0,9,18,42,192,6,164,174
K03791,44,49,386,416,840,31,708,592
K06213,7,22,294,300,286,16,250,627
K02429,10,36,435,369,313,15,304,486
K02956,0,0,0,0,0,0,0,0
K00962,12,23,116,242,71,9,73,307
K01066,1,0,29,14,197,4,204,27
K21573,0,4,11,32,753,3,646,49
K21572,0,1,12,15,178,0,114,28
K18954,16,114,687,947,537,41,563,1996
K05275,6,53,406,314,295,28,260,779
K11065,66,91,509,1276,244,57,276,1715
K09003,6,41,326,222,518,18,440,654
K07032,14,13,210,121,162,10,129,201
K04750,12,8,273,100,139,6,128,169
K05795,13,150,816,823,258,74,257,2517
K03321,14,44,350,585,198,27,163,1024
K11089,1,8,50,51,95,3,86,173
K18954,12,14,160,209,140,6,132,254
K15255,0,0,1,6,27,1,15,19
K00784,0,7,37,27,157,4,97,304
K18962,0,5,53,86,196,5,114,485
K09776,7,7,40,133,125,10,114,926
K03924,1,44,173,82,200,16,156,452
K03424,0,0,0,1,2,0,3,3
K03784,0,0,0,0,0,0,0,0
K02014,0,5,7,13,661,3,590,57
K18954,0,0,14,6,213,0,188,25
K00355,0,0,0,0,0,0,0,0
K01066,0,10,63,48,208,7,183,181
K18954,9,29,170,334,203,12,199,347
K01669,125,189,1900,2278,649,141,652,2634
K01772,38,145,1328,1393,498,140,492,2150
K06400,2,3,40,38,14,3,12,51
K09705,0,0,0,0,0,0,0,0
K03630,2,2,8,5,14,0,17,3
K12063,1,0,2,3,216,0,125,3
K03205,0,0,1,0,221,0,112,3
K03169,0,0,0,2,6,0,14,2
K03438,39,40,598,309,311,21,272,730
K03925,44,44,659,484,362,49,419,1081
K03978,49,49,453,636,220,45,193,1169
K02348,34,27,238,318,180,38,153,591
K07504,3,2,42,10,160,2,140,38
K07304,4,19,66,93,199,8,178,210
K02480,1,3,58,30,79,5,52,55
K21488,0,0,2,5,53,0,45,4
K02916,574,163,6944,2972,1845,143,1871,4406
K02887,766,240,5871,5006,3160,234,2883,7065
K01661,6,31,297,597,253,27,234,614
K02548,42,61,411,635,304,33,300,727
K01835,93,315,3866,2082,2201,227,2185,5176
K00027,21,26,125,223,240,11,153,303
K03550,0,0,0,0,0,0,0,0
K09794,105,113,1411,1389,410,91,447,1960
K02429,6,67,350,533,522,30,515,1089
K20483,6,8,67,68,122,5,112,107
K20483,0,0,0,0,0,0,0,0
K03630,0,2,2,6,10,2,5,25
K01507,63,34,619,802,386,40,311,820
K15987,38,441,1097,1336,739,205,726,4816
K00626,0,2,17,8,281,0,224,29
K15329,0,1,23,6,610,2,424,31
K15337,0,0,13,0,16,0,14,4
K00646,1,0,37,5,299,0,261,11
K15311,1,0,21,5,249,0,179,30
K15312,0,0,8,2,176,0,136,11
K00485,0,2,26,2,499,3,455,24
K01054,1,0,7,6,120,0,124,16
K16171,23,23,373,155,346,38,270,771
K06133,20,15,350,178,178,15,149,505
K03294,17,67,398,323,602,29,462,1125
K01129,125,297,1461,3224,673,178,613,4751
K07705,0,0,0,0,0,0,0,0
K03701,24,46,578,608,872,34,710,868
K02005,2,103,344,452,325,42,273,1909
K12340,4,145,460,809,306,62,283,2013
K00243,4,0,83,53,55,6,31,43
K00382,87,116,956,1125,329,66,293,1430
K03169,0,0,0,0,0,0,0,0
K06911,91,15,667,331,186,23,156,611
K06999,3,0,19,12,51,0,36,19
K15975,3,4,31,32,215,3,169,76
K15975,1,4,30,28,247,5,168,77
K06975,0,0,0,0,0,0,0,0
K03205,0,1,16,3,382,0,319,9
K06167,2,2,53,9,40,6,38,229
K08968,61,16,344,284,131,17,121,314
K21900,1,3,90,60,90,0,100,88
K18682,4,47,161,429,593,35,542,682
K09888,6,4,19,80,6,5,2,87
K03183,7,66,621,302,596,42,579,1272
K00648,19,32,497,382,400,23,417,691
K07098,6,134,195,707,644,46,557,1928
K03088,4,5,38,71,58,5,52,89
K00666,1,29,236,285,186,31,160,777
K03092,13,5,61,54,78,5,59,182
K01893,73,264,1560,2721,736,128,700,4054
K02316,74,1741,3668,19310,1409,896,1561,29242
K01358,0,0,0,0,0,0,0,0
K06925,3,8,117,43,94,4,88,82
K00259,24,83,632,303,483,57,397,1485
K02945,18,61,399,522,447,34,418,1174
K01053,1,0,52,22,16,0,8,37
K02574,0,0,0,0,0,0,0,0
K18954,0,0,0,0,0,0,0,0
K01939,54,40,1017,829,529,34,595,878
K03832,385,2083,10728,12536,2750,962,3606,14360
K03496,30,126,645,924,301,71,328,1870
K03497,15,105,656,535,362,63,351,1569
K00215,42,72,550,758,233,64,234,1505
K03100,78,131,870,1836,639,104,559,2843
K03286,166,756,6247,5838,2098,503,2487,6849
K14136,12,60,436,220,395,32,385,960
K16653,16,42,520,497,430,32,399,1055
K16652,9,24,279,254,221,22,186,619
K18697,20,27,322,256,140,12,114,534
K04487,68,286,2495,3123,952,229,971,5770
K03671,568,365,2076,6330,537,246,683,6509
K02014,0,0,8,9,334,0,284,49
K06999,9,51,312,401,240,27,190,805
K02480,6,19,190,314,480,15,438,589
K01866,6,6,76,85,89,6,70,106
K03088,21,8,89,150,65,10,81,289
K03644,9,63,299,475,191,41,212,486
K08156,2,4,101,38,483,2,460,107
K02884,642,107,2306,1808,576,64,653,2329
K01417,10,13,150,178,361,6,245,257
K16568,0,0,33,11,194,2,140,25
K17836,0,2,45,16,291,0,240,78
K18954,0,0,27,5,250,1,155,31
K03790,0,1,4,11,124,0,109,23
K01889,1,8,34,17,277,0,253,36
K21572,0,1,9,7,62,0,39,23
K01061,6,14,159,163,108,13,93,307
K22479,1,2,4,8,5,1,4,8
K10778,18,147,1167,1890,530,120,545,2519
K00567,13,11,145,111,185,7,161,193
K07017,0,0,0,0,0,0,0,0
K06871,8,24,531,86,267,16,327,655
K04075,32,90,568,536,402,50,371,1268
K01256,4,62,189,370,702,39,427,1383
K00588,170,216,2270,2232,636,151,664,3375
K20742,49,138,1308,1455,549,96,588,2356
K02527,32,45,387,281,213,15,205,590
K07074,2,10,39,55,165,3,154,77
K00768,1,2,47,24,251,4,168,42
K02233,0,0,0,0,0,0,0,0
K02867,41,75,2507,545,1390,64,1594,1574
K02863,33,111,3981,1030,2388,100,2384,2637
K02864,32,68,3271,787,1720,93,1902,2001
K02935,93,33,1870,578,967,39,1020,1337
K03043,270,1692,17992,10102,8613,1247,8340,29518
K00275,3,16,355,71,347,18,273,426
K02014,0,0,9,4,796,0,739,25
K01992,0,1,12,2,323,0,306,22
K01066,1,4,26,5,70,2,79,49
K18954,3,50,441,105,360,34,433,615
K01243,27,21,246,268,258,12,233,293
K22441,14,7,284,238,207,15,183,323
K03930,17,46,429,623,528,39,550,832
K02014,0,6,23,48,465,2,397,109
K01935,0,0,12,2,104,0,77,5
K00939,19,26,379,208,174,21,193,412
K00760,51,32,616,523,320,40,344,690
K01939,53,46,456,428,264,17,262,573
K09166,5,73,104,579,239,39,152,976
K07071,0,0,0,1,3,0,5,6
K00382,56,86,1807,1497,1069,63,1017,2161
K07001,1,40,274,163,140,16,154,536
K25152,249,245,1227,2255,619,165,688,3462
K02477,71,61,763,1153,460,71,435,1567
K01322,4,9,179,104,95,8,88,204
K01270,6,28,227,160,215,17,152,551
K22522,0,0,0,0,0,0,0,0
K06187,10,18,122,170,212,6,188,158
K16870,11,10,67,66,95,1,79,116
K07263,39,87,1096,730,872,65,808,1648
K03075,0,0,0,0,0,0,0,0
K07263,1,24,68,105,281,15,223,592
K03657,39,52,738,913,740,54,627,1321
K02014,28,117,1316,653,1012,71,994,1775
K03707,0,0,0,0,0,0,0,0
K00941,0,1,9,6,169,1,243,45
K00788,0,1,4,4,283,1,240,33
K06200,8,31,127,150,237,18,213,468
K00878,0,0,0,0,0,0,0,0
K01555,2,7,157,80,181,10,151,309
K00457,36,82,1055,540,399,69,438,1948
K18122,333,269,1899,2462,494,176,531,4374
K18118,63,109,2034,1535,1490,98,1449,2643
K00451,43,149,2508,1515,1551,122,1461,2784
K02014,329,1149,1398,8198,1295,806,1057,14280
K08987,7,7,44,47,37,2,29,108
K17733,23,112,743,942,196,134,272,1760
K00252,63,323,4078,990,1493,189,1822,4460
K08174,9,15,137,111,160,9,131,312
K01417,0,0,0,1,0,0,0,0
K19200,2,15,155,205,484,16,431,475
K09516,1,9,57,53,320,0,219,157
K02078,0,0,0,0,0,0,0,0
K00059,0,0,4,5,4,0,3,9
K01745,26,31,246,395,371,23,334,617
K04750,24,69,521,371,378,36,416,975
K03088,34,955,872,2016,330,430,309,8802
K00281,47,134,2094,1242,1332,110,1436,2617
K17837,4,23,192,128,259,8,232,452
K01826,9,14,113,176,118,6,82,333
K13049,7,65,399,831,255,53,287,1324
K01265,0,5,30,35,52,0,39,59
K11904,24,26,364,303,311,24,249,399
K08972,0,0,0,0,0,0,0,0
K01303,12,54,407,284,762,35,729,672
K23775,2,1,10,6,90,1,82,11
K01246,9,3,62,64,173,6,95,131
K01201,0,3,22,69,53,8,35,185
K01201,0,12,121,127,200,31,101,444
K21572,9,42,321,499,421,72,375,1465
K15727,7,32,189,190,395,10,249,411
K15726,42,129,1099,548,1279,84,1088,2570
K02358,394,1008,22296,16822,11233,814,11669,22633
K03073,82,31,308,446,132,20,176,485
K02601,149,62,938,868,487,28,517,1128
K01735,1,2,15,14,14,0,10,27
K06178,175,193,1480,2728,571,106,583,2504
K08281,8,24,39,233,27,11,21,474
K07107,0,0,0,0,0,0,0,0
K01990,0,2,48,30,177,3,116,97
K07263,19,231,373,1313,888,65,758,2229
K07003,13,37,256,255,290,20,226,584
K16568,0,19,177,89,435,8,343,238
K03168,38,79,898,728,964,46,872,997
K02851,32,88,474,478,618,43,498,876
K01991,16,52,280,277,543,21,481,263
K16692,47,197,2079,1608,1066,132,959,2906
K00806,45,81,618,817,362,57,317,1553
K07277,95,270,3092,2902,1865,220,1756,6150
K06142,45,60,656,808,247,36,254,990
K06142,681,1008,5875,11466,1620,492,1906,15099
K00067,4,8,143,214,228,10,204,277
K24258,26,57,2002,614,418,26,390,785
K19068,24,53,1313,852,514,46,455,1171
K15894,25,19,918,298,216,14,179,359
K09800,0,0,1,1,0,0,0,0
K25706,9,67,441,359,285,46,289,910
K09761,0,0,1,1,0,0,1,0
K00556,1,0,3,2,15,0,2,3
K01424,15,9,262,171,210,22,179,410
K02014,0,0,11,4,111,0,66,23
K18954,5,2,35,32,157,2,134,48
K07130,2,11,21,19,278,0,256,80
K11904,16,91,406,285,742,39,691,775
K01912,3,2,28,30,44,2,37,78
K01870,92,156,2994,1342,2134,142,2025,3400
K06204,777,464,1979,4385,764,279,711,6998
K03101,20,41,252,432,153,18,159,949
K03748,1,8,29,41,88,1,87,132
K09780,1,7,28,86,137,2,95,151
K01142,10,6,95,156,119,3,96,213
K03642,34,17,43,267,50,11,53,260
K14441,281,1478,10116,10979,4139,816,4307,20763
K01790,20,25,174,181,208,10,221,267
K19430,25,42,642,222,254,18,195,510
K05516,0,6,56,27,20,7,21,63
K13953,0,11,21,17,21,5,25,105
K09959,0,0,0,0,0,0,0,0
K00138,8,1367,1714,1132,747,517,830,9154
K21572,1,226,285,606,104,85,144,1892
K21573,4,5,157,74,374,4,325,150
K06878,2,48,275,153,181,27,188,841
K07501,5,39,241,180,135,28,147,828
K01011,0,3,10,17,39,1,21,85
K01640,24,68,348,498,330,44,308,1119
K01258,72,162,1249,1963,680,137,763,3491
K07102,0,0,0,0,0,0,0,0
K13283,0,0,1,2,0,1,0,0
K00133,0,0,0,0,0,0,0,0
K02014,152,109,1123,1216,639,65,646,1772
K00767,83,115,1275,1488,853,66,809,1530
K00278,0,14,146,101,188,8,136,126
K03782,0,0,0,0,1,0,0,0
K01176,7,29,172,181,141,18,139,354
K00790,22,106,818,684,759,77,664,2169
K11939,4,0,10,10,36,0,15,18
K02014,0,0,0,0,0,0,0,1
K01118,0,0,0,0,0,0,0,0
K01256,18,52,564,434,702,29,586,1221
K11928,5,17,122,102,644,9,583,211
K13075,3,16,96,67,191,9,193,186
K07148,2,0,6,7,215,0,255,14
K18954,18,4,47,81,65,4,71,132
K22479,0,0,0,0,0,0,0,0
K11904,28,337,1641,897,1073,168,1054,3165
K01745,0,12,33,47,50,10,34,125
K03703,162,96,1148,1192,748,62,744,1558
K01969,14,86,486,656,555,49,492,1246
K18988,17,23,227,344,594,7,425,334
K01952,75,93,1304,1161,1339,84,1169,1691
K10804,7,11,40,77,113,3,86,118
K02338,442,489,3366,6440,1289,353,1422,8614
K01627,9,66,437,696,340,38,315,1120
K03216,0,0,0,0,1,0,1,3
K00783,0,0,0,0,0,0,0,0
K03313,1,4,3,4,21,0,12,4
K01139,35,86,622,771,382,67,353,1428
K07058,0,0,0,0,0,0,0,0
K06894,1,0,17,7,20,0,28,19
K01302,13,118,736,239,665,86,632,1286
K16568,58,188,1618,1560,948,185,1006,3821
K03217,15,76,664,688,422,36,398,1120
K03470,0,0,1,2,8,0,12,1
K21572,26,566,3102,2723,1013,275,997,6564
K00973,4,17,126,78,300,15,237,317
K09690,16,61,385,383,322,42,304,794
K09691,18,64,435,503,515,46,475,1184
K13018,2,18,70,104,114,9,73,296
K16870,9,27,258,281,217,17,206,460
K01992,0,0,0,0,0,0,0,0
K05808,0,0,0,0,0,0,0,0
K02970,75,29,566,423,107,25,107,469
K14060,66,38,392,437,226,27,254,836
K11904,184,201,2349,1943,411,110,432,2521
K20968,0,0,0,0,0,0,0,0
K00638,3,3,38,63,163,3,104,110
K02078,507,168,2225,1839,575,96,687,3179
K09458,295,614,4948,3859,2201,363,2379,8955
K03685,64,36,1277,616,317,33,306,1118
K00873,5,12,119,169,118,3,127,214
K02168,73,114,1034,924,567,82,607,2033
K01479,0,0,0,0,0,0,0,0
K01468,24,54,600,322,319,24,275,733
K03551,64,182,1322,1465,610,139,716,3212
K07734,33,39,371,481,238,36,264,936
K09957,6,5,125,56,66,2,43,69
K00024,0,0,0,0,0,0,0,0
K11354,52,132,1338,2201,648,120,664,3266
K24163,8,114,498,314,554,70,515,1859
K13985,0,19,133,99,125,15,96,476
K11904,0,0,1,0,0,0,0,0
K02014,0,5,26,66,438,5,418,164
K03655,5,14,134,107,258,12,269,310
K22441,93,344,1538,3010,435,200,566,4062
K01714,7,4,64,41,128,1,77,96
K03584,6,5,59,38,63,9,56,139
K00337,24,64,673,624,534,70,416,1710
K00338,4,34,314,321,120,28,180,557
K00339,7,21,156,232,105,17,127,423
K00340,5,22,195,229,169,19,132,454
K00341,36,128,791,1421,826,84,788,2825
K00343,29,44,617,990,449,51,458,1729
K07304,0,0,0,0,0,0,0,0
K25026,9,16,142,204,203,12,221,427
K02014,5,40,113,184,430,16,381,483
K02014,3,4,37,53,278,2,187,83
K03269,0,0,0,0,0,0,0,0
K18189,0,0,0,0,0,0,0,0
K03286,34,79,510,790,351,53,363,1000
K03664,448,1543,19714,14814,7355,1064,8432,27357
K07387,1,0,20,8,21,0,14,11
K07462,21,126,887,702,684,89,643,1852
K00969,6,9,93,84,106,7,89,150
K02071,9,46,386,269,413,31,295,697
K02072,3,18,114,75,185,16,140,306
K02073,2,16,146,123,432,10,339,353
K05349,11,186,762,1195,952,199,851,5712
K03654,0,0,3,9,0,0,0,6
K06041,10,25,360,247,314,32,277,702
K03118,1,14,126,129,259,8,209,204
K07259,17,16,171,166,282,18,214,336
K05995,1,5,61,72,183,3,115,161
K00616,0,0,26,30,13,2,31,50
K00661,0,0,0,0,0,0,0,0
K02172,5,30,310,364,463,19,437,536
K02171,48,51,525,417,108,20,114,749
K09990,2,2,2,7,147,0,97,16
K07566,17,291,1941,1320,659,190,822,3710
K07052,22,53,983,421,312,47,297,1171
K09861,41,88,757,1206,276,84,305,1947
K07124,0,1,9,7,167,2,192,17
K14287,3,29,177,197,201,17,180,469
K07300,0,3,18,17,170,0,146,34
K03704,0,2,4,14,82,0,66,34
K06182,4,142,517,382,412,73,445,1913
K03177,13,14,108,173,335,13,268,247
K06153,4,17,81,92,147,3,118,201
K09811,16,12,147,144,122,6,107,255
K02528,0,0,0,0,0,0,0,0
K03781,7,13,281,87,362,8,347,184
K07077,11,59,350,165,655,49,718,912
K03553,0,0,0,0,0,0,0,0
K02335,0,10,28,30,13,5,9,60
K21572,3,10,50,48,327,7,323,125
K05986,407,1748,6490,19140,2214,1160,2262,22407
K03923,0,4,13,17,137,2,102,32
K06221,17,79,568,615,541,46,520,1276
K00459,9,13,166,232,128,13,110,325
K02558,0,0,24,13,17,2,30,36
K04337,2,0,11,14,111,0,66,17
K04338,0,1,3,3,68,0,32,6
K06214,0,0,8,12,462,0,332,14
K11904,16,314,1040,762,851,142,827,2560
K08994,13,70,475,369,318,48,258,1145
K16264,11,25,317,156,343,16,295,642
K01534,14,78,617,464,560,43,521,1052
K07152,7,16,183,123,249,5,219,283
K04564,19,25,359,208,236,10,224,526
K00428,0,2,11,13,250,1,172,34
K02968,13,23,212,213,171,18,151,389
K01448,32,39,457,385,213,18,209,510
K04744,11,35,247,234,956,18,837,465
K04771,42,99,241,940,120,46,103,1841
K09022,0,0,0,0,0,0,0,0
K07146,25,194,936,1491,751,96,652,3104
K01934,0,0,0,0,0,0,0,0
K03437,5,7,73,81,41,1,27,174
K07052,28,34,271,410,204,23,175,540
K09760,3,4,68,77,233,3,180,139
K02483,19,25,307,302,185,18,157,557
K15725,3,4,105,36,247,4,160,65
K15727,0,1,107,27,180,6,131,51
K15726,12,9,178,66,700,6,561,103
K09780,0,0,0,0,0,0,0,0
K00763,57,639,1944,2446,1126,272,1329,8480
K04047,59,103,893,1485,294,58,339,2468
K02950,17,92,1531,627,779,50,884,1480
K02992,45,85,2182,746,1053,64,1211,1736
K02355,108,605,15488,5678,8565,510,8706,13168
K02946,96,45,1603,908,870,53,940,1673
K16089,16,8,195,121,773,5,641,392
K00864,5,43,18,122,194,40,165,1204
K02440,0,0,0,0,0,0,0,0
K00111,33,214,138,771,501,111,422,5309
K02081,86,65,104,633,232,26,243,628
K02906,58,151,2781,1786,1373,126,1620,2995
K02926,169,155,5755,1789,1567,108,1481,2747
K02892,43,48,1640,634,544,38,580,937
K02886,130,245,5372,2992,2961,186,3066,4815
K02965,13,62,941,568,585,42,558,985
K02890,24,97,1913,1059,765,65,823,1799
K02982,66,208,4461,2182,2050,162,2020,3679
K02878,42,110,1781,1384,993,94,929,2288
K02961,50,37,1157,632,498,48,465,1008
K02874,42,78,1967,1374,1011,100,1015,2156
K02895,16,78,2316,911,759,64,856,1632
K02931,158,173,3731,2819,1942,173,1854,4435
K02954,80,81,2144,1504,1062,72,1016,2455
K02994,93,108,2277,1931,1055,108,1052,3430
K02933,33,132,2383,2434,1273,124,1342,3830
K02881,19,70,1471,1214,799,60,755,2022
K02988,25,149,2234,1842,1470,125,1390,3317
K02907,10,15,389,263,208,10,209,521
K02876,146,100,2299,1587,942,84,929,2846
K03076,112,225,3680,3076,2455,226,2308,5905
K02518,93,68,549,543,232,59,227,726
K02952,208,254,3804,3631,1918,175,1904,4388
K02948,69,168,2639,2397,1353,131,1306,3599
K02986,174,293,6097,4880,2317,280,2310,6402
K03040,211,377,8493,6721,3246,302,3496,9423
K02879,52,180,3535,3260,1443,175,1341,4455
K03150,0,0,0,0,0,0,0,0
K02477,5,9,35,68,71,5,71,120
K03543,0,3,1,1,303,0,221,3
K01297,0,0,4,1,27,1,25,14
K00384,8,18,77,111,112,8,72,187
K02340,72,199,1605,2417,771,145,769,3368
K06158,0,1,1,1,1,0,0,0
K06188,27,197,2204,489,945,187,1002,3931
K00820,0,0,0,0,0,0,0,0
K01918,32,69,443,840,341,45,283,1265
K00891,0,0,0,2,5,1,4,10
K04762,0,0,8,5,9,0,6,9
K22083,1,13,85,134,92,13,75,204
K01114,0,5,89,49,338,2,262,220
K01887,42,22,435,202,114,11,100,308
K07058,0,0,0,0,0,0,0,0
K09800,18,261,1283,991,972,163,985,3308
K02171,9,10,24,121,9,3,13,179
K00161,176,240,2212,2727,993,176,1060,4206
K00627,28,219,1814,951,999,149,939,4111
K09810,20,89,591,804,274,45,317,1194
K03630,4,11,75,107,113,10,103,333
K01012,0,1,39,2,210,1,161,6
K00833,0,2,30,4,156,0,134,11
K03449,2,4,14,28,34,0,19,42
K01752,0,3,8,7,32,1,30,7
K03320,1,3,15,59,61,4,64,61
K01118,0,0,0,0,0,0,0,0
K06978,7,31,187,135,408,12,362,447
K10778,19,24,205,201,306,3,207,258
K01480,15,14,406,264,217,14,205,466
K01838,0,0,0,0,0,0,0,0
K01104,27,38,1318,488,347,23,316,862
K00949,11,15,170,204,76,7,82,326
K02014,23,57,468,486,256,49,278,1219
K00798,0,0,0,0,0,0,0,0
K05916,0,0,0,0,0,0,0,0
K13771,0,0,0,0,0,0,0,0
K06861,26,34,318,249,306,18,246,420
K01698,3,21,204,204,168,24,140,288
K01992,34,32,571,242,359,12,379,565
K01902,32,146,1746,1578,838,125,875,3858
K02536,34,233,2197,1715,1340,170,1295,4431
K02356,10,16,207,188,115,6,96,262
K00677,0,0,0,0,0,0,0,0
K16363,5,61,632,484,422,28,425,996
K02536,4,66,562,434,328,32,372,905
K06885,76,73,798,915,601,68,654,1656
K02014,5,3,18,46,52,2,73,49
K01194,0,13,108,216,580,6,484,317
K08174,0,8,37,127,246,7,204,132
K02014,8,27,309,188,892,17,713,585
K02835,10,33,347,92,442,12,402,343
K00239,4,129,1128,298,740,102,653,4945
K00240,0,0,0,0,0,0,0,0
K03319,8,177,1593,302,1122,146,946,6576
K00241,0,0,0,0,0,0,0,0
K04096,13,111,403,847,317,88,314,1962
K00262,72,124,1666,1684,1045,89,1056,2130
K05937,0,0,1,3,15,0,15,1
K06940,0,0,0,0,0,0,0,0
K08715,2,7,51,35,96,5,111,142
K07300,1,14,92,140,178,12,110,287
K06886,0,0,0,0,0,0,0,0
K19216,1,1,1,10,21,0,25,10
K03719,9,11,171,149,204,11,145,258
K03709,1,2,10,5,7,0,8,22
K01620,31,13,200,212,192,9,156,277
K01066,0,0,4,10,257,0,229,23
K01077,0,0,1,4,28,1,32,8
K21572,0,1,0,5,40,0,34,3
K21573,1,9,6,6,396,3,375,16
K02346,4,4,33,91,324,12,291,103
K03719,1,0,7,9,66,0,30,20
K00549,21,34,547,149,571,17,354,855
K03088,15,45,177,288,140,12,152,594
K07305,0,6,4,16,92,4,60,17
K00681,21,88,1283,754,807,70,878,1682
K11103,1,6,17,36,233,0,150,57
K07029,0,0,0,0,0,0,0,0
K03593,73,201,1313,1492,279,141,289,3457
K19168,0,0,0,0,0,0,0,0
K03585,0,61,20,119,166,8,127,1218
K03296,1,98,36,84,715,15,611,2141
K18139,0,21,14,57,146,4,102,558
K00791,3,4,39,28,78,3,47,62
K00942,46,51,656,838,287,53,296,1016
K03517,83,147,1275,1738,569,89,596,2373
K12524,34,53,820,195,880,41,684,1612
K00872,5,20,218,36,255,14,256,408
K01733,8,21,249,48,206,15,189,441
K01633,17,12,92,77,70,6,75,195
K03791,0,0,0,0,1,0,0,0
K03648,0,1,4,3,3,0,5,6
K09793,10,73,586,572,308,57,339,1149
K16053,22,50,429,473,498,33,432,428
K03474,14,37,459,386,273,41,267,590
K01175,24,48,597,431,336,19,371,681
K01937,0,0,9,11,10,0,6,19
K04485,9,17,338,105,381,14,414,423
K18346,0,0,0,0,0,0,0,0
K08682,0,0,0,0,0,0,0,0
K13017,59,231,1723,2066,853,174,880,3615
K01784,0,0,0,0,0,0,0,0
K00598,0,0,0,0,0,0,0,0
K00980,0,0,0,0,0,0,0,0
K08307,23,137,796,1038,357,67,357,1623
K11904,13,151,569,318,933,47,942,861
K09858,0,4,29,13,64,1,55,19
K03775,2,5,60,107,35,8,38,119
K03547,10,8,138,75,276,5,171,241
K03546,8,26,275,191,423,12,340,564
K02343,0,0,3,1,1,0,0,2
K00485,1,3,25,6,400,3,289,47
K07093,0,0,0,0,0,0,0,0
K00428,2,2,9,5,721,1,619,13
K07090,0,1,26,20,136,6,90,38
K11249,0,0,12,4,28,0,14,1
K15726,12,66,1022,401,1101,54,961,1518
K15727,0,0,0,0,0,0,0,0
K07032,0,3,92,59,96,0,88,106
K03827,0,0,0,0,0,0,0,0
K25132,0,11,102,182,135,10,114,246
K25133,0,11,68,135,247,14,217,170
K10834,1,15,77,93,107,2,127,168
K07225,1,34,183,230,195,14,189,680
K06959,4,6,131,92,238,7,195,203
K00588,6,9,121,96,144,8,90,297
K01462,0,0,1,0,0,0,0,0
K00382,0,3,5,12,14,1,12,105
K08325,39,416,2850,3307,1642,298,1780,7858
K15725,9,112,302,291,672,42,517,1261
K08679,30,90,645,802,362,54,367,1679
K03070,498,3662,6943,32565,3031,1641,3295,48022
K03297,2,2,5,9,14,0,19,17
K06997,9,4,61,109,146,6,147,160
K03284,6,15,74,45,83,5,71,138
K00648,0,0,0,0,0,0,0,0
K06911,0,0,0,0,0,0,0,0
K16211,0,3,27,53,181,2,136,74
K21575,26,32,354,224,386,22,311,557
K07001,4,3,23,8,94,2,96,27
K00428,0,0,0,0,0,0,0,0
K03501,283,71,1444,776,385,31,383,883
K00812,23,30,400,348,369,24,378,839
K03386,495,1304,4913,19293,1733,752,1869,18744
K00831,17,33,756,143,604,26,594,513
K01302,11,47,327,170,452,32,394,507
K01302,2,11,203,67,419,17,412,270
K01302,2,12,214,83,429,12,350,249
K03767,278,348,2826,2976,459,265,446,4168
K00826,28,23,169,323,167,20,152,384
K01783,12,16,142,259,92,17,74,351
K09930,8,34,242,297,161,25,147,424
K01206,8,21,90,140,362,11,339,301
K00940,5,0,9,11,13,0,9,11
K06949,141,23,529,446,266,16,273,553
K04516,25,48,528,385,336,37,323,854
K02217,0,0,0,0,0,0,0,0
K06207,2,21,200,147,458,11,392,418
K03088,11,49,1054,397,304,37,341,1065
K02909,123,32,656,256,129,21,179,412
K09001,2,7,46,47,140,8,133,175
K02078,28,13,310,155,98,9,76,294
K00647,15,32,318,119,253,13,250,486
K01697,0,0,0,0,0,0,0,0
K09808,28,41,644,719,419,39,339,858
K18954,5,38,139,125,276,17,271,510
K22479,0,0,0,0,0,0,0,0
K18954,4,7,99,55,180,2,145,178
K15777,0,0,0,0,0,0,0,0
K03829,7,31,196,161,169,12,140,546
K04750,0,0,0,0,0,0,0,0
K09973,0,2,9,6,342,1,322,22
K00252,71,253,1762,1348,759,115,768,1960
K18954,1,9,47,85,228,6,119,104
K08151,2,0,11,6,270,0,259,34
K03824,0,0,0,0,0,0,0,0
K06949,0,7,47,72,120,10,113,199
K08726,0,4,18,7,201,1,163,58
K00355,0,3,25,14,286,0,174,34
K07705,2,6,72,82,113,10,59,153
K06889,0,7,56,73,251,3,202,112
K03307,0,0,0,0,0,0,0,0
K03286,19,20,245,158,123,11,100,193
K22580,11,24,100,117,442,20,359,221
K01278,6,25,860,174,782,25,717,838
K03652,0,2,23,19,141,2,121,79
K01077,0,0,2,11,77,0,97,13
K18954,0,1,5,22,100,0,88,25
K03585,2,10,50,109,322,7,294,254
K03296,1,16,47,29,812,7,760,200
K21573,0,3,10,1,240,1,152,21
K21572,0,0,0,0,0,0,0,0
K01338,15,103,432,1121,323,78,267,2036
K03770,36,72,1448,808,989,44,967,1830
K03701,17,135,698,437,436,50,366,1364
K01083,0,8,21,15,27,2,23,70
K03154,0,0,1,3,65,0,34,8
K03147,4,2,14,23,455,6,362,59
K00788,0,0,3,3,134,0,93,7
K03149,0,0,4,0,123,1,115,9
K01714,9,0,52,51,79,3,99,83
K01154,46,24,513,197,188,6,205,360
K03427,34,31,583,301,299,27,302,545
K00699,0,2,22,6,57,2,61,81
K06133,0,7,128,25,127,4,103,248
K15977,43,11,285,111,53,11,44,233
K01425,0,15,62,89,208,5,151,164
K04517,9,7,24,11,53,3,38,55
K10536,0,0,0,0,51,1,38,3
K18954,0,28,105,140,339,17,317,412
K07404,0,2,9,7,51,1,52,16
K23775,9,267,1739,3980,235,218,362,3706
K04063,4,146,758,2194,72,139,152,2138
K01462,11,0,28,50,34,2,22,71
K07727,0,0,0,0,0,0,0,0
K07074,2,13,65,95,121,6,126,153
K01619,0,0,0,0,0,0,0,0
K03718,0,0,0,0,0,0,0,1
K00554,28,122,955,367,87,91,126,1376
K03885,64,60,689,606,412,36,377,1012
K01779,7,15,261,169,511,12,446,553
K07226,73,13,297,231,91,14,86,465
K01251,51,241,3549,1086,1836,195,1678,6596
K01588,2,3,20,40,33,1,29,69
K01589,0,1,5,11,12,0,12,6
K07090,7,73,514,352,245,34,262,1062
K08234,0,0,0,0,0,0,0,0
K01597,0,0,3,2,0,0,1,7
K01897,16,28,208,266,234,18,241,618
K06975,0,0,0,0,0,0,0,0
K06384,111,85,1805,965,333,44,303,1398
K18954,5,38,100,259,206,14,151,453
K06942,1,4,24,16,41,1,31,41
K20968,0,1,17,14,25,0,13,23
K02066,0,0,0,0,0,0,0,0
K10026,2,9,253,58,62,5,42,118
K01491,2,21,249,133,301,20,264,420
K01756,95,111,1403,1598,827,90,854,2175
K00800,4,36,302,246,405,23,402,830
K09015,0,3,6,23,12,2,23,36
K09013,71,74,750,1336,242,59,277,1711
K09014,40,118,1085,1165,425,74,367,2101
K03790,0,0,0,0,0,0,0,0
K13628,118,189,1595,2156,567,128,604,2831
K07054,0,0,0,0,0,0,0,0
K00794,1,1,53,65,39,3,30,90
K00759,0,0,0,0,0,0,0,0
K08997,11,36,739,267,134,18,155,394
K05366,27,90,840,441,690,65,635,1115
K06076,125,527,5005,1649,1871,350,2216,7917
K00948,13,44,787,392,527,40,581,569
K02897,61,108,2518,1167,1217,71,1422,2012
K11717,166,109,889,1958,516,100,470,2528
K01114,1,7,53,32,163,2,128,114
K11021,6,9,73,101,82,6,56,131
K01595,12,30,897,256,573,14,580,443
K01174,7,7,109,99,234,6,244,139
K01810,7,24,260,142,336,16,323,317
K01798,0,0,1,1,0,0,0,1
K00857,28,44,895,452,218,24,251,894
K22278,1,4,19,35,297,2,213,66
K03634,5,6,90,79,119,2,112,126
K01462,67,52,1114,669,361,35,383,1191
K07447,8,24,328,315,240,26,216,620
K08296,0,0,0,0,4,0,3,0
K06974,0,0,0,0,0,0,0,0
K02014,20,92,275,902,360,58,352,1475
K03897,3,77,234,963,731,41,506,1424
K07095,1,5,44,36,156,3,114,24
K08316,6,10,88,105,73,10,87,290
K01776,0,1,14,34,7,1,8,25
K02495,36,38,514,449,368,32,362,698
K06180,31,197,931,1522,578,133,589,4456
K01921,12,50,519,212,364,28,307,664
K00954,3,16,235,108,176,9,156,301
K00287,9,21,170,289,130,15,117,421
K03744,355,223,2140,2265,935,162,974,3878
K06872,9,28,244,135,260,30,215,339
K03455,13,161,535,398,474,65,536,2248
K01284,20,151,1037,1179,731,95,683,3264
K01192,11,25,179,128,562,8,390,327
K01744,2,16,66,54,92,11,78,194
K11066,38,94,1034,664,566,62,640,2207
K21572,86,533,7720,3904,3848,385,3643,12178
K07507,2,8,70,17,50,4,39,62
K06079,0,0,0,0,0,0,0,0
K03790,0,0,0,0,0,0,0,0
K03564,0,0,0,0,0,0,0,0
K00971,39,89,952,755,477,75,434,1637
K12340,9,35,211,325,296,19,265,622
K02742,0,0,0,0,0,0,0,0
K11754,12,17,109,99,472,10,356,192
K02426,0,0,0,0,0,0,0,0
K03696,1150,13358,29515,117059,9558,6888,10972,164457
K00566,6,120,930,731,705,65,668,2657
K00587,1,0,4,30,29,1,14,34
K02478,4,6,80,51,83,5,62,166
K13652,2,10,15,52,108,4,107,362
K03797,12,6,139,72,242,6,203,148
K04565,0,0,0,0,0,0,0,0
K06937,22,8,119,78,119,5,87,144
K03787,0,0,0,0,0,0,0,0
K13292,14,65,289,308,214,40,232,758
K00364,22,47,367,346,262,27,266,968
K00059,2,4,37,23,64,3,46,41
K17733,1,33,301,236,496,32,678,573
K03502,14,47,511,145,542,43,586,957
K01880,14,27,252,181,322,15,235,367
K06175,4,3,42,28,199,4,127,60
K00254,0,3,64,29,53,5,43,142
K07305,17,8,118,130,80,9,62,218
K09458,50,80,3571,1566,734,97,944,2944
K00626,12,19,152,147,445,24,374,415
K16137,5,17,105,62,182,14,188,235
K04063,6,11,51,75,107,6,88,175
K08218,4,0,62,25,387,2,335,126
K18785,0,0,21,6,302,3,230,49
K09704,10,44,392,340,512,31,448,798
K08364,15,30,172,173,96,17,98,265
K01354,14,18,150,148,322,7,319,301
K01719,19,52,525,366,277,26,218,819
K00721,3,17,256,220,177,19,185,422
K00773,13,31,394,329,481,23,388,667
K11720,5,7,58,21,75,1,87,77
K09710,319,646,1314,5625,305,346,382,7444
K03798,224,2071,4046,14013,1595,1074,1855,25066
K00981,2,9,72,105,48,8,38,169
K11085,0,7,37,71,62,2,76,182
K01613,0,0,0,0,0,0,0,0
K03628,31,103,1038,1021,729,82,695,2166
K04564,0,0,0,0,0,0,0,0
K20275,0,1,10,5,16,1,9,25
K00992,82,214,1043,1862,512,112,602,2991
K07056,15,19,149,231,269,16,174,414
K03088,12,15,194,140,103,8,109,285
K21741,12,15,72,217,92,9,57,242
K12267,35,171,978,2209,478,135,532,1780
K01322,25,78,687,614,759,53,636,1403
K00088,0,2,7,8,7,0,3,25
K09928,0,3,31,28,18,1,22,51
K01417,1,5,36,49,22,6,10,261
K02437,253,67,647,1132,297,49,323,1772
K03046,119,676,6230,5484,3021,531,2938,12979
K19572,14,12,83,154,113,4,87,217
K18954,10,25,276,252,201,14,172,654
K01715,1,3,107,102,191,2,171,94
K00020,0,18,85,77,136,9,108,447
K11538,2,27,154,55,290,11,229,624
K00140,4,65,210,87,382,23,268,1034
K01720,12,111,336,156,699,40,703,1625
K01659,7,127,250,169,569,38,565,1513
K03417,35,110,397,182,353,36,337,1487
K12243,20,77,120,237,178,30,138,677
K18954,2,2,53,21,188,0,117,57
K21741,0,0,12,26,119,0,86,35
K01890,204,167,2184,2163,1178,112,1237,2333
K00074,217,69,819,1752,280,59,289,1055
K03668,0,0,0,0,0,0,0,0
K17836,0,0,0,2,0,0,0,0
K00573,27,15,204,157,212,14,204,304
K19294,32,5,267,122,396,11,341,220
K01712,24,133,859,586,946,79,915,1988
K11065,0,0,2,1,13,0,9,1
K00131,31,171,1090,951,926,116,845,2734
K03088,12,29,144,339,99,16,81,588
K03088,0,0,0,0,0,0,0,0
K13985,11,21,255,153,262,14,233,464
K06975,2,7,22,27,13,1,14,47
K07459,16,4,187,65,240,3,146,144
K00215,1,7,31,32,92,4,65,82
K08995,0,0,0,0,0,0,0,0
K03814,7,8,149,151,148,5,264,163
K07396,3,1,26,37,38,0,25,42
K06893,0,0,0,0,0,0,0,0
K03629,4,19,253,225,103,13,93,330
K06894,254,1242,9141,8553,2982,712,3025,14909
K08276,0,0,0,0,0,0,0,0
K01866,2,2,52,42,264,2,225,71
K03830,0,0,0,0,0,0,0,0
K06996,5,7,93,58,43,2,28,114
K01286,0,0,1,0,11,0,7,2
K01284,18,235,677,1308,662,105,608,3718
K02959,0,0,0,0,0,0,0,0
K02860,0,0,0,0,0,0,0,0
K22580,2,37,193,79,722,17,730,389
K07568,60,31,1678,658,633,33,689,832
K06941,39,30,582,376,446,23,399,696
K15537,30,54,553,410,568,46,606,1087
K02523,23,50,418,790,285,30,273,1062
K11381,102,339,2748,5464,1418,326,1398,7466
K07453,20,7,154,146,89,7,71,166
K01372,20,61,196,669,105,37,101,710
K03088,0,59,34,71,95,21,80,629
K07114,8,177,312,635,768,77,685,3104
K07114,20,115,475,580,743,57,624,1429
K01895,0,0,0,0,0,0,0,0
K01908,8,68,732,227,736,54,595,1272
K01940,25,26,280,119,358,6,293,152
K00145,165,27,269,144,276,5,211,71
K13043,9,13,129,27,210,2,133,101
K00930,6,2,51,12,136,1,128,31
K01755,4,6,116,33,223,5,186,87
K03719,71,10,703,175,92,7,73,374
K00609,64,18,441,175,408,7,409,168
K01956,39,32,867,219,813,16,801,316
K01955,39,67,2017,457,1949,37,1731,941
K02014,1,15,66,104,711,5,586,418
K03286,83,1099,11473,3309,4115,750,4533,19866
K00950,42,223,1404,1179,523,125,625,2604
K04773,14,230,699,2273,291,141,287,5534
K03110,466,206,2205,2152,530,121,732,2305
K09022,38,41,441,478,262,36,243,1037
K02913,2,0,94,25,13,0,18,36
K02902,143,60,1932,998,550,69,592,933
K03820,1,1,9,4,34,0,39,15
K00286,0,7,100,23,140,2,99,120
K00428,2,6,53,23,150,1,112,74
K00075,5,12,56,121,260,4,223,199
K15726,0,1,6,3,260,0,325,21
K15725,0,0,0,0,0,0,0,0
K15727,2,0,13,2,423,1,314,5
K07090,0,0,0,0,0,0,0,0
K03281,2,10,58,52,262,13,252,240
K08224,26,27,1193,268,825,19,739,705
K03724,4,2,65,62,152,8,114,98
K19271,11,18,165,213,85,5,96,343
K22419,3,5,20,10,181,5,145,55
K20968,9,3,59,40,58,3,35,59
K11477,0,0,1,0,0,0,1,1
K07577,16,93,664,263,287,55,365,1183
K10747,18,142,711,387,426,63,456,1297
K03724,21,120,800,243,861,69,807,1284
K01834,11,66,638,360,385,28,388,870
K06953,1,9,100,49,55,2,50,125
K03718,0,0,0,0,0,0,0,0
K00615,0,0,9,6,20,0,20,8
K00615,6,34,704,229,474,22,543,611
K06975,0,1,4,2,29,2,19,20
K07397,12,24,312,178,117,22,167,419
K24915,2,21,216,123,116,14,113,308
K19784,0,1,29,14,39,0,33,66
K06911,7,48,447,242,210,33,194,867
K06911,0,2,19,10,20,1,15,59
K06975,0,0,0,0,0,0,0,0
K01953,119,561,1608,3846,622,234,622,6040
K03500,9,29,125,236,236,28,161,595
K06193,0,0,0,0,0,0,0,0
K01889,22,75,873,896,546,57,639,1382
K06867,0,0,9,10,61,1,57,14
K01489,16,23,174,140,116,6,126,277
K13979,4,8,43,61,103,1,62,130
K01607,0,11,65,83,300,7,291,74
K18954,8,8,272,145,276,4,229,223
K02346,7,70,386,239,605,46,506,1029
K03783,146,99,449,1423,222,76,201,1872
K00912,21,81,399,609,293,30,255,1308
K06173,4,16,134,130,157,8,163,259
K18890,0,0,9,8,9,0,2,6
K03088,0,0,8,0,6,0,4,8
K03761,1,21,40,77,210,6,166,196
K18954,0,0,0,0,0,0,0,0
K11936,6,56,94,224,951,14,777,421
K10027,102,495,4196,3401,1371,351,1489,7224
K02291,71,333,3880,2278,1289,263,1281,4624
K15746,8,90,849,400,261,57,324,1349
K03098,18,75,1450,600,320,70,417,1375
K00575,1,3,138,105,165,8,139,162
K03701,39,133,747,554,429,121,379,2941
K02014,4,3,120,44,386,1,314,59
K09946,0,0,0,0,0,0,0,0
K00632,17,333,1953,3354,810,184,813,8136
K07516,82,592,4545,4537,2040,460,1786,14416
K07491,0,0,0,0,0,0,0,0
K03748,0,0,0,0,1,0,0,0
K00945,198,276,2950,3070,445,186,460,3049
K09903,0,0,0,1,2,0,3,1
K16692,41,30,396,306,378,14,340,536
K02474,60,106,1550,974,335,44,384,1665
K01991,0,0,0,0,0,0,0,0
K00600,57,39,691,448,147,23,148,634
K03565,0,0,0,0,0,0,0,0
K03741,16,63,793,530,477,54,498,1148
K22124,0,3,20,5,16,0,23,20
K03892,0,0,0,0,0,0,0,0
K02005,4,14,122,119,339,9,260,335
K02004,7,67,260,355,317,41,240,1604
K02004,2,57,154,269,307,43,253,1218
K02003,3,47,107,237,323,33,246,936
K00525,48,77,1268,846,809,84,851,1150
K06950,35,11,396,217,100,20,92,433
K00852,9,8,204,118,91,7,56,155
K01873,68,60,1032,455,257,48,280,983
K07461,0,0,0,0,0,0,0,0
K03561,7,96,940,725,462,60,440,1626
K03559,0,20,181,83,121,10,115,310
K06373,3,15,146,154,148,17,134,488
K01624,55,112,1710,1518,657,98,676,2393
K00858,123,227,2457,3359,1065,146,1275,4387
K08994,21,13,112,168,92,15,80,342
K03790,2,5,43,67,119,4,99,107
K03555,8,35,358,176,1054,20,838,611
K07107,11,23,280,282,380,42,349,590
K00946,16,38,623,562,480,59,400,1224
K18954,8,29,184,64,237,18,308,342
K07552,0,7,88,27,581,2,475,114
K07001,39,33,649,434,579,24,468,858
K07042,18,28,361,191,120,12,125,334
K03495,98,169,2323,1481,1106,160,1219,3111
K00927,18,38,1130,706,412,31,453,1035
K01808,91,78,584,958,324,56,324,1250
K12573,145,216,2382,1373,1407,165,1514,3650
K01297,0,0,0,0,0,1,2,0
K07460,0,0,0,0,0,0,0,0
K14742,0,0,0,0,0,0,0,0
K06287,12,44,192,328,87,21,135,609
K03270,2,5,60,64,60,7,43,108
K03088,142,315,768,2659,327,181,331,3068
K03596,10,61,704,711,523,49,485,1545
K03574,2,4,48,56,227,6,206,81
K07273,0,0,0,0,0,0,0,0
K15738,16,17,122,141,136,8,125,178
K16044,13,17,216,127,46,3,41,115
K02014,3,17,120,85,602,2,445,149
K24158,7,24,236,294,22,13,41,318
K01903,84,66,585,473,157,32,161,693
K00054,17,15,380,265,269,16,218,467
K00850,34,46,797,367,677,47,604,992
K00134,40,31,705,462,327,21,327,705
K02014,2,4,57,39,665,4,467,96
K03296,8,157,1330,812,843,92,795,3367
K03585,18,167,1277,381,799,100,833,2576
K02111,91,120,3892,1329,2418,81,2365,2661
K02115,51,40,1496,754,879,41,871,1245
K03699,28,83,381,1113,372,47,314,1297
K06891,24,10,51,125,50,5,29,166
K00876,180,59,427,1001,197,47,208,1129
K03521,125,283,4132,4126,2024,187,2068,6444
K03522,82,305,4646,4987,2226,238,2114,7771
K08999,1,26,139,152,110,20,140,319
K11537,3,45,313,318,431,27,370,644
K00626,52,122,1204,1793,659,94,653,2562
K06902,8,56,372,293,396,22,348,862
K00318,28,61,802,1028,546,47,538,1189
K01876,16,64,773,554,986,30,971,1057
K01939,0,0,27,4,14,0,17,1
K03442,4,8,103,40,60,6,43,178
K16652,18,26,268,169,243,17,199,640
K03210,0,0,0,0,0,0,0,0
K03625,0,0,0,0,0,0,0,0
K18889,0,0,0,0,0,0,0,0
K01463,0,0,0,0,0,0,0,0
K02040,199,950,6288,3599,1798,465,2257,10469
K03832,35,56,491,519,243,30,235,954
K03559,3,51,540,142,210,32,237,841
K01869,294,457,5668,5855,2384,293,2423,8711
K03559,0,0,0,0,0,0,0,0
K03561,0,0,0,0,0,0,0,0
K16568,1,6,73,63,259,9,187,185
K16698,12,13,149,215,164,7,148,313
K05795,7,61,142,179,132,24,138,450
K07027,21,111,331,535,194,64,168,1161
K01579,3,5,93,136,87,8,102,165
K03530,0,0,0,0,0,0,0,0
K00275,3,9,71,56,109,3,95,144
K07735,20,25,257,288,236,15,215,524
K01448,0,0,0,0,0,0,0,0
K09774,11,10,198,148,556,4,575,259
K03549,244,183,1732,2288,698,136,607,2744
K00162,26,12,252,220,389,9,351,279
K17103,9,13,196,171,394,6,297,263
K02342,11,20,225,188,142,11,127,353
K03545,61,157,785,1434,349,79,384,2432
K02014,63,63,1617,1082,863,41,934,1687
K05349,387,207,1358,1828,796,110,777,2993
K21572,0,0,0,0,0,0,0,0
K21573,9,178,658,1254,695,122,686,2111
K09158,0,0,0,0,0,0,0,0
K00537,0,0,0,0,0,0,0,0
K15519,0,0,1,1,0,0,0,0
K22757,11,81,364,659,189,45,182,889
K24163,18,39,412,299,122,18,124,489
K08994,8,99,383,712,421,55,478,1277
K23518,1,7,61,61,116,3,67,120
K12410,4,7,101,91,164,11,107,170
K07559,4,9,95,82,199,3,137,236
K07313,2,38,180,181,349,25,343,542
K04758,5,38,119,268,76,21,74,432
K04759,61,244,1312,1635,898,155,803,3614
K00684,0,6,74,70,216,6,186,188
K12243,53,59,720,780,345,38,399,1196
K02014,0,0,23,12,1230,1,1155,28
K03559,219,737,2599,4049,726,288,958,5027
K07001,0,0,0,0,0,0,0,0
K06881,168,1382,11378,7841,2542,764,3665,20085
K13598,4,10,134,149,251,14,192,291
K09812,0,0,0,0,0,0,0,0
K15460,0,0,0,0,0,0,0,0
K00793,23,42,449,298,189,31,172,779
K07040,68,40,662,516,237,27,217,921
K02911,40,42,462,501,194,18,196,468
K02160,14,83,856,169,387,81,426,1816
K01961,27,174,2043,1153,1223,117,1369,3863
K00819,8,29,115,232,76,11,83,384
K21001,104,118,1043,928,262,52,236,1244
K09698,22,40,563,386,623,24,532,645
K01962,6,36,170,237,82,17,105,386
K02357,135,94,2089,1749,1159,77,1253,2396
K03439,1,10,173,33,305,3,222,140
K02967,12,5,252,54,75,2,67,105
K02996,46,101,2322,848,1262,84,1289,1627
K02871,52,129,3968,1027,1835,88,1832,2389
K11942,39,286,1693,1971,1669,163,1496,4549
K07263,0,3,20,26,42,2,43,62
K06927,0,0,0,0,0,0,0,0
K01159,0,0,0,0,0,0,0,0
K11904,0,1,4,1,1,2,0,4
K00558,58,96,843,753,274,53,262,1135
K14060,10,3,90,24,154,6,125,57
K00558,18,22,320,314,375,10,289,210
K20885,0,1,17,3,441,0,382,28
K20999,2,3,51,31,643,2,535,72
K03704,0,0,0,0,0,0,0,0
K01682,455,2656,18762,15289,6103,2008,7080,38769
K02014,0,4,29,32,696,0,533,76
K03426,0,0,0,0,0,0,0,0
K04763,56,853,3146,3147,864,492,986,11375
K01493,5,210,724,107,258,99,244,2485
K01715,73,457,1259,1792,433,206,441,4840
K03781,237,1576,4948,10032,1415,809,1706,19425
K03781,42,470,2103,1415,803,293,986,6491
K04761,78,69,1170,894,458,44,412,1484
K00789,63,59,967,602,805,39,817,1290
K03088,136,200,594,2059,188,92,244,2668
K07025,33,66,720,992,266,45,309,1451
K01273,0,0,0,0,0,0,0,0
K01649,64,365,1458,817,1152,99,968,3966
K01703,17,456,2429,392,1840,117,1576,5301
K01704,16,133,683,253,510,55,450,2089
K00052,14,298,2724,803,2051,113,1730,5824
K00249,8,107,872,1141,450,65,445,2062
K01923,46,182,2325,2029,1190,73,1332,2268
K00764,72,541,2365,6364,1263,313,1269,7101
K21572,0,0,0,0,0,0,0,0
K21573,4,8,174,198,588,12,478,649
K01610,9,10,278,140,445,11,322,317
K03786,0,0,0,0,0,0,0,0
K00645,0,0,0,0,0,0,0,0
K22136,56,141,1363,1381,913,82,840,2503
K21573,300,522,12988,5631,2939,327,2942,9619
K21572,0,0,0,0,0,0,0,0
K02519,421,1134,14503,9583,4627,488,5132,15179
K02600,75,279,1523,934,739,183,739,2905
K09748,99,138,1155,1116,378,100,388,1762
K00012,14,39,271,199,412,14,339,680
K01710,6,23,307,335,391,15,392,619
K01505,12,32,208,245,173,12,120,311
K02395,29,107,933,856,642,72,724,1976
K01845,26,94,580,506,491,49,500,1598
K01485,4,4,34,49,325,3,240,146
K06867,0,2,51,37,132,1,133,108
K18954,9,48,213,425,187,20,178,562
K01485,0,2,2,1,52,0,39,19
K00560,21,59,517,568,324,31,275,1008
K01256,44,96,1122,1161,1075,84,932,2029
K01641,49,54,1145,844,790,50,628,1534
K02551,25,39,390,319,417,23,401,770
K03702,5,4,22,21,20,2,10,34
K09954,0,0,0,0,0,0,0,0
K02014,45,68,683,509,764,69,785,1336
K21430,0,0,0,0,0,0,0,0
K14155,5,41,286,132,470,38,468,1088
K01667,0,4,34,17,467,6,355,44
K06169,1,5,33,50,58,2,41,83
K07054,16,78,1081,911,582,42,608,1592
K02888,45,107,2075,1898,1153,92,1177,2094
K02899,0,0,0,0,0,0,0,0
K03585,0,2,15,4,285,0,259,40
K18954,0,1,11,9,183,0,131,48
K07096,1,1,13,21,22,0,30,29
K03719,3,2,20,12,70,7,39,39
K03650,29,56,751,676,386,37,412,1133
K02014,0,0,0,2,334,0,315,6
K02483,8,30,259,55,236,22,231,467
K03572,28,74,662,730,549,69,533,1479
K16568,6,7,65,29,28,4,13,74
K03744,0,0,0,4,3,0,3,2
K11904,4,9,97,99,487,5,329,135
K01489,3,8,166,89,159,13,152,182
K03623,0,0,0,0,0,0,0,0
K06974,53,21,122,199,84,19,75,371
K01167,18,20,221,244,104,23,110,353
K03790,11,42,249,263,217,25,176,422
K03790,7,17,69,112,143,3,136,88
K06880,3,5,17,13,186,3,142,68
K11749,6,22,110,258,283,10,238,507
K01069,8,76,314,413,195,32,177,959
K03671,0,0,0,0,0,0,0,0
K03972,0,0,0,0,0,0,0,0
K06915,44,96,726,1085,577,61,473,1652
K02342,193,305,2492,3177,974,193,848,5043
K01586,67,66,911,851,347,51,388,1877
K00156,8,214,1479,648,1094,145,1086,3917
K06168,48,109,971,1317,794,63,724,2097
K03841,42,50,532,575,497,46,444,828
K10254,10,13,498,172,135,11,132,342
K01886,0,0,0,0,0,0,0,0
K18954,189,238,5068,3916,2680,232,2673,5003
K03218,16,45,564,543,328,44,326,1152
K03924,21,69,514,886,357,64,352,1699
K00657,3,12,124,196,145,11,124,432
K07114,2,20,131,173,257,21,175,586
K07114,11,33,192,95,258,13,214,470
K05595,4,11,107,92,62,3,41,233
K03088,2,3,11,8,299,0,240,13
K19222,0,0,1,1,62,0,62,8
K03973,36,258,486,2098,218,136,189,3220
K10947,2,403,187,3053,158,190,128,4526
K10806,0,0,0,0,0,0,0,0
K07456,1,45,232,385,273,20,243,1016
K16568,25,21,178,133,134,6,92,188
K07165,0,0,8,12,343,0,277,32
K03088,0,0,0,0,0,0,3,2
K24204,0,0,0,0,0,0,0,1
K09012,3,41,160,293,243,31,165,529
K04564,5,368,288,1545,215,309,222,6343
K11811,1,166,113,818,157,135,117,2946
K00077,0,3,11,32,20,3,20,52
K00344,1,1,2,8,21,0,8,3
K03790,0,0,0,0,0,0,0,0
K04651,0,2,7,0,76,0,51,0
K04652,0,0,3,1,156,0,140,8
K03187,0,0,3,2,75,0,39,7
K02016,0,0,4,2,146,0,137,2
K02013,0,2,3,0,186,0,112,4
K08224,11,8,233,192,486,16,430,282
K15977,2,2,14,20,64,3,48,39
K06998,0,0,0,0,2,0,3,1
K18954,0,0,0,0,0,0,0,1
K03639,11,38,241,200,299,9,300,483
K03750,14,27,210,144,393,16,265,402
K03637,1,13,60,79,96,5,95,130
K03752,1,12,137,76,116,8,115,212
K08994,0,0,0,0,0,0,0,0
K02379,11,38,308,259,185,29,163,612
K03543,0,3,4,2,158,0,143,19
K07786,0,0,1,2,81,0,64,5
K16870,8,12,205,73,305,6,248,252
K02342,3,4,45,35,39,4,22,107
K00658,0,0,0,0,0,0,0,0
K00975,14,51,250,277,277,28,204,490
K00703,10,203,1024,893,616,120,697,2479
K00700,16,122,734,706,676,78,575,1664
K00859,0,0,0,0,0,0,0,0
K03215,3,32,206,126,309,12,306,362
K00239,81,185,4049,2872,1623,182,1531,5119
K00240,0,0,0,0,0,0,0,0
K02238,143,72,1847,658,979,67,927,1913
K00241,0,0,0,0,0,0,0,0
K15538,8,5,79,37,262,5,199,58
K00748,10,9,122,144,254,14,214,234
K03327,3,15,116,56,151,9,137,139
K07727,0,1,1,12,12,1,8,20
K01354,8,33,440,263,129,18,142,586
K00796,0,7,47,78,247,3,169,123
K00826,2,5,127,33,254,4,237,282
K01687,13,112,630,100,946,32,773,1673
K01652,20,75,819,104,1248,70,1078,2295
K01653,4,10,226,31,147,7,123,214
K00053,3,52,623,146,750,27,669,1713
K01754,1,3,39,9,63,2,49,128
K19701,0,0,0,0,0,0,0,0
K00428,39,63,508,763,393,55,363,1197
K01872,0,3,27,14,394,0,353,56
K11021,15,11,344,172,96,11,74,266
K03296,4,4,63,47,284,4,270,158
K18139,0,0,0,0,0,0,0,0
K03585,2,1,18,4,481,1,435,55
K03668,0,0,0,0,0,0,0,0
K15383,0,0,0,0,0,0,0,0
K00820,101,303,1795,2255,1148,183,1131,5427
K06909,20,7,365,164,129,11,132,277
K00558,1,2,25,10,153,0,114,32
K07455,0,1,18,11,165,0,147,41
K01892,46,27,204,327,86,20,104,454
K13282,10,2,28,18,63,1,43,53
K03802,20,316,765,591,795,166,724,4446
K06048,64,114,1138,1149,447,88,538,2653
K01255,48,462,2451,843,1036,214,1161,6976
K07017,11,35,149,170,290,11,256,454
K03924,7,12,176,195,140,13,120,387
K07397,0,0,0,0,0,0,0,0
K00641,21,9,59,84,142,1,125,115
K10764,26,44,326,337,422,23,358,471
K00548,7,48,469,292,604,19,444,653
K00508,26,161,1066,878,492,109,448,2569
K00548,26,208,869,819,946,125,822,3154
K00297,2,8,49,80,37,9,30,182
K01495,20,14,155,188,155,10,100,236
K01883,29,188,1838,929,758,98,875,3186
K02014,0,3,6,8,139,0,107,15
K24866,0,0,0,0,0,0,0,0
K00381,2,11,45,18,307,6,229,48
K00380,2,71,290,70,478,17,436,158
K02303,5,45,108,82,145,8,90,175
K01738,3,68,234,104,129,26,175,327
K00640,12,107,359,147,102,33,142,507
K00956,22,159,520,216,196,39,214,819
K00957,35,328,880,438,363,70,521,1316
K00390,24,268,659,350,261,74,347,1008
K18954,16,8,91,130,58,4,47,194
K16842,0,0,0,0,24,0,7,0
K03790,0,0,0,0,0,0,0,0
K00285,86,12,6008,531,2663,65,2520,3068
K12658,5,2,610,58,373,4,387,590
K13877,6,4,2588,99,1509,35,1501,2018
K21062,30,1,1842,109,1111,11,1050,1244
K02314,0,13,35,11,277,4,314,95
K03469,0,0,0,0,0,0,0,0
K08225,7,87,444,125,462,66,708,1365
K03723,35,115,1103,769,1135,93,1037,1606
K11904,40,872,2451,1876,1370,462,1515,8181
K01056,0,0,0,0,0,0,0,0
K01673,0,0,0,0,0,0,0,0
K01673,38,143,881,908,387,86,427,2331
K00640,0,0,0,0,0,0,0,0
K00648,15,39,246,248,224,28,237,441
K16568,6,15,328,151,167,6,164,323
K19294,57,39,606,411,526,17,448,739
K01953,3,20,109,163,390,16,339,298
K16870,3,19,127,101,393,24,424,431
K16568,2,9,42,89,281,4,190,168
K00979,26,58,398,424,205,35,177,851
K00432,18,63,567,698,229,43,256,1389
K17290,0,0,0,0,0,0,0,0
K16568,7,8,69,112,39,6,38,202
K11753,18,43,1060,305,477,33,405,542
K02112,52,100,2502,659,1654,59,1732,1690
K01868,133,203,1369,2419,679,122,570,3115
K02520,0,0,0,0,0,0,0,0
K11383,12,5,112,44,90,2,47,95
K07646,8,16,204,156,341,11,335,264
K01547,3,12,60,111,362,5,261,89
K01548,0,0,0,0,0,0,0,0
K01546,2,0,20,11,405,1,328,43
K02481,0,2,23,18,391,1,212,71
K07056,3,10,110,87,183,5,150,228
K02313,14,23,120,175,120,9,113,290
K25307,0,0,0,0,0,0,0,0
K07107,0,2,55,42,173,4,167,72
K04518,18,18,153,121,186,10,182,337
K07478,0,1,6,2,3,0,4,7
K23997,2,5,16,14,67,5,67,65
K13292,0,0,0,0,0,0,0,0
K00058,8,20,154,169,106,18,109,378
K03282,0,0,0,0,0,0,0,0
K01823,15,27,134,257,199,15,173,334
K00605,15,40,986,634,592,41,613,971
K02470,33,147,516,704,256,63,239,1398
K00425,10,73,909,200,928,63,823,1643
K00426,0,1,4,5,6,0,9,21
K04567,1,1,7,8,16,1,6,9
K06970,15,53,483,552,422,52,403,993
K08738,11,7,130,64,197,9,146,358
K01657,19,110,586,212,391,28,432,787
K01658,6,55,194,122,126,10,117,346
K00766,10,80,360,120,505,25,440,472
K01609,8,41,311,134,247,10,222,317
K07491,10,22,190,92,70,8,70,172
K01696,5,57,418,78,397,26,414,565
K01695,1,43,251,109,216,14,174,344
K03801,16,82,592,745,355,64,359,1118
K21574,3,18,86,210,167,17,137,379
K14347,0,0,0,0,0,0,0,0
K21571,3,9,109,47,186,15,189,186
K21572,0,0,0,0,0,0,0,0
K21573,36,78,1045,467,736,62,634,1576
K01874,86,125,1327,1286,887,93,787,3119
K02014,6,34,231,174,281,20,251,738
K07229,0,0,0,0,0,0,0,0
K03543,7,395,1754,5862,164,352,346,5052
K18954,62,591,3245,10130,569,488,816,5609
K02838,51,15,265,316,232,10,191,359
K00648,7,15,150,112,116,7,83,262
K07091,2,10,87,69,258,3,350,116
K03466,437,322,1990,4253,649,198,656,5043
K03918,100,491,2436,6469,1052,325,1124,8660
K07300,45,20,362,283,193,23,203,434
K00661,4,0,5,1,16,1,10,5
K06889,7,5,45,46,132,6,62,124
K18954,0,1,14,34,95,3,80,69
K08995,13,19,137,155,77,9,70,287
K03885,14,33,192,226,119,15,115,152
K01971,26,24,566,160,552,22,485,332
K01971,15,19,137,128,122,7,118,185
K10979,11,61,664,549,328,32,309,733
K15862,136,109,2983,1109,1460,82,1396,2006
K00406,0,0,0,0,0,0,0,0
K10536,7,21,347,260,515,26,557,484
K21908,201,462,4925,6006,1306,393,1389,7641
K09964,22,15,180,255,119,23,69,472
K15034,6,9,68,90,59,15,60,134
K00809,90,88,1805,1778,894,50,978,1364
K07443,1,2,15,23,29,2,25,37
K04079,63,89,481,932,251,63,233,1484
K04066,21,24,398,395,760,29,552,776
K07259,72,712,3482,3783,1685,364,1757,11115
K00639,37,66,638,709,461,44,410,972
K08973,4,5,41,83,105,6,84,101
K25151,4,4,60,45,114,5,87,100
K25153,3,6,52,44,178,4,209,108
K07090,0,0,0,0,0,0,0,0
K02014,7,69,121,446,559,20,446,513
K03116,73,40,613,409,195,43,142,655
K01207,45,75,722,911,544,60,491,1460
K00754,17,54,447,880,328,53,320,1168
K09797,16,7,92,91,59,6,43,173
K02217,0,0,0,0,0,0,0,0
K00705,419,1977,6191,24537,2277,1526,2513,29399
K06006,0,0,0,0,0,0,0,0
K02618,84,157,654,1341,313,77,256,2212
K07017,16,50,328,436,290,40,293,889
K02617,0,2,27,12,23,1,17,84
K00632,1,65,320,410,184,22,218,1016
K02614,1,0,4,0,2,0,0,6
K00074,6,25,222,275,124,17,92,522
K15866,20,107,608,806,423,67,408,1922
K02612,39,109,527,1062,221,44,233,1725
K02611,20,104,628,1592,246,91,248,2621
K02610,0,0,0,0,0,0,0,0
K02609,39,109,1273,1424,178,116,142,2344
K02613,28,322,1139,2589,462,212,521,5475
K01912,58,361,1266,1828,473,216,476,6488
K03695,607,8984,13759,75484,5312,4493,5897,119432
K13236,0,41,87,107,319,19,239,690
K01465,3,5,27,24,47,3,23,63
K01847,22,75,592,339,760,58,621,1110
K14415,0,24,42,162,373,25,310,2380
K02839,4,7,13,71,128,2,122,410
K01417,13,193,786,555,758,119,650,3377
K07588,3,16,118,155,127,9,110,278
K23010,73,362,3067,1954,1182,185,1392,3081
K00606,7,30,342,300,203,15,220,516
K21556,36,64,594,810,567,37,564,1174
K15862,119,256,6069,1988,3465,239,3491,6996
K00407,3,8,246,116,73,13,105,327
K00406,36,176,2320,2030,1272,195,1181,4083
K02574,126,139,2795,1122,1172,140,1222,2079
K09792,2,3,163,57,80,10,58,157
K01875,3,5,18,12,13,1,16,26
K08264,39,59,597,1250,386,59,481,1794
K13292,0,0,13,1,9,1,8,9
K22736,3,23,150,119,323,14,319,102
K11904,101,360,3359,1809,1969,278,2018,5839
K03791,18,113,1145,392,908,106,847,1626
K07126,2,17,120,78,654,12,510,227
K12945,0,2,20,11,16,1,9,24
K07071,1,8,136,25,131,7,101,122
K07168,3,13,156,66,143,8,142,187
K03811,0,1,50,27,95,4,81,54
K18954,3,3,27,55,217,4,168,103
K03111,9,68,67,1510,68,36,53,1080
K01992,4,47,109,325,419,14,366,753
K01758,49,148,1155,1563,747,76,766,2794
K07491,25,8,185,75,51,14,42,161
K07566,25,33,284,404,167,30,132,738
K00970,4,7,109,107,104,9,117,213
K02014,46,37,1935,653,598,30,546,761
K03781,0,15,74,70,444,6,346,179
K06867,0,0,0,0,0,0,0,0
K01689,174,278,2814,3204,1556,217,1600,4416
K01647,305,852,7073,9094,1726,562,2048,13481
K08989,0,0,8,1,13,1,8,6
K00797,0,3,29,42,616,1,483,61
K12241,1,6,64,23,349,6,298,139
K09164,6,15,130,198,190,15,142,306
K03333,1,15,110,186,160,7,162,324
K05593,0,0,0,0,0,0,0,0
K00116,29,19,454,146,259,25,232,429
K00057,0,0,10,2,4,0,1,7
K07118,1,73,223,501,249,22,169,1841
K03772,16,22,190,183,160,20,149,350
K09958,1,0,7,4,4,1,3,4
K05794,8,12,66,148,114,8,80,348
K05791,9,100,333,695,321,44,274,1629
K00333,39,91,801,916,347,61,404,1542
K00334,0,0,0,0,0,0,0,0
K00330,0,0,0,0,0,0,0,0
K06973,1,5,36,42,31,0,23,56
K11752,6,13,105,69,107,9,106,355
K02834,31,47,586,763,239,38,215,1166
K05606,13,41,170,408,138,24,138,454
K01113,0,0,20,13,693,2,531,42
K18954,9,42,391,341,405,16,418,643
K03316,14,19,225,291,266,24,182,543
K03665,61,119,1049,1465,256,64,282,2135
K03668,4,5,54,71,39,8,26,98
K07391,1,3,52,64,237,3,169,79
K07497,138,81,1451,749,711,44,668,1197
K14060,44,19,173,198,84,25,87,299
K18831,680,328,3379,4263,716,219,756,4063
K24163,0,3,21,4,497,3,419,13
K07090,0,0,1,2,131,0,113,1
K03543,0,4,2,1,164,0,116,8
K03446,0,1,11,3,558,1,558,27
K03088,2,9,25,36,223,1,178,108
K03585,0,85,72,395,530,78,548,1907
K03782,10,454,2365,1975,912,323,952,5150
K03977,34,143,1219,1212,683,96,689,2381
K02242,0,0,0,0,0,0,0,0
K01638,16,2271,3283,4637,641,354,783,5045
K01637,40,3980,5445,5132,1093,661,1227,7207
K06142,9,66,170,396,188,14,172,364
K01737,9,66,433,613,346,43,303,865
K03269,32,53,532,729,307,50,284,1021
K01736,54,103,1334,1371,767,95,737,2224
K13421,137,119,2058,1593,849,96,951,1893
K05540,6,39,348,168,318,23,299,492
K00033,37,100,1118,1159,601,81,531,2030
K00036,10,59,462,309,492,42,427,788
K01057,6,5,168,94,177,22,132,392
K06998,17,40,408,141,434,33,393,788
K11991,0,6,54,25,49,4,45,124
K03790,0,0,0,0,0,0,0,0
K03525,0,0,0,0,0,0,0,0
K01915,227,134,4608,1052,3313,91,3525,2370
K13694,99,81,447,1354,132,37,142,1387
K18555,0,0,0,0,0,0,0,0
K05515,12,19,297,128,436,25,404,497
K03570,4,3,30,41,54,0,42,66
K03569,22,28,260,299,413,28,347,667
K02492,57,68,914,1029,474,46,475,1509
K01749,9,84,563,487,324,37,378,1119
K18962,2,2,22,21,15,3,10,36
K11021,117,62,926,662,1028,62,806,1428
K07082,1,11,24,61,20,3,12,183
K01778,124,382,654,2710,302,214,278,5076
K03811,420,895,7526,9744,1508,600,1824,7877
K03294,17,96,659,459,605,49,579,1779
K02495,58,105,976,896,757,93,762,2068
K12257,134,140,2297,1338,1477,72,1392,2692
K08151,5,15,132,66,643,7,634,138
K00675,0,0,0,0,0,0,0,0
K03117,5,38,302,213,191,33,179,478
K03536,0,0,0,0,0,0,1,0
K22132,3,5,74,83,69,5,71,98
K03424,22,28,190,227,428,9,373,274
K05807,85,214,1978,2840,596,189,700,4137
K13038,25,68,367,241,504,43,422,825
K03631,29,24,305,258,113,12,97,517
K01679,8,28,247,264,358,11,341,719
K01676,11,20,648,122,612,20,577,641
K03113,0,0,0,3,1,0,0,1
K15633,38,169,1478,1553,840,159,864,2956
K03921,172,213,1645,3635,900,149,871,4293
K01265,6,81,643,506,401,44,404,844
K03595,7,55,633,400,270,36,221,715
K15977,21,52,373,718,172,41,142,998
K03327,2,4,39,13,50,1,41,46
K06997,132,142,1181,1134,623,79,689,1702
K22278,9,20,208,203,181,9,165,329
K11927,5,3,19,49,57,6,49,81
K03424,9,11,115,95,352,8,331,250
K03306,45,99,619,1131,425,76,408,1666
K05592,113,37,863,739,357,26,372,692
K07220,0,0,0,0,0,0,0,0
K01972,0,0,1,0,0,0,0,0
K01126,37,75,462,776,259,47,267,1179
K21572,0,2,6,0,327,0,270,7
K02687,4,25,194,126,172,18,225,251
K07507,1,4,24,35,203,9,182,106
K22580,4,25,253,261,365,19,302,371
K07313,0,2,37,42,234,1,187,88
K04077,22,160,624,1660,501,69,395,2791
K04078,212,1285,3072,12302,957,503,1126,15296
K03300,3,11,26,54,346,1,263,182
K04091,0,0,0,0,9,0,17,2
K15553,0,0,2,0,121,0,123,0
K00299,0,0,0,0,118,0,140,0
K02073,0,0,0,0,133,0,156,2
K20938,0,0,4,0,158,0,195,0
K15553,0,0,0,0,84,0,126,0
K15554,0,0,0,0,70,0,77,0
K17837,2,0,15,0,80,0,52,12
K00640,2,0,1,0,53,1,50,0
K03668,0,0,0,0,0,0,0,0
K07552,6,2,7,0,228,0,262,8
K00375,5,2,10,0,68,0,62,6
K09974,0,0,0,0,0,0,0,0
K03672,2,2,10,3,68,0,57,0
K07168,3,0,15,0,38,0,42,1
K03406,8,0,19,2,274,0,266,6
K05800,4,0,8,0,214,0,177,6
K04487,128,2,276,2,439,0,386,16
K13688,18,6,89,3,1362,0,1448,18
K23541,4,0,11,0,63,0,67,8
K14540,0,0,0,0,10,0,6,0
K15777,0,0,0,0,0,0,0,0
K03924,1,0,6,0,139,0,208,2
K22452,4,0,24,0,190,0,227,8
K08305,14,0,27,2,153,2,132,2
K12339,14,4,108,7,211,3,132,40
K00384,11,4,65,6,300,0,353,6
K06132,3,0,26,6,159,2,188,14
K02014,0,0,1,0,1,0,3,0
K05350,0,0,1,0,120,0,125,2
K10242,0,0,3,2,70,0,50,1
K10241,0,0,2,0,70,0,79,0
K10240,0,0,2,0,189,0,225,0
K02529,28,0,87,12,219,4,213,30
K04564,34,6,196,14,244,2,237,62
K18446,6,1,5,0,13,0,12,0
K19265,9,0,34,0,87,0,108,17
K12976,4,2,16,0,44,0,38,8
K01451,5,0,40,5,66,0,55,41
K01897,105,2,282,6,417,0,376,44
K01897,0,0,0,0,6,0,5,0
K01113,0,1,0,0,1,0,1,0
K10806,1,0,15,2,81,0,84,3
K24821,4,0,20,4,550,0,574,2
K10001,14,4,123,6,315,0,379,12
K10003,2,0,8,0,137,0,200,0
K10002,4,0,2,0,124,0,172,0
K10004,2,0,12,0,132,0,136,1
K06987,12,0,60,2,225,0,248,6
K01755,24,2,52,0,206,0,239,18
K20273,11,0,18,2,593,0,585,6
K02453,7,0,3,0,306,0,285,0
K02456,0,0,1,0,43,0,71,0
K02456,0,0,0,0,40,0,40,0
K07451,0,0,0,0,0,0,0,0
K07733,0,0,0,0,0,0,0,0
K06905,0,0,0,0,0,0,0,0
K06905,0,0,0,0,0,0,0,0
K06906,0,0,0,0,0,0,0,0
K06907,0,0,0,0,103,0,134,0
K06908,0,0,0,0,0,0,0,0
K07175,2,0,3,0,123,0,99,0
K03564,3,0,4,1,6,0,6,0
K13014,9,0,59,2,45,1,55,13
K10012,6,0,16,0,70,0,40,0
K07264,11,1,14,7,191,0,221,4
K09008,3,0,18,0,37,0,58,5
K14260,12,0,41,2,282,0,241,21
K00003,25,0,31,2,96,0,165,2
K07649,4,0,34,2,166,1,146,18
K07774,5,0,6,0,119,2,112,2
K07001,3,0,9,0,62,0,51,2
K00681,16,4,107,2,175,0,192,16
K08683,10,0,30,1,121,0,119,12
K16089,4,0,21,0,138,0,152,0
K15987,24,2,96,3,120,0,158,2
K00939,45,1,54,5,114,0,115,3
K00979,99,2,382,29,229,6,263,81
K00912,10,4,56,0,89,0,63,10
K09791,0,0,0,0,0,0,0,0
K03559,4,0,6,0,27,0,18,0
K03561,1,0,14,2,51,0,94,2
K03601,1,0,14,5,116,0,161,4
K03576,12,1,15,2,166,0,227,5
K00299,5,0,18,0,131,0,148,5
K03406,1,0,0,0,9,0,8,0
K00549,0,0,0,0,0,0,0,0
K05802,4,2,38,4,463,0,530,11
K13522,0,0,4,0,17,0,18,2
K21023,4,0,7,7,81,0,129,8
K07181,18,0,29,5,138,0,132,8
K02480,1,0,4,0,110,0,129,4
K06200,10,2,46,8,296,0,329,6
K07678,0,0,4,0,342,0,414,0
K21023,0,0,0,0,97,0,182,0
K07749,11,0,24,2,153,0,180,2
K02343,12,1,46,4,184,0,219,1
K06187,0,0,0,0,0,0,0,0
K09747,0,0,0,0,0,0,0,0
K03182,35,2,122,6,338,2,295,57
K03625,1,1,1,0,21,0,7,0
K00794,0,0,0,0,2,0,2,0
K14652,21,0,68,0,194,0,188,18
K04063,0,0,0,0,1,0,0,0
K02674,25,1,57,0,150,1,166,6
K00793,0,0,0,0,0,0,0,0
K11752,0,0,0,0,0,0,0,0
K08084,0,0,0,0,0,0,0,0
K02655,0,0,0,0,0,0,0,0
K02673,0,0,0,0,49,0,45,0
K02672,0,0,6,0,64,0,111,0
K02671,0,0,4,0,74,0,63,0
K00600,15,0,33,2,162,0,107,20
K07738,0,0,0,0,0,0,0,0
K07107,22,4,45,2,57,0,56,27
K03562,8,2,23,2,87,0,47,16
K03559,4,0,21,0,73,0,66,4
K03646,42,4,61,4,181,0,148,16
K03641,102,2,190,6,241,0,177,25
K03640,28,2,106,10,138,0,124,2
K16568,1,0,10,0,90,0,66,7
K09803,0,0,0,0,0,0,0,0
K09803,0,0,0,0,0,0,0,0
K06956,11,0,62,2,323,0,284,11
K02014,0,0,10,0,82,0,163,0
K22205,0,0,0,0,0,0,0,0
K09775,0,0,7,0,151,0,118,6
K09799,24,2,121,9,257,0,317,42
K05795,351,20,756,70,307,6,222,210
K05792,5,0,16,0,69,0,64,1
K07039,27,0,105,6,240,0,186,28
K03446,0,0,2,0,168,0,272,0
K03543,1,0,2,0,75,0,77,0
K25133,21,2,162,1,80,0,117,8
K25132,16,3,131,4,82,1,104,8
K07225,79,1,419,10,213,2,260,16
K03566,10,0,28,0,132,2,124,20
K13288,2,0,3,0,30,1,30,2
K06013,4,0,4,0,217,1,266,8
K01724,0,0,1,0,27,0,39,0
K06949,0,0,12,2,110,0,131,0
K00611,24,3,107,0,210,2,164,34
K01940,14,2,123,6,291,0,287,34
K13487,20,2,76,0,314,2,349,29
K13488,5,2,11,0,16,0,26,1
K13486,2,1,20,0,141,0,212,3
K13489,6,0,12,0,47,0,58,2
K13490,28,2,45,6,240,0,202,2
K13491,6,0,41,2,137,0,119,8
K11444,1,0,2,0,49,0,52,2
K00075,0,1,2,0,21,0,12,0
K09913,0,0,0,0,0,0,0,0
K09767,34,0,78,9,107,0,61,43
K00459,0,0,1,0,2,0,3,0
K08316,0,0,0,0,0,0,0,0
K04042,0,0,0,0,0,0,0,0
K20971,0,2,0,0,428,0,472,2
K03719,0,0,2,0,113,0,126,3
K00820,9,0,113,0,458,0,374,20
K00549,11,0,10,0,108,0,90,2
K06145,4,0,15,0,181,0,194,0
K02510,4,2,2,0,61,0,81,0
K10112,0,0,8,0,120,4,138,2
K10236,0,0,2,0,134,0,130,1
K02025,0,0,0,0,162,0,193,0
K10238,0,0,0,0,127,0,87,0
K01785,1,0,3,2,41,0,28,0
K22185,0,0,2,0,66,0,113,0
K00135,2,0,4,0,70,0,60,1
K03073,62,2,152,7,198,2,143,33
K02601,100,9,151,20,251,1,175,43
K02867,31,2,169,4,189,0,117,20
K02863,34,5,262,13,259,4,183,98
K02864,61,0,251,15,190,1,152,28
K02935,60,7,269,26,208,2,124,54
K03043,159,15,717,46,1116,6,954,103
K03046,161,12,796,29,1208,6,1109,82
K01153,0,0,30,2,298,0,394,9
K06113,0,0,2,0,154,0,162,0
K16091,8,0,30,0,282,0,241,0
K03406,32,3,54,3,130,2,135,11
K03832,0,0,0,0,0,0,0,0
K05946,26,0,46,0,120,0,168,2
K02474,10,0,83,0,348,0,403,10
K16011,8,0,18,0,68,0,89,0
K00640,0,0,0,0,0,0,0,0
K07004,6,0,14,6,318,0,371,8
K02483,0,0,0,0,0,0,0,0
K01426,0,2,0,0,58,1,32,2
K11527,5,2,66,4,122,0,105,25
K09936,0,0,0,0,0,0,0,0
K09936,0,0,0,0,0,0,0,0
K02557,10,0,21,0,112,0,141,2
K03113,5,2,11,0,33,2,24,4
K02399,2,1,4,1,9,1,13,1
K02398,0,1,6,0,7,0,5,1
K02386,10,8,69,6,118,1,116,23
K02387,11,0,24,0,117,0,85,2
K02388,0,0,11,1,92,0,104,1
K02389,2,2,39,0,136,0,165,0
K02390,12,1,81,0,162,0,218,2
K02392,11,0,57,2,193,0,210,6
K02393,8,0,28,2,67,0,97,3
K02394,5,0,27,2,140,0,150,0
K02395,7,0,19,0,148,0,109,6
K02396,57,8,206,30,353,6,311,63
K02397,13,2,68,8,209,0,229,6
K01995,2,0,7,0,33,0,33,0
K01129,0,0,3,0,56,0,48,1
K01996,0,0,0,0,0,0,0,0
K07462,11,4,9,0,204,0,248,1
K14194,0,0,20,2,437,0,514,14
K01908,1,0,4,0,6,1,2,1
K19294,2,0,10,0,181,0,164,0
K20455,12,0,21,1,201,0,209,0
K09788,0,0,0,0,0,0,0,0
K01659,12,0,30,2,174,0,189,2
K03417,5,2,36,4,107,0,149,2
K00640,0,0,4,0,89,0,92,0
K03701,0,0,0,0,2,0,4,0
K03111,69,2,121,13,129,0,134,74
K08151,0,0,0,0,0,0,0,0
K03790,4,0,7,0,180,0,180,1
K02014,0,0,0,0,202,0,257,2
K01126,1,0,2,0,18,0,23,0
K02478,12,0,12,0,204,0,295,2
K08224,6,0,25,1,104,0,98,6
K21757,0,0,0,0,17,0,25,0
K01886,25,0,100,5,331,4,311,23
K07675,10,0,35,6,325,0,350,6
K00523,12,1,64,4,185,0,168,25
K08225,5,0,10,2,170,0,165,0
K01141,0,1,8,0,156,0,168,2
K01591,2,0,1,0,8,0,7,0
K03744,6,0,58,6,171,4,181,9
K06872,4,0,19,3,67,1,89,0
K00059,8,0,58,4,170,2,189,8
K01270,43,2,58,2,145,4,162,12
K07496,28,2,157,12,164,8,212,35
K07335,26,0,82,2,236,5,279,26
K23536,1,0,18,0,209,2,239,2
K23535,2,0,2,0,49,0,68,1
K23537,4,0,16,0,199,0,250,0
K11896,0,0,6,2,306,0,332,0
K11895,1,0,0,0,141,0,80,0
K11904,0,0,4,0,338,0,520,0
K02014,5,0,2,0,143,0,107,2
K01894,0,0,0,0,0,0,0,0
K17836,3,0,2,0,38,0,46,0
K11904,4,0,10,2,439,0,588,4
K02014,4,0,9,2,172,2,262,2
K03932,0,0,0,0,0,0,0,0
K01055,5,0,10,2,62,0,126,3
K03828,8,0,16,1,139,0,128,7
K09983,5,0,12,0,36,0,65,0
K01637,58,14,617,40,348,6,362,52
K14623,12,4,36,2,369,0,309,7
K07733,0,0,0,0,0,0,0,0
K01895,7,2,15,1,302,2,305,1
K01676,20,0,69,8,295,0,278,8
K01776,10,0,21,4,92,0,91,8
K03427,18,0,51,2,309,0,300,18
K01154,2,0,12,0,568,0,639,2
K01153,6,0,16,0,194,0,197,0
K00940,26,4,176,10,221,2,181,107
K06941,22,1,65,6,227,0,222,33
K02656,25,2,45,3,96,0,68,9
K15539,53,0,127,8,135,0,103,10
K03526,57,6,46,4,163,0,143,6
K01892,39,4,111,6,215,0,246,7
K17713,167,10,274,13,142,0,140,19
K03977,58,2,96,4,223,2,201,15
K03666,52,1,116,15,115,0,113,43
K03665,70,4,151,5,224,0,216,17
K04088,69,2,142,8,143,0,137,19
K04087,45,0,124,4,134,0,112,6
K02502,38,6,90,6,146,0,111,27
K01939,8,0,15,1,54,0,34,6
K24163,2,0,4,0,337,0,374,4
K21021,6,0,16,2,166,0,178,2
K00851,17,0,18,0,29,0,36,0
K00507,2,0,6,0,33,0,33,0
K01726,0,0,0,0,0,0,0,0
K07052,0,0,1,0,7,0,8,0
K05782,10,0,6,3,28,0,46,1
K00375,0,0,6,2,164,0,140,0
K03668,3,0,11,0,47,0,71,4
K15555,0,0,1,0,0,0,1,0
K19270,0,0,0,0,0,0,0,0
K15554,2,0,16,0,111,0,120,0
K10108,3,0,9,2,141,0,171,9
K10109,1,0,1,0,218,0,247,0
K10110,0,0,2,0,85,0,157,0
K01176,0,0,6,0,149,0,154,2
K19978,1,0,4,0,104,0,110,2
K01740,8,2,48,0,259,0,274,10
K13652,0,0,0,0,12,0,18,0
K07124,0,0,0,0,4,0,2,0
K06211,0,0,8,0,74,0,89,19
K16137,0,0,0,0,0,0,0,0
K01584,13,0,9,2,158,0,170,0
K00287,0,0,6,0,19,0,18,0
K05795,32,0,148,3,172,2,120,48
K05792,6,0,29,0,62,0,67,4
K02482,0,0,0,0,0,0,0,0
K02067,24,0,30,2,55,0,49,0
K02066,4,0,18,0,102,0,139,2
K08166,9,0,9,0,73,0,113,2
K02858,0,0,0,0,1,0,0,0
K07263,7,2,54,6,455,0,448,24
K03406,12,0,51,0,215,0,203,20
K17686,288,59,1079,71,472,12,437,289
K19591,10,6,48,6,61,0,47,6
K08994,16,0,61,12,37,1,42,24
K07213,0,0,0,0,0,0,0,0
K08998,0,0,5,0,178,0,188,0
K18988,4,2,23,0,240,2,268,4
K02014,14,0,12,2,259,0,244,2
K06895,0,0,0,0,0,0,0,0
K05596,0,0,10,0,187,0,250,0
K01470,13,0,38,5,70,1,107,12
K03406,9,3,30,6,390,0,380,12
K03406,0,0,0,0,2,1,4,0
K19113,0,0,0,0,0,0,0,0
K09779,0,0,0,0,2,0,5,0
K08738,0,0,0,0,0,0,0,0
K11939,7,0,9,3,60,0,68,3
K01083,8,0,16,0,106,0,111,7
K03770,22,0,68,15,178,0,177,18
K10804,0,0,0,0,0,0,0,0
K23997,28,2,134,15,86,6,83,39
K02003,0,0,0,0,0,0,0,0
K01469,12,0,62,0,195,0,194,8
K13979,12,0,30,2,223,2,297,0
K01467,5,0,8,4,183,0,203,0
K07005,41,2,31,6,147,0,135,4
K00375,30,0,20,0,167,0,149,4
K13598,6,4,57,11,344,2,378,34
K15726,1,0,8,0,221,0,253,2
K15727,0,0,2,0,212,0,208,0
K15725,2,0,0,0,212,0,253,1
K02030,1,0,19,0,7,0,6,1
K00121,0,0,0,0,69,0,107,0
K13633,1,0,1,0,6,0,5,0
K12287,12,2,30,0,734,0,801,6
K01061,0,0,0,0,0,0,0,0
K00433,6,0,25,0,128,0,168,2
K05592,14,0,92,14,469,0,461,14
K03776,8,0,64,4,344,0,334,14
K16904,0,0,0,0,0,0,0,0
K03829,0,0,0,0,0,0,0,0
K01652,4,0,9,0,120,0,126,5
K03719,2,0,7,2,254,0,248,2
K16091,0,0,0,0,370,0,382,0
K07689,0,0,0,0,0,0,0,0
K00262,10,0,34,1,164,2,172,1
K21014,2,2,11,1,159,0,175,2
K08303,7,0,12,0,291,0,348,3
K06445,8,0,28,0,206,0,213,5
K08151,0,0,0,0,0,0,0,0
K00428,0,0,0,0,0,0,0,0
K21023,65,2,105,4,468,2,448,7
K06997,11,0,22,2,169,2,216,6
K09912,8,0,20,0,103,0,90,8
K06222,0,0,3,0,245,2,204,0
K03981,34,0,80,4,224,0,212,16
K07302,6,0,37,0,106,0,87,7
K07303,63,2,138,8,364,0,423,2
K07141,14,0,21,6,91,0,56,0
K01609,1,0,4,2,20,0,12,0
K00766,9,0,44,3,123,0,87,0
K01657,17,3,78,5,213,2,295,16
K01658,0,0,0,0,0,0,0,0
K01091,75,19,252,28,234,0,264,132
K01783,15,0,51,6,155,0,166,16
K06195,24,3,64,8,156,0,155,13
K08304,15,2,31,0,182,3,231,8
K07090,0,0,0,0,0,0,0,0
K01692,8,0,55,0,142,0,165,16
K02961,0,0,0,0,0,0,0,0
K02878,0,0,0,0,0,0,0,0
K02982,29,0,100,10,99,0,78,17
K02904,0,0,0,0,0,0,0,0
K02890,7,0,19,1,41,0,14,10
K02886,8,0,104,4,151,2,125,6
K02965,0,0,0,0,0,0,0,0
K02892,0,0,6,0,5,0,0,0
K02926,30,2,56,5,63,0,36,8
K02906,32,0,97,7,147,0,99,30
K06143,84,9,241,31,408,0,383,112
K07641,0,0,5,0,278,2,451,6
K07663,0,0,15,0,110,0,128,0
K02946,1,0,4,0,45,0,41,0
K02355,12,0,13,2,84,0,56,12
K02992,25,0,91,5,282,0,305,31
K02950,65,4,155,16,217,0,124,58
K19353,2,0,3,3,114,0,85,0
K02003,0,0,3,0,144,0,129,0
K02004,0,0,10,0,176,0,215,0
K09939,0,0,45,4,173,0,247,15
K03734,51,2,116,4,113,2,115,4
K00432,0,0,0,0,0,0,0,0
K01420,0,0,3,1,46,1,41,1
K07689,1,0,5,3,184,0,212,6
K14287,16,4,38,2,99,0,101,2
K07063,2,0,15,6,79,0,65,0
K09861,0,0,0,0,29,0,33,0
K05807,0,1,2,2,4,0,2,0
K06180,18,0,103,0,133,1,121,33
K05810,10,0,28,2,31,0,41,2
K03821,49,2,182,14,345,1,303,33
K12573,49,2,257,34,365,2,353,58
K03218,28,4,49,8,99,0,91,8
K00640,14,0,40,2,84,0,94,8
K09915,12,0,42,3,33,0,36,20
K00876,1,0,26,2,88,0,82,7
K01939,40,0,105,4,188,4,165,16
K07101,8,0,8,0,91,0,85,2
K03790,7,0,17,0,51,0,67,0
K00799,0,0,0,0,0,0,0,0
K05799,0,0,1,2,50,0,41,0
K18900,22,1,50,6,180,0,205,27
K02024,16,2,36,12,188,4,335,150
K01187,8,2,36,4,199,2,230,100
K10111,1,0,6,2,150,2,164,9
K03181,0,0,0,0,0,0,0,0
K02558,5,0,14,3,68,0,81,2
K07000,0,0,0,0,0,0,0,0
K03786,23,0,34,2,116,0,59,11
K02160,8,0,28,2,105,0,109,13
K01961,18,0,50,0,227,0,234,11
K02687,48,2,104,3,144,0,148,2
K02221,0,0,0,0,10,0,9,0
K15974,3,0,2,0,95,0,65,0
K21695,0,0,1,0,25,0,37,0
K00059,1,1,16,0,99,0,152,2
K03673,7,1,38,2,28,1,50,0
K09749,16,1,47,6,115,0,108,8
K06158,1,0,26,0,81,1,114,17
K15034,0,0,0,0,0,0,0,0
K07320,4,0,6,0,55,0,62,5
K01439,1,0,13,6,130,0,189,2
K00537,0,0,0,0,0,0,0,0
K00140,22,0,70,4,348,0,376,2
K11538,13,0,27,0,184,0,205,3
K01692,19,2,54,0,112,0,107,2
K00020,4,0,13,2,30,0,53,0
K20862,11,0,86,4,159,0,174,11
K03705,4,0,29,6,65,0,96,10
K03711,3,3,9,2,15,0,13,2
K06186,13,0,33,0,210,0,279,7
K18702,0,0,0,0,0,0,1,0
K00215,0,0,0,0,0,0,0,0
K00252,26,4,79,4,155,0,221,14
K03566,0,0,6,0,96,0,67,0
K01869,38,0,133,4,461,2,408,17
K03643,14,0,25,0,117,0,143,0
K02340,17,2,64,8,126,2,148,9
K00147,39,0,47,3,196,0,147,6
K08973,4,0,3,0,87,0,142,0
K25137,7,0,39,0,242,0,220,4
K07552,0,0,2,0,309,0,375,2
K21023,7,0,41,0,417,0,467,1
K07126,26,0,60,0,204,0,210,4
K01991,7,0,36,2,300,0,301,2
K17947,5,0,41,4,296,0,322,4
K16568,28,0,23,0,247,0,128,10
K03271,5,0,17,0,115,0,86,2
K03272,8,0,15,2,162,0,140,3
K00067,0,0,0,0,63,0,66,0
K01790,0,0,5,0,20,0,32,0
K00973,4,0,9,1,30,0,44,0
K01710,0,0,6,0,99,0,84,0
K16566,7,0,64,12,355,0,425,18
K03439,5,0,25,2,119,0,141,11
K00261,1,0,2,0,32,0,20,0
K01784,0,0,0,0,0,0,0,0
K21645,2,0,11,0,114,0,119,0
K03654,3,0,22,0,194,0,249,0
K06153,0,0,2,0,88,0,74,0
K06940,0,0,0,0,0,0,0,0
K00573,9,0,57,4,169,0,171,24
K12340,8,0,41,0,129,0,160,2
K09936,1,0,5,0,9,0,13,0
K18297,2,0,8,5,94,0,103,2
K01759,0,0,0,0,0,0,0,0
K04063,34,0,69,6,188,2,127,36
K00858,26,5,71,22,301,2,354,45
K03631,18,0,41,4,358,0,335,15
K01772,0,0,21,4,208,2,186,8
K03687,66,0,416,7,280,0,240,107
K04043,816,28,3279,153,1406,10,906,351
K03686,49,0,156,3,232,0,136,12
K01673,6,0,9,1,37,0,40,0
K03119,0,0,2,0,161,0,227,0
K15555,0,1,0,0,64,0,63,0
K05596,0,0,0,0,1,0,1,0
K15554,0,0,0,0,0,0,0,0
K05366,68,2,143,2,325,0,371,6
K03088,8,0,59,0,72,2,104,6
K08166,1,0,0,0,0,0,2,0
K02483,0,0,0,0,0,0,2,0
K17315,10,0,10,0,88,0,137,2
K10117,0,0,0,0,265,0,256,0
K02014,2,0,2,0,133,0,139,0
K18900,0,0,6,3,112,0,97,0
K00344,0,0,0,0,10,0,21,0
K17837,0,0,0,0,0,0,0,0
K07262,15,3,36,3,104,0,77,7
K11068,0,0,0,0,0,0,0,0
K01066,3,0,1,0,28,0,29,0
K03406,1,0,1,0,2,0,2,0
K08978,2,0,25,0,89,0,105,1
K25495,2,0,8,0,135,2,202,6
K01495,0,0,0,0,0,0,0,0
K03426,17,0,146,14,153,6,143,58
K10126,0,0,0,0,0,0,0,0
K10125,4,2,10,0,133,0,263,2
K11177,7,0,35,4,191,0,205,6
K09807,11,0,58,6,151,0,185,4
K23514,3,0,10,0,51,0,29,2
K07165,28,2,76,1,92,2,112,2
K16088,4,0,13,0,254,0,277,10
K20922,30,1,109,3,79,0,96,7
K19707,10,0,23,0,89,0,127,4
K02419,1,0,12,0,148,0,191,7
K02420,0,0,0,0,0,0,0,0
K02418,4,0,8,0,131,0,178,0
K02416,16,0,50,5,114,0,84,8
K02417,0,0,0,0,0,0,0,0
K02414,15,2,42,4,159,0,126,14
K02415,0,0,0,0,0,0,0,0
K02413,6,0,19,0,53,0,33,0
K11749,7,0,64,6,159,0,146,10
K07277,58,4,258,17,359,0,303,55
K06142,47,2,66,0,53,0,71,6
K02536,43,4,48,2,121,0,120,4
K02372,6,0,24,3,59,0,46,2
K00677,9,0,40,1,81,0,82,0
K00748,9,0,30,2,144,0,130,2
K03470,11,0,12,0,43,0,63,2
K03437,11,0,13,0,63,0,49,1
K09773,1,0,7,0,9,0,11,1
K01007,176,8,678,30,492,6,428,121
K04047,32,8,113,16,93,2,72,45
K03746,17,1,117,17,54,0,38,34
K03664,2,0,15,3,71,0,51,6
K18588,13,0,35,3,88,0,99,11
K09801,6,1,21,0,32,0,42,2
K00088,51,2,187,4,270,4,252,59
K01951,14,2,62,0,99,0,80,4
K18304,0,0,0,0,20,0,15,0
K06907,0,0,2,0,160,0,235,1
K06905,0,0,0,0,115,0,122,0
K06903,0,0,0,0,38,0,49,0
K11904,3,0,6,0,80,0,82,0
K11892,12,0,21,0,7,0,4,0
K11893,4,0,13,0,102,0,92,2
K11901,10,0,24,0,76,0,102,1
K11900,21,0,49,0,168,0,141,0
K11903,34,0,80,0,91,0,53,3
K11897,5,0,11,0,50,0,32,1
K11896,0,0,15,0,156,0,136,2
K11895,10,0,12,0,93,0,91,0
K11907,16,0,42,0,311,0,283,0
K11904,10,0,25,2,258,0,268,6
K11904,22,0,56,4,195,2,228,1
K11891,5,0,9,0,97,0,84,0
K11902,0,0,0,0,0,0,0,0
K03286,0,0,0,0,0,0,0,0
K11890,0,0,0,0,0,0,0,0
K17733,17,0,38,2,64,0,66,0
K11904,53,0,78,0,76,0,75,0
K07246,14,0,26,0,28,0,18,4
K16135,0,0,0,0,0,0,0,0
K03406,23,0,47,3,78,0,53,6
K00954,3,1,12,0,91,0,93,2
K03924,8,0,59,4,212,3,279,7
K02482,10,0,40,0,165,0,153,0
K08217,15,2,20,0,62,0,78,3
K02421,0,0,0,0,0,0,0,0
K03790,4,1,9,0,25,0,24,0
K07052,8,0,10,6,125,0,123,4
K00101,0,0,2,0,49,0,27,0
K02488,22,0,99,2,85,0,86,16
K03885,14,2,44,4,65,0,74,5
K03406,29,0,58,0,126,0,118,2
K22348,12,0,40,0,186,0,204,2
K15725,12,0,74,4,213,0,300,3
K19784,1,0,0,0,11,0,3,0
K01775,7,1,68,2,68,3,63,16
K00285,72,6,291,28,164,2,135,44
K03406,37,0,271,23,138,4,170,101
K03719,0,0,0,0,0,0,0,0
K13633,0,0,0,0,0,0,0,0
K00864,3,1,12,0,55,1,66,13
K17321,20,0,47,2,164,2,165,7
K17323,3,0,9,0,35,0,44,0
K17322,4,0,4,0,70,0,97,1
K17325,4,0,20,2,193,0,172,3
K17324,21,0,22,2,68,0,95,0
K00111,22,0,28,1,128,0,180,4
K02444,9,0,4,0,73,0,73,3
K17989,0,0,0,0,0,0,0,0
K00372,27,2,76,4,192,0,163,14
K00362,0,0,0,0,33,0,53,0
K00362,0,0,6,0,115,0,109,0
K00363,0,0,0,0,0,0,0,0
K02575,0,0,0,0,172,0,189,2
K18900,0,0,0,0,0,0,0,0
K09022,3,0,8,0,48,0,65,0
K01322,12,1,18,2,217,0,182,2
K00799,2,0,19,0,9,0,19,0
K05834,0,0,0,0,0,0,0,0
K20974,4,0,0,0,86,0,114,2
K06952,2,0,36,2,154,0,139,13
K07240,1,1,3,0,98,0,122,5
K11963,0,0,0,0,0,0,0,0
K07240,0,0,0,0,0,0,0,0
K11962,0,0,2,0,44,0,50,0
K11961,1,0,0,0,29,0,20,0
K11960,0,0,0,0,174,0,223,0
K11959,0,0,1,0,193,0,191,0
K00525,24,3,120,14,355,5,381,38
K00526,0,0,0,0,0,0,0,0
K03806,23,4,62,14,35,1,38,38
K05685,10,1,58,8,199,0,215,21
K13888,32,0,80,0,138,0,105,2
K16088,36,4,62,4,238,0,282,6
K07165,14,0,53,0,225,0,201,19
K23514,70,0,189,7,65,6,85,13
K03106,29,10,98,8,157,0,146,45
K01881,5,0,9,1,183,0,174,5
K00116,4,0,54,6,194,2,183,12
K08311,0,0,0,0,0,0,0,0
K04561,2,0,3,0,284,0,348,0
K07322,0,0,0,0,41,0,44,0
K00368,0,0,4,0,145,0,127,0
K12266,27,0,60,0,249,0,257,2
K22479,1,2,17,0,74,0,61,3
K09989,5,2,34,2,286,0,279,4
K06048,4,0,17,2,331,0,355,8
K23514,12,2,32,0,176,0,129,8
K16088,1,0,6,2,265,0,215,1
K07010,41,0,138,2,125,3,160,6
K01714,0,0,0,0,37,0,61,0
K07646,4,0,8,0,139,0,163,0
K07667,0,0,0,0,0,0,0,0
K01547,14,0,30,6,179,0,197,2
K01548,0,0,0,0,0,0,0,0
K01546,1,0,10,0,304,0,330,0
K01545,0,0,0,0,29,0,32,0
K04045,6,0,15,2,262,0,256,0
K02621,6,0,23,2,110,0,94,1
K00925,7,0,86,0,126,2,98,3
K00625,7,0,22,0,35,0,55,0
K13926,21,0,86,2,293,0,335,3
K01992,0,0,0,0,0,0,0,0
K01993,35,0,62,0,105,0,67,1
K18139,140,2,185,2,158,0,118,8
K00208,97,0,151,4,111,0,125,4
K16138,0,0,0,0,113,0,110,0
K07148,0,0,0,0,2,0,3,0
K13282,0,0,0,0,0,0,0,0
K07222,4,0,9,0,180,0,202,0
K03088,0,0,3,0,58,0,79,2
K07165,22,2,30,0,65,0,59,4
K16087,6,0,18,0,376,0,403,2
K07215,6,0,45,0,37,0,42,9
K09790,38,3,30,0,90,0,114,2
K02071,10,0,31,6,139,2,124,8
K02072,4,0,18,2,68,2,82,4
K02073,0,0,2,0,31,0,26,0
K07275,0,0,0,0,0,0,0,0
K18900,186,1,629,1,347,0,153,24
K03711,7,2,23,0,136,0,125,2
K00355,5,2,4,0,88,0,66,0
K03833,6,4,23,0,154,2,154,7
K01042,29,3,93,2,120,2,137,4
K02380,22,0,50,4,125,0,102,6
K00127,0,0,0,0,0,0,0,0
K00124,0,0,0,0,0,0,0,0
K16090,54,14,127,3,313,2,223,18
K03406,2,0,4,0,59,0,47,0
K03321,10,2,48,3,104,0,88,9
K03703,3,0,16,0,255,0,239,15
K08744,0,0,0,0,0,0,0,0
K00997,0,0,0,0,4,0,2,0
K03474,0,0,8,2,39,0,54,0
K03584,7,0,5,0,72,0,109,2
K03595,6,0,24,0,106,0,127,1
K03685,3,0,33,0,114,0,114,6
K03100,0,0,0,0,0,0,0,0
K03596,6,0,48,13,169,2,166,17
K04771,16,0,87,6,200,0,170,22
K03597,4,0,10,0,21,0,21,1
K03088,25,3,77,1,94,0,114,15
K09458,4,0,6,0,85,0,67,0
K00059,26,2,52,1,79,0,57,23
K02078,0,0,0,0,0,0,0,0
K00645,5,0,32,0,82,0,80,5
K00648,17,2,45,1,65,0,69,2
K03621,7,5,47,1,93,0,104,14
K02911,0,0,3,1,39,0,34,5
K07040,18,0,51,7,183,0,167,29
K25422,2,0,9,1,70,0,49,4
K07115,0,0,0,0,0,0,0,0
K07056,0,0,0,0,0,0,0,0
K07303,8,0,57,6,110,0,110,12
K21023,21,2,47,2,242,0,265,10
K09983,2,1,5,0,57,1,67,9
K09941,1,0,1,2,24,0,29,0
K06938,0,0,0,0,0,0,0,0
K08307,6,0,71,2,226,2,217,41
K00208,1,0,0,0,81,0,54,0
K07733,12,4,52,12,155,0,219,63
K11927,9,9,62,23,183,4,167,117
K10806,0,0,0,0,8,0,11,0
K02356,8,0,46,0,186,0,123,15
K06188,0,0,0,0,0,0,0,0
K08223,2,0,6,0,230,0,271,0
K01883,0,0,2,4,141,0,133,2
K05591,0,0,0,0,0,0,0,0
K01114,5,2,22,0,77,0,116,3
K16088,3,0,17,0,289,0,301,5
K07165,2,0,4,2,134,0,161,0
K23514,2,0,15,5,47,0,65,2
K03546,9,0,22,0,157,0,136,4
K21084,24,0,35,0,165,0,159,12
K03547,0,0,0,0,0,0,0,0
K16089,0,0,10,0,172,0,200,0
K07666,0,0,0,0,0,0,0,0
K07645,0,0,0,0,0,0,0,0
K09927,9,0,30,3,184,0,223,6
K09181,47,2,82,0,247,0,266,12
K03635,5,0,19,0,80,2,85,2
K03695,207,14,1317,33,543,2,456,96
K00937,44,2,161,9,77,0,89,36
K11073,0,0,0,0,0,0,0,0
K08296,0,0,0,0,0,0,0,0
K02040,8,0,20,0,262,0,189,7
K02037,0,0,4,2,209,0,221,0
K02038,2,0,3,0,103,0,75,0
K02036,0,0,0,0,112,0,113,0
K02039,0,0,16,0,90,0,84,2
K07657,4,0,10,7,67,0,93,7
K07636,24,0,32,2,109,0,135,14
K18912,18,3,51,0,156,0,115,14
K10844,0,0,0,0,0,0,0,0
K08082,0,0,0,0,0,0,0,0
K02477,0,0,0,0,0,0,3,0
K15363,2,0,8,2,214,0,205,6
K09012,0,0,0,0,0,0,0,0
K19267,2,0,26,2,134,0,176,14
K07516,61,3,133,5,262,0,280,13
K00626,0,0,0,0,0,0,0,0
K20035,180,6,489,15,532,11,333,58
K06131,77,0,182,14,149,0,135,29
K04762,0,0,0,0,0,0,0,0
K01876,13,0,44,8,202,0,221,8
K08310,0,0,0,0,0,0,0,0
K03688,6,6,18,2,163,0,173,4
K21552,0,0,0,0,0,0,0,0
K03690,0,0,3,6,55,0,67,0
K03183,0,0,0,0,0,0,0,0
K03088,0,0,0,0,0,0,0,0
K01754,4,0,51,2,285,0,303,4
K06879,8,0,29,3,177,0,134,10
K02806,10,2,64,27,143,0,137,56
K06023,7,0,46,2,193,0,229,13
K06958,0,0,0,0,0,0,0,0
K03092,57,14,351,27,367,2,351,56
K05808,0,0,0,0,0,0,0,0
K06861,12,0,23,4,120,0,94,12
K09774,7,0,37,4,123,0,155,10
K11719,10,0,79,8,123,0,136,37
K03270,2,0,3,0,25,0,17,3
K06041,41,4,127,17,108,1,78,28
K03455,4,0,20,2,179,1,228,9
K07140,5,0,16,0,110,0,99,3
K01424,5,0,16,0,259,0,213,11
K02014,17,2,129,10,320,0,427,20
K07274,0,0,0,0,0,0,0,0
K25282,2,0,14,2,242,2,246,0
K25285,1,0,0,0,113,0,69,0
K25283,2,0,4,0,109,0,128,1
K25284,0,0,0,0,1,0,4,0
K14699,15,0,17,0,112,0,176,7
K14698,8,0,47,0,226,1,208,11
K07165,4,0,29,0,272,0,274,1
K23514,0,0,0,0,0,0,0,0
K06942,2,0,5,0,208,0,246,0
K07727,0,0,0,0,0,0,0,0
K01056,0,0,0,0,0,0,0,0
K02897,5,0,11,0,28,0,26,0
K00948,14,2,110,2,241,0,198,18
K00919,29,2,114,3,194,1,127,55
K02494,0,0,0,0,0,0,0,0
K10563,12,0,30,6,139,0,190,7
K03575,0,0,0,0,56,0,69,0
K08357,0,0,0,0,0,0,0,0
K13040,0,0,0,0,0,0,0,0
K14987,0,0,0,0,3,0,0,0
K08359,74,0,141,0,226,0,218,4
K08358,45,0,50,0,120,0,143,4
K01129,10,0,17,0,29,0,45,3
K13829,7,0,13,0,84,0,107,0
K06903,0,0,0,0,0,0,0,0
K14744,1,0,3,0,34,0,35,0
K03297,1,0,5,3,115,0,96,31
K19267,4,1,34,0,152,0,181,14
K19055,0,0,0,0,0,0,0,0
K22041,1,0,3,0,24,0,34,0
K00784,1,0,4,0,35,0,49,1
K07126,0,0,0,0,0,0,0,0
K02379,1,0,15,0,95,0,104,1
K08994,0,0,8,0,68,0,85,0
K00426,0,0,0,0,60,0,37,0
K00425,0,0,0,0,1,0,0,0
K03639,0,0,0,0,0,0,0,0
K07223,6,0,30,2,174,0,157,8
K11085,4,0,16,2,187,0,239,4
K03717,4,0,29,0,65,1,107,11
K05794,0,0,10,2,196,0,237,2
K09771,0,0,0,0,3,0,0,0
K11529,1,0,2,0,39,0,33,0
K09760,0,0,0,0,0,0,0,0
K19302,8,0,22,1,229,0,185,6
K07029,5,0,9,1,58,0,77,5
K06131,0,0,0,0,0,0,0,0
K03651,0,0,0,0,0,0,0,0
K07263,9,2,48,2,338,2,377,9
K03286,3,1,3,0,9,0,10,0
K06077,4,0,12,0,38,0,49,0
K07290,29,1,161,12,231,2,203,5
K04062,0,0,0,0,0,0,0,0
K03286,5,0,36,2,112,0,80,1
K03594,12,1,84,3,134,0,94,18
K05594,19,0,218,4,75,0,54,72
K07001,18,0,76,12,86,0,101,20
K06077,2,0,20,0,49,0,32,1
K04065,8,0,45,6,64,0,77,12
K07058,0,0,0,0,0,0,0,0
K03286,1,0,13,2,159,0,155,1
K06894,66,1,187,10,743,0,754,6
K05367,2,0,5,0,43,0,51,0
K10126,1,0,8,0,50,0,68,1
K10125,32,0,83,6,141,0,238,24
K02049,0,0,2,0,85,0,91,0
K15554,2,0,5,0,96,0,139,4
K09933,0,0,0,0,0,0,0,0
K17382,2,0,7,0,263,0,262,2
K02030,0,0,2,1,146,0,131,0
K02029,0,0,1,2,77,0,89,0
K02028,0,0,3,0,87,0,135,6
K00023,5,1,16,0,65,0,75,0
K06204,1,0,12,1,13,0,14,7
K04750,11,3,90,4,68,2,66,44
K22131,0,0,1,0,29,0,23,0
K11927,12,3,29,6,146,0,153,11
K02651,28,1,34,0,74,0,75,0
K02278,12,0,11,0,48,0,57,0
K02279,26,0,21,0,64,0,47,0
K02280,10,0,14,0,164,0,246,0
K02282,4,0,2,0,121,0,131,1
K02283,10,0,6,2,159,0,194,3
K12510,4,0,0,1,85,0,121,0
K12511,25,2,16,1,16,1,15,5
K01092,1,0,0,0,12,0,6,2
K02533,4,0,18,6,105,0,180,5
K01046,7,0,5,2,105,2,107,9
K21023,82,4,251,28,504,2,551,68
K22522,16,2,53,0,71,2,85,11
K07043,1,0,1,0,6,0,5,0
K06884,1,0,6,0,60,0,57,1
K01433,5,0,2,0,101,0,150,5
K21488,0,0,1,0,2,0,1,0
K09940,0,0,0,0,0,0,0,0
K03607,13,0,13,0,101,0,116,2
K03086,27,0,57,2,161,2,219,18
K07675,0,0,1,0,35,0,30,1
K01595,14,2,100,2,275,2,270,24
K01749,47,0,126,10,294,0,282,39
K01719,25,0,30,5,85,0,91,0
K02496,0,0,0,0,0,0,0,0
K00117,0,0,0,0,7,0,7,0
K02498,0,0,0,0,0,0,0,0
K09919,0,0,2,1,235,0,225,0
K01507,0,0,0,0,0,0,0,0
K01950,27,4,108,14,209,0,221,34
K04752,0,0,0,0,0,0,0,0
K00384,20,0,54,0,99,2,91,13
K03466,50,2,110,2,432,0,439,20
K03634,16,0,50,7,91,0,106,5
K07478,1,0,5,0,74,0,72,0
K01875,28,0,57,14,229,0,228,24
K00817,0,0,4,0,69,0,82,2
K00042,22,4,58,2,162,4,138,10
K00285,0,0,5,1,178,0,196,11
K03149,0,0,10,4,87,0,101,8
K03852,0,22,11,38,325,4,390,219
K00625,0,0,0,1,32,0,62,5
K14415,0,0,0,0,0,0,0,0
K07090,0,0,0,2,0,0,2,0
K09883,0,0,1,0,29,0,23,0
K09882,8,2,16,2,121,0,138,4
K03852,5,32,16,62,337,14,396,324
K09700,28,0,67,1,66,0,94,11
K08325,3,2,60,2,260,0,270,36
K02014,6,2,28,1,319,0,347,14
K06211,0,0,0,0,0,0,0,0
K03811,22,0,27,0,64,0,58,4
K13924,31,0,59,2,200,0,241,7
K07789,26,1,89,5,162,0,173,3
K18903,0,0,0,0,0,0,0,0
K07788,4,1,18,0,419,0,523,3
K07799,0,0,9,0,157,2,186,2
K04773,18,0,34,0,148,2,168,3
K22441,0,0,0,0,0,0,0,0
K07112,1,0,7,0,242,0,275,2
K19577,7,0,17,2,133,0,178,0
K09954,0,0,0,0,0,0,0,0
K19272,6,0,2,0,99,0,106,3
K03719,6,0,2,0,85,0,70,0
K11939,0,0,0,0,0,0,0,0
K21023,0,0,3,0,117,0,75,0
K06911,6,0,9,4,204,0,178,8
K15977,2,0,2,0,68,0,115,0
K07093,6,0,4,0,253,0,329,0
K01497,28,4,123,2,79,0,68,12
K22041,0,1,3,0,92,0,102,3
K21430,0,0,0,0,0,0,0,0
K01770,9,0,10,0,56,0,66,2
K00991,1,0,2,0,51,0,68,2
K01515,0,1,0,2,16,0,13,1
K00343,6,1,51,1,66,1,75,29
K00342,17,0,59,0,121,0,70,2
K00341,5,0,29,2,255,0,322,2
K00339,0,0,3,0,45,0,23,3
K00340,0,0,0,0,0,0,0,0
K00336,46,1,65,2,209,0,222,6
K00337,0,0,0,0,0,0,0,0
K00338,0,0,0,0,0,0,0,0
K00335,40,0,70,4,218,0,212,7
K00333,24,1,77,4,131,0,119,31
K00334,0,0,0,0,0,0,0,0
K00332,9,0,56,2,72,0,122,8
K00331,7,0,63,1,61,1,86,9
K00330,30,2,86,11,133,1,174,16
K03075,0,0,2,1,79,0,48,2
K01803,79,4,47,5,34,1,19,11
K00344,120,2,139,10,137,0,160,18
K07126,20,1,33,0,40,0,44,9
K03406,0,1,4,0,157,0,187,8
K01118,0,0,0,0,4,0,7,0
K05366,9,1,32,1,83,1,89,18
K17838,6,0,15,1,74,0,62,3
K09007,10,1,52,0,72,0,87,4
K03919,5,0,12,0,106,0,112,2
K01779,12,1,32,5,20,2,22,6
K07107,2,0,3,2,39,0,41,0
K11734,0,0,0,0,0,0,0,0
K02014,6,0,26,1,314,0,342,0
K20086,0,0,6,0,167,0,152,0
K20087,6,0,22,2,266,0,258,17
K20090,0,0,13,0,162,0,173,2
K20089,0,0,2,0,114,0,82,0
K20088,2,0,2,0,61,0,65,0
K14063,2,2,16,4,109,0,128,2
K16839,0,0,0,0,70,0,96,0
K18900,1,0,1,0,20,0,26,0
K01182,7,0,28,6,190,0,247,0
K07448,21,4,46,14,281,0,257,9
K19147,6,0,3,4,256,0,305,2
K02342,23,2,71,8,125,0,116,15
K03469,1,0,6,1,6,0,8,0
K01638,6,1,42,2,69,0,101,10
K01069,0,0,0,0,0,0,0,0
K16135,8,0,25,6,121,0,146,9
K03704,62,2,63,24,31,1,30,42
K00761,0,0,0,0,0,0,0,0
K09456,11,0,30,0,119,1,85,8
K00768,4,0,10,2,95,0,124,0
K02233,0,0,0,0,123,0,97,0
K02226,0,0,2,0,52,2,61,0
K16092,5,0,35,0,440,0,430,22
K02013,10,0,6,0,116,0,109,4
K19221,0,0,9,0,112,0,140,5
K02231,7,0,11,0,57,0,80,1
K02227,5,0,7,0,77,0,100,0
K02225,7,0,15,0,159,0,172,0
K02016,3,0,9,0,153,0,167,2
K02232,0,0,2,0,44,0,41,0
K02653,11,1,33,0,179,2,139,10
K16568,6,0,13,0,460,0,403,6
K02654,0,0,12,0,219,0,265,1
K00859,4,2,17,0,127,0,111,0
K18778,8,0,25,0,132,0,122,20
K09862,0,0,0,0,0,0,0,0
K21495,0,0,4,0,7,0,15,0
K06923,0,0,0,0,0,0,0,0
K03574,0,0,0,0,0,0,0,0
K00620,22,0,42,3,128,0,106,2
K03070,14,0,59,1,231,0,235,8
K02535,2,0,15,0,70,0,47,5
K15270,21,4,49,1,177,2,151,11
K24138,0,0,0,0,0,0,0,0
K03531,17,0,108,3,173,0,145,24
K03590,85,0,153,13,358,0,217,16
K03589,36,2,45,0,147,0,155,2
K01921,1,0,15,0,111,0,96,3
K01924,19,0,32,4,102,2,174,1
K02563,22,0,37,0,142,0,144,0
K03588,12,0,39,0,88,0,81,0
K01925,7,0,29,2,308,0,310,0
K01000,21,0,43,0,120,1,129,0
K01929,4,0,20,0,157,0,201,2
K01928,13,2,47,3,144,0,132,4
K03587,33,0,58,2,185,0,220,5
K03438,16,2,25,1,81,0,161,2
K03586,0,0,0,0,0,0,0,0
K03925,4,1,22,0,57,0,62,8
K01652,26,6,82,4,161,0,158,20
K00574,0,1,8,0,87,0,72,0
K09701,0,0,1,0,25,0,29,1
K06954,1,0,13,1,116,0,113,2
K22491,2,0,46,6,265,0,238,18
K03110,6,0,30,0,169,2,206,6
K09812,6,0,33,1,105,0,95,6
K09811,5,2,46,0,122,0,215,11
K03089,151,15,724,52,235,4,207,185
K01990,2,0,5,2,136,0,172,2
K05499,2,2,12,0,152,0,156,6
K19736,0,0,0,0,0,0,0,0
K04090,24,5,137,9,458,2,592,91
K13985,0,0,0,0,0,0,0,0
K19338,4,0,51,4,305,0,346,4
K25135,16,3,50,2,66,0,50,22
K02651,28,2,2,0,161,0,126,0
K02278,0,0,0,0,132,0,156,0
K02279,3,0,10,0,107,0,128,0
K02280,2,0,2,0,206,0,215,4
K02282,2,0,2,0,149,0,196,2
K02283,0,0,2,0,275,0,328,0
K12510,2,0,11,0,258,0,252,0
K12511,2,0,0,2,220,0,208,0
K09165,1,0,13,0,7,1,8,0
K03600,2,0,0,0,174,0,221,2
K03599,2,3,7,0,89,0,123,4
K00413,0,0,0,0,2,0,3,0
K00412,65,3,115,17,152,0,135,20
K00411,10,0,51,0,232,0,240,6
K03282,15,0,54,5,292,1,250,12
K04772,32,0,63,4,206,6,216,7
K00057,1,0,2,0,0,0,3,0
K03071,30,0,89,0,95,0,108,9
K03676,6,1,40,2,64,1,48,9
K03972,9,0,40,2,95,0,103,2
K01834,23,2,138,2,308,4,317,92
K22719,23,0,39,0,239,0,245,20
K03797,25,0,153,17,393,0,412,37
K21029,14,0,20,2,207,2,178,3
K02456,13,2,57,2,140,0,165,12
K02457,10,0,23,0,101,0,83,5
K02458,1,0,6,0,54,0,59,0
K02459,6,0,8,0,62,0,50,1
K02460,14,0,22,1,157,0,214,7
K02461,56,0,74,7,136,0,161,12
K02462,22,0,37,0,85,0,72,0
K02463,11,0,32,2,115,0,166,1
K02453,34,2,55,1,448,0,419,2
K02454,29,2,60,5,205,0,229,6
K02455,22,0,50,6,151,0,159,6
K02452,13,2,36,0,79,0,89,0
K07001,14,0,30,0,165,0,183,0
K03667,7,0,62,1,104,2,90,15
K13587,2,2,34,6,93,0,69,11
K13587,0,0,1,0,0,0,1,0
K13993,0,0,0,0,0,0,0,0
K02297,20,0,77,8,211,0,196,11
K02298,17,0,91,12,389,4,386,27
K02299,2,0,28,0,63,0,44,5
K02300,7,0,25,4,29,0,29,3
K14998,12,0,9,2,41,0,27,2
K15011,0,0,6,0,67,0,57,2
K15012,0,0,0,0,0,0,0,0
K02042,0,0,6,0,42,0,52,0
K02042,0,0,0,0,53,0,80,0
K02041,0,0,0,0,60,0,78,2
K02044,0,0,4,0,48,0,49,0
K01008,5,0,33,2,74,0,77,0
K06917,6,2,32,0,101,2,99,3
K18476,0,0,0,0,0,0,0,0
K06518,1,0,2,1,43,0,51,0
K22757,2,0,36,0,90,0,92,4
K09930,4,1,14,0,26,0,41,2
K01992,6,0,20,0,365,0,281,14
K03319,4,0,31,2,104,0,76,4
K00344,0,0,0,0,0,0,0,0
K02477,0,0,0,0,0,0,0,0
K16137,2,0,2,3,24,2,31,30
K18900,4,11,22,21,61,6,57,131
K07243,2,0,5,0,32,0,55,0
K09936,0,0,0,0,0,0,0,0
K13953,180,14,279,6,113,4,119,28
K07814,17,6,41,6,147,2,177,9
K21023,8,0,18,0,42,0,69,8
K03976,0,0,0,0,0,0,0,0
K03585,0,0,4,0,160,0,167,0
K03296,6,0,11,0,498,0,532,0
K07507,0,0,0,0,0,0,0,0
K02483,8,3,25,4,93,0,112,0
K15727,0,0,4,0,114,0,110,0
K15726,2,0,2,4,438,0,477,0
K15725,1,0,2,0,50,0,86,0
K04763,18,0,25,0,135,0,116,7
K11690,37,4,46,4,288,2,235,8
K11689,4,0,8,0,36,0,34,0
K11688,6,0,38,1,140,0,159,4
K11711,19,2,39,0,307,0,327,24
K07229,1,0,9,0,48,0,34,0
K11712,0,0,0,0,0,0,0,0
K10947,4,0,5,0,57,0,76,1
K18979,0,0,6,1,70,0,77,0
K06925,4,2,38,0,111,2,152,6
K01448,13,1,78,5,230,2,263,9
K01674,3,2,19,4,35,0,21,2
K01792,0,0,0,0,0,0,0,0
K03975,34,0,66,6,155,0,175,9
K03572,30,6,139,8,246,2,340,22
K00791,10,0,10,2,170,0,161,0
K23514,7,0,10,2,77,0,55,4
K07165,9,0,37,2,88,0,98,0
K16088,10,0,26,0,483,0,625,0
K16165,0,0,0,0,11,0,13,0
K03761,12,0,18,2,121,0,135,9
K00632,4,0,25,0,245,0,249,0
K01032,0,0,12,0,78,0,71,0
K01031,2,0,19,1,116,0,88,0
K02624,0,0,0,0,0,0,0,0
K07112,8,2,21,1,41,0,42,5
K07112,13,3,30,4,45,0,46,5
K22042,14,0,36,5,86,2,96,9
K06168,16,2,91,8,223,2,225,29
K06217,8,0,29,0,107,2,150,2
K07042,2,0,0,1,84,0,57,0
K06189,6,0,13,0,179,0,160,4
K03820,12,2,96,2,197,2,165,3
K01878,14,0,57,2,232,0,277,22
K01879,19,0,74,7,272,0,234,15
K03273,2,1,19,0,93,0,73,0
K00655,6,0,26,1,166,0,162,3
K02527,0,0,1,0,15,0,16,0
K02623,2,0,7,0,45,0,32,0
K15921,11,0,69,4,169,0,165,12
K23509,0,0,0,0,283,0,339,0
K23509,0,0,0,0,80,0,82,0
K10820,2,0,6,0,253,0,251,0
K09955,4,1,3,0,352,0,387,3
K23508,0,0,0,0,0,0,0,0
K06113,1,0,0,0,80,0,80,0
K01209,1,0,12,2,254,4,358,0
K22185,0,0,0,0,16,0,10,0
K13877,4,0,10,0,224,0,256,3
K13875,0,0,12,2,173,0,257,1
K01785,0,0,3,0,361,0,401,2
K03292,0,0,0,0,0,0,0,0
K02014,0,0,4,0,435,0,531,1
K07386,7,0,25,4,634,0,631,21
K07386,21,0,92,8,533,2,428,19
K03797,32,4,186,6,397,0,383,50
K16872,20,0,51,0,166,0,219,5
K00219,1,0,4,0,90,0,89,1
K03455,0,0,0,0,0,0,0,0
K01259,7,0,33,0,181,0,245,3
K03719,7,0,32,0,25,2,36,15
K00023,2,0,11,2,92,0,91,2
K00626,64,2,239,6,273,0,281,50
K03576,15,0,68,5,155,1,107,19
K00549,4,0,48,2,508,0,534,2
K03610,12,0,50,4,220,0,160,22
K03609,17,1,70,4,130,0,177,19
K03608,0,0,0,0,0,0,0,0
K02492,61,10,239,30,252,2,264,82
K02835,7,0,38,0,277,0,265,13
K03611,4,0,20,0,115,0,111,2
K02493,5,0,12,0,176,0,223,0
K01919,22,2,157,22,464,0,405,58
K02477,0,0,0,0,0,0,0,0
K04063,0,0,38,0,139,0,177,10
K02348,1,0,0,0,51,0,51,0
K03549,30,2,102,8,197,4,228,36
K06927,0,0,0,0,0,0,0,0
K11178,0,0,0,0,0,0,0,0
K13483,0,0,0,0,0,0,0,0
K07165,0,0,0,0,96,0,83,1
K03088,1,0,0,0,23,0,15,5
K10536,0,0,0,0,0,0,0,0
K00459,0,0,0,0,0,0,0,0
K10536,11,4,22,0,136,0,112,6
K03566,4,0,6,0,31,0,20,1
K00606,0,0,1,0,0,0,1,0
K00799,0,0,0,0,0,0,0,0
K01607,1,1,12,0,53,0,41,1
K18101,0,0,1,0,2,0,0,0
K17290,0,0,21,1,37,0,27,4
K10680,1,0,4,2,69,0,70,0
K03893,4,0,14,4,35,0,46,5
K16137,0,0,0,0,0,0,0,0
K18138,26,0,35,6,130,0,135,10
K18139,0,0,0,0,0,0,0,0
K11903,0,0,0,0,0,0,0,0
K18145,0,0,0,0,153,0,163,0
K18144,6,2,42,6,126,0,115,18
K18143,0,0,0,0,6,0,19,0
K03566,0,0,1,0,0,0,2,0
K05275,0,0,4,0,111,0,113,0
K07127,0,0,0,0,71,0,66,0
K16842,4,0,32,0,181,0,178,6
K13481,16,2,68,6,202,0,178,10
K13482,11,0,69,2,428,1,465,1
K07402,6,0,28,0,97,0,137,4
K01487,12,0,26,1,169,0,214,9
K02014,15,0,60,4,583,0,556,8
K01081,11,0,30,0,177,0,199,4
K05986,0,0,0,0,29,0,33,0
K12945,0,0,0,0,5,0,6,0
K23536,0,0,0,0,0,0,0,0
K23535,3,0,15,0,72,0,99,0
K23537,7,0,14,0,247,0,359,2
K07335,5,2,27,0,187,0,133,3
K21757,17,0,70,14,269,0,196,16
K16329,1,0,13,0,152,0,160,3
K16328,5,0,4,2,137,2,155,4
K03783,10,0,110,0,219,0,263,19
K01839,10,2,48,0,220,0,207,8
K01619,19,0,45,2,168,0,156,0
K00128,104,0,289,4,351,4,324,4
K00758,83,0,104,0,235,0,240,2
K01489,11,0,21,0,55,0,75,0
K01273,0,0,0,0,0,0,0,0
K04750,0,0,9,0,104,0,86,6
K09017,0,0,0,0,0,0,0,0
K00822,56,2,102,6,322,0,327,10
K00140,21,0,71,2,330,0,219,9
K17722,39,0,52,0,194,0,152,2
K17723,31,0,63,0,308,0,310,1
K03457,16,4,36,0,324,0,327,5
K01464,17,0,33,1,164,0,210,2
K02083,7,0,6,0,2,0,1,0
K06016,0,0,0,0,0,0,0,0
K01439,52,4,96,2,196,2,198,4
K08172,1,0,2,0,229,0,305,2
K01426,23,2,62,4,110,0,133,2
K03808,17,2,40,1,215,0,243,12
K06192,10,0,41,2,310,0,342,5
K09857,11,0,32,0,79,0,66,1
K01993,2,0,2,0,50,0,55,0
K09758,26,0,109,7,219,0,225,16
K07085,21,0,121,0,321,0,254,0
K07085,14,0,95,0,264,0,255,0
K24843,1,2,3,0,16,1,15,0
K24845,13,0,21,0,22,0,31,7
K24844,52,0,95,0,99,2,124,0
K21636,13,0,64,0,327,0,343,0
K04069,5,0,22,10,98,0,129,4
K06133,4,1,9,0,39,0,31,8
K06941,14,1,20,2,90,0,91,4
K06193,0,0,0,0,0,0,0,0
K02199,3,1,21,1,106,0,127,5
K23239,0,0,0,0,0,0,0,0
K00928,1,0,0,1,229,0,208,0
K04075,44,2,73,0,201,0,173,30
K01962,4,0,15,0,111,0,120,4
K01247,1,1,6,0,7,0,5,0
K01883,8,1,23,2,114,0,117,3
K03767,12,0,41,0,130,0,118,14
K03767,0,0,0,0,0,0,0,0
K03269,0,0,0,0,0,0,0,0
K12543,4,0,8,4,66,0,87,0
K12541,3,0,37,0,140,0,203,0
K12542,2,0,27,0,107,0,134,2
K07552,0,0,0,0,128,0,133,0
K01531,9,0,12,0,254,0,279,10
K03885,4,0,18,0,87,0,121,4
K03406,1,0,6,2,90,0,83,4
K03406,11,0,31,0,206,0,154,7
K03408,10,0,35,0,52,0,55,2
K06950,8,0,12,0,77,0,81,8
K08151,5,0,23,0,83,0,115,0
K06978,0,0,1,0,0,0,1,0
K01867,6,0,25,0,185,0,280,9
K23779,1,0,0,0,2,0,4,1
K07157,7,0,11,0,9,1,8,0
K11927,0,0,0,0,0,0,0,0
K02014,6,0,24,0,126,0,121,8
K01613,0,0,0,0,0,0,0,0
K01118,0,0,6,1,60,2,90,1
K00951,0,0,2,2,26,0,22,0
K06911,0,0,0,0,0,0,0,0
K16264,0,0,0,0,0,0,0,0
K09022,0,0,0,0,0,0,0,0
K11103,49,0,146,0,211,0,208,2
K01029,0,0,0,0,23,0,23,0
K15977,0,0,0,0,0,0,0,0
K01028,15,0,86,0,89,0,77,1
K00311,58,0,191,16,289,2,277,28
K09667,22,2,73,4,354,0,350,29
K02406,10,0,60,0,201,0,111,2
K02406,4,0,42,0,182,0,131,2
K02406,0,0,0,0,3,0,1,0
K02400,0,0,1,0,9,0,14,0
K02401,0,0,6,1,133,0,146,0
K02421,4,0,8,0,145,0,136,0
K02419,2,0,9,0,62,0,57,0
K02417,0,0,0,0,0,0,0,0
K02408,63,0,182,22,142,1,141,45
K02409,12,0,25,0,161,0,189,31
K02410,6,0,19,2,113,0,123,2
K02411,12,0,26,1,25,0,43,3
K02413,0,0,5,0,35,0,38,0
K02407,15,0,88,6,232,0,225,26
K02422,7,0,21,4,32,0,24,2
K02414,6,0,89,5,74,0,98,20
K02415,0,0,10,0,74,0,52,2
K02405,6,0,17,0,55,0,68,6
K02556,15,3,25,0,70,0,86,3
K02557,14,0,14,0,82,0,63,7
K02398,12,0,42,2,29,1,30,7
K02399,6,0,7,0,16,0,15,3
K02386,0,0,0,0,4,0,4,0
K02395,0,0,0,0,0,0,0,0
K02387,18,1,84,10,93,2,108,34
K02388,7,2,25,1,40,0,39,5
K02389,25,0,36,4,77,0,127,7
K02390,24,2,121,2,173,2,124,18
K02392,14,0,48,2,83,0,100,4
K02393,8,0,17,0,47,0,40,2
K02394,5,0,34,10,102,0,110,0
K02395,3,0,0,0,59,0,47,0
K02396,8,0,29,0,125,0,132,0
K02397,10,0,38,0,144,0,103,2
K21023,0,0,1,0,3,0,5,0
K02048,11,2,16,0,83,0,88,0
K09004,2,0,2,0,23,0,23,2
K02477,0,0,0,0,0,0,0,0
K07262,0,0,0,0,0,0,0,0
K03406,1,0,14,0,117,0,150,4
K03581,1,0,6,0,16,0,33,4
K03582,8,0,29,0,199,0,212,0
K03583,15,0,33,0,321,0,295,2
K11527,22,0,35,1,246,0,274,6
K02303,0,0,0,0,0,0,0,0
K00140,1,0,2,0,117,0,156,1
K07183,0,0,0,0,0,0,0,0
K03337,5,0,13,0,63,1,65,0
K03335,0,0,0,0,0,0,0,0
K03336,2,0,6,1,80,0,86,0
K03338,16,0,20,8,132,0,154,0
K02057,5,0,16,0,91,0,88,4
K02058,4,0,17,0,106,0,152,0
K00010,2,0,16,0,125,0,123,0
K00010,2,0,4,0,99,0,76,0
K12243,14,0,24,0,190,0,210,0
K16088,2,0,6,0,387,0,411,0
K06920,4,1,28,0,152,0,163,0
K07278,32,2,38,1,413,0,393,18
K09800,16,0,70,0,649,0,803,2
K09962,0,0,0,0,0,0,0,0
K11717,18,0,91,0,185,0,216,31
K00640,1,0,0,2,143,0,189,1
K15461,2,0,10,0,254,0,325,1
K00375,2,0,39,0,177,0,194,2
K01246,0,0,0,0,0,0,0,0
K13936,0,0,0,0,9,0,21,0
K07734,0,0,0,0,0,0,0,0
K07346,6,0,9,0,105,0,73,6
K02014,16,0,40,1,320,0,293,0
K03811,1,0,0,2,161,0,205,0
K02030,0,0,1,0,43,0,21,0
K06911,2,2,5,0,131,0,230,0
K17837,14,0,12,2,126,0,93,19
K07096,2,0,8,0,74,0,99,1
K08325,2,2,8,2,116,0,102,10
K16137,0,0,1,0,103,0,99,16
K08591,9,0,19,0,97,0,114,7
K07038,8,0,68,4,256,0,227,0
K03455,29,0,57,12,385,2,422,10
K10716,6,0,49,12,205,0,187,13
K00648,4,0,30,1,93,0,105,10
K13075,3,1,28,0,112,0,116,6
K15537,11,1,23,6,242,1,269,3
K00508,5,0,16,0,209,1,195,0
K07071,22,2,44,2,181,0,153,4
K03735,17,6,111,2,163,0,216,24
K25706,0,0,0,0,1,0,3,0
K03736,0,0,0,0,0,0,0,0
K01626,1,0,4,0,154,0,129,1
K07486,3,0,29,1,169,0,155,7
K02970,41,6,92,27,140,2,107,38
K09117,8,0,60,3,112,0,128,8
K02316,30,1,92,4,297,0,269,30
K03086,66,3,210,10,418,0,397,65
K03111,8,2,25,4,248,0,199,6
K03406,3,0,8,2,222,0,284,4
K11927,15,4,97,8,314,4,296,29
K15894,14,0,100,8,268,0,242,14
K24310,8,2,44,4,105,0,142,4
K13012,7,0,4,0,136,0,137,0
K24300,4,0,29,0,358,0,476,5
K04759,0,0,1,0,4,0,2,1
K04758,7,0,25,0,60,0,44,1
K02192,4,0,19,4,81,0,47,5
K03832,1,0,11,5,51,0,42,4
K07336,8,0,2,1,61,0,32,1
K16211,28,2,47,0,133,0,107,13
K03594,0,0,0,0,0,0,0,0
K05341,14,0,50,1,121,0,134,3
K02014,6,0,27,2,310,0,297,2
K02529,0,9,4,3,271,4,316,70
K00799,18,0,35,0,107,2,74,4
K01756,14,2,29,2,346,0,404,31
K12262,0,0,6,0,124,0,153,2
K01303,0,0,0,0,6,0,4,0
K03294,6,0,10,0,217,0,194,1
K03293,2,0,29,0,475,0,475,9
K15371,139,0,338,8,492,2,515,22
K06077,0,0,0,0,0,0,0,0
K09983,0,0,0,0,0,0,0,0
K05526,0,0,0,0,0,0,0,0
K01484,80,4,283,2,278,2,213,24
K06447,33,0,76,1,228,0,240,2
K00673,51,0,107,0,241,0,231,0
K00673,2,0,36,0,213,0,225,0
K15973,3,3,75,12,251,0,306,35
K00799,3,1,9,0,55,0,53,2
K03074,0,0,0,0,0,0,0,0
K03072,17,0,75,0,331,0,326,8
K00773,18,2,42,2,194,3,142,9
K03210,0,0,0,0,0,0,0,0
K07568,2,0,29,2,242,0,188,8
K03655,12,0,28,10,234,0,185,35
K00078,6,2,25,2,169,0,225,0
K13935,0,0,0,0,0,0,0,0
K13934,0,0,12,0,22,0,38,0
K13933,0,0,2,0,38,0,47,0
K13932,4,0,10,4,62,0,45,1
K13930,0,0,0,0,15,0,15,1
K13929,6,0,11,2,48,0,49,0
K13931,0,0,0,0,0,0,0,0
K13928,1,4,16,4,89,0,95,2
K18831,0,0,0,0,0,0,0,0
K00697,9,2,45,4,133,0,177,11
K01087,0,0,0,0,0,0,0,0
K24160,0,2,42,0,102,0,97,5
K13636,1,0,4,0,15,0,37,0
K01753,7,0,39,2,59,0,76,3
K02014,3,2,25,4,187,0,208,4
K00117,8,0,11,4,201,0,165,8
K07234,0,0,0,0,0,0,0,0
K07673,21,0,77,2,111,0,107,36
K07684,0,0,0,0,0,0,0,0
K03639,28,0,35,11,99,6,139,18
K00370,6,0,13,2,280,0,301,2
K00374,0,0,0,0,0,0,0,0
K00371,0,0,0,0,0,0,0,0
K00373,0,0,0,0,0,0,0,0
K06894,25,0,59,0,140,0,177,1
K09934,0,0,0,0,0,0,0,0
K02066,5,0,17,2,168,0,159,10
K02065,3,0,46,0,197,0,243,4
K02067,16,0,24,2,205,0,256,4
K18480,9,0,19,0,53,0,64,0
K07018,5,0,31,0,149,0,161,4
K22474,0,0,0,0,6,0,7,0
K07258,0,0,0,0,0,0,0,0
K06151,0,0,2,0,211,0,273,0
K06152,1,0,9,0,195,0,205,0
K17103,0,0,0,0,1,0,0,0
K03650,0,0,1,0,0,0,0,0
K03217,16,2,82,2,278,2,289,20
K08998,1,0,8,2,32,0,54,0
K03536,1,0,2,0,72,0,47,0
K02313,9,0,25,0,380,2,498,14
K02338,17,0,82,0,433,0,397,30
K02470,25,2,92,4,505,0,626,13
K07497,0,0,0,0,0,0,0,0
K00558,50,10,220,14,420,2,452,64
K03497,24,2,77,11,42,0,47,13
K03497,15,1,48,2,66,0,51,3
K06400,2,0,8,6,236,0,213,4
K14441,4,0,10,0,90,0,107,8
K01760,10,0,45,0,173,0,142,9
K09930,1,0,1,0,2,0,7,0
K03723,13,1,13,0,127,0,127,0
K01079,0,0,0,0,0,0,0,0
K03406,30,2,73,2,228,0,178,14
K03406,15,0,14,0,117,0,65,0
K21023,2,0,4,0,82,0,132,0
K01046,19,0,15,0,29,0,23,0
K05366,11,0,21,0,216,0,172,6
K00662,0,0,0,0,0,0,0,0
K07039,0,0,0,0,0,0,1,0
K03305,6,2,55,6,107,0,123,9
K06966,30,8,152,8,213,0,190,36
K02525,18,2,24,16,116,4,106,85
K02030,0,3,6,4,108,2,154,21
K02029,0,1,0,2,62,0,43,1
K02029,4,0,2,0,46,0,41,0
K02028,0,0,1,0,59,0,92,1
K00874,0,0,2,0,75,0,124,0
K00032,0,0,4,0,56,0,80,0
K04567,0,0,0,0,2,0,5,0
K19181,0,0,0,0,0,0,0,0
K01838,8,0,28,0,87,0,67,1
K02836,3,0,31,0,110,0,104,3
K01119,8,0,35,0,216,0,200,8
K07126,0,0,0,0,0,0,0,0
K01999,61,0,202,6,246,2,208,22
K01997,9,0,10,0,118,0,148,0
K01998,0,0,1,0,62,0,108,0
K07052,6,0,4,2,121,0,171,2
K07001,0,0,17,6,239,0,224,4
K05791,2,0,3,0,14,0,11,1
K05795,2,0,2,0,36,0,14,0
K09799,17,0,38,2,161,0,163,12
K01286,1,1,2,1,42,0,37,1
K03717,0,0,0,0,0,0,0,0
K08195,4,0,18,8,304,0,269,2
K03699,0,0,2,0,35,0,33,6
K07152,2,0,5,0,45,0,48,0
K02257,2,0,2,0,34,0,57,2
K02259,0,6,15,2,173,0,208,2
K14998,0,0,14,3,108,0,107,2
K02276,5,0,16,0,124,0,145,5
K02274,7,0,54,5,220,0,231,4
K02258,0,0,0,0,0,0,0,0
K02275,13,0,65,2,359,0,354,19
K02169,41,1,83,8,320,0,387,32
K02242,0,0,0,0,0,0,0,0
K03216,0,0,0,0,0,0,0,0
K21345,14,2,50,2,157,2,136,25
K04761,13,0,134,4,152,1,252,28
K03179,3,0,22,0,164,0,198,6
K05594,9,0,112,5,96,2,85,17
K03088,0,0,9,0,44,0,58,2
K00286,0,0,0,0,0,0,0,0
K06997,11,0,31,0,100,1,109,4
K02669,5,0,16,0,271,0,331,0
K02670,5,0,12,0,184,0,200,4
K00432,0,0,2,0,128,0,95,0
K21023,10,0,50,0,180,0,168,22
K11473,0,0,0,0,0,0,0,0
K11472,7,2,7,2,72,0,77,4
K00104,12,0,52,0,173,0,160,0
K00798,2,0,15,0,51,0,74,3
K18917,0,0,0,0,0,0,0,0
K01662,14,0,31,0,207,1,219,6
K00795,15,4,52,0,197,0,196,8
K03602,19,1,21,2,47,0,58,25
K02456,20,2,142,6,161,0,153,39
K02453,25,4,56,2,261,1,272,2
K02456,2,0,1,0,49,0,60,0
K03980,1,0,0,3,48,0,39,1
K09005,18,4,30,18,118,0,76,28
K06181,4,2,18,2,66,2,50,5
K00031,36,6,160,4,276,0,253,10
K06891,7,2,111,31,84,0,63,78
K03694,298,23,1517,89,652,8,493,252
K08676,21,0,40,0,297,0,359,4
K02477,0,0,0,0,0,0,0,0
K02478,5,0,8,0,80,0,44,0
K02688,0,0,10,0,99,0,146,2
K21023,42,0,56,0,359,0,428,20
K01142,0,0,0,0,0,0,0,0
K01255,2,0,5,0,6,0,9,1
K05805,0,0,0,0,0,0,0,0
K07091,16,0,73,0,189,0,166,25
K11720,9,0,16,0,103,0,110,9
K02303,0,0,3,0,13,0,20,0
K00956,10,2,37,1,69,0,72,4
K00957,8,0,20,1,188,0,250,3
K00390,5,0,5,0,51,0,73,0
K00381,4,0,6,0,77,0,103,2
K07090,2,2,19,0,185,1,210,4
K13634,7,2,37,4,161,0,172,19
K02411,13,0,13,2,45,0,65,0
K02410,0,0,0,0,0,0,0,0
K02409,13,0,30,0,129,4,135,14
K21087,0,0,8,1,91,0,122,0
K02408,0,0,0,0,0,0,0,0
K02407,25,0,62,5,191,0,170,8
K04061,0,0,0,0,0,0,0,0
K02423,0,0,0,0,0,0,0,0
K02422,0,0,0,0,0,0,0,0
K02406,45,7,130,18,143,0,163,25
K06603,0,0,0,0,0,0,0,0
K09667,15,0,52,0,299,0,392,20
K08678,0,0,6,0,97,0,176,2
K13590,0,0,3,0,7,0,3,2
K07675,6,0,41,0,200,0,129,7
K07689,0,0,0,0,0,0,0,0
K01139,3,0,53,0,134,0,119,10
K04760,0,0,0,0,0,0,0,0
K00942,14,5,100,23,139,1,163,43
K03060,0,0,0,0,0,0,0,0
K00989,14,0,60,2,106,0,145,18
K01519,14,0,59,4,113,0,115,33
K02495,0,0,2,0,1,0,2,0
K03406,46,0,128,2,210,0,177,9
K00616,1,0,7,0,32,0,17,2
K11904,25,0,54,2,254,0,273,6
K19337,0,0,0,0,0,0,0,0
K00036,6,2,23,1,128,1,168,2
K03415,4,0,37,0,46,1,54,14
K01810,6,0,14,4,121,0,169,7
K01690,48,6,87,16,290,2,326,31
K01625,21,0,38,2,65,0,87,2
K01419,18,0,105,4,103,0,90,35
K06204,10,3,142,9,85,2,87,71
K09921,4,0,15,3,34,0,37,4
K07126,46,2,75,4,95,0,127,3
K01778,0,0,0,0,0,0,0,0
K02517,16,0,52,0,137,2,103,1
K02517,5,0,8,2,123,2,137,4
K00789,103,12,801,59,435,10,469,295
K01251,85,6,440,25,566,0,478,132
K08972,2,1,11,0,97,0,116,2
K00297,18,0,13,2,43,0,31,0
K01934,0,0,0,0,0,0,4,0
K08309,44,2,123,8,344,0,345,11
K00799,2,0,19,1,91,0,108,1
K03719,0,0,0,0,0,0,0,0
K00457,50,2,155,2,419,0,442,28
K04090,220,4,418,2,973,4,966,44
K03797,24,0,119,0,367,4,392,20
K02014,14,0,24,0,561,0,599,12
K03429,4,0,10,0,202,0,188,0
K11745,0,0,0,0,0,0,1,0
K08602,2,0,1,0,19,0,19,0
K03406,0,0,15,0,154,0,192,16
K14058,0,0,0,0,16,0,10,0
K01633,0,0,5,0,22,0,12,0
K03585,0,0,4,0,61,0,59,0
K09930,0,0,0,0,0,0,1,0
K01919,2,0,25,0,109,0,107,0
K01759,0,0,0,0,0,0,0,0
K04090,10,0,28,4,398,2,379,8
K14155,0,0,1,0,87,0,74,0
K07107,6,0,6,0,41,0,32,0
K01920,0,0,8,0,76,0,75,0
K02618,6,0,6,0,190,0,194,1
K16087,0,0,1,0,180,0,114,1
K02031,0,0,0,0,0,0,0,0
K02035,5,0,19,0,95,0,78,0
K01302,12,0,24,0,178,0,195,0
K03790,4,1,57,0,210,0,210,27
K04062,438,45,2711,77,395,8,341,437
K07038,0,0,2,0,62,0,67,11
K23514,4,0,12,2,49,0,51,5
K07165,14,0,41,0,91,0,74,4
K16088,0,0,20,0,146,0,190,2
K06911,0,0,0,0,0,0,0,0
K07397,0,0,0,0,0,0,0,0
K16074,2,0,6,0,63,0,85,2
K06140,6,0,5,0,14,1,10,2
K21023,2,2,10,0,42,0,59,1
K02837,3,0,4,0,15,0,10,0
K03406,0,0,3,0,139,0,164,0
K01890,109,4,138,7,157,0,89,26
K07689,0,0,0,0,0,0,0,0
K04764,0,0,0,0,0,0,0,0
K01889,36,0,59,0,168,0,175,2
K01868,167,11,326,78,185,8,123,149
K02887,0,0,0,0,0,0,0,0
K02916,0,0,0,0,0,0,0,0
K02520,0,0,0,0,0,0,0,0
K16568,12,0,44,2,224,0,141,16
K06987,7,0,31,2,67,0,103,5
K03297,0,0,0,0,0,0,0,0
K11741,3,2,40,4,47,1,57,11
K08987,2,0,26,0,132,0,162,6
K10680,9,4,34,9,142,2,202,39
K03192,0,0,0,0,0,0,0,0
K03189,1,0,1,0,36,2,47,0
K03188,0,0,0,0,8,0,2,0
K01428,1,0,1,0,50,0,58,0
K03187,0,0,0,0,0,0,0,0
K21023,1,0,3,0,105,0,134,0
K01429,0,0,0,0,0,0,0,0
K03190,0,0,0,0,0,0,0,0
K01430,0,0,0,0,0,0,0,0
K11893,104,0,140,8,233,8,206,56
K11896,0,0,0,2,244,0,281,0
K11895,0,0,4,0,79,0,101,0
K11904,0,0,10,0,322,0,381,2
K03830,0,0,0,0,0,0,1,0
K03321,0,1,4,0,50,0,53,2
K16137,5,1,16,0,85,0,87,2
K10979,0,0,2,0,115,0,141,2
K01971,0,0,0,0,1,0,2,0
K03296,0,0,19,0,82,2,80,5
K18903,0,0,0,0,0,0,0,0
K18901,0,0,2,0,174,0,173,6
K01066,0,0,0,4,134,2,111,11
K18900,2,4,6,2,157,0,209,8
K00018,4,2,16,0,88,0,115,0
K09983,0,0,0,0,0,0,0,0
K03932,2,0,1,0,35,0,21,1
K03790,1,0,8,2,52,0,69,1
K07666,58,2,155,7,102,4,103,22
K07645,13,0,44,2,95,0,88,3
K09136,10,2,25,1,116,0,141,2
K00954,0,0,0,0,0,0,0,0
K02014,14,3,65,1,498,0,577,20
K06998,12,8,26,4,180,0,180,16
K00102,0,0,0,0,0,0,0,0
K03561,2,0,26,0,98,0,120,0
K03559,2,0,8,0,34,0,49,0
K03832,10,0,21,0,69,0,70,0
K16087,6,0,24,0,333,0,297,1
K01937,35,0,140,2,306,0,330,40
K01689,13,0,93,5,229,0,219,11
K02014,2,0,18,4,128,0,161,1
K01126,0,0,0,0,0,0,0,0
K05589,0,0,0,0,0,0,0,0
K04083,0,0,8,0,238,0,280,0
K01726,10,0,94,1,152,1,122,18
K07053,46,6,145,2,133,2,138,22
K03799,40,2,211,2,199,0,204,28
K07566,22,4,92,8,61,0,82,13
K16868,10,0,18,4,78,2,102,13
K01714,32,4,107,2,158,0,225,39
K07287,28,2,65,2,94,0,102,8
K18850,59,6,406,21,339,4,196,104
K03555,11,2,72,1,193,0,151,17
K03775,0,0,0,0,0,0,0,0
K12132,25,2,88,1,224,2,230,17
K11891,1,0,0,2,257,0,260,0
K11890,0,0,0,0,68,0,50,0
K03286,0,0,0,0,1,0,0,0
K11892,0,0,0,0,0,0,0,0
K11893,0,0,2,0,120,0,109,0
K11906,0,0,2,1,113,0,113,0
K11901,0,0,0,0,50,0,33,0
K11907,2,0,4,0,384,2,430,0
K11902,8,2,25,0,76,0,105,2
K02030,2,4,22,0,83,0,92,4
K03098,2,0,8,0,116,2,131,2
K03406,86,4,228,22,307,2,222,56
K05812,0,0,12,2,117,0,116,8
K07232,0,0,0,0,0,0,0,0
K17737,11,1,21,4,75,2,107,3
K16171,20,0,69,2,115,2,143,2
K01801,6,2,9,0,75,0,53,0
K03648,16,0,22,0,70,0,72,4
K13643,158,18,343,73,130,17,137,337
K04487,82,16,413,60,263,5,213,220
K13628,16,0,58,12,73,3,62,23
K04082,5,0,23,2,52,1,45,6
K04044,52,0,119,14,207,4,168,33
K04755,0,0,9,0,19,0,42,0
K06182,2,0,9,0,33,0,47,4
K06886,0,0,0,0,0,0,0,0
K03088,20,8,313,47,140,3,161,277
K01652,36,8,202,17,343,6,268,74
K01653,3,0,27,0,89,0,113,2
K00053,12,2,47,6,185,0,196,6
K09807,155,8,1465,48,468,6,398,217
K17103,5,0,33,0,84,2,83,22
K01649,0,0,0,0,0,0,0,0
K02956,14,2,96,15,176,0,166,40
K00962,37,6,155,4,425,0,300,36
K06006,0,0,0,0,26,0,38,0
K02483,18,0,22,0,81,0,104,3
K01494,4,0,4,0,43,0,38,0
K07090,0,0,18,0,58,0,73,4
K02238,1,0,4,0,49,0,53,1
K07484,0,1,0,0,16,0,14,0
K00986,62,2,188,34,330,0,252,88
K06198,0,0,0,0,0,0,0,0
K07459,2,0,19,0,253,0,311,1
K02238,16,2,49,0,338,0,330,5
K17675,8,2,17,4,81,0,90,29
K03424,6,0,13,0,46,0,62,2
K09810,0,0,0,0,22,0,19,0
K09808,0,0,10,0,78,0,67,0
K09808,8,0,8,0,174,0,184,3
K12542,3,0,2,0,21,1,15,2
K12541,9,0,18,0,82,0,119,0
K00499,7,0,28,0,237,2,292,2
K15270,3,0,4,0,148,0,213,2
K01011,13,0,39,5,109,0,126,3
K05803,0,0,0,0,0,0,0,0
K16267,0,0,1,0,0,0,1,0
K02335,21,0,45,4,188,2,227,10
K01061,0,0,0,0,0,0,0,0
K03657,0,0,1,0,19,0,21,0
K02204,0,0,0,0,0,0,0,0
K00121,1,0,2,0,167,0,189,0
K22010,9,0,79,2,138,0,214,21
K00788,21,0,81,6,61,0,61,13
K03147,1,0,3,1,97,0,121,2
K03149,0,0,0,0,0,0,0,0
K03154,0,0,0,0,0,0,0,0
K21023,4,0,5,0,160,0,230,0
K01873,30,2,77,2,482,2,514,14
K03286,0,0,0,0,88,0,110,0
K03551,0,0,6,1,94,0,97,0
K09768,0,0,0,0,0,0,0,0
K03550,2,0,2,0,50,0,52,0
K00602,10,0,23,0,111,0,82,12
K01159,0,0,0,0,0,0,0,0
K05540,6,0,26,0,260,0,245,0
K03557,0,0,0,0,0,0,0,0
K15634,2,0,12,2,169,2,224,2
K01866,60,2,91,2,90,0,88,12
K07560,0,0,0,0,0,0,0,0
K19620,32,8,94,2,127,2,150,25
K19621,7,0,23,0,112,0,136,3
K19622,24,0,34,0,88,0,77,0
K19623,9,0,10,0,30,0,38,1
K01302,16,3,134,5,94,0,144,23
K01173,0,0,0,0,0,0,0,0
K07263,3,1,13,2,256,0,230,5
K10026,8,0,24,4,139,0,138,6
K01737,0,0,11,0,38,0,57,6
K11991,26,0,40,0,41,1,36,4
K16087,56,4,191,2,286,1,363,16
K07225,52,0,133,1,190,0,174,2
K01297,4,0,18,6,106,2,108,10
K07148,1,0,1,0,34,0,45,0
K23242,0,0,0,0,0,0,0,0
K06153,2,0,12,0,69,0,75,20
K03566,0,0,0,0,9,0,5,0
K07017,0,2,3,0,0,0,0,0
K03409,15,0,13,0,83,0,76,14
K06158,44,15,188,46,204,6,235,93
K02575,10,0,3,0,72,0,62,0
K01673,0,0,0,0,0,0,0,0
K02575,4,0,2,0,183,0,214,0
K16088,10,0,4,0,225,0,190,2
K07165,2,0,7,0,72,0,96,2
K23514,9,0,19,1,28,0,22,1
K02014,4,0,1,0,255,0,279,2
K02082,0,0,10,0,92,0,97,3
K16371,4,0,8,0,113,0,137,4
K02081,2,0,5,0,76,0,97,0
K01443,2,0,5,0,101,0,133,0
K03294,8,0,18,4,179,2,199,2
K00799,0,0,0,0,0,0,0,0
K03566,6,0,12,0,88,0,65,5
K03821,169,0,344,6,238,0,198,24
K03284,0,0,0,0,2,0,0,0
K23514,7,0,28,3,113,1,92,7
K07165,2,0,18,2,89,0,80,4
K16088,4,0,11,0,208,0,188,2
K04066,0,0,0,0,2,0,2,0
K01599,4,0,14,2,520,0,347,8
K03118,0,0,2,0,27,0,22,0
K03117,4,0,25,0,100,0,111,2
K03116,9,0,36,2,29,0,30,18
K02503,24,8,152,17,137,4,131,74
K01523,3,0,17,0,66,0,60,0
K01496,0,0,0,0,1,0,0,0
K02500,2,0,5,2,90,0,125,2
K01814,8,0,39,0,128,0,110,6
K02501,9,0,32,6,247,0,299,23
K01693,2,0,6,0,46,0,82,6
K00817,15,4,34,1,160,0,200,11
K07319,1,0,2,2,62,0,86,3
K00013,7,2,7,1,171,0,194,0
K00765,2,0,5,0,11,0,13,0
K00790,2,0,22,0,116,1,100,0
K05527,0,0,0,0,0,0,0,0
K01990,4,0,20,2,287,0,221,2
K07122,4,1,13,4,19,0,17,3
K07323,1,0,6,1,27,0,21,2
K04754,30,7,293,10,203,0,231,48
K00265,54,15,75,12,377,2,389,14
K02067,0,0,0,0,0,0,0,0
K02066,0,0,0,0,0,0,0,0
K02065,0,0,0,0,0,0,0,0
K00266,0,0,0,0,0,0,0,0
K07491,71,3,430,9,195,0,222,31
K00163,2,2,4,6,365,2,502,4
K00799,2,0,6,0,64,0,83,2
K07085,4,0,15,4,31,0,42,4
K11527,9,0,15,2,126,0,111,2
K02488,0,0,0,0,0,0,0,0
K12282,9,0,43,3,106,0,98,8
K12283,2,0,42,0,242,0,225,10
K12276,32,2,97,6,227,0,220,39
K12278,5,0,16,6,91,0,115,0
K10924,34,1,104,4,106,0,109,31
K10926,5,0,23,0,50,0,55,0
K10927,2,0,5,0,59,0,56,0
K12285,6,0,5,0,51,0,42,7
K12286,5,0,2,0,59,0,50,0
K12279,28,2,32,0,128,0,101,19
K12280,8,0,11,0,78,0,70,0
K12281,3,0,14,0,10,0,14,2
K12282,15,0,35,1,163,0,149,6
K12283,0,0,3,0,103,0,82,0
K12284,6,0,12,0,48,0,27,0
K03832,0,0,0,0,0,0,0,0
K03561,0,0,0,0,0,0,0,0
K03559,0,0,0,0,0,0,0,0
K07165,3,0,5,0,258,2,213,0
K03088,4,2,2,0,31,0,50,6
K06959,39,3,95,2,471,0,494,4
K03829,11,0,10,0,89,0,58,0
K07390,38,8,319,24,129,1,135,143
K03186,10,1,65,14,41,1,39,19
K00253,31,6,126,12,222,0,243,49
K00906,0,1,27,2,526,2,514,10
K00626,35,0,57,8,163,0,229,2
K00248,6,1,12,3,117,1,126,8
K07058,0,0,0,0,0,0,0,0
K02014,3,0,16,2,278,0,229,3
K01297,0,0,0,0,0,0,0,0
K06373,6,0,14,0,324,0,440,4
K07259,4,2,20,4,217,2,218,12
K03431,3,0,5,0,170,0,297,1
K03798,31,2,90,8,111,2,110,38
K00796,0,0,0,0,0,0,0,0
K01955,11,0,45,2,134,0,162,17
K02427,0,0,0,0,0,0,0,0
K07574,0,0,0,0,0,0,0,0
K03624,0,0,0,0,0,0,0,0
K01956,6,3,43,12,200,2,193,21
K07001,25,3,44,6,64,0,73,21
K11477,0,0,0,0,0,0,0,0
K03623,1,0,0,0,55,0,50,0
K01649,22,4,71,28,263,2,258,55
K03406,14,0,52,2,54,0,70,18
K18912,0,0,1,0,1,0,1,0
K18911,13,0,48,4,136,2,123,4
K02003,18,2,45,0,141,2,112,25
K22310,0,0,0,0,0,0,0,0
K02379,0,0,0,0,0,0,0,0
K01524,14,4,91,14,130,8,117,26
K07300,16,4,49,2,174,0,135,6
K21023,14,0,66,4,260,0,296,17
K03406,1,0,0,0,9,0,9,0
K01271,0,0,0,0,0,0,0,0
K02618,3,0,7,0,382,0,326,0
K02617,13,1,42,0,68,0,63,4
K01996,0,0,10,2,107,0,119,5
K01995,3,0,24,1,52,0,64,0
K01998,3,0,23,2,181,0,324,2
K01997,4,0,10,0,119,0,150,0
K01999,4,0,16,2,141,0,220,0
K00632,15,0,54,7,192,1,217,10
K01912,46,0,96,0,203,0,186,4
K00074,12,0,31,3,249,0,231,11
K02614,0,0,0,0,0,0,0,0
K15866,3,2,23,0,90,0,107,2
K02613,14,0,52,4,172,0,165,3
K02612,2,0,12,1,57,0,69,3
K02611,31,0,113,4,110,0,90,14
K02609,26,0,124,13,149,0,194,23
K02610,0,0,0,0,0,0,0,0
K02616,4,0,33,2,171,1,173,2
K02014,2,0,10,0,139,0,212,0
K03592,3,0,1,2,168,0,286,1
K09889,11,2,60,6,139,0,117,27
K03831,0,0,0,0,0,0,0,0
K06999,0,0,0,0,0,0,0,0
K18336,0,0,0,0,0,0,0,0
K03406,2,0,4,0,155,0,205,0
K03652,0,0,5,0,35,0,40,0
K06077,91,1,377,14,163,0,181,58
K05846,3,1,27,4,120,0,134,12
K00657,0,0,0,0,0,0,0,0
K01468,7,0,51,2,184,6,197,9
K05603,18,0,39,2,89,2,63,0
K09975,0,0,0,0,0,0,0,0
K01458,0,0,1,0,2,0,4,0
K01745,24,0,52,0,93,0,99,0
K01712,74,0,175,4,247,0,264,12
K09990,5,0,0,0,39,0,34,1
K10778,3,0,18,1,134,0,135,4
K05836,16,0,54,0,171,0,247,10
K11527,22,0,80,0,410,0,463,7
K03671,52,2,387,24,212,6,234,173
K03628,10,8,131,8,333,2,293,37
K02909,6,0,68,4,237,0,106,59
K00666,0,0,7,0,43,0,28,1
K02336,10,0,16,2,347,0,444,4
K22479,0,0,0,1,50,0,41,2
K20974,14,0,22,4,357,2,399,6
K07814,2,0,18,0,101,0,118,3
K00029,6,0,6,0,26,0,22,1
K03449,11,2,22,1,118,1,142,13
K21023,13,3,29,7,125,3,143,21
K00946,0,0,0,0,0,0,0,0
K03743,0,0,0,0,2,0,0,0
K07263,15,0,46,0,507,0,537,0
K01738,0,0,0,0,0,0,0,0
K01802,9,0,46,3,228,0,234,3
K22132,12,3,42,1,115,4,99,10
K01975,0,0,1,0,0,0,1,0
K00275,14,0,36,0,244,2,254,2
K00574,14,0,151,19,276,2,293,37
K07304,0,0,1,0,3,0,1,1
K07275,1,0,1,0,13,0,26,0
K12686,12,0,27,0,161,0,217,5
K07566,55,0,157,7,171,6,165,29
K01589,24,0,70,0,149,0,190,0
K01588,0,0,5,0,18,0,20,0
K01923,9,0,8,0,31,0,31,1
K01624,2,0,38,2,90,2,152,9
K00873,18,2,100,12,276,0,274,16
K00927,16,0,30,1,173,2,214,2
K01423,0,0,0,0,2,0,1,0
K07019,0,0,0,0,0,0,0,0
K03637,0,0,0,0,0,0,0,0
K02650,0,0,0,0,0,0,0,0
K01902,0,0,0,0,58,0,61,1
K01903,45,0,111,8,198,0,114,12
K03565,0,0,0,1,6,0,9,0
K03553,26,4,68,0,131,1,114,18
K07774,18,0,35,0,108,1,126,0
K07649,6,0,21,2,187,1,218,7
K14393,3,0,37,2,405,4,437,2
K00108,3,0,12,0,421,2,488,2
K08172,3,0,5,0,78,0,70,0
K01933,3,0,6,1,8,0,13,1
K10763,5,0,16,2,102,0,113,14
K00970,18,0,42,4,119,1,132,6
K00950,2,0,0,0,1,0,1,0
K12254,0,0,11,0,37,0,39,0
K00606,0,0,0,0,0,0,0,0
K11074,10,0,42,1,125,0,118,2
K11075,9,0,5,0,82,0,87,1
K11076,3,0,12,0,126,0,148,0
K12256,20,0,15,0,221,2,277,12
K01915,20,0,85,0,297,0,371,0
K07010,12,0,139,2,327,0,294,16
K02014,1,0,0,0,31,0,33,0
K21023,12,0,16,0,569,0,518,14
K03802,1,0,8,0,472,0,344,2
K03802,30,4,169,5,220,2,280,9
K06147,34,1,152,19,346,4,417,67
K01241,2,0,3,0,87,0,47,0
K07126,3,0,4,0,30,0,23,0
K01265,0,0,0,0,0,0,0,0
K08968,0,0,0,0,0,0,0,0
K05275,6,0,12,0,167,0,218,0
K03412,4,0,3,0,86,0,62,4
K13587,66,8,106,14,583,0,620,2
K07577,23,2,52,0,111,0,152,4
K10747,4,0,17,0,190,0,266,4
K03724,9,0,24,4,236,2,226,0
K06953,3,0,0,0,80,0,99,0
K06884,3,0,26,0,99,0,99,0
K10547,0,0,0,0,0,0,0,0
K00797,3,0,15,0,299,0,373,0
K08989,13,0,27,0,106,0,100,6
K06949,0,0,2,0,43,0,52,2
K02112,37,0,26,0,153,0,133,6
K02114,0,0,0,0,0,0,0,0
K02115,15,0,32,4,153,0,168,2
K02111,45,2,98,4,223,0,187,16
K02113,48,2,37,6,109,0,79,10
K02109,15,0,45,5,125,0,88,5
K02108,30,2,97,4,254,0,230,16
K02110,0,0,0,0,0,0,0,0
K03497,59,2,102,10,232,0,199,74
K03496,16,0,30,2,67,2,72,1
K03495,12,0,41,8,216,3,207,13
K03501,0,0,0,0,0,0,0,0
K11741,10,1,64,3,185,1,235,25
K00330,1,0,32,5,80,0,71,2
K07518,0,0,3,0,9,0,9,0
K21973,0,0,0,0,0,0,0,0
K01998,3,0,4,0,256,1,280,2
K01997,10,0,12,0,149,0,188,12
K01999,8,0,21,0,278,0,312,2
K01996,20,0,43,4,126,0,132,6
K01995,0,0,0,0,0,0,0,0
K13821,34,0,53,6,756,0,653,4
K01243,0,0,0,0,0,0,0,0
K03719,9,2,33,0,234,0,203,12
K01768,9,0,28,0,238,0,203,4
K03306,2,0,1,0,32,0,33,0
K02314,6,0,15,0,186,2,113,1
K07220,0,0,0,0,0,0,0,0
K02939,21,0,16,5,136,0,114,28
K02963,44,2,125,6,129,2,120,62
K02990,17,2,96,3,195,0,126,62
K01740,11,4,91,4,207,0,174,28
K01356,0,0,0,0,0,0,0,0
K00764,12,0,36,2,149,2,122,2
K03558,0,0,2,0,5,0,10,0
K03749,3,0,2,0,15,0,7,1
K11754,12,2,39,2,140,2,172,1
K01963,1,0,21,0,175,0,174,0
K01695,8,0,49,0,70,0,86,9
K01696,6,0,37,6,146,3,157,10
K08086,47,0,103,3,197,0,201,12
K01817,0,0,0,0,0,0,0,0
K06173,0,0,0,0,0,0,0,0
K00133,37,0,101,2,172,9,158,9
K00052,34,6,177,19,202,6,179,55
K01704,0,0,2,0,17,0,20,0
K01703,4,2,18,5,117,3,100,5
K03407,28,16,152,47,263,5,243,133
K03414,40,2,123,8,189,7,245,21
K01647,5,0,26,1,67,0,76,8
K00239,15,2,179,7,266,1,198,12
K00240,0,0,0,0,0,0,0,0
K09159,0,0,0,0,0,0,0,0
K00242,17,2,84,5,62,1,73,10
K00241,0,0,10,0,20,0,17,2
K03710,23,10,124,18,249,0,215,56
K00024,54,8,540,19,431,4,286,100
K01644,13,0,35,2,161,0,158,2
K01681,26,4,196,8,443,0,435,32
K18118,16,2,38,2,110,1,103,10
K02429,4,0,1,0,176,0,222,4
K03303,6,1,7,0,214,0,223,12
K19784,0,0,0,0,0,0,0,0
K18929,1,0,10,6,211,0,213,13
K00782,0,0,0,0,69,0,85,0
K18928,0,0,0,0,54,0,69,1
K05799,12,0,11,2,96,0,146,2
K03406,12,0,12,0,263,0,268,2
K02014,18,0,40,2,121,2,155,4
K00560,15,0,22,0,81,0,100,0
K21023,43,2,71,3,346,2,327,38
K06076,56,0,223,8,267,0,238,30
K01620,0,0,0,0,4,0,1,0
K07273,0,0,0,0,0,0,0,0
K06147,12,1,31,2,132,0,142,8
K11250,0,0,0,0,0,0,0,0
K02004,11,3,9,1,202,0,210,3
K03809,1,0,19,0,47,0,47,1
K07058,0,0,0,0,0,0,0,0
K01740,1,2,8,0,92,0,154,2
K21023,2,2,16,0,143,0,158,3
K07394,0,0,0,0,0,0,0,0
K01736,0,0,0,0,0,0,0,0
K07255,0,6,11,14,34,2,50,36
K07256,6,9,34,12,184,0,173,37
K15551,0,2,12,2,183,0,143,8
K10831,0,0,29,4,139,0,177,12
K15552,4,0,6,0,176,0,193,2
K11735,2,0,20,4,236,0,255,0
K05301,3,0,17,2,89,0,138,2
K01183,0,0,2,2,264,0,473,2
K02024,1,0,0,0,7,0,7,1
K10227,0,0,4,0,215,0,224,6
K10228,0,0,0,0,162,0,167,0
K10229,0,0,2,0,158,0,146,0
K00045,5,0,10,0,148,0,149,0
K01303,0,0,0,0,22,0,31,0
K00799,7,0,8,0,93,0,113,13
K03776,2,0,12,4,104,0,76,0
K00019,4,0,19,1,64,0,69,7
K00803,2,2,28,0,209,0,263,0
K00111,14,2,28,4,105,0,128,4
K02841,0,0,0,0,0,0,0,0
K02527,0,0,0,0,0,0,0,0
K15778,22,0,76,1,151,0,182,4
K03746,33,4,77,6,117,2,188,17
K01525,18,0,84,2,128,2,169,33
K18991,2,0,20,2,167,0,175,0
K00655,0,0,0,0,0,0,0,0
K02050,0,0,0,0,0,0,0,0
K01465,7,2,12,2,141,0,163,0
K00609,11,0,35,2,126,0,110,3
K06596,49,2,222,23,540,5,397,118
K02825,0,0,0,0,0,0,0,0
K07447,0,0,0,0,0,0,0,0
K07735,0,0,0,0,0,0,0,0
K01669,0,0,0,0,0,0,0,0
K02660,20,0,44,0,335,0,433,0
K02659,16,0,22,0,48,0,68,1
K02658,23,0,33,1,46,0,44,1
K01845,5,0,23,2,44,0,41,2
K03284,6,0,34,1,170,0,209,0
K03814,0,0,15,0,113,0,168,14
K00014,0,0,2,2,90,0,102,1
K01147,5,2,38,4,189,0,220,6
K03832,0,0,0,0,0,0,0,0
K00163,1,0,1,0,3,0,4,0
K01491,15,0,50,0,157,0,184,3
K01414,20,2,72,0,299,0,348,9
K02339,2,0,18,1,40,0,41,7
K01999,4,0,106,0,140,0,97,7
K01687,407,21,1013,93,397,5,375,189
K21757,0,0,9,1,193,0,174,6
K13292,6,0,21,5,202,0,220,8
K09888,21,0,11,2,114,0,66,6
K09892,0,0,0,0,0,0,0,0
K04078,57,0,195,5,114,1,78,52
K04077,144,5,905,28,757,2,432,62
K03305,1,0,4,0,103,0,112,0
K01835,0,0,0,0,3,0,4,0
K03088,0,0,8,4,59,0,62,0
K07165,8,0,18,2,104,0,99,2
K16088,2,2,10,0,326,2,485,0
K16088,20,0,128,0,495,2,504,24
K23514,7,2,34,0,50,0,67,10
K07165,14,0,56,2,63,2,90,4
K20266,0,0,0,0,167,0,159,0
K20531,0,0,4,0,165,0,136,1
K20532,0,0,0,0,113,0,89,0
K03685,2,0,0,0,131,0,131,0
K02014,6,0,34,2,198,0,162,12
K03406,3,1,10,0,232,0,276,0
K19304,14,0,98,10,399,1,390,17
K09001,7,2,37,3,182,3,113,13
K15724,0,0,0,0,1,0,0,0
K00145,12,4,77,9,99,0,120,12
K02996,45,3,129,17,141,1,138,61
K02871,44,2,116,4,136,0,111,50
K06134,7,0,2,2,49,1,37,0
K07397,0,0,0,0,0,0,0,0
K09697,2,0,12,0,126,0,129,4
K09696,6,1,25,0,226,0,178,4
K01990,13,0,51,2,131,0,138,17
K03781,3,0,0,0,93,0,80,3
K07396,0,0,1,0,94,0,101,15
K01077,0,0,0,0,192,0,180,2
K03169,1,0,1,0,16,0,15,0
K01077,0,0,0,0,0,0,0,0
K04096,10,2,109,2,126,0,192,24
K03747,0,0,0,0,0,0,0,0
K01462,0,0,0,0,0,0,0,0
K00604,0,0,0,0,0,0,0,0
K00548,4,2,46,2,645,0,662,2
K07181,8,1,25,2,30,0,26,8
K13598,191,6,519,31,329,3,299,55
K03500,7,0,37,2,228,2,225,25
K01887,25,0,89,2,278,2,301,16
K03749,12,0,31,1,70,0,47,3
K03673,10,0,42,0,88,2,109,14
K03524,10,0,15,0,60,0,79,0
K03525,14,0,8,0,62,0,39,0
K03642,0,0,0,0,0,0,0,0
K05837,1,0,5,0,4,0,6,1
K05515,2,0,9,0,294,0,298,3
K03570,0,0,1,0,112,0,110,0
K03571,0,0,0,0,0,0,0,0
K03569,7,0,21,0,187,0,198,3
K02435,1,0,18,0,157,0,131,6
K02433,27,0,119,4,247,0,287,25
K02434,15,2,50,0,270,0,303,5
K02171,5,4,15,20,88,1,39,31
K02172,2,1,16,6,176,0,190,6
K16044,3,2,15,2,92,0,92,10
K07090,4,0,10,0,38,0,48,2
K00762,0,0,0,0,0,0,0,0
K06177,0,0,2,0,17,0,10,1
K01142,0,0,0,0,0,0,0,0
K23010,2,0,13,0,49,2,64,4
K08218,16,0,18,2,135,0,137,0
K00641,0,0,0,0,1,0,3,0
K08483,22,0,34,6,340,0,284,6
K02784,0,0,3,2,31,0,20,1
K01920,3,0,2,0,14,0,20,0
K02793,0,0,0,0,0,0,0,0
K03320,36,0,80,6,327,5,385,25
K04752,0,0,0,0,0,0,0,0
K09806,0,0,0,0,0,0,0,0
K07391,0,0,0,0,0,0,0,0
K03790,0,0,4,0,142,0,135,1
K01779,1,0,3,0,130,0,94,2
K00344,0,0,1,22,157,0,222,78
K03778,2,0,6,1,30,0,41,4
K06400,0,2,16,0,442,0,405,6
K01286,3,0,10,0,106,0,97,6
K07343,0,0,0,0,0,0,0,0
K03668,24,3,207,4,138,1,98,14
K01118,0,0,4,0,118,0,150,4
K06988,1,0,0,0,24,0,23,0
K06911,0,0,0,0,0,0,0,0
K07459,21,0,68,5,534,0,468,2
K07391,2,0,30,0,47,0,52,3
K06938,2,0,9,0,85,0,109,0
K11527,14,0,22,0,412,0,413,17
K03932,0,0,0,0,0,0,0,0
K07814,0,0,0,0,0,0,0,0
K00930,6,4,72,6,175,0,146,6
K09973,2,0,17,2,242,0,203,4
K05501,3,0,13,3,131,0,97,14
K03342,17,0,28,0,188,6,183,8
K00432,10,0,24,2,191,0,141,1
K00135,2,0,17,0,125,0,132,13
K06929,1,0,10,2,76,0,85,0
K01625,5,0,7,0,17,0,17,0
K13874,0,0,0,0,0,0,0,0
K13875,2,0,5,0,217,0,212,0
K00883,0,0,9,0,301,0,314,2
K01785,0,0,2,0,52,0,53,0
K10544,6,0,10,0,103,0,104,3
K10545,0,0,4,0,203,0,283,0
K10543,1,0,2,0,64,0,76,0
K22186,0,0,6,0,250,0,217,0
K22185,0,0,3,0,98,0,69,0
K10546,2,0,15,0,349,0,419,4
K00626,139,17,418,58,178,8,133,88
K23256,3,0,29,4,56,0,77,0
K10440,0,0,0,0,0,0,0,0
K02348,0,0,0,0,0,0,0,0
K10441,3,0,21,0,191,2,148,0
K10439,6,0,24,0,93,0,124,0
K00616,2,0,16,0,69,2,39,3
K00854,2,1,30,0,65,0,68,2
K02529,27,4,36,2,97,0,89,2
K06980,4,2,22,2,78,0,87,11
K07082,5,0,30,0,157,0,172,7
K00943,5,0,18,0,32,0,70,1
K02341,2,0,18,0,102,0,93,2
K03424,4,0,36,4,79,0,94,11
K06867,5,0,24,2,81,0,66,0
K01058,0,0,2,0,8,0,8,1
K02355,19,0,116,4,133,2,216,14
K03543,0,0,0,0,0,0,0,0
K15550,10,0,27,1,85,0,101,2
K03446,2,0,9,0,94,0,107,2
K06075,0,1,1,0,47,0,136,2
K19222,0,0,0,0,0,0,0,0
K03088,14,1,32,4,104,0,86,9
K04065,16,0,67,1,239,0,285,10
K03271,3,1,36,0,50,0,54,5
K07121,33,2,129,6,143,0,127,21
K07460,0,0,0,0,0,0,0,0
K07056,2,0,16,2,80,0,62,5
K01640,41,4,157,5,260,0,269,39
K01968,15,0,23,2,156,0,141,0
K12972,0,0,0,0,0,0,0,0
K01012,31,0,32,0,181,0,177,8
K01935,4,0,15,1,83,0,118,0
K00652,11,0,10,0,95,0,82,1
K00833,18,3,43,2,173,1,272,4
K01969,38,0,67,7,168,0,173,20
K13766,0,0,0,0,0,0,0,0
K00285,2,0,14,2,167,0,143,7
K09858,0,0,0,0,0,0,0,0
K24967,0,0,0,0,0,0,0,0
K07106,30,4,42,6,170,0,188,22
K08218,5,0,43,4,456,0,504,7
K18676,14,0,31,0,167,0,169,4
K11066,4,0,21,2,247,0,240,4
K03308,0,0,0,0,1,0,2,0
K08641,0,0,0,0,0,0,0,0
K02055,0,0,7,0,130,0,171,0
K02528,0,0,0,0,0,0,0,0
K00097,4,0,26,2,65,0,59,4
K03771,2,0,5,0,32,0,30,0
K04744,24,0,96,1,287,2,322,11
K07102,2,0,9,0,350,0,448,4
K00992,4,0,5,0,120,0,151,0
K01262,8,2,23,2,145,2,127,0
K03185,7,0,10,0,64,0,79,0
K00325,1,0,2,0,13,0,16,0
K00324,16,0,49,1,256,0,230,0
K12152,7,0,26,2,185,0,159,33
K00566,3,0,16,0,149,0,161,24
K01146,24,3,41,2,162,0,130,13
K00799,10,0,21,2,153,0,197,8
K22083,4,0,34,2,292,0,310,2
K01207,2,2,43,0,172,0,171,25
K07795,0,0,17,1,105,0,108,4
K02012,4,0,6,0,223,0,187,2
K02011,5,0,0,2,301,0,305,2
K05939,4,0,6,0,128,0,160,0
K08482,3,0,11,1,176,0,238,2
K03585,31,6,172,18,106,3,103,36
K18138,30,0,122,10,437,4,439,28
K18139,64,0,131,4,121,0,117,8
K16138,2,0,27,11,96,0,119,12
K00523,2,0,3,0,71,0,89,1
K18304,0,0,4,0,86,0,101,0
K02014,2,0,5,2,279,0,264,0
K21757,0,0,1,0,0,0,3,0
K01856,4,0,8,0,139,0,164,0
K03464,1,0,0,0,35,0,44,0
K01055,10,0,4,0,66,0,59,2
K07290,14,2,54,0,389,0,466,2
K03892,16,5,78,31,76,10,113,113
K00537,2,2,30,4,16,1,10,23
K02523,1,0,6,1,7,0,10,4
K11811,0,0,0,0,0,0,0,0
K02888,23,6,124,12,162,2,117,91
K02899,103,4,133,10,130,1,90,40
K03979,13,0,56,4,164,0,165,3
K00931,0,0,2,0,49,0,65,2
K10773,0,0,0,0,0,0,0,0
K03616,0,0,4,0,111,0,119,0
K02014,10,2,6,2,322,0,334,5
K05973,7,0,7,1,33,0,24,1
K05524,0,0,0,0,0,0,0,0
K02000,51,0,294,20,175,0,145,64
K11527,1,0,2,0,19,0,14,0
K02020,0,0,0,0,0,0,0,0
K02018,0,0,0,0,0,0,0,0
K02019,0,0,0,0,0,0,0,0
K01420,0,0,1,0,16,0,11,1
K09926,0,0,0,0,0,0,0,0
K00406,24,0,78,2,320,0,301,8
K00404,13,0,49,2,45,0,47,3
K00405,0,0,0,0,0,0,0,0
K00407,0,0,0,0,0,0,0,0
K09792,3,0,3,0,25,0,25,0
K02495,44,0,71,0,53,0,75,0
K03776,24,2,124,4,250,1,167,10
K21084,78,2,374,6,516,0,566,19
K09781,0,0,3,0,112,0,111,0
K05834,10,0,51,1,228,0,276,6
K07552,2,0,0,0,91,0,81,0
K09158,1,0,0,1,3,0,2,2
K00375,18,0,74,10,286,2,310,28
K03801,8,4,40,0,70,0,61,10
K02014,1,0,0,0,16,0,18,0
K03644,0,0,0,0,0,0,0,0
K03648,0,0,0,0,0,0,0,0
K02171,0,0,0,0,0,0,0,0
K07552,2,3,25,1,125,4,82,24
K23777,0,3,2,4,70,0,105,13
K09796,8,9,23,18,74,6,52,108
K07152,1,0,21,6,53,0,45,3
K20034,2,0,24,0,56,0,74,8
K08169,1,1,0,0,2,0,0,0
K01166,2,0,23,0,30,0,61,7
K00826,1,0,12,0,133,0,118,4
K07216,0,0,0,0,0,0,0,0
K16088,86,0,160,4,285,0,260,10
K00567,20,0,58,2,83,2,79,8
K07488,3,0,40,1,53,1,43,8
K00426,0,0,4,0,48,0,56,11
K00424,0,0,0,0,0,0,0,0
K00425,14,0,48,5,130,2,202,4
K16012,16,0,116,12,341,2,398,34
K03791,0,0,3,0,23,0,17,0
K24206,0,0,9,0,161,0,220,2
K02402,0,0,2,0,18,0,7,0
K12071,4,0,28,8,399,0,497,8
K23985,0,0,0,0,139,0,145,0
K02663,0,0,1,0,88,0,56,0
K02662,0,0,1,0,70,0,67,0
K05366,24,0,90,6,443,0,401,16
K06202,0,0,0,0,3,0,2,0
K17247,2,0,7,0,34,0,40,0
K07147,1,0,1,0,114,0,106,3
K07399,24,0,33,4,310,2,286,13
K03978,0,0,0,0,0,0,0,0
K03585,0,0,6,0,258,0,287,1
K07638,20,3,32,4,223,0,269,10
K02483,0,2,1,0,35,0,28,2
K04084,4,2,47,2,257,0,197,12
K06006,0,0,0,0,0,0,0,0
K03040,18,0,73,1,198,0,212,5
K02879,0,0,0,0,0,0,0,0
K02986,18,0,63,2,294,3,323,7
K02948,10,0,63,2,95,0,64,7
K03076,30,1,108,2,84,0,71,37
K02952,0,0,0,0,0,0,0,0
K02919,0,0,0,0,0,0,0,0
K02518,0,0,0,0,0,0,0,0
K02876,37,0,119,1,237,0,193,13
K02988,37,0,143,2,125,0,75,22
K02907,0,0,0,0,0,0,0,0
K02881,28,0,77,3,75,0,45,12
K02933,38,0,123,0,154,0,107,15
K02994,52,0,134,0,203,0,222,35
K02954,3,0,7,0,10,0,11,2
K02931,21,1,57,3,100,0,67,27
K02895,21,1,86,3,74,0,73,29
K02874,32,0,96,6,160,0,156,31
K05358,4,0,28,0,206,2,203,5
K01952,41,8,200,10,481,2,447,83
K05793,0,0,0,0,0,0,0,0
K00278,1,0,14,0,218,0,129,2
K02481,0,2,2,0,102,0,119,0
K07386,11,0,11,2,130,0,102,7
K05358,2,2,11,1,37,0,42,1
K01673,0,0,0,0,0,0,0,0
K12979,2,0,4,1,56,0,55,1
K19222,8,0,11,0,97,0,109,4
K03406,21,3,80,7,50,0,85,11
K01406,2,0,4,0,282,0,281,0
K11004,0,0,2,0,209,0,222,2
K11003,0,0,4,0,70,2,86,2
K12340,2,2,2,0,96,0,112,0
K08289,35,0,115,1,124,0,126,31
K03781,11,0,4,0,12,0,10,2
K01119,11,4,44,4,182,4,210,18
K07126,0,0,0,0,0,0,0,0
K02004,0,0,0,0,62,0,47,0
K09950,0,0,0,0,0,0,0,0
K07241,2,0,13,0,39,0,16,2
K07395,6,3,39,0,86,0,114,8
K02014,6,0,10,0,121,0,104,1
K24217,0,0,0,0,1,0,0,0
K21090,11,4,104,4,72,3,64,33
K18988,0,0,1,0,0,0,1,0
K09824,5,0,8,0,72,0,117,0
K08167,0,0,1,0,55,1,43,0
K01534,2,0,35,0,160,2,178,2
K03406,0,0,0,0,17,0,6,0
K08995,3,0,6,2,42,0,37,6
K07124,0,0,0,0,0,0,0,0
K19713,32,2,77,0,98,0,86,16
K01698,14,0,24,0,133,0,151,9
K09824,10,0,88,6,124,2,105,29
K16568,4,0,10,0,79,0,54,0
K02483,8,0,60,0,83,0,55,2
K07283,7,2,11,2,88,2,129,8
K01046,0,0,0,0,0,0,0,0
K20974,1,0,0,0,81,0,117,0
K04343,0,0,0,0,0,0,0,0
K07814,0,0,0,0,0,0,0,0
K16088,3,0,7,0,127,0,196,4
K07165,1,0,11,6,94,0,122,3
K23514,32,0,60,2,36,2,29,2
K00873,2,0,14,1,61,0,50,0
K01595,2,1,12,2,222,2,212,6
K00134,0,0,0,0,0,0,0,0
K13771,0,0,0,0,0,0,0,0
K14393,54,4,119,8,377,0,290,16
K01118,0,0,0,0,0,0,0,0
K05349,2,0,4,0,85,0,133,4
K23274,0,0,0,0,29,0,42,0
K19813,1,0,0,0,194,0,202,0
K23275,2,0,0,0,114,0,158,0
K00059,0,0,0,0,0,0,0,0
K03566,18,1,42,3,66,0,90,15
K07098,0,0,0,0,0,0,0,0
K17752,7,0,31,2,117,0,116,3
K17752,2,0,22,0,159,0,182,0
K17752,5,0,18,2,50,0,49,2
K17762,4,0,9,0,17,0,26,0
K17763,8,0,22,0,45,0,49,0
K02014,6,0,14,0,471,0,519,8
K02014,28,0,54,10,363,4,405,12
K01626,0,0,1,0,19,0,21,0
K02014,12,0,4,0,186,0,230,2
K03568,0,0,0,0,0,0,0,0
K11206,0,0,0,0,0,0,0,0
K00982,14,2,68,4,347,0,442,6
K00134,0,0,0,0,0,0,0,0
K00615,19,4,127,11,280,0,273,22
K09761,0,0,0,0,0,0,0,0
K07137,15,8,108,8,198,0,214,51
K00674,0,0,0,0,0,0,0,0
K14267,13,2,59,2,100,0,130,36
K14742,24,1,98,0,77,1,91,26
K03789,10,0,16,4,70,0,32,0
K21929,11,0,21,0,41,0,48,2
K08227,0,0,2,0,26,0,17,0
K09977,0,0,0,0,0,0,0,0
K01775,8,0,42,4,140,0,209,8
K04485,35,8,154,29,192,8,220,115
K02407,40,7,139,13,128,2,99,56
K08223,0,0,13,2,177,0,259,1
K02553,5,0,44,4,50,0,40,16
K11249,5,0,36,2,78,5,74,10
K02556,0,0,0,0,0,0,2,0
K07032,0,0,0,0,0,0,0,0
K16135,15,2,47,1,187,0,171,28
K22209,2,0,4,0,147,0,145,9
K11927,13,0,25,0,100,0,148,0
K20974,17,0,35,2,283,0,339,0
K03413,68,4,305,6,150,2,145,26
K08295,5,0,18,0,137,0,153,8
K09461,25,0,58,2,232,0,285,2
K00059,4,0,4,2,45,0,92,0
K15973,8,0,12,0,100,0,103,1
K00249,15,0,19,0,79,0,74,8
K09022,3,0,7,2,95,0,123,0
K15738,18,3,85,6,313,3,374,24
K07052,0,2,18,0,260,0,479,27
K03606,8,0,41,1,232,0,217,5
K01991,14,4,124,8,154,0,157,32
K25590,35,4,154,4,256,0,190,21
K16567,7,0,19,2,290,0,278,10
K00640,2,0,2,0,50,0,37,1
K22278,4,2,27,2,109,0,98,2
K05275,0,0,0,0,0,0,0,0
K07559,0,0,0,0,0,0,4,0
K06221,0,0,5,0,29,0,73,0
K03088,2,1,14,0,48,0,39,1
K08223,6,0,21,2,105,2,130,4
K19271,0,0,0,0,0,0,0,0
K05834,0,0,0,0,0,0,0,0
K23779,8,1,34,0,107,0,100,10
K00639,112,2,261,12,179,0,192,24
K15789,32,2,134,6,155,0,194,9
K01752,53,6,90,2,73,0,116,22
K01733,29,2,87,4,201,0,149,17
K03750,73,3,103,3,106,0,88,8
K03636,0,0,0,0,0,0,1,0
K21677,5,0,7,0,117,0,91,0
K02291,6,1,22,0,38,0,59,3
K21679,12,1,19,2,142,0,107,0
K18302,15,2,39,7,140,2,177,18
K18303,10,0,20,3,311,0,357,2
K03545,74,17,231,26,233,0,208,107
K01358,120,7,539,17,232,5,187,128
K03544,39,8,267,29,200,8,186,58
K01338,396,10,912,58,596,3,360,112
K03530,46,0,127,13,86,0,70,48
K01596,1,0,4,0,45,0,24,0
K03701,0,0,0,0,0,0,0,0
K01424,11,2,20,4,156,2,183,26
K02014,35,2,129,1,500,0,511,17
K03554,0,0,0,0,0,0,0,0
K02346,16,2,62,0,198,6,204,20
K01354,8,0,69,4,490,0,484,9
K03387,0,0,1,0,25,0,13,0
K21023,61,3,290,7,445,2,399,27
K24119,0,0,0,0,0,0,0,0
K00852,5,0,6,0,32,0,48,3
K06726,0,0,0,0,0,0,0,0
K02529,0,0,16,0,102,1,124,1
K18307,0,0,0,0,143,0,162,0
K18308,0,0,0,0,0,0,0,0
K09702,0,0,0,0,0,0,0,0
K18306,2,0,2,1,277,0,314,6
K09012,0,0,0,0,0,0,0,0
K06972,12,0,25,6,239,1,191,7
K07032,0,0,0,0,0,0,0,0
K07711,14,3,41,0,438,0,506,2
K07715,14,0,29,2,243,0,234,4
K04065,0,0,3,0,104,0,79,1
K21929,0,0,0,0,37,0,36,0
K14347,0,0,0,1,7,0,10,0
K02020,16,0,60,2,89,0,90,4
K11749,0,0,0,0,0,0,0,0
K00099,17,0,28,0,57,0,55,1
K00981,6,0,15,0,97,0,106,0
K00806,16,0,29,0,77,0,77,0
K02838,7,0,26,0,84,0,87,2
K09903,13,0,50,2,81,0,70,10
K02357,21,0,80,0,181,1,154,2
K02967,40,1,210,5,90,0,84,50
K01265,9,4,67,6,128,0,153,14
K00990,28,1,72,4,262,0,298,27
K06182,10,2,15,6,111,0,136,8
K21087,1,0,2,0,16,0,16,0
K01972,23,1,66,2,119,0,140,12
K01462,0,0,0,0,0,0,0,0
K00963,0,0,0,0,0,0,0,0
K03529,31,1,99,10,249,4,260,2
K01358,35,3,101,2,108,0,76,7
K00605,43,1,117,6,174,0,163,41
K02437,53,0,91,4,69,0,58,5
K00281,73,0,283,12,384,2,397,25
K02556,0,0,0,0,0,0,0,0
K02405,21,1,32,0,97,2,113,5
K02404,9,0,13,3,26,0,33,4
K02400,45,2,109,0,260,0,333,5
K02401,8,0,13,0,226,0,320,0
K16171,4,2,44,2,279,0,275,4
K04773,16,3,32,0,249,2,208,2
K01091,0,0,0,0,1,0,1,0
K06179,4,4,39,6,99,0,136,9
K08300,67,2,161,8,518,4,535,12
K07240,8,0,4,0,162,0,182,2
K03639,8,4,28,0,183,2,174,8
K03750,39,0,48,2,170,3,157,6
K09760,1,0,1,0,16,0,29,0
K06886,3,2,25,0,65,0,51,1
K08217,0,0,0,0,82,0,105,1
K10915,0,0,0,0,0,0,1,0
K02004,0,0,0,0,69,0,76,2
K10916,0,0,0,0,0,0,0,0
K21053,2,0,17,2,152,0,142,0
K07180,121,32,945,57,533,12,530,256
K09786,18,2,83,6,274,0,356,9
K06415,9,4,34,4,265,2,319,4
K03832,60,5,405,18,241,0,249,178
K03561,34,1,235,4,173,0,121,23
K03559,42,0,139,8,144,2,98,15
K03559,33,0,81,5,133,0,125,13
K11753,8,0,28,4,128,0,153,3
K01870,13,2,66,2,391,0,533,9
K03101,1,0,2,0,64,0,63,2
K13038,18,0,30,0,139,0,188,2
K01520,0,0,14,0,99,0,107,1
K07402,6,2,26,2,193,2,214,0
K03088,0,0,0,0,67,0,74,0
K03649,0,0,0,0,8,0,19,0
K07302,4,2,12,0,75,0,113,6
K07303,7,0,33,0,133,2,142,3
K08676,2,0,2,0,206,0,227,1
K18453,0,0,0,0,0,0,0,0
K00684,0,0,0,0,0,0,0,0
K21420,0,0,0,0,0,0,0,0
K00254,10,0,22,0,255,0,260,2
K02014,16,0,69,7,388,3,411,12
K13635,0,0,0,0,0,0,0,0
K02045,2,0,6,0,147,0,171,0
K02047,2,0,11,4,110,0,148,5
K02046,5,0,6,0,209,0,208,2
K24158,8,0,9,0,168,0,186,6
K07002,0,0,10,0,27,0,39,1
K23163,1,0,8,1,83,0,89,4
K07262,4,0,17,1,63,1,58,2
K01996,0,0,0,0,28,0,6,2
K01995,0,0,2,0,21,0,31,0
K01998,6,0,12,0,133,0,167,2
K01997,0,0,5,4,201,0,199,0
K03527,1,0,8,0,171,0,175,2
K03774,0,0,0,0,0,0,0,0
K03630,0,0,0,0,40,1,38,0
K00507,0,0,0,0,21,0,17,0
K02902,0,0,0,0,0,0,0,0
K02913,0,0,0,0,0,0,0,0
K03500,16,3,75,7,232,0,311,36
K11175,17,0,59,1,122,0,88,10
K06077,378,24,1073,44,347,16,313,154
K01185,1,0,9,0,211,0,201,0
K01303,2,0,29,0,204,0,191,0
K04065,1,0,0,2,102,0,105,0
K18903,4,2,39,0,39,0,40,10
K18900,0,0,0,0,0,0,0,0
K03446,18,4,108,30,178,4,178,16
K03543,7,1,60,7,246,5,279,14
K18301,0,0,0,0,0,0,0,0
K00382,51,1,168,3,295,1,255,4
K00627,63,2,122,0,183,0,196,0
K00163,44,2,82,6,238,0,247,11
K08319,5,0,16,2,108,2,129,0
K21948,7,0,31,6,150,2,148,2
K22130,2,0,11,0,73,0,86,0
K22131,2,0,3,0,89,0,56,2
K22025,0,0,1,1,6,0,0,0
K03702,6,0,16,2,68,0,66,3
K00832,21,2,91,12,236,0,251,5
K23274,2,0,0,2,62,2,79,3
K23273,3,0,10,0,251,0,267,4
K23275,13,4,25,0,167,0,169,10
K06901,2,0,12,0,147,0,228,0
K17733,0,0,7,0,124,0,84,0
K11891,0,0,0,0,92,0,106,0
K02014,0,0,0,0,6,0,6,0
K07137,0,0,0,0,0,0,0,0
K03284,2,2,31,2,56,0,47,3
K07712,9,0,51,4,155,0,135,2
K07708,6,0,14,0,190,0,184,4
K20712,10,4,16,3,118,0,100,2
K07080,0,0,0,0,56,0,48,0
K18843,0,0,0,0,0,0,0,0
K00799,0,0,0,0,0,0,0,0
K22278,0,0,1,0,129,0,109,0
K01802,2,0,32,0,132,0,133,10
K02002,1,0,3,0,10,0,6,5
K03827,0,0,0,0,0,0,0,0
K02001,7,4,124,0,229,6,218,8
K02556,37,0,118,8,142,0,108,11
K02557,33,2,68,4,172,0,194,8
K03413,9,0,25,0,61,0,57,5
K03407,80,0,132,4,274,2,222,25
K03408,35,1,89,8,83,0,92,14
K03406,39,1,84,2,189,2,270,14
K00575,21,0,44,2,134,0,74,1
K03411,6,2,12,0,81,0,58,1
K03412,12,2,27,2,145,2,131,3
K00059,5,0,2,0,9,0,11,1
K03413,0,0,0,0,0,0,0,0
K01918,0,0,0,0,134,0,141,0
K05896,1,0,3,0,49,0,79,0
K01874,11,2,32,2,142,0,189,2
K03593,43,2,178,16,179,2,161,77
K06132,1,0,4,0,2,0,4,0
K01586,4,1,16,2,137,0,160,0
K01885,15,2,63,4,222,2,176,25
K00052,4,0,20,0,86,0,74,3
K13060,0,0,0,0,0,0,0,0
K01703,0,0,8,0,104,0,119,2
K01704,0,0,0,0,0,0,0,0
K02050,6,0,2,0,114,0,118,0
K02049,0,0,0,0,66,0,55,0
K02011,2,1,0,0,75,0,92,4
K02012,8,0,3,0,118,0,151,0
K01703,3,0,16,0,133,0,177,6
K01704,0,0,0,0,0,0,0,0
K07566,7,0,0,0,45,0,62,0
K06137,4,0,0,0,127,0,117,0
K19577,2,0,1,1,12,0,6,6
K01779,0,0,0,0,0,0,0,0
K00064,2,0,7,1,48,0,88,5
K16260,0,0,0,0,0,0,0,0
K04046,12,4,79,0,157,0,147,10
K02342,2,0,44,5,78,0,108,23
K07126,2,0,6,0,48,0,34,2
K01322,79,4,153,8,198,0,168,54
K02495,2,0,19,2,100,0,126,0
K00164,79,5,489,18,670,4,670,83
K00658,17,2,94,4,174,0,221,12
K03973,5,0,4,0,23,0,25,2
K00382,86,0,128,0,168,0,194,2
K06916,2,0,19,0,164,0,182,2
K03722,5,2,40,0,298,0,329,4
K03787,16,0,31,2,118,2,120,12
K00573,29,0,50,1,105,0,129,8
K06194,31,0,64,2,168,2,145,29
K03087,78,6,152,11,170,2,199,28
K03215,12,0,33,2,175,0,201,40
K01183,0,0,0,0,378,2,438,2
K00574,2,2,10,0,157,0,170,6
K23773,12,2,29,6,23,0,15,5
K19416,3,0,29,2,12,0,9,5
K11904,12,0,32,0,215,0,255,0
K01115,25,0,52,0,448,0,334,6
K11904,28,2,87,8,263,0,276,4
K06867,0,0,0,0,0,0,0,0
K07666,28,2,51,2,64,0,70,8
K10111,0,0,0,0,47,0,85,0
K02024,0,0,2,0,162,0,166,2
K10112,1,0,0,0,0,0,9,0
K17317,7,0,24,2,86,4,84,0
K17316,2,0,2,1,68,0,73,0
K17315,0,0,10,0,105,0,109,0
K02024,26,6,102,4,306,0,244,31
K00845,17,2,34,0,224,0,182,7
K02529,0,0,0,0,2,0,2,2
K07126,11,0,31,8,153,2,168,12
K07126,0,0,21,0,138,0,149,2
K00020,2,0,6,0,17,0,38,0
K00140,16,0,27,1,83,0,117,1
K05539,0,0,1,0,7,0,5,1
K06207,6,0,31,0,168,0,140,3
K02519,49,2,188,22,252,2,268,55
K03177,0,0,0,0,0,0,0,0
K02834,0,0,0,0,0,0,0,0
K02600,84,2,209,5,358,0,341,31
K06178,54,0,194,8,504,1,422,27
K09748,0,0,0,0,0,0,0,0
K06024,9,3,43,4,122,0,124,11
K00845,43,4,239,46,315,6,362,139
K03975,1,0,6,0,23,0,22,4
K02031,10,0,54,0,140,0,191,18
K02034,14,0,23,0,227,0,287,2
K02033,0,0,0,0,20,0,22,0
K02014,4,0,29,0,425,0,499,0
K07304,16,4,106,5,108,0,74,21
K02511,0,0,2,0,245,0,169,2
K05712,8,0,8,0,157,0,175,5
K24116,0,0,0,0,0,0,0,0
K00451,0,0,0,0,0,0,0,0
K11917,8,0,6,0,101,0,92,4
K04091,2,0,4,0,146,0,105,0
K02014,1,0,0,0,149,0,181,2
K15554,0,0,0,0,72,0,94,0
K15554,0,0,2,0,40,0,63,4
K15555,0,0,0,0,50,0,88,0
K21344,24,5,237,12,70,0,55,65
K00012,25,0,24,2,151,0,168,0
K19804,8,2,11,2,201,0,203,0
K02945,82,3,170,14,192,4,129,43
K08992,0,0,0,0,0,0,0,0
K05788,0,0,0,0,0,0,0,0
K00800,15,0,29,2,119,1,88,10
K00945,0,0,0,0,0,0,0,0
K04517,23,3,53,2,91,4,52,6
K00817,40,0,35,0,127,0,126,0
K14170,14,2,156,7,241,0,220,42
K00831,4,0,2,0,30,0,32,2
K02469,9,0,32,2,199,2,231,2
K09924,0,0,0,0,0,0,0,0
K03286,65,10,653,30,446,4,232,133
K00568,6,0,66,6,146,0,209,12
K22292,6,0,7,0,58,0,89,0
K08482,24,1,55,9,79,2,102,16
K22419,0,0,0,0,0,0,0,0
K10439,0,0,0,0,3,0,5,0
K10440,10,0,8,0,47,0,48,2
K10441,2,0,3,0,191,0,217,3
K18336,2,0,7,0,161,0,180,0
K18335,7,0,5,0,192,0,190,2
K07046,1,0,1,0,14,0,14,0
K03534,0,0,0,0,0,0,0,0
K00064,0,0,8,0,38,0,58,0
K16850,9,0,4,2,106,0,124,0
K00041,2,0,19,2,150,0,183,4
K23007,21,0,24,12,187,4,164,40
K21744,8,0,36,8,164,2,196,8
K13633,0,0,1,0,49,0,61,0
K00285,3,2,8,0,121,0,101,7
K21563,0,0,0,0,0,0,0,0
K07684,1,0,22,0,26,0,20,5
K05520,6,2,13,0,102,0,65,3
K00763,29,6,112,3,190,4,182,42
K01118,1,4,37,3,81,0,90,4
K05516,9,2,46,2,35,0,59,2
K18997,0,0,0,0,0,0,0,0
K03327,2,0,19,0,205,0,246,24
K06998,4,0,14,0,73,0,110,2
K01278,2,0,30,2,137,0,173,0
K07386,3,0,6,4,75,0,101,2
K02423,0,0,0,0,0,0,0,0
K01679,2,0,45,0,147,0,138,12
K09930,12,1,37,3,40,0,32,6
K14761,0,0,0,0,0,0,0,0
K01114,2,0,15,5,145,0,134,10
K03753,0,0,0,0,0,0,0,0
K02450,10,2,14,0,103,0,155,6
K02451,0,0,0,0,0,0,0,0
K18676,22,0,53,12,77,0,107,44
K24967,0,0,3,0,84,0,65,2
K01443,0,0,11,4,133,0,190,4
K00820,2,0,20,0,109,0,162,0
K17244,0,0,6,0,144,0,143,0
K17245,0,0,1,0,133,0,198,0
K17246,0,0,0,0,146,0,184,4
K08218,2,0,1,0,106,0,173,2
K10111,2,0,13,0,116,1,146,0
K02014,1,0,12,1,259,0,308,2
K10532,0,0,0,0,0,0,0,0
K10532,0,0,0,0,0,0,0,0
K02014,4,0,27,1,457,0,555,4
K24967,0,0,0,0,0,0,0,0
K13653,8,0,4,0,79,0,90,0
K02227,14,0,40,0,162,0,234,11
K17879,23,2,77,2,126,0,121,10
K02884,1,0,1,0,8,0,16,1
K00554,53,4,115,6,190,4,173,24
K02860,108,4,64,0,107,0,80,5
K02959,34,1,46,0,81,0,77,26
K20035,15,0,45,6,140,0,114,22
K06077,0,0,0,0,0,0,0,0
K03522,39,1,55,0,86,0,70,6
K01872,141,14,747,45,516,10,401,319
K03521,0,0,0,0,0,0,0,0
K04085,0,0,0,0,0,0,0,0
K05786,6,0,8,0,225,0,293,2
K06020,16,1,55,4,352,0,318,15
K01262,17,2,70,4,123,1,147,2
K07507,0,0,0,0,0,0,0,0
K01995,3,0,0,0,111,0,144,0
K01997,0,0,0,0,170,0,166,4
K01998,0,0,4,0,264,0,316,0
K01996,0,0,7,0,202,0,186,0
K00459,7,0,25,1,41,0,29,2
K00760,0,0,0,0,0,0,0,0
K03517,28,2,41,13,127,1,112,6
K00767,39,0,46,5,60,0,57,4
K07054,1,0,5,0,4,0,3,2
K02030,0,0,0,0,0,0,0,0
K03769,23,4,38,4,47,2,67,9
K03769,14,0,136,2,163,4,105,24
K06190,0,0,1,0,3,0,8,5
K05527,0,0,0,0,0,0,0,0
K08997,4,0,13,0,83,0,75,5
K07305,0,0,0,0,0,0,0,0
K20034,0,0,9,0,37,0,35,0
K03408,0,0,0,0,4,0,1,0
K03406,7,0,11,1,111,0,102,1
K03411,0,0,0,0,0,0,0,0
K00575,0,0,0,0,0,0,0,0
K07516,54,0,228,7,173,2,191,34
K07116,0,0,9,0,56,0,43,8
K01758,0,0,0,0,0,0,0,0
K01697,7,0,26,0,112,0,105,0
K03406,8,0,57,0,196,0,231,12
K00857,0,0,0,0,0,0,0,0
K03797,68,0,430,9,272,4,166,77
K18900,1,0,2,0,19,0,22,0
K18555,0,0,2,0,33,0,14,2
K00864,0,0,0,0,21,0,30,0
K14261,0,0,0,0,0,0,0,0
K00111,8,0,11,0,88,0,101,4
K15922,0,0,6,4,130,0,109,0
K10439,1,0,3,0,57,0,96,0
K15269,4,0,41,0,185,0,188,35
K01284,14,1,78,4,334,0,452,23
K01284,27,0,56,6,436,0,382,0
K03656,15,0,31,3,209,0,197,7
K03745,0,0,0,0,0,0,0,0
K05596,10,0,15,0,91,1,132,16
K21405,0,0,29,0,159,1,117,13
K19339,6,0,15,2,150,0,169,0
K03734,0,0,0,0,0,0,0,0
K00114,0,0,6,0,434,0,418,0
K00138,2,0,6,0,302,0,357,1
K09959,0,0,0,0,0,0,0,0
K02014,5,0,25,2,270,0,354,2
K02030,0,0,2,0,8,0,8,0
K01974,0,0,0,0,58,1,102,0
K14415,32,0,47,0,138,0,162,1
K11089,0,0,20,12,375,0,335,14
K14414,0,2,36,0,370,0,230,42
K05874,1,0,1,0,18,0,41,0
K05595,0,0,2,0,155,0,145,2
K03406,12,0,16,2,335,0,315,8
K07644,1,0,3,0,33,0,27,0
K11477,6,0,13,2,29,0,38,5
K11209,0,0,8,0,3,0,2,2
K07127,0,0,0,0,0,0,0,0
K14682,4,1,9,1,130,0,223,11
K01627,0,0,0,0,0,0,0,0
K03578,37,0,61,4,453,0,537,8
K14160,2,4,8,2,101,2,104,11
K14161,2,2,4,0,160,0,134,3
K11209,5,0,27,6,182,0,209,6
K04080,212,10,1769,40,615,14,306,225
K12511,0,0,1,0,58,0,62,0
K12510,0,0,0,0,79,0,63,0
K02283,0,0,2,0,90,0,181,0
K02282,0,0,0,0,143,0,211,0
K02280,0,0,0,0,237,0,304,0
K02279,0,0,0,0,38,0,51,0
K02278,0,0,0,0,7,0,19,0
K02651,0,0,0,0,27,0,30,0
K02651,0,0,0,0,0,0,0,0
K03410,7,1,29,0,98,3,96,6
K01807,17,0,87,8,158,0,138,34
K02402,1,0,7,1,62,0,70,6
K02403,6,0,19,0,138,0,131,13
K01556,8,0,36,0,150,0,157,4
K00453,8,0,14,0,101,0,113,6
K07002,18,2,27,0,63,0,57,6
K04079,46,1,113,1,144,1,121,23
K05825,10,0,27,0,173,0,117,7
K02488,0,0,0,0,1,0,0,0
K07302,0,1,4,0,36,0,55,0
K07303,7,0,26,0,237,0,315,0
K01070,4,0,5,0,11,0,12,0
K11414,0,0,1,2,36,0,49,4
K03100,4,0,14,0,52,0,63,0
K03790,1,0,16,0,86,0,98,4
K01996,0,0,0,0,0,0,0,0
K01998,0,0,8,0,55,0,60,0
K01997,3,0,3,0,77,0,67,0
K01999,0,0,8,0,22,0,58,0
K06446,5,0,19,0,122,0,112,0
K20329,2,0,14,0,129,0,151,3
K02014,82,0,91,0,202,0,223,10
K19294,0,0,4,0,358,0,300,8
K19295,0,0,5,0,23,0,15,0
K07146,2,2,37,4,267,0,196,3
K02337,48,2,158,7,518,0,550,42
K09824,4,1,49,0,112,0,126,3
K07274,5,0,21,0,101,0,147,0
K14987,0,0,0,0,0,0,0,0
K11085,8,0,56,10,245,0,208,26
K02847,2,0,12,0,211,0,208,2
K02529,10,2,62,0,270,0,300,28
K08301,4,0,7,0,81,0,92,1
K06287,6,2,30,1,132,0,114,17
K00783,0,0,4,2,32,0,32,0
K09710,34,2,31,4,57,0,39,0
K00969,28,5,137,8,77,2,59,20
K00228,35,0,84,4,120,2,126,29
K01945,2,2,5,0,127,0,155,0
K18189,21,0,65,0,138,4,78,18
K01113,6,0,12,0,402,0,504,0
K01734,6,0,23,3,56,1,79,8
K00344,9,0,28,2,80,0,92,4
K01256,30,4,158,6,554,0,572,4
K03841,11,2,35,4,135,0,197,6
K00433,2,2,4,0,94,0,135,0
K15977,0,0,0,0,0,0,0,0
K05594,18,1,106,6,133,0,100,7
K03781,8,0,24,0,534,2,544,2
K03543,2,2,21,2,107,0,145,0
K18139,0,0,8,0,11,0,14,0
K03585,6,0,25,4,148,2,146,1
K23777,3,0,6,2,26,0,38,2
K23775,1,0,2,0,19,0,41,0
K00477,4,4,17,0,100,0,114,5
K01114,2,0,8,2,224,0,297,7
K00428,0,0,0,0,0,0,0,0
K18889,5,0,22,0,200,0,216,0
K01485,19,2,51,0,183,0,238,5
K03790,1,0,11,0,60,0,35,2
K02027,9,0,8,0,300,0,246,0
K10112,0,0,0,0,114,0,135,2
K00854,14,0,26,0,151,2,133,2
K03406,21,0,19,0,175,2,260,2
K16088,0,0,0,0,2,0,6,0
K21023,0,0,0,0,3,0,8,0
K03169,0,0,0,0,0,0,0,0
K03205,0,0,2,0,15,0,13,0
K12063,0,0,3,1,402,0,341,4
K03630,2,1,6,6,4,1,14,18
K07386,2,7,93,68,58,4,41,213
K03575,5,26,164,167,156,4,203,445
K03771,27,57,616,579,524,36,465,1259
K02371,0,47,207,220,338,27,253,282
K18979,56,28,279,270,157,13,198,437
K03585,2,14,48,105,289,5,269,237
K01627,18,35,275,540,283,23,215,774
K05986,421,1707,6655,19021,2168,1152,2415,22337
K16870,6,11,237,78,338,6,288,246
K02342,2,2,53,48,31,4,21,106
K00658,0,0,0,0,0,0,0,0
K00975,13,51,259,277,256,34,233,468
K00703,13,186,1037,974,684,124,689,2645
K00845,49,208,1309,1601,712,138,690,3264
K03320,2,11,117,61,378,11,338,95
K01118,0,0,0,0,1,0,4,0
K01752,0,0,0,0,0,0,0,0
K01114,6,7,165,72,517,8,382,342
K21572,0,0,0,0,0,0,0,0
K05349,0,0,0,0,0,0,0,3
K02073,11,61,376,427,581,84,580,2083
K02072,0,3,29,18,67,7,64,87
K02071,2,10,114,68,116,9,107,261
K15975,0,6,26,18,301,4,250,70
K06975,2,5,26,22,130,1,94,42
K15975,1,2,51,20,281,5,253,86
K06999,3,4,43,22,176,6,169,75
K06911,1,3,37,35,232,1,193,53
K16211,1,0,2,0,3,0,1,0
K21575,19,41,369,209,349,26,325,561
K21574,0,17,55,194,150,12,118,358
K15537,0,0,0,0,0,0,0,0
K14347,0,0,0,0,0,0,0,0
K21571,2,15,191,69,278,15,250,271
K21572,0,0,0,0,0,0,0,0
K21573,30,102,1075,486,739,56,672,1587
K01874,72,112,1254,1249,833,89,847,3157
K04096,0,1,3,1,6,1,1,1
K09015,1,1,7,35,17,0,14,40
K09013,84,77,776,1391,267,66,277,1743
K09014,44,106,1057,1180,384,79,365,2173
K03790,0,0,0,0,0,0,0,0
K13628,121,186,1608,2130,591,122,550,3009
K07054,0,0,0,0,0,0,0,0
K00794,5,3,51,35,50,7,43,103
K00759,0,0,0,0,0,0,0,0
K18139,0,17,10,60,139,2,102,571
K00791,5,8,33,33,60,2,50,72
K00942,44,66,668,822,278,48,298,1033
K03517,74,137,1331,1668,565,73,567,2446
K12524,41,50,817,208,805,46,729,1601
K00872,6,23,198,43,270,21,256,406
K01733,9,17,286,45,193,7,204,452
K01633,13,12,85,92,49,5,89,169
K17733,9,128,558,942,250,129,379,1556
K03841,40,49,514,533,511,53,393,782
K10254,11,10,474,193,154,20,154,336
K01886,0,0,0,0,0,0,0,0
K18954,181,264,5060,4005,2774,196,2600,4848
K22390,2,1,3,2,225,0,192,7
K01028,0,0,0,0,0,0,0,0
K01029,53,50,333,585,180,36,162,872
K12373,32,114,981,870,1040,62,879,2153
K07090,7,9,80,84,157,7,142,260
K01069,3,34,125,102,447,16,403,529
K07112,1,10,98,42,172,12,170,294
K07112,1,12,20,15,46,0,19,94
K08296,0,0,0,0,0,0,0,0
K06974,0,0,0,0,0,0,0,0
K02014,12,102,287,930,310,51,313,1383
K03897,7,98,247,968,694,51,538,1409
K07095,4,7,32,29,137,3,115,47
K08316,2,14,126,116,82,11,64,257
K01776,1,0,17,15,10,0,8,31
K02495,44,39,506,484,383,29,330,725
K06133,0,0,0,0,0,0,0,0
K16171,18,19,416,170,162,18,105,538
K01054,2,16,153,69,146,14,121,358
K00485,2,0,0,0,14,1,5,1
K15312,0,0,0,0,0,0,0,0
K15311,0,0,0,0,0,0,0,0
K00646,0,0,0,0,0,0,0,0
K15329,0,0,0,0,0,0,0,0
K15337,0,0,0,0,0,0,0,0
K03543,0,2,2,1,289,0,217,2
K01297,0,0,2,2,25,0,36,7
K18954,8,2,76,27,135,3,125,63
K01972,22,17,233,240,561,9,476,455
K01126,32,74,424,814,223,53,256,1185
K21572,0,0,1,0,47,0,31,0
K07259,49,181,1132,1272,502,101,508,3337
K00639,32,61,602,672,509,31,432,945
K08973,6,3,45,90,120,5,94,91
K25151,4,4,62,59,94,3,93,105
K25153,1,6,52,49,202,6,194,114
K07090,0,0,0,0,0,0,0,0
K05516,0,5,62,21,24,4,17,78
K13953,0,8,33,18,16,2,23,87
K09959,0,0,0,0,0,0,0,0
K00138,10,1381,1740,1191,720,491,858,9388
K21572,3,224,300,652,103,76,136,1850
K21573,8,5,175,89,344,5,322,119
K01641,2,0,52,15,115,6,78,21
K01256,60,68,1118,792,846,47,604,1463
K01417,11,45,242,398,943,54,793,890
K01417,6,200,385,502,416,130,390,4198
K09928,0,2,3,4,10,0,8,12
K03634,4,2,47,28,23,1,30,44
K22278,3,6,78,66,107,2,100,140
K00647,7,13,147,139,198,7,180,276
K02078,0,5,39,6,21,1,21,41
K02314,30,62,654,283,787,55,855,954
K03469,2,8,73,25,223,4,186,79
K00278,20,127,892,691,995,100,924,1870
K00767,4,25,219,206,277,8,215,271
K02014,356,315,5832,5032,2649,266,2618,5264
K00133,60,150,1616,1512,801,98,872,2457
K13283,0,12,114,57,241,4,215,194
K09800,35,257,1276,1233,960,176,911,3897
K01887,1,0,6,7,14,0,8,1
K07058,0,0,0,0,0,0,0,0
K21572,3,18,94,93,130,19,126,210
K21572,88,289,3278,2247,1330,176,1441,2825
K00485,0,0,0,0,0,0,0,0
K00384,10,14,68,141,122,6,99,180
K02340,71,198,1559,2422,767,156,799,3305
K01061,1,4,152,143,98,15,95,326
K22479,2,1,6,6,5,1,5,11
K10778,24,140,1194,1774,510,116,575,2553
K00567,7,10,124,88,151,11,135,186
K07017,0,0,0,0,0,0,0,0
K02014,2,5,27,26,363,3,293,137
K06999,5,36,172,288,140,31,137,523
K02480,8,28,178,316,512,26,455,605
K01866,8,5,89,64,75,5,70,148
K03088,30,17,103,156,67,10,77,260
K03644,4,25,124,240,61,13,62,192
K08156,2,10,82,30,468,4,463,103
K00700,0,0,0,1,2,0,0,3
K07017,4,19,90,176,327,14,222,427
K01255,7,38,162,184,337,20,310,488
K06048,13,154,1013,547,466,115,572,2076
K03802,2,6,20,35,47,7,33,95
K13282,4,45,349,145,386,34,380,713
K03098,9,30,188,235,78,14,101,435
K03742,1,3,148,66,473,11,369,298
K11936,96,292,2231,1384,1576,166,1461,2739
K07386,36,373,1847,1964,1094,240,932,7604
K02970,139,23,549,418,148,16,148,346
K05808,143,173,1118,2670,177,105,235,1156
K15034,0,0,0,0,0,0,0,0
K09964,9,3,118,83,88,8,57,188
K21908,11,9,95,166,44,8,50,346
K10536,192,427,4196,5658,1406,344,1345,7294
K15862,219,318,7683,1729,4064,164,3722,4539
K00406,81,64,2247,516,1187,67,1161,1186
K03770,43,80,1690,941,1158,77,1143,2199
K02067,39,126,732,1315,391,106,422,2393
K08264,3,56,277,418,202,35,228,695
K01875,69,103,789,1106,391,79,394,2102
K09792,12,11,319,137,206,10,185,313
K18118,62,159,2921,1499,1872,153,1772,3447
K18122,51,91,2149,1638,1539,99,1509,2745
K00457,49,475,2938,1877,1186,275,1321,7561
K01555,19,105,1661,535,780,85,864,2536
K06200,9,144,436,268,803,40,650,1355
K00878,4,19,109,147,202,10,195,375
K02014,0,0,2,0,2,0,0,1
K14155,15,46,316,131,428,42,482,1071
K01667,0,5,25,12,448,0,362,36
K06169,3,6,42,41,38,4,55,80
K07054,16,64,984,894,605,31,601,1590
K02888,0,0,0,0,0,0,0,0
K02899,0,0,0,0,0,0,0,0
K00626,2,7,56,63,183,1,188,115
K15987,35,211,797,2072,489,144,476,3118
K01507,8,85,191,419,119,38,112,1018
K03630,5,31,198,95,194,16,219,508
K03748,0,0,0,0,3,0,1,0
K00945,209,259,2871,3131,469,142,456,3025
K09903,0,0,0,1,3,0,1,1
K02838,38,22,228,331,201,10,218,376
K00648,4,16,153,93,94,9,103,248
K02916,589,149,6948,3110,1898,166,1974,4494
K02887,772,238,5826,5149,3219,235,2936,7267
K18962,0,1,17,14,13,1,6,21
K11021,108,88,863,657,978,64,789,1380
K02014,3,17,54,104,216,21,156,394
K11755,0,1,10,26,75,3,58,56
K02500,4,6,23,57,98,4,53,133
K01814,0,4,51,30,217,3,138,112
K02501,0,1,7,7,24,0,16,4
K01089,0,7,59,34,245,12,142,211
K00817,2,6,141,24,253,5,195,239
K00013,5,32,217,51,321,10,261,378
K00765,6,16,241,36,251,4,221,259
K20534,1,2,58,51,218,3,209,130
K00674,3,9,101,70,145,8,143,161
K11927,2,4,22,52,47,6,38,67
K03424,9,6,118,88,371,6,301,261
K03306,43,80,600,1179,399,86,395,1667
K05592,102,36,819,732,372,25,371,712
K07220,0,0,0,0,0,0,0,0
K01588,0,0,0,0,0,0,0,2
K01589,0,0,3,5,11,0,12,4
K07090,9,69,478,359,245,32,236,1014
K08234,0,0,0,0,0,0,0,0
K01597,0,0,7,3,0,0,0,8
K01897,25,22,202,242,207,18,217,601
K15727,3,31,179,160,373,15,258,404
K15726,43,130,1102,542,1220,66,1001,2485
K02358,425,976,22371,17027,11222,801,11539,22197
K03073,83,39,320,497,163,13,150,494
K02601,149,62,956,863,489,26,531,1114
K01322,21,62,429,429,179,53,174,733
K02835,0,6,31,30,120,0,90,55
K02014,9,11,57,35,319,4,217,180
K18954,0,0,18,5,160,0,146,13
K11927,3,54,39,183,225,27,152,532
K03704,10,26,15,166,17,8,11,321
K20999,6,3,129,28,291,0,244,46
K20885,0,6,24,21,288,2,251,52
K03386,0,0,0,1,0,0,0,1
K00812,460,1151,4390,17837,1548,661,1679,16977
K03501,18,44,244,387,175,27,152,571
K07001,5,24,134,109,494,17,329,338
K00428,0,0,0,0,2,0,1,1
K03701,0,1,1,2,0,0,0,0
K02014,8,3,125,40,398,9,333,51
K09946,0,0,0,0,0,0,0,0
K00632,23,356,1929,3350,867,234,776,8230
K07516,74,704,4442,4444,2038,449,1785,14493
K07491,0,0,0,0,0,0,0,0
K09780,0,0,0,0,0,0,0,0
K06885,30,35,365,457,278,28,208,708
K02536,62,77,752,894,555,75,713,1443
K16363,11,85,984,790,686,60,728,1572
K00677,5,46,557,435,338,34,397,865
K02356,35,58,864,830,249,40,259,1238
K02536,18,35,394,459,290,26,247,615
K01902,22,135,1601,1212,968,93,994,3031
K01992,0,0,18,7,114,0,76,26
K02860,0,0,0,0,0,0,0,0
K02959,15,45,677,518,344,21,458,790
K01284,11,636,1436,4596,854,272,848,9649
K01286,0,0,0,0,0,0,0,0
K06996,1,3,14,18,12,1,10,43
K03830,0,1,28,33,72,1,55,69
K01866,6,9,211,90,278,8,225,296
K05795,16,77,318,322,283,39,277,777
K07027,35,124,370,479,195,57,211,1132
K01579,4,12,92,114,77,5,90,170
K03530,1,0,0,0,0,0,0,0
K00275,2,3,67,52,107,4,79,139
K07735,13,18,228,289,231,17,209,513
K01448,0,0,0,0,0,0,0,0
K07114,0,62,184,414,331,35,315,1354
K07114,22,127,485,631,738,61,655,1422
K06204,813,429,1926,4448,712,309,715,6799
K03101,21,35,254,449,151,14,166,899
K03748,1,4,31,45,94,1,81,110
K01867,0,0,0,0,0,0,0,0
K07025,13,157,401,995,253,76,226,2383
K03088,26,80,593,848,169,43,190,1206
K00789,39,68,295,639,217,33,201,911
K04761,47,47,717,470,522,24,506,922
K03781,14,146,672,321,237,108,248,2148
K03305,4,31,191,335,775,17,605,543
K03305,37,28,676,701,632,25,520,952
K03305,9,35,302,147,478,22,424,473
K03655,8,28,233,197,430,22,379,603
K22441,63,201,1135,2027,325,112,339,2583
K01714,1,5,59,29,75,1,56,63
K07090,0,2,3,4,171,1,131,9
K07077,9,26,114,85,210,25,166,334
K03536,0,0,2,3,0,0,0,6
K22132,1,7,83,90,72,5,77,116
K03424,17,32,179,203,404,16,329,303
K05807,102,200,1925,2967,613,176,670,4261
K13038,14,57,396,238,498,60,402,761
K03631,37,16,308,287,107,10,95,494
K01679,5,19,210,292,341,19,354,725
K01676,8,26,710,135,546,29,529,715
K06214,0,3,27,12,340,2,220,50
K04338,0,0,2,2,149,0,91,2
K04337,0,0,5,2,81,0,44,9
K11381,7,77,589,475,634,58,599,1855
K08994,2,31,203,302,211,27,205,643
K03719,3,5,9,26,45,0,44,61
K25137,5,16,194,114,244,14,214,291
K06076,10,17,154,164,37,20,43,365
K01881,28,77,550,711,318,77,350,1583
K00560,15,24,439,233,157,23,157,555
K01485,0,0,10,5,35,0,17,10
K00588,210,222,2334,2197,625,167,685,3367
K20742,60,161,1303,1554,562,88,614,2343
K02527,15,16,273,196,141,13,148,445
K16698,10,4,141,54,57,9,56,144
K16568,12,8,172,213,157,17,217,311
K01869,81,139,1326,1561,1150,114,1085,2785
K03561,296,548,5884,5778,2485,318,2420,8953
K03559,21,104,1292,1187,649,70,619,1966
K15894,84,102,1788,1124,686,79,722,1743
K19068,95,85,1474,948,613,49,573,1127
K24258,32,58,1278,841,507,52,460,1142
K01463,30,39,458,427,215,25,213,660
K19429,31,41,544,263,228,19,198,390
K00054,38,36,421,439,371,20,322,831
K01903,57,142,1591,2279,816,99,1003,1067
K02014,1413,999,8785,9326,2676,637,3194,9859
K24158,0,0,0,0,0,0,0,0
K15738,5,5,97,87,155,7,151,122
K16044,0,0,0,0,0,0,0,0
K07273,0,1,10,6,39,0,30,5
K03885,109,142,1798,1538,845,137,884,2433
K00554,38,31,378,282,222,27,206,505
K03718,0,0,0,0,0,0,0,0
K05540,0,0,0,0,0,0,0,0
K01619,0,0,0,0,0,0,0,0
K13421,68,78,826,1070,343,66,356,1662
K01736,0,0,1,0,0,0,0,0
K02480,1,5,20,10,128,3,101,59
K06079,1,7,175,33,51,2,53,51
K16568,51,218,1600,1473,1008,175,1010,3632
K00252,57,335,4016,974,1434,220,1778,4538
K08174,9,18,115,121,157,7,143,307
K21573,29,171,2121,3137,1655,392,1303,7131
K21572,4,71,509,608,1038,108,1028,1496
K01201,7,39,321,471,392,81,365,1460
K11904,145,215,2231,1282,606,117,586,2077
K21741,0,0,0,0,0,0,0,0
K18954,0,1,14,15,82,0,74,40
K02338,51,34,274,440,276,27,259,702
K01952,157,159,896,2013,703,96,683,2697
K10804,0,0,0,0,0,0,0,0
K18988,72,53,659,662,591,35,469,739
K02558,9,26,340,132,234,10,243,418
K00459,62,20,410,335,182,20,172,497
K06221,45,62,675,941,495,68,433,1132
K03923,0,4,5,12,104,0,70,16
K11904,5,96,512,176,775,40,804,704
K02335,59,190,1321,992,828,111,854,2735
K07507,7,42,447,216,303,38,303,679
K02477,6,2,51,58,77,3,56,111
K25152,5,18,133,183,147,9,125,280
K07001,1,0,13,2,37,0,28,12
K00382,14,77,613,484,428,47,434,1310
K07071,0,1,7,7,13,1,10,57
K09166,1,63,58,254,373,29,251,966
K03168,47,72,863,757,955,40,813,1056
K02851,39,82,423,480,625,48,518,935
K01991,16,46,300,279,479,20,468,288
K02618,73,125,647,1355,337,72,255,2341
K07017,19,44,310,415,289,28,310,946
K02617,0,3,18,25,19,5,8,68
K00632,3,53,282,434,210,31,231,1037
K02614,0,0,3,3,0,0,1,2
K00074,7,36,230,276,100,19,108,534
K15866,11,96,616,794,443,63,388,1968
K02612,30,77,492,992,230,45,235,1770
K02611,23,109,647,1474,263,72,234,2661
K02610,0,0,0,0,0,0,0,0
K02609,36,125,1192,1393,171,95,146,2280
K02613,30,290,1101,2518,495,166,536,5365
K01912,61,307,1301,1830,450,203,503,6434
K03695,606,9050,13790,75594,5316,4491,5865,119073
K08682,0,0,0,0,0,0,0,0
K18346,0,35,90,151,158,14,170,406
K04485,2,15,157,109,140,14,140,310
K01937,95,199,2158,1926,1443,148,1417,4518
K03217,15,78,631,661,428,52,387,1208
K03470,0,0,1,0,6,0,11,1
K02990,292,81,1460,1278,563,63,625,1225
K02963,154,35,1203,819,354,42,403,767
K02939,0,0,0,0,0,0,0,0
K03543,0,1,2,6,148,2,140,15
K07786,0,0,5,7,263,0,156,41
K03106,18,12,312,293,200,12,200,312
K06217,31,32,597,488,215,34,275,910
K22205,16,15,212,160,94,12,95,378
K07102,23,13,121,222,179,13,133,288
K00992,50,81,518,697,298,59,297,1485
K20275,0,0,0,0,0,0,0,0
K06400,11,53,127,79,179,19,158,477
K09705,0,0,0,0,0,0,0,0
K01772,181,86,969,1121,299,61,324,1540
K01669,41,151,1422,1335,533,134,545,1984
K18954,57,75,851,1014,238,43,255,1107
K01066,0,0,19,4,219,5,220,60
K18954,2,3,29,21,70,2,64,33
K00239,16,190,1607,438,1010,137,938,6906
K07130,0,0,0,0,0,0,0,0
K00240,0,0,0,0,0,0,0,0
K00241,11,195,1442,168,1010,159,826,6405
K01278,0,4,32,41,24,4,27,87
K00688,12,34,273,307,143,25,163,574
K18707,56,116,980,895,596,58,567,1884
K18954,0,3,50,28,169,1,98,58
K22479,0,0,0,0,0,0,0,0
K18954,15,52,743,272,472,39,444,912
K00459,0,0,0,0,0,0,1,2
K15977,38,10,275,93,66,19,46,242
K01425,1,10,31,70,124,5,80,100
K15862,47,154,2662,1861,1200,146,1173,3972
K00406,0,0,0,0,0,0,0,0
K00407,0,0,0,0,0,0,0,0
K21556,257,353,1825,3899,591,216,709,5195
K00606,21,66,567,662,489,31,562,1054
K03294,14,69,379,352,582,37,484,1155
K01129,137,289,1411,3120,583,165,589,4754
K07705,0,0,0,0,0,0,0,0
K03297,0,1,14,9,23,0,12,16
K00281,72,27,177,243,158,14,81,109
K06997,0,0,0,0,0,0,0,0
K03088,3,55,105,260,9,23,13,523
K04750,8,31,390,194,322,21,354,521
K03791,43,16,378,170,133,12,101,334
K01756,15,17,566,317,314,12,337,261
K11021,141,103,1673,1814,1053,84,1036,2595
K09458,70,65,3468,1592,721,104,932,2773
K00626,9,9,143,132,442,10,379,357
K16137,5,17,121,49,176,10,187,216
K04063,3,16,64,74,103,3,96,183
K06076,64,405,5017,1665,1840,278,1920,7489
K05366,103,390,3311,2603,1564,269,1663,6750
K08997,36,120,878,436,681,54,699,1154
K11904,13,108,410,310,733,41,646,756
K09774,7,0,12,23,82,1,43,21
K03549,237,224,1704,2283,661,139,585,2788
K00162,20,10,218,212,398,12,360,266
K17103,10,10,153,173,386,14,325,266
K02342,8,26,195,148,106,5,125,240
K12241,0,0,0,0,0,0,0,0
K06978,0,0,0,0,0,0,0,0
K03088,6,3,57,67,57,4,45,101
K00666,1,32,234,257,191,19,184,758
K03092,8,7,84,52,71,4,72,167
K01893,51,266,1621,2698,707,138,648,3957
K07313,0,3,39,30,193,1,159,89
K04077,33,141,574,1699,485,87,443,2848
K04078,200,1222,3117,12510,954,497,1144,15316
K03300,2,7,40,74,307,3,262,170
K01953,63,2854,5677,12878,3004,1048,3495,25596
K06911,2,19,314,114,312,11,316,361
K06975,13,52,381,278,137,30,169,751
K06911,21,106,926,404,556,74,625,1721
K19784,3,37,260,139,125,14,111,605
K24915,3,20,175,137,131,13,122,385
K02481,1,3,55,32,270,6,211,181
K01546,1,6,33,27,570,3,409,92
K01547,0,5,26,7,530,2,476,48
K01548,1,2,9,5,150,0,122,7
K07646,6,23,125,120,330,5,218,175
K00248,41,176,789,1151,492,58,455,1955
K02837,43,20,1270,292,812,31,568,446
K07052,7,23,200,295,319,16,298,341
K01519,5,13,129,150,176,4,141,197
K02884,576,104,2288,1825,606,85,608,2331
K01417,16,10,145,157,378,9,275,281
K02242,0,0,0,0,0,0,0,0
K01638,23,2357,3280,4827,649,364,807,5120
K01637,39,4031,5418,5149,1044,663,1221,7077
K06142,4,81,167,412,216,15,160,328
K01737,12,25,277,439,215,40,196,607
K01154,16,13,260,86,116,4,104,179
K03427,36,41,613,317,308,14,361,567
K00699,1,19,178,49,421,11,379,419
K03088,2,17,40,101,127,10,114,227
K03446,0,0,0,0,258,0,211,10
K21572,15,171,642,1179,785,144,728,2314
K05349,4,74,519,643,792,88,593,1956
K14287,0,0,0,0,0,0,0,0
K03827,0,0,0,0,0,0,0,0
K07305,0,5,26,58,95,4,70,100
K07225,3,34,189,226,182,18,174,671
K01462,1,6,39,55,67,0,70,100
K04063,2,3,11,18,10,1,10,20
K23775,2,83,364,1275,52,63,73,1111
K03801,146,717,3455,6535,1056,401,1377,12837
K01695,3,22,194,193,127,13,90,351
K01696,3,43,201,119,332,15,243,365
K07491,0,10,78,53,62,4,42,132
K01609,0,13,160,29,111,6,74,123
K00766,8,49,261,162,244,9,286,325
K01657,10,53,262,141,279,17,274,475
K01658,0,0,0,0,0,0,0,0
K08738,6,12,223,63,163,20,138,482
K06970,4,0,81,45,239,8,197,218
K04567,51,82,1009,1150,804,76,781,1741
K00426,4,0,18,13,7,2,8,40
K00425,6,49,533,346,620,27,604,1104
K02470,97,305,2782,3562,1419,215,1427,6178
K07029,1,0,4,3,3,0,0,2
K11103,7,4,53,12,24,4,12,29
K00681,3,11,52,52,271,2,199,79
K15789,14,39,285,365,392,23,385,603
K07098,26,94,302,768,401,54,400,1430
K00648,6,126,238,667,435,52,366,1817
K03183,13,56,414,469,254,42,233,749
K09888,83,52,285,667,81,45,106,725
K18682,107,520,1733,8706,1132,342,1134,9255
K18954,3,5,46,18,196,6,149,75
K06867,0,1,9,12,5,1,7,14
K01485,0,3,38,31,176,1,114,106
K01845,0,1,26,20,142,2,91,64
K02395,28,92,626,554,591,53,494,1637
K01505,34,140,847,955,726,64,701,2058
K07397,11,41,346,166,344,23,293,557
K06975,15,20,347,171,173,17,208,464
K00615,8,21,411,204,396,10,379,445
K00615,2,20,361,128,266,8,290,343
K02687,7,22,207,141,199,22,200,255
K07507,0,9,21,26,188,6,199,105
K00784,13,29,517,255,309,18,248,486
K01991,32,62,697,628,444,47,387,1080
K02474,96,109,2823,1287,752,100,733,1968
K16692,135,139,2989,1738,615,115,678,2704
K06180,29,149,965,1300,558,96,483,3916
K01921,16,41,370,213,305,24,212,552
K00954,0,17,232,92,217,7,177,333
K00287,11,10,170,294,114,18,128,463
K03744,333,198,2021,2313,903,143,1003,4041
K11021,22,22,499,197,159,11,173,368
K07486,0,0,0,0,0,0,0,0
K06927,0,0,0,0,0,0,0,0
K01159,0,0,0,0,0,0,0,0
K02013,0,0,4,0,30,0,19,4
K02016,1,0,1,0,291,0,251,3
K03187,0,0,1,2,51,0,34,0
K04652,0,0,6,4,118,0,60,5
K04651,0,0,1,1,138,0,113,7
K00344,0,5,20,6,81,2,65,46
K03790,0,0,3,3,2,0,2,5
K00077,5,10,105,140,118,4,103,143
K11811,5,222,137,1381,240,197,210,3247
K04564,0,215,187,893,182,163,171,3882
K09012,1,43,76,339,218,29,216,461
K24204,0,0,1,0,2,0,0,2
K03088,1,1,3,17,12,1,5,25
K07165,0,1,5,0,218,0,151,30
K03797,0,4,6,5,452,1,403,24
K00227,16,20,96,201,228,9,183,397
K03701,11,52,343,259,210,33,181,684
K02014,0,6,33,41,252,3,178,100
K01083,0,0,0,0,0,0,0,0
K01118,0,0,0,0,2,0,2,0
K00946,2,12,181,144,267,26,251,427
K07107,9,29,351,297,291,27,245,678
K03555,45,149,523,1305,260,72,254,1824
K03790,0,0,0,0,0,0,0,0
K08994,6,7,40,56,152,7,133,119
K00858,21,70,476,479,817,58,690,987
K01624,146,306,3135,3870,1347,182,1488,5103
K06373,7,48,169,165,307,18,259,747
K03559,3,5,63,9,49,4,37,53
K03561,3,29,333,155,191,27,225,557
K10773,0,1,21,5,8,0,13,9
K03790,0,0,1,0,2,0,2,2
K03564,0,0,0,0,0,0,0,0
K00971,36,91,934,761,474,69,430,1558
K12340,15,21,207,341,315,18,290,599
K02742,0,0,0,0,0,0,0,0
K11754,4,7,125,96,504,8,356,192
K02426,0,0,0,0,0,0,0,0
K03696,1120,13361,30005,117387,9647,6883,11003,163180
K00566,10,120,926,679,725,86,666,2605
K00587,0,1,2,24,24,1,21,50
K02478,2,4,84,48,84,4,51,151
K13652,0,7,25,65,125,2,125,330
K03797,10,4,149,75,242,7,219,145
K04565,0,0,0,0,0,0,0,0
K06937,24,9,115,76,98,3,100,139
K03787,0,0,0,0,0,0,0,0
K13292,9,47,310,306,208,32,221,743
K00364,30,29,389,313,242,30,243,959
K00059,0,0,0,0,0,0,0,0
K07056,0,0,0,0,0,0,0,0
K00857,31,54,469,431,239,25,259,801
K01798,95,123,2215,1166,808,67,851,2248
K07001,27,61,862,503,1030,46,962,1207
K07042,12,19,363,163,145,20,131,353
K03495,128,157,2199,1452,1073,163,1230,3108
K00927,17,37,1106,695,394,39,481,1031
K01808,84,75,598,982,330,55,339,1147
K12573,140,239,2372,1400,1390,135,1448,3779
K01297,0,0,1,0,2,0,1,2
K07460,0,0,0,0,0,0,0,0
K14742,0,0,0,0,0,0,0,0
K06287,19,38,201,330,112,31,115,558
K03270,3,6,60,69,54,4,68,100
K03088,119,312,759,2721,325,196,346,3195
K03596,17,60,724,635,529,50,502,1539
K03574,4,7,61,41,233,4,202,85
K01939,10,9,171,97,353,3,312,182
K23518,0,14,52,48,109,2,92,154
K12410,6,11,80,80,145,11,125,179
K07559,6,13,88,87,177,9,156,278
K07313,1,39,176,140,377,25,334,593
K04758,8,33,113,236,89,18,83,443
K04759,69,237,1282,1614,870,144,815,3626
K00684,0,8,78,81,222,8,164,160
K12243,77,68,779,786,362,47,394,1180
K02014,0,0,17,14,1033,1,1094,29
K00806,45,85,598,812,353,47,325,1557
K07277,94,293,3012,2885,1793,231,1657,6302
K06142,44,63,614,713,210,38,227,1038
K06142,695,968,5913,11557,1662,541,1902,15167
K07107,5,6,78,103,140,8,101,123
K00067,10,7,152,195,243,6,228,270
K21900,1,0,28,13,177,4,146,61
K01883,19,12,242,100,438,12,340,169
K01495,18,11,190,191,99,10,82,337
K00297,0,0,0,0,0,0,0,0
K00548,7,48,245,407,331,36,258,1061
K00831,16,32,759,148,621,28,538,494
K01302,12,30,285,182,389,24,341,456
K01745,12,47,257,299,338,9,275,440
K00059,20,30,227,373,285,17,289,558
K02078,49,14,227,181,70,10,60,264
K09516,3,8,104,107,622,11,428,282
K19200,0,1,36,31,224,0,180,85
K01444,5,27,182,102,299,12,306,380
K06201,4,22,112,129,139,7,107,253
K01192,5,16,100,93,237,9,134,204
K11936,0,0,0,0,0,0,0,0
K00912,10,23,346,144,251,9,263,451
K03783,16,72,324,405,227,28,181,1078
K02346,5,12,139,38,427,14,323,211
K24866,0,0,0,0,0,0,0,0
K02014,0,8,35,24,597,3,523,34
K00381,1,11,57,14,287,5,279,59
K00380,10,76,261,97,513,16,409,177
K02303,4,47,119,82,174,24,127,140
K01738,4,72,229,117,144,24,163,325
K00640,7,121,334,136,80,36,146,467
K00956,24,146,486,249,202,44,235,838
K00957,40,327,863,502,338,91,527,1356
K00390,22,255,638,318,239,81,340,1044
K18954,9,11,98,135,62,8,43,207
K16842,0,0,0,0,34,0,12,2
K03790,0,0,0,0,0,0,0,0
K00285,104,7,5935,523,2732,64,2661,3093
K12658,2,3,605,56,435,7,370,573
K13877,2,3,2490,77,1554,40,1462,1985
K21062,23,2,1673,97,1073,24,981,1170
K01278,2,28,814,180,752,31,671,894
K03652,0,0,1,1,22,1,14,3
K03649,0,0,0,0,1,0,2,0
K11741,0,0,0,0,0,0,0,0
K11383,1,3,96,47,165,1,179,89
K02014,6,9,44,88,143,4,171,145
K03724,10,80,543,372,388,26,365,848
K06953,0,0,0,0,0,0,0,0
K01834,0,0,0,0,0,0,0,0
K08307,19,125,801,1063,330,89,370,1664
K03284,14,21,208,219,263,16,203,407
K00648,0,0,0,0,0,0,0,0
K00075,9,9,73,119,255,4,216,161
K00981,4,2,36,47,22,2,32,79
K11085,0,11,30,78,78,3,57,168
K01613,0,0,0,0,0,0,0,0
K07263,1,1,21,28,36,1,43,70
K06133,39,21,159,76,233,7,162,420
K02437,233,78,724,1072,316,42,377,1867
K18831,276,213,1555,2607,228,111,277,2841
K14060,406,177,2098,2209,374,142,386,2076
K07497,29,25,551,280,401,15,381,464
K07391,0,0,2,2,12,0,4,3
K03668,0,0,0,0,0,0,0,0
K03665,115,407,2226,4165,722,243,879,6361
K03316,40,99,615,1076,641,75,526,1713
K07300,56,176,534,1394,523,82,480,2146
K06886,11,1,60,39,40,1,43,56
K08715,9,20,109,141,200,12,145,357
K06940,2,4,14,4,18,2,12,25
K00262,10,7,72,93,94,6,106,113
K05937,0,0,0,0,0,0,0,0
K00627,22,51,407,498,181,37,190,843
K00161,44,134,1172,543,607,108,606,2523
K02171,4,7,17,100,11,4,11,110
K13236,0,48,78,108,319,14,246,646
K01918,22,68,451,839,319,47,294,1246
K00891,0,0,0,3,5,0,2,5
K04762,0,1,1,4,3,0,10,7
K22083,1,14,98,157,85,6,87,205
K00334,29,76,634,791,268,70,321,1405
K00335,39,131,1407,1438,816,98,783,2695
K00337,23,66,649,638,501,50,455,1631
K00338,8,36,290,329,144,32,159,490
K00339,8,20,162,252,105,15,113,434
K04564,0,0,0,0,0,0,0,0
K03628,208,427,4385,7974,1668,420,1875,9510
K01077,1,9,5,13,120,0,74,13
K00343,31,21,222,170,75,13,43,298
K00341,32,78,684,1244,576,52,560,2290
K00340,13,25,274,356,167,24,156,704
K04750,6,15,129,141,57,13,51,237
K07032,4,2,113,54,97,3,54,91
K09003,16,10,134,130,299,4,253,219
K11752,14,72,320,394,318,37,266,920
K06973,20,95,464,391,175,61,192,1348
K02902,58,38,607,578,299,38,276,501
K02913,46,20,650,331,158,25,194,267
K09022,0,0,12,7,2,1,4,19
K04773,2,10,27,118,37,5,30,261
K03110,0,0,0,0,0,0,0,0
K00950,14,34,232,316,83,17,74,450
K03286,34,902,6514,2762,3194,489,3199,13657
K00604,5,12,97,138,100,8,83,230
K14652,9,18,110,212,151,12,167,265
K15255,1,1,1,6,10,0,10,4
K01726,2,7,47,100,52,3,28,128
K22074,28,212,1775,1833,603,138,740,3499
K01400,1,5,134,33,60,4,59,105
K19784,0,0,0,0,0,0,0,0
K01772,0,0,0,0,0,0,0,0
K02014,40,124,549,841,522,46,421,1468
K01069,0,0,0,0,0,0,0,0
K01194,0,4,127,209,581,5,530,332
K08174,2,4,39,119,247,8,221,144
K03585,0,49,17,102,148,12,108,1177
K01790,3,12,180,221,140,10,158,351
K14441,36,36,644,421,728,31,655,699
K01142,57,28,238,352,96,13,93,546
K03642,0,0,0,0,0,0,0,0
K03719,1,0,10,14,54,1,38,17
K00549,18,51,548,141,545,10,382,890
K03088,13,41,205,300,153,14,161,580
K00451,1,5,68,26,69,2,45,127
K02014,356,1150,1452,8866,1432,771,1127,14960
K01174,9,6,73,99,254,6,227,155
K03543,0,0,0,0,3,0,1,0
K07090,0,0,0,0,31,0,22,2
K00286,0,5,120,30,121,6,86,128
K00428,1,11,66,27,155,2,119,88
K03593,114,123,829,841,429,96,439,2257
K01870,50,143,2165,927,1759,97,1643,2594
K12243,6,40,153,353,146,8,108,447
K03417,3,102,180,96,270,28,282,1155
K01659,24,99,359,191,396,43,345,1484
K01720,8,157,302,208,640,26,555,1565
K00140,22,98,325,146,629,30,664,1584
K11538,10,60,203,85,351,21,259,926
K00020,0,29,104,25,242,11,255,562
K01715,2,34,93,108,192,12,188,603
K18954,14,7,157,124,247,5,206,274
K19572,1,5,66,41,265,3,157,72
K21573,1,2,27,11,1319,5,949,60
K21572,0,1,13,0,179,0,167,25
K01889,1,1,13,11,152,1,130,19
K03790,1,3,31,24,245,3,152,41
K18954,1,1,31,29,179,5,163,43
K17836,0,4,12,12,303,4,187,34
K02492,30,22,329,259,159,16,108,468
K01749,16,113,929,705,561,62,592,1738
K01719,3,27,292,168,140,14,158,567
K11717,1,5,30,53,29,3,18,80
K01599,0,0,0,0,0,0,0,0
K02897,120,53,481,891,245,44,232,1139
K08987,7,7,53,43,37,4,38,105
K00626,55,122,1256,1612,711,111,682,2656
K06902,6,60,360,273,413,23,354,807
K21488,0,0,7,4,42,1,38,12
K00760,39,25,577,353,172,20,140,395
K00939,10,8,159,155,77,8,79,197
K03979,0,0,0,0,0,0,0,0
K07300,10,15,235,223,351,26,241,419
K25132,0,15,94,208,148,11,117,258
K25133,2,14,78,135,237,12,186,174
K10834,1,8,80,102,128,6,128,154
K01956,10,37,820,82,836,12,741,373
K00609,42,34,532,185,567,15,528,232
K01755,87,32,538,164,242,7,228,312
K03719,0,0,0,0,0,0,0,0
K00930,6,2,89,27,282,0,177,55
K13043,3,4,53,14,168,1,128,28
K00145,14,9,133,75,116,4,124,80
K01940,175,38,349,177,305,5,266,103
K01908,9,69,408,137,601,19,464,761
K01895,49,110,1061,416,1126,71,920,1793
K01139,94,300,2285,1875,1040,180,1109,5135
K03313,0,5,34,29,10,3,16,43
K07058,0,0,0,0,0,0,0,0
K00783,0,0,0,0,0,0,0,2
K03216,0,0,0,0,0,0,0,0
K19302,14,21,459,289,324,40,347,670
K03117,7,31,210,155,282,25,251,445
K00675,0,0,0,0,0,0,0,0
K08151,2,7,143,74,175,6,134,168
K08968,0,0,0,0,0,0,0,0
K06213,13,28,328,296,265,19,255,658
K04066,0,0,0,0,1,0,0,0
K01192,7,3,185,82,316,6,307,207
K00382,213,219,3265,3608,1647,191,1710,4008
K01890,19,86,499,1130,278,59,312,1599
K03668,0,0,0,0,0,0,0,0
K02834,35,60,444,791,165,37,202,992
K03531,207,347,2788,4374,994,272,1044,6411
K09117,0,0,0,0,0,0,0,0
K03590,31,175,1965,963,922,162,887,3837
K03589,18,92,1303,453,775,111,833,2026
K01924,23,42,458,246,267,23,226,616
K02563,15,33,406,258,330,29,296,823
K01925,15,52,642,259,656,65,625,1334
K01000,43,55,882,419,335,35,350,1312
K01928,9,34,342,127,310,27,290,606
K03438,33,35,607,313,297,26,296,740
K03925,38,46,616,513,345,35,419,1110
K03978,49,49,499,664,214,35,218,1203
K02348,39,26,253,287,180,33,159,580
K07504,5,4,27,16,192,0,142,42
K07304,0,0,0,0,0,0,0,0
K25026,16,43,228,308,294,25,306,636
K02014,1,33,103,195,433,24,369,492
K02014,1,2,23,37,232,5,175,63
K02014,7,26,139,205,698,18,540,427
K20483,0,31,73,225,221,18,166,698
K20484,0,12,34,91,238,13,196,290
K01744,7,21,201,171,360,27,361,648
K11066,35,87,1020,628,545,74,614,2227
K18954,0,1,5,8,2,0,4,7
K01251,32,10,260,89,231,9,201,205
K07226,212,47,554,905,297,41,312,1481
K07300,0,1,2,4,90,0,77,17
K03704,0,0,2,13,75,0,80,37
K00558,73,34,659,452,179,20,173,650
K14060,35,13,316,215,124,8,129,264
K00558,41,71,610,750,540,51,385,1119
K11904,247,608,4914,4856,2339,362,2330,8097
K03650,60,49,614,411,125,11,106,570
K03719,48,46,539,354,77,13,47,626
K07096,6,10,81,81,336,1,275,146
K18954,5,7,61,48,154,4,112,107
K03585,0,1,12,4,169,0,114,20
K15725,0,0,0,0,189,0,215,13
K00243,0,0,0,0,0,0,0,0
K06193,18,14,250,175,129,20,143,310
K03500,12,19,270,317,649,9,606,491
K01113,1,0,12,14,594,4,544,54
K18954,13,35,394,360,364,31,343,659
K21430,4,8,44,36,76,5,95,54
K03702,27,87,713,590,1111,53,983,1416
K17686,309,8848,24377,59209,8417,4396,9667,124149
K22278,21,108,925,490,534,82,638,1317
K06997,9,8,239,199,178,4,135,333
K03327,17,62,580,322,274,34,296,1172
K15977,0,1,10,6,18,0,10,32
K03595,16,58,473,668,177,32,191,994
K01265,9,37,307,348,216,23,199,501
K03921,0,3,19,11,8,3,9,19
K15633,138,177,1594,3312,921,126,834,3924
K07093,18,4,60,69,197,4,161,104
K03113,0,0,0,0,0,0,0,0
K00428,0,4,5,10,739,2,597,16
K23775,3,9,51,51,204,4,118,74
K01246,14,9,43,56,162,3,120,123
K01201,0,2,29,71,55,9,29,168
K03070,4,11,25,154,8,8,7,237
K03593,34,198,1123,579,570,118,577,3132
K19168,23,32,167,269,69,29,57,528
K01372,2,9,23,75,24,3,15,133
K03088,0,54,40,63,105,19,88,592
K03319,1,41,361,54,254,38,234,1307
K03550,2,5,52,42,199,6,127,98
K11904,63,96,969,924,849,54,731,1507
K08972,0,0,0,0,0,0,0,0
K01303,17,54,398,277,785,19,679,627
K22580,4,33,202,85,673,22,760,393
K07568,62,36,1635,699,655,50,638,846
K06941,40,22,539,417,390,27,391,676
K15537,35,61,610,391,525,40,566,1010
K02523,19,59,430,808,247,42,245,1098
K11381,89,319,2701,5345,1379,320,1448,7284
K07453,11,13,157,114,91,8,60,183
K00330,15,30,391,451,173,41,185,966
K01607,1,3,50,79,271,7,269,43
K18954,11,12,276,150,265,10,195,216
K02548,26,53,438,596,313,26,293,701
K03218,16,53,621,518,311,30,311,1225
K03924,18,71,588,842,372,56,335,1636
K00657,6,13,126,189,138,10,115,456
K07114,5,19,162,194,246,16,194,643
K07114,4,32,191,117,271,19,190,506
K05595,9,11,100,86,53,9,43,228
K03088,0,4,10,15,268,0,242,11
K19222,1,0,5,1,68,2,50,6
K03973,25,280,512,1994,218,150,164,3271
K10947,2,416,135,2977,173,176,154,4449
K10806,0,0,0,0,0,0,0,0
K07456,4,44,262,385,234,30,234,992
K16568,18,19,183,161,295,7,236,232
K03648,0,0,3,2,11,0,8,9
K09793,6,73,654,582,293,52,340,1115
K16053,33,45,382,497,508,25,422,474
K03474,12,44,470,400,319,47,248,528
K01175,16,29,438,355,305,20,306,558
K08225,0,1,10,4,77,0,163,11
K03723,28,112,1103,699,1201,88,1050,1637
K11904,44,845,2452,1845,1331,475,1522,8201
K01056,0,0,0,0,0,0,0,0
K01673,0,0,0,0,0,0,0,0
K01673,42,148,844,863,407,90,392,2263
K00640,0,0,0,0,0,0,0,0
K00648,11,53,244,276,204,23,241,433
K16568,3,14,314,118,202,9,146,282
K19294,60,27,659,365,563,19,451,773
K01953,3,24,134,147,368,12,308,284
K16870,1,30,150,88,378,22,427,415
K16568,1,6,50,76,298,8,206,160
K16870,2,23,152,213,314,11,295,457
K13018,2,20,126,84,110,8,98,308
K09691,51,56,943,551,364,41,370,1062
K09690,8,66,372,453,418,41,406,1042
K00973,22,51,371,390,339,34,324,876
K01710,1,2,64,19,59,5,56,101
K00012,9,32,368,344,444,34,477,681
K09748,50,55,324,549,137,35,132,652
K02600,133,228,2054,1831,704,175,780,3151
K02519,107,657,3270,3067,1815,417,1856,9219
K21573,509,1257,17829,11147,5208,553,5844,17439
K21572,271,525,12400,5229,2668,255,2699,8974
K22136,17,16,547,291,460,10,372,445
K00645,36,133,1553,1142,742,73,765,2344
K01610,105,222,4742,3072,2991,182,2519,4829
K03786,1,4,48,75,44,9,38,112
K09861,29,32,550,401,138,36,120,796
K07052,36,109,847,1115,320,85,350,2018
K07566,49,106,1522,676,391,89,420,1842
K09990,3,2,9,11,181,2,148,23
K02171,51,32,367,313,74,23,70,548
K02172,77,137,1280,1435,462,98,455,2395
K00616,0,5,60,71,32,2,40,141
K00661,0,0,0,0,0,0,0,0
K05995,3,9,136,143,194,21,154,242
K07259,5,32,168,159,243,34,207,473
K03118,4,22,210,206,149,15,93,334
K06041,7,18,139,115,93,24,100,381
K03654,148,808,5014,5472,2097,508,2258,11757
K08218,3,0,49,41,440,2,287,138
K18785,0,4,26,4,312,0,241,60
K09704,13,38,349,309,533,28,446,765
K08364,8,27,171,180,104,7,105,279
K01354,21,22,122,131,331,17,309,353
K01719,25,55,523,358,231,35,243,796
K00721,10,22,269,246,190,14,218,484
K00773,20,32,415,340,421,29,395,678
K11720,4,5,67,18,79,1,82,79
K09710,344,649,1382,5664,303,306,365,7246
K18962,11,18,87,268,240,16,178,2345
K00784,0,4,42,74,165,4,117,418
K15255,2,11,88,76,368,11,305,102
K18954,5,2,68,25,341,0,363,102
K11089,5,28,106,291,326,22,262,723
K03321,3,6,84,45,480,6,368,153
K05795,71,206,1404,1611,258,123,291,3512
K05791,48,187,593,1501,360,85,316,2893
K05794,3,34,165,348,125,21,114,825
K01892,4,11,49,86,90,7,74,227
K03111,156,374,1323,5280,565,222,525,3998
K18954,6,0,62,30,111,2,81,50
K03811,2,2,20,34,136,0,106,44
K07168,5,12,133,77,171,9,153,264
K07071,3,16,200,79,236,7,234,344
K12945,0,3,44,22,66,4,45,65
K07126,4,5,70,47,121,2,74,127
K03296,3,3,22,25,19,3,16,123
K02005,0,110,384,459,308,42,266,1896
K12340,5,120,440,871,287,61,282,1960
K00243,3,1,41,49,77,4,42,36
K03781,72,799,3739,2530,1558,451,1711,10785
K01715,246,1752,5496,10902,1463,826,1835,21125
K01493,97,653,1926,2692,500,287,653,6559
K04763,22,351,1118,580,367,200,415,4057
K03426,0,0,0,0,0,0,0,0
K02014,21,18,381,286,447,13,431,431
K01682,122,745,5909,4028,2864,513,3217,12533
K02477,0,0,0,0,0,0,0,0
K03150,0,0,7,2,160,1,139,11
K03149,0,0,2,6,223,0,203,16
K00788,0,0,1,0,15,0,22,2
K03147,0,0,5,2,130,1,77,2
K03154,0,0,0,0,0,0,0,0
K18954,0,0,5,4,18,0,13,4
K20968,0,0,0,0,0,0,0,0
K21573,0,5,28,5,345,3,277,54
K21572,0,0,0,0,0,0,0,0
K03629,3,2,10,14,20,0,24,25
K06894,282,1331,9064,8493,3027,718,2874,14656
K08276,0,0,0,0,0,0,0,0
K04750,0,0,0,0,0,0,0,0
K08994,13,102,369,792,403,68,357,1325
K24163,12,176,498,995,703,73,579,1893
K22757,116,231,1821,2213,638,144,615,2474
K15519,19,31,379,404,190,22,193,553
K00537,0,0,0,0,0,0,0,0
K09158,0,0,0,0,0,0,0,0
K02014,1,0,5,7,19,2,27,15
K00941,0,0,0,0,0,0,0,0
K03707,0,0,0,0,0,0,0,0
K03657,19,133,1332,648,1047,81,1033,1816
K07263,0,29,93,90,358,19,258,614
K07263,3,31,117,190,360,27,255,902
K03075,7,33,362,302,326,26,337,1014
K16870,4,2,78,53,28,4,18,50
K06187,31,22,243,167,269,5,257,258
K01270,51,159,1881,2364,1218,139,1160,3686
K22522,7,16,110,24,105,10,77,285
K01322,25,66,789,617,719,50,625,1253
K01889,2,5,89,27,54,4,27,79
K01779,0,0,0,0,0,0,0,0
K01929,9,22,174,185,205,12,158,334
K09001,6,16,103,186,110,13,105,186
K12340,10,28,559,498,272,34,277,441
K03543,0,28,695,230,403,59,445,787
K03446,4,37,628,528,779,67,661,676
K05908,15,13,146,138,40,8,46,240
K01246,0,3,10,21,13,0,18,20
K03969,26,287,650,2036,480,245,630,4503
K02014,0,0,0,5,326,0,350,3
K02483,10,40,276,40,264,23,281,507
K03572,29,77,688,755,556,45,550,1401
K03559,61,343,2403,2262,1017,202,1049,3856
K03832,36,429,3940,1064,1495,298,1675,5791
K02040,53,63,627,790,320,35,311,1364
K01463,24,177,797,2012,414,110,423,1769
K18889,1348,646,2261,6502,377,311,409,6851
K03625,276,70,1115,1049,362,44,436,1278
K03210,53,14,349,326,201,14,196,444
K16652,3,3,46,43,162,2,132,67
K03442,8,7,127,70,92,6,105,291
K01939,65,12,1188,47,628,5,623,59
K01876,0,3,23,18,94,2,80,42
K07727,0,0,0,0,0,0,0,0
K03327,8,37,163,144,391,20,324,245
K00748,37,27,238,306,329,14,272,562
K15538,4,11,80,124,257,17,186,191
K02238,25,12,226,117,421,11,345,191
K00241,90,55,1030,432,702,39,618,1218
K00239,116,171,5486,2276,3289,228,3145,5527
K00240,24,87,2249,1193,1023,93,902,2506
K03215,93,86,861,800,557,52,547,1225
K00859,0,0,0,0,0,0,0,0
K07734,4,53,310,421,128,26,153,858
K03551,33,48,482,594,250,37,285,1012
K01468,17,70,594,499,414,40,357,1233
K02168,22,144,945,691,873,81,669,1872
K01479,65,131,942,822,603,87,653,1849
K00873,8,16,71,150,45,2,55,248
K03685,0,0,0,0,0,0,0,0
K09458,76,71,1455,751,362,50,421,1533
K02078,624,358,4165,3462,1249,237,1374,6044
K00638,7,10,61,154,219,10,172,267
K20968,19,22,109,251,112,15,99,354
K11904,155,439,2072,3217,1435,209,1416,4783
K14060,361,115,4567,1536,393,114,497,2755
K01465,5,3,20,20,43,2,34,47
K22719,208,212,1823,2189,892,134,828,3822
K03116,99,41,559,369,162,24,163,539
K01207,36,78,742,941,574,50,455,1495
K00754,18,53,439,922,315,48,287,1188
K09797,18,15,82,127,57,10,42,169
K02217,0,0,0,0,0,0,0,0
K00705,453,2065,6238,24341,2284,1488,2518,29499
K06006,0,0,0,0,0,0,0,0
K02429,10,37,458,346,309,15,239,492
K02956,0,0,0,0,0,0,0,0
K00962,12,18,124,228,79,14,74,312
K07727,0,0,0,0,0,0,0,0
K07074,2,9,63,114,136,9,113,155
K07074,1,20,73,77,390,5,342,175
K00768,3,3,59,32,245,4,176,44
K02233,0,0,0,0,0,0,0,0
K18954,4,1,21,23,200,2,164,39
K00355,0,0,0,0,0,0,0,0
K01262,2,17,88,137,243,4,168,159
K18954,0,0,0,0,0,0,0,0
K08717,0,2,16,16,265,1,204,11
K03190,0,0,1,1,431,0,353,11
K03189,0,1,8,5,260,1,168,32
K03188,0,0,7,7,162,0,107,6
K03187,0,0,0,0,6,0,11,0
K01428,0,0,1,1,272,0,204,5
K01429,0,0,0,1,221,0,260,1
K01430,0,0,2,0,33,0,30,0
K11942,0,2,8,13,2,0,2,19
K02871,107,208,4354,1373,1897,120,1959,2460
K02996,37,168,3453,1102,1931,104,1915,2361
K02967,155,235,5086,1799,2268,159,2307,3315
K03439,0,1,4,2,1,0,0,5
K02357,7,1,137,57,156,0,121,99
K01962,1,2,29,69,27,2,10,64
K09698,24,174,1059,1607,585,108,611,2504
K21001,12,17,140,217,301,10,230,264
K00819,0,0,0,0,0,0,0,0
K09973,0,8,46,22,174,3,159,61
K03088,0,1,8,3,241,1,195,23
K01810,63,43,815,682,826,34,708,1127
K01491,8,32,539,228,469,28,446,710
K10026,2,24,220,132,221,17,201,312
K02066,27,48,337,402,352,24,320,653
K23010,59,281,1000,1777,316,173,345,3510
K07588,38,112,1199,840,427,55,528,1185
K01417,15,37,276,266,368,24,307,501
K02839,2,2,31,92,96,8,50,501
K14415,2,6,16,54,335,3,260,410
K01847,0,4,23,12,194,5,220,55
K03466,450,334,1852,4163,440,187,616,4673
K03918,100,467,2472,6450,1052,265,1082,8512
K03585,14,134,1431,945,697,89,765,3050
K03296,35,328,2821,1217,1884,179,1876,6368
K02014,3,14,14,59,77,7,64,124
K02346,2,3,33,73,371,3,303,127
K03781,24,44,1232,205,1331,46,1221,1066
K10979,58,100,874,844,321,65,307,974
K01971,6,57,591,453,267,40,280,599
K01971,39,55,661,319,555,39,491,649
K03885,34,24,564,159,580,13,512,334
K08995,29,45,325,354,232,24,243,231
K18954,31,32,208,250,187,9,156,396
K06889,1,3,14,23,120,2,94,44
K00661,3,11,20,27,84,6,51,77
K21573,10,11,309,245,1261,18,951,662
K21572,3,7,114,140,369,12,315,373
K15726,17,137,501,481,1137,73,950,2145
K15727,5,52,218,159,460,32,378,801
K08994,19,70,461,355,343,39,310,1230
K16264,9,17,352,174,326,21,264,596
K01534,23,89,627,440,549,48,531,1014
K07152,12,12,171,110,278,11,207,282
K04564,8,17,463,200,255,17,244,567
K00428,0,2,8,13,217,1,155,33
K13292,3,0,15,0,18,2,9,7
K22736,4,25,137,106,321,9,345,103
K11904,92,334,3346,1790,1908,287,2061,6025
K03791,26,98,1102,438,885,103,823,1638
K03205,0,1,7,15,399,0,302,15
K02014,9,33,209,150,232,13,207,707
K07229,0,0,0,0,0,0,0,0
K03543,6,365,1797,5877,175,326,341,5181
K18954,72,637,3463,10032,567,435,811,5505
K07056,5,12,108,85,192,8,123,208
K02313,22,21,127,186,134,7,107,269
K25307,0,0,0,0,0,0,0,0
K07107,2,6,76,47,189,1,157,98
K04518,12,16,166,142,204,9,155,336
K07478,0,0,2,4,4,0,2,5
K23997,4,7,28,19,74,2,71,64
K13292,0,0,0,0,0,0,0,0
K00058,6,9,153,166,109,16,93,355
K03282,0,0,0,0,0,0,0,0
K01823,17,13,123,295,229,10,191,331
K00605,14,43,929,595,590,37,659,978
K01302,0,17,163,64,427,8,437,226
K01302,0,19,207,70,426,22,336,277
K03767,306,351,2822,2882,434,287,418,4124
K00826,33,27,152,302,169,16,161,354
K01783,10,15,126,270,94,11,78,349
K09930,9,42,274,311,130,28,137,438
K01206,8,23,93,128,349,15,305,285
K00940,1,0,16,3,18,0,8,9
K06949,136,20,478,511,293,19,280,553
K04516,32,52,499,369,365,36,265,829
K02343,11,31,451,240,129,16,122,616
K08224,11,22,188,194,461,14,433,271
K15977,0,1,14,27,65,2,56,38
K06998,0,0,0,0,1,0,2,2
K18954,0,0,1,0,0,0,2,0
K03639,4,23,238,187,278,17,305,507
K03750,13,33,210,152,372,27,282,400
K03637,6,14,78,56,125,15,94,125
K03752,3,9,119,78,123,14,150,207
K08994,0,0,0,0,0,0,0,0
K02379,11,51,386,279,193,28,203,666
K03635,9,46,373,140,252,43,259,893
K07090,10,8,52,65,70,7,79,120
K03636,0,0,0,0,0,0,0,0
K07223,10,84,383,723,193,51,200,1203
K08978,0,0,0,0,0,0,0,0
K00027,0,0,0,0,1,0,1,4
K09794,102,132,1380,1424,391,100,427,1892
K02429,10,62,365,528,511,36,480,1085
K20483,7,4,68,79,132,8,100,108
K20483,0,0,0,0,0,0,0,0
K03544,1294,2748,27523,25408,8853,1525,9223,44026
K02503,0,13,43,87,91,3,83,166
K03624,62,73,526,1354,227,60,256,1755
K18954,0,0,0,0,0,0,0,0
K01302,9,114,629,251,623,87,654,1305
K06959,7,6,115,115,245,8,192,214
K00588,6,14,120,83,153,6,104,304
K06207,35,43,1400,796,873,36,997,1240
K02217,152,249,5655,1948,2074,175,2261,4115
K06942,18,37,950,438,519,38,548,1141
K18954,9,39,161,352,188,17,160,575
K03718,0,0,0,0,0,0,0,0
K25706,15,76,454,331,286,37,280,875
K09761,0,0,1,0,0,0,0,2
K00556,0,0,1,0,10,0,4,1
K01424,3,6,149,84,141,7,155,264
K02014,0,1,5,5,69,0,67,18
K13049,14,69,408,849,285,60,269,1364
K01265,1,7,62,79,190,5,125,157
K06889,0,0,0,0,0,0,0,0
K11904,18,137,588,441,454,70,412,1360
K22479,1,3,55,50,41,3,42,72
K18954,3,21,136,296,264,7,232,335
K07148,0,5,17,6,479,0,535,27
K11928,5,11,85,38,241,6,173,148
K13075,0,0,0,0,0,0,0,0
K02160,14,63,921,363,418,43,452,1557
K07040,0,20,128,20,41,13,77,241
K02911,0,0,0,0,0,0,0,0
K00793,31,48,378,595,289,42,270,886
K13598,26,76,576,469,259,49,249,1082
K15460,0,0,0,0,0,0,0,0
K09812,0,8,9,15,23,0,18,49
K06881,1,10,131,98,323,8,265,254
K07001,0,0,0,0,0,0,0,0
K03559,0,0,0,0,0,0,0,0
K06871,8,44,852,116,408,20,494,1022
K04075,29,84,582,597,392,64,370,1344
K01284,22,196,1123,1272,834,136,766,3604
K09858,0,1,18,13,50,1,53,25
K03775,3,5,41,94,33,8,27,94
K03547,11,12,125,75,267,14,163,254
K03546,4,27,237,136,330,9,271,484
K18574,12,13,177,169,319,8,262,120
K15777,0,0,0,0,0,0,0,0
K01745,0,58,276,152,237,30,229,944
K03829,0,0,0,0,0,0,0,0
K03703,155,83,1175,1190,745,68,762,1590
K01969,16,105,440,689,572,71,473,1302
K09760,5,1,37,51,93,0,91,92
K02483,20,32,317,356,173,14,163,627
K15725,3,4,114,24,251,3,169,55
K15727,0,1,90,21,179,4,140,40
K15726,12,5,179,74,672,5,550,81
K09780,0,0,0,0,0,0,0,0
K00763,64,668,1925,2380,1128,286,1166,8527
K04047,38,110,949,1571,230,58,373,2481
K02950,17,102,1485,742,738,68,901,1477
K02992,38,93,2234,770,1098,81,1230,1639
K02355,129,556,15381,5676,8619,477,8725,12893
K02946,82,48,1599,851,973,45,961,1647
K16089,20,2,215,142,800,8,646,389
K01873,52,93,1116,1298,971,85,854,2431
K07461,35,15,642,110,86,19,63,253
K00852,41,150,952,770,584,85,537,2131
K06950,25,29,497,414,247,19,233,710
K00525,11,33,382,429,352,39,278,660
K02003,1,28,47,74,161,13,93,470
K02004,5,83,180,377,519,51,387,1411
K02004,9,41,157,286,321,47,229,1278
K02005,8,62,272,364,403,47,311,1514
K22124,46,70,365,493,419,19,229,448
K03892,33,22,99,171,73,9,51,210
K03741,0,8,94,7,193,6,213,135
K00600,99,125,2557,1416,1433,108,1449,2978
K03565,5,1,62,53,56,2,51,109
K07107,0,0,0,0,0,0,0,0
K01990,0,1,50,23,189,7,141,78
K07263,22,213,394,1308,886,56,783,2148
K07003,10,31,233,268,288,19,257,549
K16568,1,22,179,118,422,7,351,249
K22580,0,14,41,24,366,8,252,70
K03286,11,17,181,217,166,16,183,352
K03307,3,3,44,25,319,5,253,89
K06889,7,30,258,380,337,24,272,751
K07705,2,6,66,47,184,2,129,107
K00355,1,5,35,63,62,5,40,105
K08726,1,0,6,4,94,0,93,22
K06949,1,2,37,60,275,10,235,154
K03824,0,0,4,1,3,1,5,5
K03322,10,94,330,209,663,55,713,1525
K03687,71,957,1178,7841,331,326,397,9945
K03686,22,1536,1942,4470,743,696,860,9331
K09781,0,0,2,2,32,0,22,0
K03975,0,0,0,0,0,0,0,0
K02836,34,64,566,302,288,44,263,1218
K01990,2,10,23,111,87,11,70,266
K12267,14,10,51,83,15,7,14,119
K21741,47,133,845,1775,373,107,352,1309
K03088,0,8,92,74,52,1,49,139
K01872,35,40,883,429,811,48,748,1474
K00428,0,1,2,7,312,0,195,15
K19701,1,10,52,78,89,7,58,187
K01754,187,28,1391,109,258,29,176,793
K00053,3,34,550,116,357,45,422,1494
K01652,5,46,551,107,522,32,508,1117
K01653,0,0,0,0,0,0,0,0
K01687,31,93,920,107,1267,69,1084,2530
K00826,6,56,335,86,519,17,407,930
K00796,10,6,126,37,221,3,166,244
K01354,21,108,1674,1407,996,84,889,2499
K01803,15,100,660,813,347,54,372,1593
K02316,91,1833,3722,19198,1395,931,1624,29269
K01358,0,0,0,0,0,0,0,0
K06925,5,5,113,48,82,1,79,90
K00259,30,72,625,305,456,60,411,1435
K03455,5,6,72,48,638,6,452,165
K20483,17,89,376,800,138,64,141,2558
K01417,0,0,0,0,0,0,0,0
K02945,18,188,790,1013,804,74,651,2915
K01053,3,1,27,18,13,2,13,37
K02574,0,0,0,0,0,0,0,0
K18954,0,0,0,0,0,0,0,0
K06182,6,138,492,413,420,55,485,1922
K03177,12,15,134,126,308,11,271,244
K06153,3,10,71,86,150,2,131,188
K09811,1,8,63,17,92,2,78,148
K02528,0,0,0,0,0,0,0,0
K00318,32,64,729,945,561,53,497,1221
K03701,22,39,599,569,808,24,681,875
K02469,145,311,2482,3504,1257,218,1244,5005
K01661,7,37,206,456,206,20,213,479
K02867,25,79,2592,532,1428,47,1534,1717
K02863,41,116,3936,1056,2417,84,2461,2545
K02864,40,81,3185,761,1684,100,2008,1955
K02935,94,42,1771,588,909,41,1004,1339
K03043,293,1794,19128,10383,8967,1280,8810,30852
K03046,175,1446,13669,11674,6835,1066,6505,29453
K06867,0,1,8,6,83,0,53,28
K01489,21,25,216,134,114,10,138,293
K00864,7,62,19,113,220,39,181,1128
K02440,0,0,0,0,0,0,0,0
K00111,26,227,88,749,469,125,466,5348
K02081,96,63,120,638,247,26,239,690
K02906,71,159,2728,1783,1273,116,1623,2957
K02926,168,165,5644,1762,1464,130,1487,2879
K02892,47,47,1696,640,566,36,539,961
K02886,111,245,5169,2956,2888,189,2955,4731
K02965,25,59,1012,622,538,40,554,981
K02890,21,101,1840,1065,762,69,842,1747
K02982,66,200,4544,2139,2038,159,2043,3830
K02878,60,110,1812,1426,896,103,1011,2138
K02961,30,41,1212,638,438,43,478,1033
K02874,36,85,1977,1371,937,87,1080,2197
K02895,13,68,2329,971,758,78,805,1612
K02931,153,156,3740,2832,1957,169,1835,4582
K02954,82,80,2195,1496,958,64,1066,2482
K02994,77,124,2297,2051,1054,109,1022,3317
K02933,36,128,2318,2405,1249,113,1359,3918
K02881,22,63,1443,1237,797,77,732,2017
K02988,19,155,2259,1921,1497,154,1299,3465
K02907,7,18,384,274,197,15,217,532
K02876,170,73,2276,1599,950,88,926,2811
K03076,119,220,3621,2929,2478,227,2278,5797
K02518,82,81,586,530,232,49,209,758
K02952,229,246,3717,3543,1937,158,1886,4365
K02948,80,175,2668,2431,1433,127,1328,3602
K02986,169,297,5998,4911,2366,281,2415,6442
K03040,42,65,1223,1068,523,56,589,1493
K06998,9,9,139,145,254,12,220,422
K00036,3,20,162,82,196,13,165,350
K01057,0,0,0,0,0,0,0,0
K00033,12,87,546,383,501,55,413,917
K24163,12,133,496,269,615,56,554,1963
K13985,1,23,163,108,130,12,115,512
K03424,0,5,35,14,54,6,36,54
K03784,3,0,15,26,8,2,14,28
K03924,11,56,398,248,409,37,384,897
K09776,15,17,85,122,149,3,131,1025
K22580,1,5,51,27,575,1,547,121
K01826,4,18,44,112,84,12,64,156
K17837,11,17,176,147,282,13,208,309
K03761,5,23,105,75,431,16,353,412
K03088,0,5,10,8,109,2,83,56
K18890,2,0,8,20,11,1,6,48
K07459,15,4,248,84,224,2,169,125
K00215,1,3,41,24,85,2,52,79
K08995,0,0,0,0,0,0,0,0
K03814,9,10,153,141,176,12,256,185
K07396,1,2,25,35,32,3,26,46
K06893,0,1,8,8,31,2,21,20
K02495,14,40,346,415,260,15,206,682
K03294,3,3,57,27,243,2,160,89
K03811,6,19,106,214,188,17,139,315
K01778,27,25,289,265,141,18,152,418
K07082,108,466,707,2646,378,197,360,5565
K00980,0,0,0,0,0,0,0,0
K00598,12,15,139,125,42,9,61,257
K01784,12,75,632,668,293,38,255,1490
K13017,29,67,753,626,273,52,229,1136
K01595,54,160,1188,1432,651,145,604,2651
K01462,1,2,38,29,84,3,72,45
K00382,0,2,7,17,18,4,20,121
K06880,6,4,29,30,204,5,156,68
K11749,10,23,117,230,240,13,246,532
K01069,5,79,307,399,189,31,203,932
K03671,0,0,0,0,0,0,0,0
K03972,0,0,0,0,0,0,0,0
K06915,37,100,667,1030,554,54,464,1624
K02342,202,339,2480,3221,984,232,913,5082
K01586,77,66,891,890,349,46,372,1899
K00156,13,196,1435,598,1163,128,1109,3823
K06168,34,105,991,1296,825,65,778,2110
K03040,136,255,6322,4729,2208,241,2310,6594
K02879,60,166,3500,3265,1436,163,1381,4412
K01689,175,249,2907,3217,1573,202,1608,4512
K01647,304,857,7145,9114,1704,533,2021,13655
K08989,0,0,7,3,7,0,4,9
K00797,1,2,35,27,657,2,442,78
K07462,9,31,147,265,257,15,173,430
K00969,0,0,0,0,0,0,0,0
K07387,0,0,0,0,0,0,0,0
K03664,79,122,870,1636,238,118,234,1944
K03286,974,4137,57264,40368,21303,2785,23985,74560
K18189,30,46,322,637,263,42,261,730
K03269,19,29,272,282,155,17,128,424
K06975,0,0,0,0,0,0,0,0
K06384,99,99,1660,987,330,52,307,1342
K03924,10,19,160,182,129,7,114,341
K07397,0,0,0,0,0,0,0,0
K00641,26,7,65,74,160,0,106,110
K10764,26,39,348,299,402,21,384,507
K00548,4,35,501,273,561,24,509,662
K00508,20,145,903,713,437,94,401,2271
K00764,29,190,852,2281,430,115,439,2641
K01735,2,0,13,8,15,0,13,13
K06178,191,151,1534,2685,587,105,554,2364
K08281,7,16,35,237,22,6,16,421
K03809,0,0,0,0,3,0,1,0
K00375,1,1,3,0,31,0,14,9
K01714,0,0,0,2,153,0,100,10
K00088,0,2,11,10,16,0,10,26
K03088,21,49,1076,424,279,39,309,1054
K02909,141,22,744,244,143,14,167,462
K00800,4,52,347,233,383,25,382,871
K01077,0,0,4,7,46,0,32,18
K01771,0,0,0,0,0,0,0,0
K21572,0,1,1,3,44,1,44,2
K21573,1,4,5,10,444,1,328,14
K10027,75,533,4093,3295,1403,393,1514,7221
K02291,63,356,3817,2218,1272,252,1341,4644
K15746,16,75,893,416,248,47,331,1410
K03098,19,85,1481,597,366,69,398,1322
K00575,1,4,104,96,173,7,140,178
K03701,4,74,395,195,131,67,117,1518
K07404,0,2,3,7,50,0,63,13
K03781,1,12,63,54,186,5,189,136
K06867,0,0,0,0,0,0,0,0
K03584,2,7,28,16,37,6,30,78
K09164,2,12,105,216,169,17,163,311
K03333,2,19,127,180,191,14,161,318
K05593,0,0,0,0,0,0,0,0
K00116,22,19,458,163,261,20,224,452
K00057,0,0,2,3,1,0,1,2
K07118,1,78,208,473,265,23,195,1844
K03772,14,17,211,208,146,25,140,306
K09958,1,0,8,5,3,1,1,7
K05794,12,14,60,146,108,4,87,330
K00937,16,172,526,1354,363,80,319,2405
K01524,0,0,0,0,0,0,0,0
K04043,932,16218,36162,130179,14552,6950,15496,245374
K06880,5,10,190,144,345,8,261,298
K09954,0,0,0,0,0,0,0,0
K02551,3,1,36,17,15,0,8,24
K01992,4,8,50,65,449,9,436,164
K08679,36,106,711,767,365,62,416,1680
K03791,0,0,0,0,1,0,1,0
K11991,1,2,58,31,40,2,47,147
K03790,0,0,0,0,0,0,0,0
K03525,0,0,0,0,0,0,0,0
K01915,217,155,4508,1096,3297,85,3583,2388
K13694,77,82,413,1408,144,40,117,1339
K18555,0,0,0,0,0,0,0,0
K05515,8,24,317,137,436,29,422,502
K03570,6,2,36,27,44,2,57,76
K03569,23,43,251,327,417,23,381,617
K02492,14,53,486,716,305,22,289,918
K03977,30,29,459,432,326,18,358,836
K03782,2,20,52,79,70,11,78,240
K01176,20,28,163,182,161,28,127,346
K00790,27,106,809,686,781,69,618,2138
K11939,3,1,25,17,28,0,23,27
K07507,0,0,0,0,74,0,58,0
K15727,0,0,0,0,501,1,533,10
K11354,238,424,2667,4867,1045,237,1058,6739
K00024,12,14,86,230,41,16,38,300
K09957,4,4,59,74,94,5,79,85
K02014,17,23,577,251,438,13,317,457
K00970,3,3,9,6,17,2,18,22
K07566,13,19,227,221,123,15,127,413
K07491,9,4,76,139,71,19,37,178
K01758,0,0,0,0,0,0,0,0
K01992,61,127,987,1323,745,95,621,2401
K03790,25,14,78,190,134,8,101,201
K03790,10,20,134,189,326,13,280,207
K01167,20,33,351,315,164,19,189,515
K06974,53,39,421,398,176,28,150,625
K03623,64,21,106,176,48,16,49,305
K01489,3,0,20,14,64,2,51,39
K11904,2,5,150,53,695,9,507,187
K03744,0,0,0,0,0,0,0,0
K16568,19,16,202,155,167,10,155,162
K06894,0,1,10,3,23,0,34,24
K13730,0,0,0,0,0,0,0,0
K06909,4,2,50,44,35,1,39,61
K00558,2,1,28,13,134,2,105,36
K07455,0,3,16,13,178,0,126,28
K03269,34,59,518,766,332,51,272,1015
K06188,2,40,275,72,128,23,119,645
K06158,35,37,427,502,490,21,436,549
K02014,2,2,27,35,571,4,453,142
K03545,78,85,1885,1265,852,61,1061,2041
K07577,14,25,213,105,98,32,103,383
K11477,0,4,5,3,59,0,43,11
K20968,3,1,14,13,25,1,18,22
K22419,2,2,40,16,53,1,50,35
K19271,5,3,77,55,122,4,91,89
K03724,2,19,78,137,297,20,264,471
K08224,9,2,94,67,345,7,289,182
K01698,10,36,320,281,317,18,232,602
K06861,24,70,418,462,388,34,351,824
K05916,4,0,37,30,90,1,76,47
K13771,0,0,0,0,0,0,0,0
K02014,16,200,557,703,959,118,895,2198
K00798,23,54,453,449,308,51,279,1022
K00949,51,29,343,274,121,21,108,427
K01104,44,46,672,533,225,27,272,1038
K01838,0,0,1,4,7,0,6,5
K01480,27,26,620,534,401,29,456,925
K10778,17,8,289,246,199,9,187,337
K00275,0,27,336,75,351,14,288,429
K02014,0,2,8,2,716,0,675,37
K01992,0,3,8,3,331,0,284,15
K01066,0,3,18,10,70,1,63,52
K18954,2,44,398,101,355,47,318,608
K10536,0,0,7,1,23,0,18,8
K02014,1,3,11,6,888,0,828,42
K04487,549,354,2067,6313,626,288,699,6349
K03671,0,0,0,0,0,0,0,0
K18697,31,111,1208,1449,456,107,492,2722
K17733,4,34,318,207,509,26,644,624
K03502,21,67,583,148,493,47,519,931
K01880,12,15,261,185,332,7,247,364
K06175,8,3,26,29,182,7,144,60
K00254,0,10,54,36,59,1,40,162
K07305,24,26,222,295,239,21,194,475
K07552,0,5,65,22,536,1,426,95
K02477,0,0,0,0,0,0,0,0
K01258,42,107,1148,976,434,69,379,1930
K01640,98,299,1242,3637,521,208,581,4573
K01011,5,26,229,241,241,20,241,693
K07501,3,101,555,1529,189,77,199,2205
K06878,12,27,190,144,78,15,101,685
K03585,0,105,104,545,254,80,227,1860
K21573,0,10,36,66,377,5,259,138
K21572,0,0,0,0,0,0,0,0
K01066,0,3,18,8,169,0,189,11
K09808,21,31,319,276,320,12,236,535
K01697,16,42,369,453,240,19,245,511
K03719,10,8,165,146,161,6,158,215
K03709,0,0,20,7,13,1,8,20
K01620,32,15,162,246,208,9,158,268
K01066,2,1,7,6,269,0,231,29
K01243,16,18,245,277,231,14,228,322
K22441,10,9,271,272,177,9,175,315
K03930,15,60,470,621,555,38,563,809
K02014,0,8,26,49,478,5,394,99
K01935,1,0,13,3,97,0,61,7
K01012,0,1,54,2,253,3,209,6
K00833,0,0,43,0,193,0,131,3
K03449,4,2,21,35,27,0,20,36
K11249,1,0,15,2,20,0,15,7
K15726,11,58,976,380,1107,39,977,1549
K15727,0,0,0,0,0,0,0,0
K07032,0,2,89,79,95,0,93,111
K11065,9,15,138,165,166,15,140,254
K05275,4,21,280,127,358,10,313,408
K18954,9,68,675,558,448,49,465,1402
K13985,35,21,260,406,206,12,142,383
K06975,0,0,0,0,0,0,0,0
K03088,7,11,131,130,160,2,132,196
K00131,21,40,247,414,129,27,109,741
K03088,0,0,0,0,0,0,0,0
K11065,0,7,24,28,55,9,54,119
K02108,13,21,513,207,393,11,340,353
K02110,372,31,787,372,434,34,450,380
K02109,180,30,1144,447,535,26,543,587
K02113,28,25,998,388,521,15,514,560
K02111,108,118,3913,1328,2480,82,2368,2553
K02115,38,38,1497,677,914,44,828,1280
K03699,21,78,357,1133,348,56,343,1266
K06891,17,6,56,137,47,9,49,199
K00876,137,90,440,970,200,54,210,1114
K03521,136,225,4028,4182,1996,182,2073,6550
K03522,93,303,4935,4981,2062,256,2147,7826
K08999,1,23,149,147,124,18,120,314
K11537,7,38,300,271,394,25,373,634
K08325,39,410,2795,3192,1620,277,1699,7724
K03688,41,56,697,725,517,56,487,1043
K01951,3,27,107,216,94,16,74,431
K01945,51,89,808,689,529,61,418,1088
K00602,79,281,2176,2930,1019,211,1150,4674
K11175,71,33,827,413,377,43,447,712
K01933,18,16,229,210,214,8,219,231
K19784,71,27,471,361,289,20,295,450
K02968,13,27,218,210,148,21,173,366
K01448,34,56,458,414,216,12,184,438
K04744,13,27,262,228,962,18,837,491
K04771,44,80,263,1014,100,42,91,1740
K09022,0,0,0,0,0,0,0,0
K07146,33,183,958,1430,751,88,670,3179
K01934,0,0,0,0,0,0,0,0
K03437,8,5,77,100,22,6,19,167
K07052,36,24,249,463,206,31,170,560
K00850,35,27,758,383,628,37,620,999
K00134,39,37,767,500,323,16,293,711
K03553,0,0,0,0,0,0,0,0
K04079,219,2332,5659,20467,2063,862,2394,33396
K07443,3,1,20,31,24,2,29,37
K00809,72,49,700,426,277,33,283,709
K01939,127,113,1643,1402,889,88,899,1539
K03832,398,2166,10505,12440,2804,991,3543,14400
K03496,28,132,546,768,263,62,269,1769
K03497,22,109,744,570,341,68,357,1711
K00215,35,77,517,760,280,63,224,1505
K03100,66,146,834,1902,637,123,594,2941
K03286,139,771,6057,5773,2171,473,2467,6811
K14136,11,47,400,236,370,32,355,906
K16653,24,33,556,466,466,37,384,1015
K02337,79,162,1753,850,1645,144,1606,3028
K10716,5,7,65,71,65,2,43,113
K22391,13,26,148,311,280,10,266,272
K07164,68,12,384,227,83,7,97,268
K01712,2,1,33,88,190,4,110,95
K19294,17,6,146,96,110,7,62,192
K00573,22,6,237,101,217,4,178,163
K17836,5,5,48,34,155,0,139,107
K00074,11,36,444,355,351,21,342,653
K00820,49,201,2400,1211,1167,156,1176,4166
K03668,5,27,199,294,83,19,83,430
K15383,0,0,0,0,0,0,0,0
K03585,1,0,7,6,176,1,131,18
K03296,8,12,80,28,1316,6,1261,188
K18139,1,3,16,21,203,2,166,61
K07447,12,6,105,103,82,1,67,197
K01462,0,1,4,3,5,0,1,18
K01835,81,302,3869,2024,2086,190,2133,5222
K00979,32,69,377,436,202,30,154,862
K00432,11,53,569,731,227,54,258,1451
K17290,0,0,0,0,1,0,0,0
K16568,3,15,74,118,47,4,39,214
K11753,12,48,1053,316,499,32,433,543
K02112,57,113,2631,653,1637,68,1620,1657
K01868,115,163,1320,2349,668,110,586,3147
K02520,0,0,0,0,0,0,0,0
K01273,0,0,0,0,0,0,0,0
K01649,59,389,1474,807,1154,95,944,3913
K01703,29,511,2374,358,1797,115,1611,5279
K01704,23,154,683,293,550,54,450,2039
K00052,15,342,2626,831,2047,111,1757,5759
K00249,6,135,890,1009,444,75,429,2183
K01923,45,189,2245,2046,1185,85,1291,2232
K00784,0,0,0,0,0,0,0,0
K01776,0,0,0,0,0,0,0,0
K06891,0,0,0,0,0,0,0,0
K00763,0,0,0,0,0,0,0,0
K02564,0,0,0,0,0,0,0,0
K17331,0,0,0,0,0,0,0,0
K17330,0,0,0,0,0,0,0,0
K17329,0,0,0,0,0,0,0,0
K07260,0,0,0,0,0,0,0,0
K07778,0,0,0,0,0,0,0,0
K00868,0,0,0,0,0,0,0,0
K01595,0,0,0,0,0,0,0,0
K01151,0,0,0,0,0,0,0,0
K01990,0,0,0,0,0,0,0,0
K12574,0,0,0,0,0,0,0,0
K01714,0,0,0,0,0,0,0,0
K00135,0,0,0,0,0,0,0,0
K00215,0,0,0,0,0,0,0,0
K07263,0,0,0,0,0,0,0,0
K00962,0,0,0,0,0,0,0,0
K02956,0,0,0,0,0,0,0,0
K02109,0,0,0,0,0,0,0,0
K02108,0,0,0,0,0,0,0,0
K02110,0,0,0,0,0,0,0,0
K02851,0,0,0,0,0,0,0,0
K07566,0,0,0,0,0,0,0,0
K02493,0,0,0,0,0,0,0,0
K02835,0,0,0,0,0,0,0,0
K03628,0,0,0,0,0,0,0,1
K02909,0,0,0,0,0,0,0,0
K00872,0,0,0,0,0,0,0,0
K01733,0,0,0,0,0,0,0,0
K00003,0,0,0,0,0,0,0,0
K01463,0,0,0,0,0,0,0,0
K00053,0,0,0,0,0,0,0,0
K01652,0,1,5,2,5,1,2,7
K01653,0,0,0,0,0,0,0,0
K01182,0,0,0,0,0,0,0,0
K09117,0,0,0,0,0,0,0,0
K06994,0,0,0,0,0,0,0,0
K20468,0,0,0,0,0,0,0,0
K16237,0,0,0,0,0,0,0,0
K04063,0,0,0,0,0,0,0,0
K13993,0,0,0,0,0,0,0,0
K03657,0,0,0,0,0,0,0,0
K22479,0,0,0,0,0,0,0,0
K09793,0,0,0,0,0,0,0,0
K00561,0,0,0,0,0,0,0,0
K00392,0,0,0,0,0,0,0,0
K00390,0,0,0,0,0,0,0,0
K00957,0,0,0,0,0,0,0,0
K00956,0,0,0,0,0,0,0,0
K04750,0,0,0,0,0,0,0,0
K16783,0,0,0,0,0,0,0,0
K16784,0,0,0,0,0,0,0,0
K00626,0,0,0,0,0,0,0,0
K03523,0,0,0,0,0,0,0,0
K20074,0,0,0,0,0,0,0,0
K14949,0,0,0,0,0,0,0,0
K22736,0,0,0,0,0,0,0,0
K05799,0,0,0,0,0,0,0,0
K03449,0,0,0,0,0,0,0,0
K03976,0,0,0,0,0,0,0,0
K01011,0,0,0,0,0,0,0,0
K02426,0,0,0,0,0,0,0,0
K03724,0,0,0,0,0,0,0,0
K05522,0,0,0,0,0,0,0,0
K03743,0,0,0,0,0,0,0,0
K00995,0,0,0,0,0,0,0,0
K03466,0,0,0,0,0,0,0,0
K05349,0,0,0,0,0,0,0,0
K07315,0,0,0,0,0,0,0,0
K05349,0,0,0,0,0,0,0,0
K00558,0,0,0,0,0,0,0,0
K07458,0,0,0,0,0,0,0,0
K00382,0,0,0,0,0,0,0,0
K09781,0,0,0,0,0,0,0,0
K01703,0,0,0,0,0,0,0,0
K01704,0,0,0,0,0,0,0,0
K07025,0,0,0,0,0,0,0,0
K01885,0,0,0,0,0,0,0,0
K00375,0,0,0,0,0,0,0,0
K01425,0,0,0,0,0,0,0,0
K05921,0,0,0,0,0,0,0,0
K07148,0,0,0,0,0,0,0,0
K23107,0,0,0,0,0,0,0,0
K06199,0,0,0,0,0,0,0,0
K08717,0,0,0,0,0,0,0,0
K06199,0,0,0,0,0,0,0,0
K03190,0,0,0,0,0,0,0,0
K03189,0,0,0,0,0,0,0,0
K01428,0,0,0,0,0,0,0,0
K03188,0,0,0,0,0,0,0,0
K01429,0,0,0,0,0,0,0,0
K01265,0,0,0,0,0,0,0,0
K00897,0,0,0,0,0,0,0,0
K22390,0,0,0,0,0,0,0,0
K03310,0,0,0,0,0,0,0,0
K03100,0,0,0,0,0,0,0,0
K01183,0,0,0,0,0,0,0,0
K07407,0,0,0,0,0,0,0,0
K11414,0,0,0,0,0,0,0,0
K07131,0,0,0,0,0,0,0,0
K06945,0,0,0,0,0,0,0,0
K06994,0,0,0,0,0,0,0,0
K02003,0,0,0,0,0,0,0,0
K16138,0,0,0,0,0,0,0,0
K07148,0,0,0,0,0,0,0,0
K01644,0,0,0,0,0,0,0,0
K18290,0,0,0,0,0,0,0,0
K11410,0,0,0,0,0,0,0,0
K11263,0,0,0,0,0,0,0,0
K01969,0,0,0,0,0,0,0,0
K00167,0,0,0,0,0,0,0,0
K00166,0,0,0,0,0,0,0,0
K01868,0,0,0,0,0,0,0,0
K09702,0,0,0,0,0,0,0,0
K09957,0,0,0,0,0,0,0,0
K21636,0,0,0,0,0,0,0,0
K04068,0,0,0,0,0,0,0,0
K01186,0,0,0,0,0,0,0,0
K04042,0,0,0,0,0,0,0,0
K00948,0,0,0,0,0,0,0,0
K01990,0,0,0,0,0,0,0,0
K15738,0,0,0,0,0,0,0,0
K01992,0,0,0,0,0,0,0,0
K00919,0,0,0,0,0,0,0,0
K02528,0,0,0,0,0,0,0,0
K21688,0,0,0,0,0,0,0,0
K03767,0,0,0,0,0,0,0,0
K19225,0,0,0,0,0,0,0,0
K12132,0,0,0,0,0,0,0,0
K01664,0,0,0,0,0,0,0,0
K00626,0,0,0,0,0,0,0,0
K01990,0,0,0,0,0,0,0,0
K25706,0,0,0,0,0,0,0,0
K01011,0,0,0,0,0,0,0,0
K09019,0,0,0,0,0,0,0,0
K03789,0,0,0,0,0,0,0,0
K14742,0,0,0,0,0,0,0,0
K01775,0,0,0,0,0,0,0,0
K06925,0,0,0,0,0,0,0,0
K06177,0,0,0,0,0,0,0,0
K23997,0,0,0,0,0,0,0,0
K03710,0,0,0,0,0,0,0,0
K09992,0,0,0,0,0,0,0,0
K01752,0,0,0,0,0,0,0,0
K01246,0,0,0,0,0,0,0,0
K09992,0,0,0,0,0,0,0,0
K07160,0,0,0,0,0,0,0,0
K22441,0,0,0,0,0,0,0,0
K09992,0,0,0,0,0,0,0,0
K18910,0,0,0,0,0,0,0,0
K10441,0,0,0,0,0,0,0,0
K09992,0,0,0,0,0,0,0,0
K10439,0,0,0,0,0,0,0,0
K10440,0,0,0,0,0,0,0,0
K10441,0,0,0,0,0,0,0,0
K00549,0,0,0,0,0,0,0,0
K09992,0,0,0,0,0,0,0,0
K01972,0,0,0,0,0,0,0,0
K04072,0,0,0,0,0,0,0,0
K05342,0,0,0,0,0,0,0,0
K01322,0,0,0,0,0,0,0,0
K00566,0,0,0,0,0,0,0,0
K04487,0,0,0,0,0,0,0,0
K03522,0,0,0,0,0,0,0,0
K03521,0,0,0,0,0,0,0,0
K01214,0,0,0,0,0,0,0,0
K07077,0,0,0,0,0,0,0,0
K00688,0,0,0,0,0,0,0,0
K01443,0,0,0,0,0,0,0,0
K07503,0,0,0,0,0,0,0,0
K02112,0,0,0,0,0,0,0,0
K02114,0,0,0,0,0,0,0,0
K02115,1,0,1,5,6,2,4,3
K02111,0,0,0,0,0,0,0,0
K03704,0,0,0,0,0,0,0,0
K03648,0,0,0,0,0,0,0,0
K12132,0,0,0,0,0,0,0,0
K00697,0,0,0,0,0,0,0,0
K02016,0,0,0,0,0,0,0,0
K02015,0,0,0,0,0,0,0,0
K02013,0,0,0,0,0,0,0,0
K06929,0,0,0,0,0,0,0,0
K19267,0,0,0,0,0,0,0,0
K09807,0,0,0,0,0,0,0,0
K06996,0,0,0,0,0,0,0,0
K03292,0,0,0,0,0,0,0,0
K01634,0,0,0,0,0,0,0,0
K18230,0,0,0,0,0,0,0,0
K22468,0,0,0,0,0,0,0,0
K01519,0,0,0,0,0,0,0,0
K00989,0,0,0,0,0,0,0,0
K03723,0,0,0,0,0,0,0,0
K16568,0,0,0,0,0,0,0,0
K13693,0,0,0,0,0,0,0,0
K07401,0,0,0,0,0,0,0,0
K07304,0,0,0,0,0,0,0,0
K01739,0,0,0,0,0,0,0,0
K20469,0,0,0,0,0,0,0,0
K01754,0,0,0,0,0,0,0,0
K02030,0,0,0,0,0,0,0,0
K06413,0,0,0,0,0,0,0,0
K06999,0,0,0,0,0,0,0,0
K07260,0,0,0,0,0,0,0,0
K04091,0,0,0,0,0,0,0,0
K02030,0,0,0,0,0,0,0,0
K02028,0,0,0,0,0,0,0,0
K02029,0,0,0,0,0,0,0,1
K07315,0,0,0,0,0,0,0,0
K14954,0,0,0,0,0,0,0,0
K18843,0,0,0,0,0,0,0,0
K15034,0,0,0,0,0,0,0,0
K21471,0,0,0,0,0,0,0,0
K03321,0,0,0,0,0,0,0,0
K00433,0,0,0,0,0,0,0,0
K00540,0,0,0,0,0,0,0,0
K01607,0,0,0,0,0,0,0,0
K25227,0,0,0,0,0,0,0,0
K07052,0,0,0,0,0,0,0,0
K06162,0,0,0,0,0,0,0,0
K02044,0,0,0,0,0,0,0,0
K02041,0,0,0,0,0,0,0,0
K02042,0,0,0,0,0,0,0,0
K06221,0,0,0,0,0,0,0,0
K03088,0,0,0,0,0,0,0,0
K03924,0,0,0,0,0,0,0,0
K05888,0,0,0,0,0,0,0,0
K23778,0,0,0,0,0,0,0,0
K02529,0,0,0,0,0,0,0,0
K02027,0,0,0,0,0,0,0,0
K00336,0,0,0,0,0,0,0,0
K00335,0,0,0,0,0,0,0,0
K00334,0,0,0,0,0,0,0,0
K00333,0,0,0,0,0,0,0,0
K00332,0,0,0,0,0,0,0,0
K10112,0,3,15,2,3,1,4,36
K03218,0,0,0,0,0,0,0,0
K01883,0,0,0,0,0,0,0,0
K07006,0,0,0,0,0,0,0,0
K03665,0,0,0,0,0,0,0,0
K01778,0,0,0,0,0,0,0,0
K00564,0,0,0,0,0,0,0,0
K00791,0,0,0,0,0,0,0,0
K04079,0,0,0,0,0,0,0,0
K11611,0,0,0,0,0,0,0,0
K08296,0,0,0,0,0,0,0,0
K01079,0,0,0,0,0,0,0,0
K00975,0,0,0,0,0,0,0,0
K16148,0,0,0,0,0,0,0,0
K02013,0,0,0,0,0,0,0,0
K07340,0,0,0,0,0,0,0,0
K01548,0,0,0,0,0,0,0,0
K07646,0,0,0,0,0,0,0,0
K07667,0,0,0,0,0,0,0,0
K09981,0,0,0,0,0,0,0,0
K00059,0,0,0,0,0,0,0,0
K06877,0,0,0,0,0,0,0,0
K08726,0,0,0,0,0,0,0,0
K03088,0,0,0,0,0,0,0,0
K19337,0,0,0,0,0,0,0,0
K18930,0,0,0,0,0,0,0,0
K02004,0,0,0,0,0,0,0,0
K02003,0,0,0,0,0,0,0,0
K18351,0,0,0,0,0,0,0,0
K00287,0,0,0,0,0,0,0,0
K00560,0,0,0,0,0,0,0,0
K10947,0,0,0,0,0,0,0,0
K00819,0,0,0,0,0,0,0,0
K25141,0,0,0,0,0,0,0,0
K25140,0,0,0,0,0,0,0,0
K21471,0,0,0,0,0,0,0,0
K03709,0,0,0,0,0,0,0,0
K08217,0,0,0,0,0,0,0,0
K00831,0,0,0,0,0,0,0,0
K01809,0,0,0,0,0,0,0,0
K06901,0,0,0,0,0,0,0,0
K16566,0,0,0,0,0,0,0,0
K03704,0,0,0,0,0,0,0,0
K10843,0,0,0,0,0,0,0,0
K06872,0,0,0,0,0,0,0,0
K03969,0,0,0,0,0,0,0,1
K06860,0,0,0,0,0,0,0,0
K02483,0,0,0,0,0,0,0,0
K02484,0,0,0,0,0,0,0,0
K14956,0,0,0,0,0,0,0,0
K04077,0,0,0,0,0,0,0,0
K06133,0,0,0,0,0,0,0,0
K02004,0,0,0,0,0,0,0,0
K00826,0,0,0,0,0,0,0,0
K02863,0,0,0,0,0,0,0,0
K02867,0,0,1,0,0,0,0,0
K02601,0,2,5,1,4,0,4,16
K03073,0,0,0,0,0,0,0,0
K01823,0,0,0,0,0,0,0,0
K14347,0,0,0,0,0,0,0,0
K14347,0,0,0,0,0,0,0,0
K22311,0,0,0,0,0,0,0,0
K19710,0,0,0,0,0,0,0,0
K01868,0,0,0,0,0,0,0,0
K00299,0,0,0,0,0,0,0,0
K02483,0,0,0,0,0,0,0,0
K02003,0,0,0,0,0,0,0,0
K02004,0,0,0,0,0,0,0,0
K03466,0,0,0,0,0,0,0,0
K00936,0,0,0,0,0,0,0,0
K18955,0,0,0,0,0,0,0,0
K10240,0,0,0,0,0,0,0,0
K10241,0,0,0,0,0,0,0,0
K10242,0,0,0,0,0,0,0,0
K05350,0,0,0,0,0,0,0,0
K13821,0,0,0,0,0,0,0,0
K02529,0,0,0,0,0,0,0,0
K07729,0,0,0,0,0,0,0,0
K04069,0,0,0,0,0,0,0,0
K00261,0,0,0,0,0,0,0,0
K00435,0,0,0,0,0,0,0,0
K01772,0,0,0,0,0,0,0,0
K02025,0,0,0,0,0,0,0,0
K02027,0,0,0,0,0,0,0,0
K01187,0,0,0,0,0,0,0,0
K02529,0,0,0,0,0,0,1,0
K09707,0,0,0,0,0,0,0,0
K12373,0,0,0,0,0,0,0,0
K06015,0,0,0,0,0,0,0,0
K13641,0,0,0,0,0,0,0,0
K01753,0,0,0,0,0,0,0,0
K09022,0,1,0,0,1,0,0,0
K00865,0,0,0,0,0,0,0,0
K01077,0,0,0,0,0,0,0,0
K00299,0,0,0,0,0,0,0,0
K12503,0,0,0,0,0,0,0,0
K11068,0,0,0,0,0,0,0,0
K18455,0,0,0,0,0,0,0,0
K03624,0,0,0,0,0,0,0,0
K02035,0,0,0,0,0,0,0,0
K03549,0,0,0,0,0,0,0,0
K06117,0,0,0,0,0,0,0,0
K01186,0,0,0,0,0,0,0,0
K10979,0,0,0,0,0,0,0,0
K07816,0,0,0,0,0,0,0,0
K01971,0,0,0,0,0,0,0,0
K01485,0,0,0,0,0,0,0,0
K07032,0,0,0,0,0,0,0,0
K00344,0,0,0,0,0,0,0,0
K01271,0,0,0,0,0,0,0,0
K01012,0,0,0,0,0,0,0,0
K00362,0,0,0,0,0,0,0,0
K16137,0,0,0,0,0,0,0,0
K00275,0,0,0,0,0,0,0,0
K16163,0,0,0,0,0,0,0,0
K00363,0,0,0,0,0,0,0,0
K00116,0,0,0,0,0,0,0,0
K13633,0,0,0,0,0,0,0,0
K06221,0,0,0,0,0,0,0,0
K07229,0,0,0,0,0,0,0,0
K00325,0,0,0,0,0,0,0,0
K00324,0,0,0,0,0,0,0,0
K21739,0,0,0,0,0,0,0,0
K22306,0,0,0,0,0,0,0,0
K09710,0,0,0,0,0,0,0,0
K00969,0,0,0,0,0,0,0,0
K00147,0,0,0,0,0,0,0,0
K05275,0,0,0,0,0,0,0,0
K02035,0,0,0,0,0,0,0,0
K02031,0,0,0,0,0,0,0,0
K02034,0,0,0,0,0,0,0,0
K02033,0,0,0,0,0,0,0,0
K00931,0,0,0,0,0,0,0,0
K03979,0,0,0,0,0,0,0,0
K02899,0,0,0,0,0,0,0,0
K02888,0,0,1,0,0,0,0,1
K09165,0,0,0,0,0,0,0,0
K18476,0,0,0,0,0,0,0,0
K00355,0,0,0,0,0,0,0,0
K18230,0,0,0,0,0,0,0,0
K24131,0,0,0,0,0,0,0,0
K03976,0,0,0,0,0,0,0,0
K03547,0,0,0,0,0,0,0,0
K03546,0,0,0,0,0,0,0,0
K21929,0,0,0,0,0,0,0,0
K07552,0,0,0,0,0,0,0,0
K21745,0,0,0,0,0,0,0,0
K05275,0,0,0,0,0,0,0,0
K02030,0,0,0,0,0,0,0,0
K02030,0,0,0,0,0,0,0,0
K02029,0,0,0,0,0,0,0,0
K02028,0,0,0,0,0,0,0,0
K22278,0,0,0,0,0,0,0,0
K03704,0,0,0,0,0,0,0,0
K06221,0,0,0,0,0,0,0,0
K01999,0,0,0,0,0,0,0,0
K01997,0,0,0,0,0,0,0,0
K01998,0,0,0,0,0,0,0,0
K01995,0,0,0,0,0,0,0,0
K01207,0,0,0,0,0,0,0,0
K01996,0,0,0,0,0,0,0,0
K07126,0,0,0,0,0,0,0,0
K04759,0,0,0,0,0,0,0,0
K17640,0,0,0,0,0,0,0,0
K04758,0,0,0,0,0,0,0,0
K17326,0,0,0,0,0,0,0,0
K17327,0,0,0,0,0,0,0,0
K17328,0,0,0,0,0,0,0,0
K17641,0,0,0,0,0,0,0,0
K06211,0,0,0,0,0,0,0,0
K03811,0,0,0,0,0,0,0,0
K04063,0,0,0,0,0,0,0,0
K01421,0,0,0,0,0,0,0,0
K03827,0,0,0,0,0,0,0,0
K20265,0,0,0,0,0,0,0,0
K14941,0,0,0,0,0,0,0,0
K11212,0,0,0,0,0,0,0,0
K00641,0,0,0,0,0,0,0,0
K01740,0,0,0,0,0,0,0,0
K21471,0,0,0,0,0,0,0,0
K01507,0,0,0,0,0,0,0,0
K07259,0,0,0,0,0,0,0,0
K04075,0,0,0,0,0,0,0,0
K00760,0,0,0,0,0,0,0,0
K03798,0,0,0,1,0,0,0,0
K01495,0,0,0,0,0,0,0,0
K00796,0,0,0,0,0,0,0,0
K13940,0,0,0,0,0,0,0,0
K09167,0,0,0,0,0,0,0,0
K08981,0,0,0,0,0,0,0,0
K01918,0,0,0,0,0,0,0,0
K01579,0,0,0,0,0,0,0,0
K00278,0,0,0,0,0,0,0,0
K00767,0,0,0,0,0,0,0,0
K04567,0,0,0,0,0,0,0,0
K07404,0,0,0,0,0,0,0,0
K15521,0,0,0,0,0,0,0,0
K00540,0,0,0,0,0,0,0,0
K01834,0,0,1,0,0,0,0,0
K02902,0,0,0,0,0,0,0,0
K07030,0,0,0,0,0,0,0,0
K03655,0,0,0,0,0,0,0,0
K08316,0,0,0,0,0,0,0,0
K00954,0,0,0,0,0,0,0,0
K07040,0,0,0,0,0,0,0,0
K02911,0,0,0,0,0,0,0,0
K03685,0,0,0,0,0,0,0,0
K10563,0,0,0,0,0,0,0,0
K20265,0,0,0,0,0,0,0,0
K16012,0,0,0,0,0,0,0,0
K23980,0,0,0,0,0,0,0,0
K16013,0,0,0,0,0,0,0,0
K00426,0,0,0,0,0,0,0,0
K00425,0,0,0,0,0,0,0,0
K08300,0,0,0,1,0,0,0,1
K00573,0,0,0,0,0,0,0,0
K00857,0,0,0,0,0,0,0,0
K03564,0,0,0,0,0,0,0,0
K04078,0,0,0,0,0,0,0,0
K06001,0,0,0,0,0,0,0,0
K03439,0,0,0,0,0,0,0,0
K05845,0,0,0,0,0,0,0,0
K05846,0,0,0,0,0,0,0,0
K05846,0,0,0,0,0,0,0,0
K05847,0,0,0,0,0,0,0,0
K00574,0,0,0,0,0,0,0,0
K09828,0,0,0,0,0,0,0,0
K13288,0,0,0,0,0,0,0,0
K19302,0,0,0,0,0,0,0,0
K01990,0,0,0,0,0,0,0,0
K05349,0,0,0,0,0,0,0,0
K22010,0,0,0,0,0,0,0,0
K19222,0,0,0,0,0,0,0,0
K02335,0,0,0,0,0,0,0,0
K21071,0,0,0,0,0,0,0,0
K02945,0,0,3,1,0,2,1,0
K01515,0,0,0,0,0,0,0,0
K00859,0,0,0,0,0,0,0,0
K01304,0,0,0,0,0,0,0,0
K03702,0,0,0,2,0,0,0,0
K05794,0,0,0,0,0,0,0,0
K05794,0,0,0,0,0,0,0,0
K09780,0,0,0,0,0,0,0,0
K03701,0,0,0,0,0,0,0,0
K03703,0,0,0,0,0,0,0,0
K06958,0,0,0,0,0,0,0,0
K09762,0,0,0,0,0,0,0,0
K00134,0,0,0,0,1,0,0,0
K00927,0,0,0,0,0,0,0,0
K01803,0,0,0,0,0,0,0,0
K03075,0,0,0,0,0,0,0,0
K01057,0,0,0,0,0,0,0,0
K00036,0,0,0,0,0,0,0,0
K00616,0,0,0,0,0,0,0,0
K00615,0,0,0,0,0,0,0,0
K00331,0,0,0,0,0,0,0,0
K21401,0,0,0,0,0,0,0,0
K00330,0,0,0,0,0,0,0,0
K03183,0,0,0,0,0,0,0,0
K02552,0,0,0,0,0,0,0,0
K08372,0,0,0,0,0,0,0,0
K02551,0,0,0,0,0,0,0,0
K02549,0,0,0,0,0,0,0,0
K23778,0,0,0,0,0,0,0,0
K01661,0,0,0,0,0,0,0,0
K07002,0,0,0,0,0,0,0,0
K01911,0,0,0,0,0,0,0,0
K02548,0,0,0,0,0,0,0,0
K01005,0,0,0,0,0,0,0,0
K07399,0,0,0,0,0,0,0,0
K06196,0,0,0,0,0,0,0,0
K01926,0,0,0,0,0,0,0,0
K04768,0,0,0,0,0,0,0,0
K03498,0,0,0,0,0,0,0,0
K03499,0,0,0,0,0,0,0,0
K01990,0,0,0,0,0,0,0,0
K09955,0,0,0,0,0,0,0,0
K15921,0,0,0,0,0,0,0,0
K01209,0,0,0,0,0,0,0,0
K23509,0,0,0,0,0,0,0,0
K23509,0,0,0,0,0,0,0,0
K10820,0,0,0,0,0,0,0,0
K23508,0,0,0,0,0,0,0,0
K01804,0,0,0,0,0,0,0,0
K03077,0,0,0,0,0,0,0,0
K02529,0,0,0,0,0,0,0,0
K15921,0,0,0,0,0,0,0,0
K00286,0,0,0,0,0,0,0,0
K04485,0,0,0,0,0,0,0,0
K07067,0,0,0,0,0,0,0,0
K03575,0,0,0,0,0,0,0,0
K00619,0,0,0,0,0,0,0,0
K05346,0,0,0,0,0,0,0,0
K00111,0,0,0,0,0,0,0,0
K02440,0,0,0,0,0,0,0,0
K00864,0,0,1,0,0,0,0,0
K21686,0,0,0,0,0,0,0,0
K01596,0,0,0,0,0,0,0,0
K01867,0,0,0,0,0,0,0,0
K18336,0,0,0,0,0,0,0,0
K21885,0,0,0,0,0,0,0,0
K00059,0,0,0,0,0,0,0,0
K02027,0,0,0,0,0,0,0,0
K02025,0,0,0,0,0,0,0,0
K03216,0,0,0,0,0,0,0,0
K05275,0,0,0,0,0,0,0,0
K14166,0,0,0,0,0,0,0,0
K00854,0,0,0,0,0,0,0,0
K01805,0,0,0,0,0,0,0,0
K19265,0,0,0,0,0,0,0,0
K02529,0,0,0,0,0,0,0,0
K02529,0,0,0,0,0,0,0,0
K00648,0,0,0,0,0,0,0,0
K05814,0,0,0,0,0,0,0,0
K05815,0,0,0,0,0,0,0,0
K05813,0,0,0,0,0,0,0,0
K01126,0,0,0,0,0,0,0,0
K09932,0,0,0,0,0,0,0,0
K07260,0,0,0,0,0,0,0,0
K23155,0,0,0,0,0,0,0,0
K02291,0,0,0,0,0,0,0,0
K01784,0,0,0,0,0,0,0,0
K16264,0,0,0,0,0,0,0,0
K21885,0,0,0,0,0,0,0,0
K01933,0,0,0,0,0,0,0,0
K00764,0,0,0,0,0,0,0,0
K07004,0,0,0,0,0,0,0,0
K02034,0,0,0,0,1,0,0,0
K02033,0,0,0,0,0,0,0,0
K02035,0,0,0,0,0,0,0,0
K06201,0,0,0,0,0,0,0,0
K00262,0,0,0,0,0,0,0,0
K00299,0,0,0,0,0,0,0,0
K18476,0,0,0,0,0,0,0,0
K01624,0,0,0,0,0,0,0,0
K25026,0,0,0,0,0,0,0,0
K02026,0,0,0,0,0,0,0,0
K02027,0,0,0,0,0,0,0,0
K06213,0,0,0,0,0,0,0,0
K03593,0,0,0,0,0,0,0,0
K02004,0,0,0,0,0,0,0,0
K02003,0,0,0,0,0,0,0,0
K02004,0,0,0,0,0,0,0,0
K03436,0,0,0,0,0,0,0,0
K00965,0,0,0,0,0,0,0,0
K06994,0,0,0,0,0,0,0,0
K08217,0,0,0,0,0,0,0,0
K01142,0,0,0,0,0,0,0,0
K01491,0,0,0,0,0,0,0,0
K00600,0,0,0,0,0,0,0,0
K10547,0,0,0,0,0,0,0,0
K10548,0,0,0,0,0,0,0,0
K10546,0,0,0,0,0,0,0,0
K10545,0,0,0,0,0,0,0,0
K00694,0,0,0,0,0,0,0,0
K01915,0,0,0,0,0,0,0,0
K03644,0,0,0,0,0,0,0,0
K03801,0,0,0,0,0,0,0,0
K06994,0,0,0,0,0,0,0,0
K16044,0,0,0,0,0,0,0,0
K07071,0,0,0,0,0,0,0,0
K00627,0,0,0,0,0,0,0,0
K00382,0,0,0,0,0,0,0,0
K01255,0,0,0,0,0,0,0,0
K00254,0,0,0,0,0,0,0,0
K07149,0,0,0,0,0,0,0,0
K07229,0,0,0,0,0,0,0,0
K23980,0,0,0,0,0,0,0,0
K06996,0,0,0,0,0,0,0,0
K07107,0,0,0,0,0,0,0,0
K03517,0,0,0,0,0,0,0,0
K00865,0,0,0,0,0,0,0,0
K04487,0,0,0,0,0,0,0,0
K04085,0,0,0,0,0,0,0,0
K02275,0,0,0,0,0,0,0,0
K02274,1,0,1,0,4,0,0,0
K06400,0,0,0,0,0,0,0,0
K07391,0,0,0,0,0,0,0,0
K07460,0,0,0,0,0,0,0,0
K03470,0,0,0,0,0,0,0,0
K03100,0,0,0,0,0,0,0,0
K02884,0,0,0,0,0,0,0,0
K00554,0,0,0,0,0,0,0,0
K02860,0,0,0,0,0,0,0,0
K06960,0,0,0,0,0,0,0,0
K02959,0,0,0,0,0,0,0,0
K03106,0,0,0,0,0,0,0,0
K00990,0,0,0,0,0,0,0,0
K03320,0,0,0,0,0,0,0,0
K04751,0,0,0,0,0,0,0,0
K03529,0,0,0,0,0,0,0,0
K03110,0,0,0,0,0,0,0,0
K00940,0,0,0,0,0,0,0,0
K05881,0,0,0,0,0,0,0,0
K05879,0,0,0,0,0,0,0,0
K05878,0,0,0,0,0,0,0,0
K01870,0,0,0,0,0,0,0,0
K11754,0,0,0,0,0,0,0,0
K05349,0,0,0,0,0,0,0,0
K00820,0,0,0,0,0,0,0,0
K00997,0,0,0,0,0,0,0,0
K00867,0,0,0,0,0,0,0,0
K03975,0,0,0,0,0,0,0,0
K03431,0,0,0,0,0,0,0,0
K01462,0,0,0,0,0,0,0,0
K02996,0,0,0,0,0,0,0,0
K02871,0,0,0,0,0,0,0,0
K07146,0,0,0,0,0,0,0,0
K06173,0,0,0,0,0,0,0,0
K00886,0,0,0,0,0,0,0,0
K02879,0,0,0,0,0,0,0,0
K03040,0,0,0,0,0,0,0,0
K02948,0,0,0,0,1,0,0,0
K02952,0,0,0,0,0,0,1,0
K02919,0,0,0,0,0,0,0,0
K01265,0,0,0,0,0,0,0,0
K02518,0,0,0,0,0,0,0,0
K03076,0,0,0,0,0,0,0,0
K00939,0,0,0,0,0,0,0,0
K02876,0,0,0,0,0,0,0,0
K02988,0,0,0,0,0,0,0,0
K02907,0,0,0,0,0,0,0,0
K02881,0,0,0,0,0,0,0,1
K02933,0,0,0,0,0,0,0,0
K02994,0,0,0,0,0,0,0,0
K02931,0,0,0,0,0,0,0,0
K02954,0,0,0,0,0,0,0,0
K02895,0,0,0,0,0,0,0,0
K02874,0,0,0,0,0,0,0,0
K02961,0,0,0,0,0,0,0,0
K02904,0,0,0,0,0,0,0,0
K02982,0,0,1,0,0,0,0,0
K02878,0,0,0,0,0,0,0,0
K02890,0,0,6,0,0,1,2,0
K02886,0,0,0,0,0,0,0,0
K02965,0,0,0,0,0,0,0,0
K02926,0,0,0,0,0,0,0,0
K02892,0,0,0,0,0,0,0,0
K02906,0,0,0,0,0,0,0,0
K02946,0,0,0,0,0,0,0,0
K02358,0,0,1,0,2,0,0,2
K02355,2,1,14,5,6,3,6,52
K03046,0,0,1,1,3,0,3,5
K02992,0,0,0,0,0,0,0,0
K02950,0,0,0,0,0,0,0,0
K03043,0,0,7,1,6,0,6,5
K02935,0,0,0,0,0,0,0,0
K02864,0,0,0,0,0,0,0,0
K05349,0,0,0,0,0,0,0,0
K02483,0,0,0,0,0,0,0,0
K02484,0,0,0,0,0,0,0,0
K13049,0,0,0,0,0,0,0,0
K15987,0,0,0,0,0,0,0,0
K03088,0,0,0,0,0,0,0,0
K03088,0,0,0,0,0,0,0,0
K04567,0,0,0,0,0,0,0,0
K07260,0,0,0,0,0,0,0,0
K18476,0,0,0,0,0,0,0,0
K03212,0,0,0,0,0,0,0,0
K02493,0,0,0,0,0,0,0,0
K01267,0,0,0,0,0,0,0,0
K06877,0,0,0,0,0,0,0,0
K01840,0,0,0,0,0,0,0,0
K09791,0,0,0,0,0,0,0,0
K02002,0,0,0,0,0,0,0,0
K02001,0,0,0,0,0,0,0,0
K02000,0,0,0,0,0,0,0,0
K01251,0,0,0,0,1,0,0,0
K06384,0,0,0,0,0,0,0,0
K03924,0,0,0,0,0,0,0,0
K07670,0,0,0,0,0,0,0,0
K07654,0,0,0,0,0,0,0,0
K05808,0,0,0,0,0,0,0,0
K09927,0,0,0,0,0,0,0,0
K03070,0,0,0,0,0,0,1,0
K01889,0,0,0,0,0,0,0,0
K01975,0,0,0,0,0,0,0,0
K03437,0,0,0,0,0,0,0,0
K02887,0,0,0,0,0,0,0,0
K02520,0,0,0,0,0,0,0,0
K02916,0,0,0,0,0,0,0,0
K22297,0,0,0,0,0,0,0,0
K03781,0,0,0,0,0,0,0,0
K24017,0,0,0,0,0,0,0,0
K02501,0,0,0,0,0,0,0,0
K00817,0,0,0,0,0,0,0,0
K13953,0,0,0,0,0,0,0,0
K00013,0,0,0,0,0,0,0,0
K02337,0,0,0,0,0,0,0,0
K23825,0,0,0,0,0,0,0,0
K14761,0,0,0,0,0,0,0,0
K02348,0,0,0,0,0,0,0,0
K06180,0,0,0,0,0,0,0,0
K03101,0,0,0,0,0,0,0,0
K06204,0,0,0,0,0,0,0,0
K04074,0,0,0,0,0,0,0,0
K02221,0,0,0,0,0,0,0,0
K09772,0,0,0,0,0,0,0,0
K05810,0,0,0,0,0,0,0,0
K03531,0,0,0,0,0,0,0,0
K03589,0,0,0,0,0,0,0,0
K01924,0,0,0,0,0,0,0,0
K02563,0,0,0,0,0,0,0,0
K03588,0,0,0,0,0,0,0,0
K01925,0,0,0,0,0,0,0,0
K01000,0,0,0,0,0,0,0,0
K01929,0,0,0,0,0,0,0,0
K01928,0,0,0,0,0,0,0,0
K01183,0,0,0,0,0,0,0,0
K03088,0,0,0,0,0,0,0,0
K11358,0,0,0,0,0,0,0,0
K03696,0,0,0,0,0,0,0,0
K03088,0,0,0,0,0,0,0,0
K18555,0,0,0,0,0,0,0,0
K03688,0,0,0,0,0,0,0,0
K00784,0,0,0,0,0,0,0,0
K21159,0,0,0,0,0,0,0,0
K02004,0,0,0,0,0,0,0,0
K02003,0,0,0,0,0,0,0,0
K01533,0,0,0,0,0,0,0,0
K07020,0,0,0,0,0,0,0,0
K01462,0,0,0,0,0,0,0,0
K16147,0,0,0,0,0,0,0,0
K05343,0,0,0,0,0,0,0,0
K16146,0,0,0,0,0,0,0,0
K01192,0,0,0,0,0,0,0,0
K00700,0,0,0,0,0,0,0,0
K05838,0,0,0,0,0,0,0,0
K07018,0,0,0,0,0,0,0,0
K00526,0,0,0,0,0,0,0,0
K07101,0,0,0,0,0,0,0,0
K00525,0,0,1,0,1,0,0,1
K03647,0,0,1,0,0,0,1,0
K05350,0,0,0,0,0,0,0,0
K06191,0,0,0,0,0,0,0,0
K01811,0,0,0,0,0,0,0,0
K12308,0,0,0,0,0,0,0,0
K15923,0,0,0,0,0,0,0,0
K17320,0,0,0,0,0,0,0,0
K17319,0,0,0,0,0,0,0,0
K17318,0,0,0,0,0,0,0,0
K05349,0,0,0,0,0,0,0,0
K00794,0,0,0,0,0,0,0,0
K00765,0,0,0,0,0,0,0,0
K05592,0,0,0,0,0,0,0,0
K03790,0,0,0,0,0,0,0,0
K08744,0,0,0,0,0,0,0,0
K08999,0,0,0,0,0,0,0,0
K01958,0,0,0,0,0,0,0,0
K06131,0,0,0,0,0,0,0,0
K07001,0,0,0,0,0,0,0,0
K14059,0,0,0,0,0,0,0,0
K03820,0,0,0,0,0,0,0,0
K03727,0,0,0,0,0,0,0,0
K07029,0,0,0,0,0,0,0,0
K03118,0,0,0,0,0,0,0,0
K13573,0,0,0,0,0,0,0,0
K03116,0,0,0,0,0,0,0,0
K13572,0,0,0,0,0,0,0,0
K03924,0,0,0,0,0,0,0,0
K04047,0,0,0,0,0,0,0,0
K00963,0,0,0,0,0,0,0,0
K07566,0,0,0,0,0,0,0,0
K03333,0,0,0,0,0,0,0,0
K03321,0,0,0,0,0,0,0,0
K06213,0,0,0,0,0,0,0,0
K03579,0,0,0,0,0,0,0,0
K03320,0,0,0,0,0,0,0,0
K03217,0,0,0,0,0,0,0,0
K00453,0,0,0,0,0,0,0,0
K09955,0,0,0,0,0,0,0,0
K01556,0,0,0,0,0,0,0,0
K06994,0,0,0,0,0,0,0,0
K04047,0,0,0,0,0,0,0,0
K07217,0,0,0,0,0,0,0,0
K03088,0,0,0,0,0,0,0,0
K03088,0,0,0,0,0,0,0,0
K03088,0,0,0,0,0,0,0,0
K18369,0,0,0,0,0,0,0,0
K16937,0,0,0,0,0,0,0,0
K07682,0,0,0,0,0,0,0,0
K07695,0,0,0,0,0,0,0,0
K00384,0,0,0,0,0,0,0,0
K03671,0,0,0,0,0,0,0,0
K03325,0,0,0,0,0,0,0,0
K03741,0,0,0,0,0,0,0,0
K03741,0,0,0,0,0,0,0,0
K01990,0,0,0,0,0,0,0,0
K10947,0,0,0,0,0,0,0,0
K23778,0,0,0,0,0,0,0,0
K03977,0,0,0,0,0,0,0,0
K00655,0,0,0,0,0,0,0,0
K00945,0,0,0,0,0,0,0,0
K06178,0,0,0,0,0,0,0,0
K06208,0,0,0,0,0,0,0,0
K06024,0,0,0,0,0,0,0,0
K05896,0,0,0,0,0,0,0,0
K03496,0,0,0,0,0,0,0,0
K02257,0,0,0,0,0,0,0,0
K00655,0,0,0,0,0,0,0,0
K25316,0,0,0,0,0,0,0,0
K00297,0,0,0,0,0,0,0,0
K00549,0,0,0,0,0,0,0,0
K17686,0,0,0,0,0,0,0,0
K01201,0,0,0,0,0,0,0,0
K01198,0,0,0,0,0,0,0,0
K06998,0,0,0,0,0,0,0,0
K18955,0,0,0,0,0,0,0,0
K16870,0,0,0,0,0,0,0,0
K00973,0,0,0,0,0,0,0,0
K01790,0,0,0,0,0,0,0,0
K18855,0,0,0,0,0,0,0,0
K13010,0,0,0,0,0,0,0,0
K13018,0,0,0,0,0,0,0,0
K01710,0,0,0,0,0,0,0,0
K00067,0,0,0,0,0,0,0,0
K16870,0,0,0,0,0,0,0,0
K09691,0,0,0,0,0,0,0,0
K17947,0,0,0,0,0,0,0,0
K16568,0,0,0,0,0,0,0,0
K07272,0,0,0,0,0,0,0,0
K01005,0,0,0,0,0,0,0,0
K01589,0,0,0,0,0,0,0,0
K01588,0,0,0,0,0,0,0,0
K01183,0,0,0,0,0,0,0,0
K01183,0,0,0,0,0,0,0,0
K03284,0,0,0,0,0,0,0,0
K07560,0,0,0,0,0,0,0,0
K07064,0,0,0,0,0,0,0,0
K06980,0,0,0,0,0,0,0,0
K07092,0,0,0,0,0,0,0,0
K10773,0,0,0,0,0,0,0,0
K10914,0,0,0,0,0,0,0,0
K07098,0,0,0,0,0,0,0,0
K00529,0,0,0,0,0,0,0,0
K01647,0,0,0,0,0,0,0,0
K03417,0,0,0,0,0,0,0,0
K01720,0,0,0,0,0,0,0,0
K22293,0,0,0,0,1,0,0,0
K01692,0,0,0,0,0,0,0,0
K02598,0,0,0,0,0,0,0,0
K23188,0,0,0,0,0,0,0,0
K09699,0,0,0,0,0,0,0,0
K00167,0,0,0,0,0,0,0,0
K00166,0,0,0,0,0,0,0,0
K00817,0,0,0,0,0,0,0,0
K08972,0,0,0,0,0,0,0,0
K01756,0,0,0,0,0,0,0,0
K01524,0,0,0,0,0,0,0,0
K02492,0,0,0,0,0,0,0,0
K01599,0,0,0,0,0,0,0,0
K00231,0,0,0,0,0,0,0,0
K01749,0,0,0,0,0,0,0,0
K01719,0,0,0,0,0,0,0,0
K01698,0,0,0,0,0,0,0,0
K01845,0,0,0,0,0,0,0,0
K21908,0,0,0,0,0,0,0,0
K21600,0,0,0,0,0,0,0,0
K07213,0,0,0,0,0,0,0,0
K04091,0,0,0,0,0,0,0,0
K08987,0,0,0,0,0,0,0,0
K16137,0,0,0,0,0,0,0,0
K24163,0,0,0,0,0,0,0,0
K21700,0,0,0,0,0,0,0,0
K16167,0,0,0,0,0,0,0,0
K16168,0,0,0,0,0,0,0,0
K19577,0,0,0,0,0,0,0,0
K06221,0,0,0,0,0,0,0,0
K00285,0,0,0,0,0,0,0,0
K03719,0,0,0,0,0,0,0,0
K09814,0,0,0,0,0,0,0,0
K09813,0,0,0,0,0,0,0,0
K03893,0,0,0,0,0,0,0,0
K09771,0,0,0,0,0,0,0,0
K00299,0,0,0,0,0,0,0,0
K03657,0,0,0,0,0,0,0,0
K18958,0,0,0,0,0,0,0,0
K18917,0,0,0,0,0,0,0,0
K03657,0,0,0,0,0,0,0,0
K03426,0,0,0,0,0,0,0,0
K06979,0,0,0,0,0,0,0,0
K12373,0,0,0,0,0,0,0,0
K07032,0,0,0,0,0,0,0,0
K05595,0,0,0,0,0,0,0,0
K07053,0,0,0,0,0,0,0,0
K03719,0,0,0,0,0,0,0,0
K01262,0,0,0,0,0,0,0,0
K01990,0,0,0,0,0,0,0,0
K21001,0,0,0,0,0,0,0,0
K09691,0,0,0,0,0,0,0,0
K09690,0,0,0,0,0,0,0,0
K22278,0,0,0,0,0,0,0,0
K16870,0,0,0,0,0,0,0,0
K21003,0,0,0,0,0,0,0,0
K16699,0,0,0,0,0,0,0,0
K01056,0,0,0,0,0,0,0,0
K02897,0,0,0,0,0,0,0,0
K09807,0,0,0,0,0,0,0,0
K00948,0,0,0,0,0,0,0,0
K24120,0,0,0,0,0,0,0,0
K07164,0,0,0,0,0,0,0,0
K22316,0,0,0,0,0,0,0,0
K09861,0,0,0,0,0,0,0,0
K01821,0,0,0,0,0,0,0,0
K00886,0,0,0,0,0,0,0,0
K01265,0,0,0,0,0,0,0,0
K01448,0,0,0,0,0,0,0,0
K00606,0,0,0,0,0,0,0,0
K01915,0,0,0,0,0,0,0,0
K00982,0,0,0,0,0,0,0,0
K03088,0,0,0,0,0,0,0,0
K01126,0,0,0,0,0,0,0,0
K01209,0,0,0,0,0,0,0,0
K02529,0,0,0,0,0,0,0,0
K02027,0,0,0,0,0,0,0,0
K12308,0,0,0,0,0,0,0,0
K07315,0,0,0,0,0,0,0,0
K03088,0,0,0,0,0,0,0,0
K20469,0,0,0,0,0,0,0,0
K02283,0,0,0,0,0,0,0,0
K00384,0,0,0,0,0,0,0,0
K18697,0,0,0,0,0,0,0,0
K00027,0,0,0,0,0,0,0,0
K02034,0,0,0,0,0,0,0,0
K02033,0,0,0,0,0,0,0,0
K02035,0,0,0,0,0,0,0,0
K01895,0,0,0,0,0,0,0,0
K19113,0,0,0,0,0,0,0,0
K15520,0,0,0,0,0,0,0,0
K00937,0,0,0,0,0,0,0,0
K23258,0,0,0,0,0,0,0,0
K03306,0,0,0,0,0,0,0,0
K07220,0,0,0,0,0,0,0,0
K07305,0,0,0,0,0,0,0,0
K03699,0,0,0,0,0,0,0,0
K18909,0,0,0,0,0,0,0,0
K18908,0,0,0,0,0,0,0,0
K01214,0,0,0,0,0,0,0,0
K17810,0,0,0,0,0,0,0,0
K00033,0,0,0,0,0,0,0,0
K03684,0,0,0,0,0,0,0,0
K00632,0,0,0,0,0,0,0,0
K20265,0,0,0,0,0,0,0,0
K09022,0,0,0,0,0,0,0,0
K00656,0,0,0,0,0,0,0,0
K04069,0,0,0,0,0,0,0,0
K01662,0,0,0,0,0,0,0,0
K06048,0,0,0,0,0,0,0,0
K00088,0,0,0,0,0,0,1,0
K01681,0,0,0,0,0,0,0,0
K12952,0,0,3,0,2,0,1,0
K03284,0,0,0,0,0,0,0,0
K00721,0,0,0,0,0,0,0,0
K03215,0,0,0,0,0,0,0,0
K03499,0,0,0,0,0,0,0,0
K03499,0,0,0,0,0,0,0,0
K01520,0,0,0,0,0,0,0,0
K01092,0,0,0,0,0,0,0,0
K00857,0,0,0,0,0,0,0,0
K07492,0,0,0,0,0,0,0,0
K15520,0,0,0,0,0,0,0,0
K00548,0,0,0,0,0,0,0,0
K07741,0,0,0,0,0,0,0,0
K03086,0,0,0,0,0,0,0,0
K13787,0,0,0,0,0,0,0,0
K12132,0,0,0,0,0,0,0,0
K01626,0,0,0,0,0,0,0,0
K00895,0,0,0,0,0,0,0,0
K00655,0,0,0,0,0,0,0,0
K25026,0,0,0,0,0,0,0,0
K01897,0,0,0,0,0,0,0,0
K06962,0,0,0,0,0,0,0,0
K02342,0,0,0,0,0,0,0,0
K00766,0,0,0,0,0,0,0,0
K02276,0,0,0,0,0,0,0,0
K03889,0,0,0,0,0,0,0,0
K03890,0,0,0,0,0,0,0,0
K03891,0,0,0,0,0,0,0,0
K01738,0,0,0,0,0,0,0,0
K00640,0,0,0,0,0,0,0,0
K07443,0,0,0,0,0,0,0,0
K05522,0,0,0,0,0,0,0,0
K01808,0,0,0,0,0,0,0,0
K07386,0,0,0,0,0,0,0,0
K01256,0,0,0,0,0,0,1,0
K00705,0,0,0,0,0,0,0,0
K22044,0,0,0,0,0,0,0,0
K02803,0,0,0,0,0,0,0,0
K06886,0,0,0,0,0,0,0,0
K10805,0,0,0,0,0,0,0,0
K07107,0,0,0,0,0,0,0,0
K06020,0,0,0,0,0,0,0,0
K03111,0,0,0,0,0,0,0,0
K00337,0,0,0,0,0,0,0,0
K00338,0,0,0,0,0,0,0,0
K00339,0,0,0,0,0,0,0,0
K00340,0,0,0,0,0,0,0,0
K00341,0,0,0,0,0,0,0,0
K00342,0,0,0,0,0,0,0,0
K00343,0,0,0,0,0,0,0,0
K03924,0,0,0,0,0,0,0,0
K22452,0,0,0,0,0,0,0,0
K20074,0,0,0,0,0,0,0,0
K12132,0,0,0,0,0,0,0,0
K03466,0,0,0,0,0,0,0,0
K01586,0,0,0,0,0,0,0,0
K01887,0,0,0,0,0,0,0,0
K03449,0,0,0,0,0,0,0,0
K00298,0,0,0,0,0,0,0,0
K24163,0,0,0,0,0,0,0,0
K07260,0,0,0,0,0,0,0,0
K03699,0,0,0,0,0,0,0,0
K03699,0,0,0,0,0,0,0,0
K02483,0,0,0,0,0,0,0,0
K01616,0,0,0,0,0,0,0,0
K01785,0,0,0,0,0,0,0,0
K11621,0,0,0,0,0,0,0,0
K10947,0,0,0,0,0,0,0,0
K11621,0,0,0,0,0,0,0,0
K03088,0,0,0,0,0,0,0,0
K22336,0,0,0,0,0,0,0,0
K00800,0,0,0,0,0,0,0,0
K06949,0,0,0,0,0,0,0,0
K05602,0,0,0,0,0,0,0,0
K03664,0,0,0,0,0,0,0,0
K09811,0,0,0,0,0,0,0,0
K09812,0,0,0,0,0,0,0,0
K02836,0,0,0,0,0,0,0,0
K12511,0,0,0,0,0,0,0,0
K12510,0,0,0,0,0,0,0,0
K02283,0,0,0,0,0,0,0,0
K14267,0,0,0,0,0,0,0,0
K01005,0,0,0,0,0,0,0,0
K07552,0,0,0,0,0,0,0,0
K10947,0,0,0,0,0,0,0,0
K03524,0,0,0,0,0,0,0,0
K01966,0,0,0,0,0,0,0,0
K06287,0,0,0,0,0,0,0,0
K01200,0,0,0,0,0,0,0,0
K01433,0,0,0,0,0,0,0,0
K00375,0,0,0,0,0,0,0,0
K00024,0,0,0,0,0,0,0,0
K00031,0,0,0,0,0,0,0,0
K06188,0,0,0,0,0,0,0,0
K03321,0,0,0,0,0,0,0,0
K00602,0,0,0,0,0,0,0,0
K11175,0,0,0,0,0,0,0,0
K01902,0,0,0,0,0,0,0,0
K00925,0,0,0,0,0,0,0,0
K13788,0,0,0,0,0,0,0,0
K01621,0,0,0,0,0,0,0,0
K14998,0,0,0,0,0,0,0,0
K21147,0,0,0,0,0,0,0,0
K03149,0,0,0,0,0,0,0,0
K03153,0,0,0,0,0,0,0,0
K03154,0,0,0,0,0,0,0,0
K00788,0,0,0,0,0,0,0,0
K01951,0,0,0,0,0,0,0,0
K03973,0,0,0,0,0,0,0,0
K02302,0,0,0,0,0,0,0,0
K15554,0,0,0,0,0,0,0,0
K15555,0,0,0,0,0,0,0,0
K19267,0,0,0,0,0,0,0,0
K25307,0,0,0,0,0,0,0,0
K11354,0,0,0,0,0,0,0,0
K00281,0,0,0,0,0,0,0,0
K00605,0,0,0,0,0,0,0,0
K02437,0,0,0,0,0,0,0,0
K24131,0,0,0,0,0,0,0,0
K03574,0,0,0,0,0,0,0,0
K01854,0,0,0,0,0,0,0,0
K01547,0,0,0,0,0,0,0,0
K01548,0,0,0,0,0,0,0,0
K01546,0,0,0,0,0,0,0,0
K01545,0,0,0,0,0,0,0,0
K00874,0,0,0,0,0,0,0,0
K01625,0,0,0,0,0,0,0,0
K07104,0,0,0,0,0,0,0,0
K19267,0,0,0,0,0,0,0,0
K03639,0,0,0,0,0,0,0,0
K03750,0,0,0,0,0,0,0,0
K03635,0,0,0,0,0,0,0,0
K03313,0,0,0,0,0,0,0,0
K01512,0,0,0,0,0,0,0,0
K02028,0,0,0,0,0,0,0,0
K02030,0,0,0,0,0,0,0,0
K09118,0,0,0,0,0,0,0,0
K06988,0,0,0,0,0,0,0,0
K01785,0,0,0,0,0,0,0,0
K07177,0,0,0,0,0,0,0,0
K03704,0,0,0,0,0,0,0,0
K03574,0,0,0,0,0,0,0,0
K19302,0,0,0,0,0,0,0,0
K24915,0,0,0,0,0,0,0,0
K02003,0,0,0,0,0,0,0,0
K02004,0,0,0,0,0,0,0,0
K01940,0,0,0,2,6,0,2,1
K04762,0,0,0,0,0,0,0,0
K01810,0,0,0,0,0,0,0,0
K10237,0,0,0,0,0,0,0,0
K10236,0,0,0,0,0,0,0,0
K01673,0,0,0,0,0,0,0,0
K01679,0,0,0,0,0,0,0,0
K07175,0,0,0,0,0,0,0,0
K03446,0,0,0,0,0,0,1,0
K10947,0,0,0,0,0,0,0,0
K13444,0,0,0,0,0,0,0,0
K03313,0,0,0,0,0,0,0,0
K01874,0,0,0,0,0,0,0,0
K21686,0,0,0,0,0,0,0,0
K01637,0,0,1,0,0,0,0,1
K01638,0,0,0,0,0,0,0,0
K01126,0,0,0,0,0,0,0,0
K23265,0,0,0,0,0,0,0,0
K23264,0,0,0,0,0,0,0,0
K10947,0,0,0,0,0,0,0,0
K01923,0,0,0,0,0,0,0,0
K19668,0,0,0,0,0,0,0,0
K18578,0,0,0,0,0,0,0,0
K01945,0,0,0,0,0,0,0,0
K13280,0,0,0,0,0,0,0,0
K01939,0,0,0,0,0,0,0,0
K07315,0,0,0,0,0,0,0,0
K01624,0,0,0,0,0,0,0,0
K03975,0,0,0,0,0,0,0,0
K02566,0,0,0,0,0,0,0,0
K03744,0,0,0,0,0,0,0,0
K00762,0,0,0,0,0,0,0,0
K07124,0,0,0,0,0,0,0,0
K18675,0,0,0,0,0,0,0,0
K01142,0,0,0,0,0,0,0,0
K05349,0,0,0,0,0,0,0,0
K01990,0,0,0,0,0,0,0,0
K03147,0,0,0,0,0,0,0,0
K07029,0,0,0,0,0,0,0,0
K03695,0,0,0,0,0,0,0,0
K14696,0,0,0,0,0,0,0,0
K05571,0,0,0,0,0,0,0,0
K05570,0,0,0,0,0,0,0,0
K05569,0,0,0,0,0,0,0,0
K05565,0,0,0,0,0,0,0,0
K05567,0,0,0,0,0,0,0,0
K10947,0,0,0,0,0,0,0,0
K01494,0,0,0,0,0,0,0,0
K02020,0,0,0,0,0,0,0,0
K02018,0,0,0,0,0,0,0,0
K18479,0,0,0,0,0,0,0,0
K17317,0,0,0,0,0,0,0,0
K17316,0,0,0,0,0,0,0,0
K17315,0,0,0,0,0,0,0,0
K02529,0,0,0,0,0,0,0,0
K21688,0,0,0,0,0,0,0,0
K21688,0,0,0,0,0,0,0,0
K03424,0,0,0,0,0,0,0,0
K01874,0,0,0,0,0,0,0,0
K21430,0,0,0,0,0,0,0,0
K07407,0,0,0,0,0,0,0,0
K01785,0,0,0,0,0,0,0,0
K02099,0,0,0,0,0,0,0,0
K14261,0,0,0,0,0,0,0,0
K07056,0,0,0,0,0,0,0,0
K08281,0,0,0,0,0,0,0,0
K00728,0,0,0,0,0,0,0,0
K12373,0,0,0,0,0,0,0,0
K19978,0,0,0,0,0,0,0,0
K21449,0,0,0,0,0,0,0,0
K17624,0,0,0,0,0,0,0,0
K02909,0,0,0,0,0,0,0,0
K02954,0,0,0,0,0,0,0,0
K02913,0,0,0,0,0,0,0,0
K02902,0,0,0,0,0,0,0,0
K12308,0,0,0,0,0,0,0,0
K02027,0,0,0,0,0,0,0,0
K02529,0,0,0,0,0,0,0,0
K15733,0,0,0,0,0,0,0,0
K09796,0,0,0,0,0,0,0,0
K07156,0,0,0,0,0,0,0,0
K01580,0,0,0,0,0,0,0,0
K00038,0,0,0,0,0,0,0,0
K06204,0,0,0,0,0,0,0,0
K06988,0,0,0,0,0,0,0,0
K21159,0,0,0,0,0,0,0,0
K00004,0,0,0,0,0,0,0,0
K00847,0,0,0,0,0,0,0,0
K13280,0,0,0,0,0,0,0,0
K15554,0,0,0,0,0,0,0,0
K03088,0,0,0,0,0,0,0,0
K01626,0,0,0,0,0,0,0,0
K03574,0,0,0,0,0,0,0,0
K01990,0,0,0,0,0,0,0,0
K07223,0,0,0,0,0,0,0,0
K00133,0,0,0,0,0,0,0,0
K00928,0,0,0,0,0,0,0,0
K07090,0,0,0,0,0,0,0,0
K02343,0,0,0,0,0,0,0,0
K06187,0,0,0,0,0,0,0,0
K02072,0,0,0,0,0,0,0,0
K02071,0,0,0,0,0,0,0,0
K02073,0,0,0,0,0,0,0,0
K03973,0,0,0,0,0,0,0,0
K25150,0,0,0,0,0,0,0,0
K25149,0,0,0,0,0,0,0,0
K12942,0,0,0,0,0,0,0,0
K01255,0,0,0,0,0,0,0,0
K01990,0,0,0,0,0,0,0,0
K01992,0,0,0,0,0,0,0,0
K02483,0,0,0,0,0,0,0,0
K00075,0,0,0,0,0,0,0,0
K02913,0,0,0,0,0,0,0,0
K05786,0,0,0,0,0,0,0,0
K09767,0,0,0,0,0,0,0,0
K03799,0,0,0,0,0,0,0,0
K12308,0,0,0,0,0,0,0,0
K02529,0,0,0,0,0,0,0,0
K02027,0,0,0,0,0,0,0,0
K01187,0,0,0,0,0,0,0,0
K11991,0,0,0,0,0,0,0,0
K00761,0,0,0,0,0,0,0,0
K03088,0,0,0,0,0,0,0,0
K07393,0,0,0,0,0,0,0,0
K13640,0,0,0,0,0,0,0,0
K04043,0,0,0,0,0,0,0,0
K03687,0,0,0,0,0,0,0,0
K00344,0,0,0,0,0,0,0,0
K11939,0,0,0,0,0,0,0,0
K10234,0,0,0,0,0,0,0,0
K10233,0,0,0,0,0,0,0,0
K10232,0,0,0,0,0,0,0,0
K02529,0,0,0,0,0,0,0,0
K01265,0,0,0,0,0,0,0,0
K05520,0,0,0,0,0,0,0,0
K21064,0,0,0,0,0,0,0,0
K01875,0,0,0,0,0,0,0,0
K23188,0,0,0,0,0,0,0,0
K23187,0,0,0,0,0,0,0,0
K23186,0,0,0,0,0,0,0,0
K07229,0,0,0,0,0,0,0,0
K07029,0,0,0,0,0,0,0,0
K11744,0,0,0,0,0,0,0,0
K03587,0,0,0,0,0,0,0,0
K03438,0,0,0,0,0,0,0,0
K03925,0,0,0,0,0,0,0,0
K03924,0,0,0,0,0,0,0,0
K22452,0,0,0,0,0,0,0,0
K02346,0,0,0,0,0,0,0,0
K03704,0,0,0,0,0,0,0,0
K11355,0,0,0,0,0,0,0,0
K00058,0,0,0,0,0,0,0,0
K19265,0,0,0,0,0,0,0,0
K07738,0,0,0,0,0,0,0,0
K03722,0,0,0,0,0,0,0,0
K00016,0,0,0,0,0,0,0,0
K01356,0,0,0,0,0,0,0,0
K06975,0,0,0,0,0,0,0,0
K00156,0,0,0,0,0,0,0,0
K07192,0,0,0,0,0,0,0,0
K16868,0,0,0,0,0,0,0,0
K08139,0,0,0,0,0,0,0,0
K08225,0,0,0,0,0,0,0,0
K00851,0,0,0,0,0,0,0,0
K03299,0,0,0,0,0,0,0,0
K22736,0,0,0,0,0,0,0,0
K03469,0,0,0,0,0,0,0,0
K25286,0,0,0,0,0,0,0,0
K18353,0,0,0,0,0,0,0,0
K18353,0,0,0,0,0,0,0,0
K24116,0,0,0,0,0,0,0,0
K15554,0,0,0,0,0,0,0,0
K02049,0,0,0,0,0,0,0,0
K10747,0,0,0,0,0,0,0,0
K08683,0,0,0,0,0,0,0,0
K09164,0,0,0,0,0,0,0,0
K23185,0,0,0,0,0,0,0,0
K07229,0,0,0,0,0,0,0,0
K02575,0,0,0,0,0,0,0,0
K00360,0,0,0,0,0,0,0,0
K00362,0,0,0,0,0,0,0,0
K00363,0,0,0,0,0,0,0,0
K02303,0,0,0,0,0,0,0,0
K01719,0,0,0,0,0,0,0,0
K03795,0,0,0,0,0,0,0,0
K13639,0,0,0,0,0,0,0,0
K03924,0,0,0,0,0,0,0,0
K02351,0,0,0,0,0,0,0,0
K02042,0,0,0,0,0,0,0,0
K02041,0,0,0,0,0,0,0,0
K02044,0,0,0,0,0,0,0,0
K03710,0,0,0,0,0,0,0,0
K02026,0,0,0,0,0,0,0,0
K02025,0,0,0,0,0,0,0,0
K02027,0,0,0,0,0,0,0,0
K21298,0,0,0,0,0,0,0,0
K02803,0,0,0,0,0,0,0,0
K24967,0,0,0,0,0,0,0,0
K02803,0,0,0,0,0,0,0,0
K02784,0,0,0,0,0,0,0,0
K21908,0,0,0,0,0,0,0,0
K18476,0,0,0,0,0,0,0,0
K01990,0,0,0,0,0,0,0,0
K01992,0,0,0,0,0,0,0,0
K01091,0,0,0,0,0,0,0,0
K10834,0,0,0,0,0,0,0,0
K21744,0,0,0,0,0,0,0,0
K25133,0,0,0,0,0,0,0,0
K25132,0,0,0,0,0,0,0,0
K07052,0,0,0,0,0,0,0,0
K00138,0,0,0,0,0,0,0,1
K09959,0,0,0,0,0,0,0,0
K06911,0,0,0,0,0,0,0,0
K00374,0,0,0,0,0,0,0,0
K00371,0,0,0,0,0,0,0,0
K00373,0,0,0,0,0,0,0,0
K01198,0,0,0,0,0,0,0,0
K03088,0,0,0,0,0,0,0,0
K00858,0,0,0,0,0,0,0,0
K03574,0,0,0,0,0,0,0,0
K03306,0,0,0,0,0,0,0,0
K01620,0,0,0,0,0,0,0,0
K01424,0,0,0,0,0,0,0,0
K09858,0,0,0,0,0,0,0,0
K00059,0,0,0,0,0,0,0,0
K01224,0,0,0,0,0,0,0,0
K01990,0,0,0,0,0,0,0,0
K01992,0,0,0,0,0,0,0,0
K22894,0,0,0,0,0,0,0,0
K02259,0,0,0,0,0,0,0,0
K25141,0,0,0,0,0,0,0,0
K25140,0,0,0,0,0,0,0,0
K00633,0,0,0,0,0,0,0,0
K05349,0,0,0,0,0,0,0,0
K01937,0,0,0,0,0,0,0,0
K01554,0,0,0,0,0,0,0,0
K03980,0,0,0,0,0,0,0,0
K03631,0,0,0,0,0,0,0,0
K00858,0,0,0,0,0,0,0,0
K06442,0,0,0,0,0,0,0,0
K01866,0,0,0,0,0,0,0,0
K03652,0,0,0,0,0,0,0,0
K01755,0,0,0,0,0,0,0,0
K03402,0,0,0,0,0,0,0,0
K00611,0,0,0,0,0,0,0,0
K00821,0,0,0,0,0,0,0,0
K00930,0,0,0,0,0,0,0,0
K00620,0,0,0,0,0,0,0,0
K00145,0,0,0,0,0,0,0,0
K06996,0,0,0,0,0,0,0,0
K01649,0,0,0,0,0,0,0,0
K05799,0,0,0,0,0,0,0,0
K02013,0,0,0,0,0,0,0,0
K00941,0,0,0,0,0,0,0,0
K00344,0,0,0,0,0,0,0,0
K01890,0,0,0,0,0,0,0,0
K02314,0,0,0,0,0,0,0,0
K01607,0,0,0,0,0,0,0,0
K03327,0,0,0,0,0,0,0,0
K02939,0,0,0,0,0,0,0,0
K02963,0,0,0,0,0,0,0,0
K03111,0,0,0,0,0,0,0,0
K02990,0,0,0,0,0,0,0,0
K10947,0,0,0,0,0,0,0,0
K01858,0,1,1,0,3,0,4,0
K18926,0,0,0,0,0,0,0,0
K00970,0,0,0,0,0,0,0,0
K03574,0,0,0,0,0,0,0,0
K03980,0,0,0,0,0,0,0,0
K01496,0,0,0,0,0,0,0,0
K01657,0,0,0,0,0,0,0,0
K01609,0,0,0,0,0,0,0,0
K01696,0,0,0,0,0,0,0,0
K01695,0,0,0,0,2,0,0,0
K13292,0,0,0,0,0,0,0,0
K00265,0,0,0,0,0,0,0,0
K00266,0,0,0,0,0,0,0,0
K00873,0,0,0,0,0,0,0,0
K07074,0,0,0,0,0,0,0,0
K05349,0,0,0,0,0,0,0,0
K00661,0,0,0,0,0,0,0,0
K00320,0,0,0,0,0,0,0,0
K01834,0,0,0,0,0,0,0,0
K03088,0,0,0,0,0,0,0,0
K01897,0,0,0,0,0,0,0,0
K18701,0,0,0,0,0,0,0,0
K03892,0,0,0,0,0,0,0,0
K06996,0,0,0,0,0,0,0,0
K07454,0,0,0,0,0,0,0,0
K02342,0,0,0,0,0,0,0,0
K21495,0,0,0,0,0,0,0,0
K01426,0,0,0,0,0,0,0,0
K03578,0,0,0,0,0,0,0,0
K23518,0,0,0,0,0,0,0,0
K07130,0,0,0,0,0,0,0,0
K22894,0,0,0,0,0,0,0,0
K07695,0,0,0,0,0,0,0,0
K07682,0,0,0,0,0,0,0,0
K01561,0,0,0,0,0,0,0,0
K16937,0,0,0,0,0,0,0,0
K07260,0,0,0,0,0,0,0,0
K12308,0,0,0,0,0,0,0,0
K02027,0,0,0,0,0,0,0,0
K02529,0,0,0,0,0,0,0,0
K02529,0,0,0,0,0,0,0,0
K02025,0,0,0,0,0,0,0,0
K02027,0,0,0,0,0,0,0,0
K00852,0,0,0,0,0,0,0,0
K01644,0,0,0,0,0,0,0,0
K02033,0,0,0,0,0,0,0,0
K02034,0,0,0,0,0,0,0,0
K01176,0,0,0,0,0,0,0,0
K01689,0,0,0,0,0,0,0,0
K09009,0,0,0,0,0,0,0,0
K01524,0,0,0,0,0,0,0,0
K10947,0,0,0,0,0,0,0,0
K03885,0,0,0,0,0,0,0,0
K01358,0,0,0,0,0,0,0,0
K01358,0,0,0,0,0,0,0,0
K01788,0,0,0,0,0,0,0,0
K25026,0,0,0,0,0,0,0,0
K01714,0,0,0,0,0,0,0,0
K02031,0,0,0,0,0,0,1,0
K02033,0,0,0,0,0,0,0,0
K02035,0,0,0,0,0,0,0,0
K10804,0,0,0,0,0,0,0,0
K08167,0,0,0,0,0,0,0,0
K11601,0,0,0,0,0,0,0,0
K11603,0,0,0,0,0,0,0,0
K11602,0,0,0,0,0,0,0,0
K03709,0,0,0,0,0,0,0,0
K19577,0,0,0,0,0,0,0,0
K01869,0,0,0,0,0,0,0,0
K06915,0,0,0,0,0,0,0,0
K25232,0,0,0,0,0,0,0,0
K02237,0,0,0,0,0,0,0,0
K02238,0,0,0,0,0,0,0,0
K02238,0,0,0,0,0,0,0,0
K02340,0,0,0,0,0,0,0,0
K18816,0,0,0,0,0,0,0,0
K02968,0,0,0,0,0,0,0,0
K03596,0,0,0,0,1,0,2,1
K02495,0,0,0,0,0,0,0,0
K16568,0,0,0,0,0,0,0,0
K09940,0,0,0,0,0,0,0,0
K03705,0,0,0,0,0,0,0,0
K03686,0,0,0,0,0,0,0,0
K09761,0,0,0,0,0,0,0,0
K02503,0,0,0,0,0,0,0,0
K06217,0,0,0,0,0,0,1,0
K07042,0,0,0,0,0,0,0,0
K03699,0,0,0,0,0,0,0,0
K03595,0,0,0,0,0,0,0,0
K06889,0,0,0,0,0,0,0,0
K01649,0,0,0,0,0,0,0,1
K03584,0,0,0,0,0,0,0,0
K00806,0,0,0,0,0,0,0,0
K03975,0,0,0,0,0,0,0,0
K09816,0,0,0,0,0,0,0,0
K03711,0,0,0,0,0,0,0,0
K09817,0,0,0,0,0,0,0,0
K09815,0,0,0,0,0,0,0,0
K01880,0,0,0,0,0,0,1,0
K01187,0,0,0,0,0,0,0,0
K05540,0,0,0,0,0,0,0,0
K02529,0,0,0,0,0,0,0,0
K15770,0,0,0,0,0,0,0,0
K15771,0,0,0,0,0,0,0,0
K15772,0,0,0,0,0,0,0,0
K01129,0,0,0,0,0,0,0,0
K25286,0,0,0,0,0,0,0,0
K04750,0,0,0,0,0,0,0,0
K02316,0,0,0,0,0,0,0,0
K17686,0,0,0,0,0,0,0,0
K01990,0,0,0,0,0,0,0,0
K02031,0,0,0,0,0,0,0,0
K07052,0,0,0,0,0,0,0,0
K02034,0,0,0,0,0,0,0,0
K02033,0,0,0,0,0,0,0,0
K02035,0,0,0,0,0,0,0,0
K21908,0,0,0,0,0,0,0,0
K07027,0,0,0,0,0,0,0,0
K00626,0,0,0,0,0,0,0,0
K01028,0,0,0,0,0,0,0,0
K00370,0,0,0,0,0,0,0,0
K03636,0,0,0,0,0,0,0,0
K03752,0,0,0,0,0,0,0,0
K03750,0,0,0,0,0,0,0,0
K03637,0,0,0,0,0,0,0,0
K02575,0,0,0,0,0,0,0,0
K02529,0,0,0,0,0,0,0,0
K00852,0,0,0,0,0,0,0,0
K09936,0,0,0,0,0,0,0,0
K07048,0,0,0,0,0,0,0,0
K17836,0,0,0,0,0,0,0,0
K02064,0,0,0,0,0,0,0,0
K02063,0,0,0,0,0,0,0,0
K02062,0,0,0,0,0,0,0,0
K00368,0,0,0,0,0,0,0,0
K06997,0,0,0,0,0,0,0,0
K07106,0,0,0,0,0,0,0,0
K09001,0,0,0,0,0,0,0,0
K01207,0,0,0,0,0,0,0,0
K17331,0,0,0,0,0,0,0,0
K17330,0,0,0,0,0,0,0,0
K17329,0,0,0,0,0,0,0,0
K03800,0,0,0,0,0,0,0,0
K02004,0,0,0,0,0,0,0,0
K03088,0,0,0,0,0,0,0,0
K07006,0,0,0,0,0,0,0,0
K18351,0,0,0,0,0,0,0,0
K18352,0,0,0,0,0,0,0,0
K00384,0,0,0,0,0,0,0,0
K03671,0,0,0,0,0,0,0,0
K05825,0,0,0,0,0,0,0,0
K03497,0,0,0,0,0,0,0,0
K01921,0,0,0,0,0,0,0,0
K03496,0,0,0,0,0,0,0,0
K03501,0,0,0,0,0,0,0,0
K06346,0,0,0,0,0,0,0,0
K03217,0,0,0,0,0,0,0,0
K08998,0,0,0,0,0,0,0,0
K02313,0,0,0,0,0,0,0,0
K02338,0,0,0,0,0,0,0,0
K00033,0,0,0,0,0,0,0,0
K03629,0,0,0,0,0,0,0,0
K02470,0,0,0,0,0,0,0,0
K01990,0,0,0,0,0,0,0,0
K01697,0,0,0,0,0,0,0,0
K22934,0,0,0,0,0,0,0,0
K00564,0,0,0,0,0,0,0,0
K05596,0,0,0,0,0,0,0,0
K06895,0,0,0,0,0,0,0,0
K07401,0,0,0,0,0,0,0,0
K01687,0,0,0,0,0,0,0,0
K01724,0,0,0,0,0,0,0,0
K01687,0,0,1,1,1,0,0,0
K03305,0,0,0,0,0,0,0,0
K16937,0,0,0,0,0,0,0,0
K01669,0,0,0,0,0,0,0,0
K02434,0,0,0,0,0,0,0,0
K02433,0,0,0,0,0,0,0,0
K02435,0,0,0,0,0,0,0,0
K12132,0,0,0,0,0,0,0,0
K05364,0,0,0,0,0,0,0,0
K20074,0,0,0,0,0,0,0,0
K07459,0,0,0,0,0,0,0,0
K18831,0,0,0,0,0,0,0,0
K10947,0,0,0,0,0,0,0,0
K16568,0,0,0,0,0,0,0,0
K03545,0,0,0,0,0,0,0,0
K01358,0,0,0,0,0,0,0,0
K01358,0,0,0,0,0,0,0,0
K01897,0,0,0,0,0,0,0,0
K03544,0,0,0,0,0,0,0,0
K01873,0,0,0,0,0,0,0,0
K04092,0,0,0,0,0,0,0,0
K15510,0,0,0,0,0,0,0,0
K12234,0,0,0,0,0,0,0,0
K07051,0,0,0,0,0,0,0,0
K03079,0,0,0,0,0,0,0,0
K01858,0,0,0,0,0,0,0,0
K03088,0,0,0,0,0,0,0,0
K01183,0,0,0,0,0,0,0,0
K18887,0,0,0,0,0,0,0,0
K18888,0,0,0,0,0,0,0,0
K02575,0,0,0,0,0,0,0,0
K00370,0,0,0,0,0,0,0,0
K00371,0,0,0,0,0,0,1,0
K00373,0,0,0,0,0,0,0,0
K00374,0,0,0,0,0,0,0,0
K03635,0,0,0,0,0,0,0,0
K03639,0,0,0,0,0,0,0,0
K00077,0,0,0,0,0,0,0,0
K03636,0,0,0,0,0,0,0,0
K06200,0,0,0,0,4,0,1,0
K02478,0,0,0,0,0,0,0,0
K14393,0,0,0,0,0,0,0,0
K06147,0,0,0,0,0,0,0,0
K09759,0,0,0,0,0,0,0,0
K10829,0,0,0,0,0,0,0,0
K23227,0,0,0,0,0,0,0,0
K23228,0,0,0,0,0,0,0,0
K07229,0,0,0,0,0,0,0,0
K12373,0,0,0,0,0,0,0,0
K14161,0,0,0,0,0,0,0,0
K14162,0,0,0,0,0,0,0,0
K03830,0,0,0,0,0,0,0,0
K18301,0,0,0,0,0,0,0,0
K07178,0,0,0,0,0,0,0,0
K07038,0,0,0,0,0,0,0,0
K00567,0,0,0,0,0,0,0,0
K03088,0,0,0,0,0,0,0,0
K00567,0,0,0,0,0,0,0,0
K01972,0,0,0,0,0,0,0,0
K07284,0,0,0,0,0,0,0,0
K20469,0,0,0,0,0,0,0,0
K14415,0,0,0,0,0,0,0,0
K00259,0,0,0,0,0,0,0,0
K03790,0,0,0,0,0,0,0,0
K01284,0,0,0,0,0,0,0,0
K03284,0,0,0,0,0,0,0,0
K06153,0,0,0,0,0,0,0,0
K15526,0,0,0,0,0,0,0,0
K03556,0,0,0,0,0,0,0,0
K01607,0,0,0,0,0,0,0,0
K03701,0,0,0,0,0,0,0,0
K01607,0,0,0,0,0,0,0,0
K20469,0,0,0,0,0,0,0,0
K01990,0,0,0,0,0,0,0,0
K07778,0,0,0,0,0,0,0,0
K08982,0,0,0,0,0,0,0,0
K06978,0,0,0,0,0,0,0,0
K03284,0,0,0,0,0,0,0,0
K03088,0,0,0,0,0,0,0,0
K14155,0,0,0,0,0,0,0,0
K03975,0,0,0,0,0,0,0,0
K00797,0,0,0,0,0,0,0,0
K08224,0,0,0,0,0,0,0,0
K02341,0,0,0,0,0,0,0,0
K00943,0,0,0,0,0,0,0,0
K19270,0,0,0,0,0,0,0,0
K23775,0,0,0,0,0,0,0,0
K00078,0,0,0,0,0,0,0,0
K07313,0,0,0,0,0,0,0,0
K18937,0,0,0,0,0,0,0,0
K20798,0,0,0,0,0,0,0,0
K09164,0,0,0,0,0,0,0,0
K03811,0,0,0,0,0,0,0,0
K09813,0,0,0,0,0,0,0,0
K09814,0,0,0,0,0,0,0,0
K11753,0,0,0,0,0,0,0,0
K03177,0,0,0,0,0,0,0,0
K08167,0,0,0,0,0,0,0,0
K02519,0,0,0,0,0,0,0,0
K02834,0,0,0,0,0,0,0,0
K02600,0,0,0,0,0,0,0,0
K09748,0,0,0,0,0,0,0,0
K01881,0,0,0,0,0,0,0,0
K10563,0,0,0,0,0,0,0,0
K06976,0,0,0,0,0,0,0,0
K03526,0,0,0,0,0,0,0,0
K11749,0,0,0,0,0,0,0,0
K00099,0,0,0,0,0,0,0,0
K06941,0,0,0,0,0,0,0,0
K00981,0,0,0,0,0,0,0,0
K02838,0,0,0,0,0,0,0,0
K09903,0,0,0,0,0,0,0,0
K02357,0,0,0,0,0,0,0,0
K02967,0,0,0,0,0,0,0,0
K03733,0,0,0,0,0,0,0,0
K04096,0,0,0,0,0,0,0,0
K07465,0,0,0,0,0,0,0,0
K06402,0,0,0,0,0,0,0,0
K07442,0,0,0,0,0,0,0,0
K13527,0,0,0,0,0,0,0,0
K20814,0,0,0,0,0,0,0,0
K13570,0,0,0,0,0,0,0,0
K03433,0,0,0,0,0,0,0,0
K03432,0,0,0,0,0,0,0,0
K13571,0,0,0,0,0,0,0,0
K02500,0,0,0,0,0,0,0,0
K17320,0,0,0,0,0,0,0,0
K17319,0,0,0,0,0,0,0,0
K12373,0,0,0,0,0,0,0,0
K19701,0,0,0,0,0,0,0,0
K01421,0,0,0,0,0,0,0,0
K02440,0,0,0,0,0,0,0,0
K03885,0,0,0,0,0,0,0,0
K00232,0,0,0,0,0,0,0,0
K00626,0,0,0,0,0,0,0,0
K00059,0,0,0,0,0,0,0,0
K06978,0,0,0,0,0,0,0,0
K03305,0,0,0,0,0,0,0,0
K22479,0,0,0,0,0,0,0,0
K22479,0,0,0,0,0,0,0,0
K12373,0,0,0,0,0,0,0,0
K09992,0,0,0,0,0,0,0,0
K05782,0,0,0,0,0,0,0,0
K03574,0,0,0,0,0,0,0,0
K11741,0,0,0,0,0,0,0,0
K11741,0,0,0,0,0,0,0,0
K07243,0,0,0,0,1,0,0,0
K07224,0,0,0,0,0,0,0,0
K16301,0,0,0,0,0,0,0,0
K00320,0,0,0,0,0,0,0,0
K01464,0,0,0,0,0,0,0,0
K01431,0,0,0,0,0,0,0,0
K15372,0,0,0,0,0,0,0,0
K00140,0,0,0,0,0,0,0,0
K23842,0,0,0,0,0,0,0,0
K03783,0,0,0,0,0,0,0,0
K01840,0,0,0,0,0,0,0,0
K07229,0,0,0,0,0,0,0,0
K01619,0,0,0,0,0,0,0,0
K01488,0,0,0,0,0,0,0,0
K00758,0,0,0,0,0,0,0,0
K00389,0,0,0,0,0,0,0,0
K23536,0,0,0,0,0,0,0,0
K01489,0,0,0,0,0,0,0,0
K23535,0,0,0,0,0,0,0,0
K23537,0,0,0,0,0,0,0,0
K07335,0,0,0,0,0,0,0,0
K00971,0,0,0,0,0,0,0,0
K00241,0,0,0,0,0,0,0,0
K00242,0,0,0,0,0,0,0,0
K00239,0,0,3,0,2,0,3,0
K07058,0,0,0,0,0,0,0,0
K00240,0,0,0,0,0,0,0,0
K01867,0,0,0,0,0,0,0,0
K08372,0,0,0,0,0,0,0,0
K03117,0,0,0,0,0,0,0,0
K03088,0,0,0,0,0,0,0,0
K01255,0,0,0,0,0,0,0,0
K00588,0,0,0,0,0,0,0,0
K00796,0,0,0,0,0,0,0,0
K01439,0,0,0,0,0,0,0,0
K00674,0,0,0,0,0,0,0,0
K01647,0,0,0,0,0,0,0,0
K04517,0,0,0,0,0,0,0,0
K18346,0,0,0,0,0,0,0,0
K15525,0,0,0,0,0,0,0,0
K06207,0,0,0,0,0,0,0,0
K02031,0,0,1,0,0,0,0,0
K13891,0,0,0,0,0,0,0,0
K13890,0,0,0,0,0,0,0,0
K13889,0,0,0,0,0,0,0,0
K06193,0,0,0,0,0,0,0,0
K06942,0,0,0,0,0,0,0,0
K01990,0,0,0,0,0,0,0,0
K09760,0,0,0,0,0,0,0,0
K03527,0,0,0,0,0,0,0,0
K03601,0,0,0,0,0,0,0,0
K10112,0,0,0,0,0,0,0,0
K03602,0,0,0,0,0,0,0,0
K18352,0,0,0,0,0,0,0,0
K18351,0,0,0,0,0,0,0,0
K03282,0,0,0,0,0,0,0,0
K02279,0,0,0,0,0,0,0,0
K01434,0,0,0,0,0,0,0,0
K01934,0,0,0,0,0,0,0,0
K03790,0,0,0,0,0,0,0,0
K02003,0,0,0,0,0,0,0,0
K02004,0,0,0,0,0,0,0,0
K08225,0,0,0,0,0,0,0,0
K03168,0,0,0,0,0,0,0,0
K00005,0,0,0,0,0,0,0,0
K07284,0,0,0,0,0,0,0,0
K02031,0,0,0,0,0,0,0,0
K02034,0,0,0,0,0,0,0,0
K02033,0,0,0,0,0,0,0,0
K02026,0,0,0,0,0,0,0,0
K09955,0,0,0,0,0,0,0,0
K00991,0,0,0,0,0,0,0,0
K07736,0,0,0,0,0,0,0,0
K02036,0,0,0,0,0,0,0,0
K02038,0,0,0,0,0,0,0,0
K02037,0,0,0,0,0,0,0,0
K02040,0,0,0,0,0,0,0,0
K02168,0,0,0,0,0,0,0,0
K07776,0,0,0,0,0,0,0,0
K07768,0,0,0,0,0,0,0,0
K02039,0,0,0,0,0,0,0,0
K09012,0,0,0,0,0,0,0,0
K09014,0,0,1,4,8,2,4,3
K09015,0,0,0,0,0,0,0,0
K05710,0,0,0,0,0,0,0,0
K09013,0,0,0,2,0,0,1,0
K11717,0,0,0,0,0,0,0,0
K04488,0,0,0,0,0,0,0,0
K07054,0,0,0,0,0,0,0,0
K14998,0,0,0,0,0,0,0,0
K00059,0,0,0,0,0,0,0,0
K01462,0,0,0,0,0,0,0,0
K09458,0,0,0,0,0,0,0,0
K00648,0,0,0,0,0,0,0,0
K02078,0,0,0,0,0,0,0,0
K00163,0,0,0,0,0,0,0,0
K02342,0,0,0,0,0,0,0,0
K00790,0,0,0,0,0,0,0,0
K00088,0,0,0,0,0,0,0,0
K22491,0,0,0,0,0,0,0,0
K18955,0,0,0,0,0,0,0,0
K04078,0,0,0,0,0,0,0,0
K06048,0,0,0,0,0,0,0,0
K24163,0,0,0,0,0,0,0,0
K02837,0,0,0,0,0,0,0,0
K01754,0,0,0,0,0,0,0,0
K05799,0,0,0,0,0,0,0,0
K18928,0,0,0,0,0,0,0,0
K18929,0,0,0,0,0,0,0,0
K00782,0,0,0,0,0,0,0,0
K23778,0,0,0,0,0,0,0,0
K00661,0,0,0,0,0,0,0,0
K23186,0,0,0,0,0,0,0,0
K23187,0,0,0,0,0,0,0,0
K23188,0,0,0,0,0,0,1,0
K07396,0,0,0,0,0,0,0,0
K17836,0,0,0,0,0,0,0,0
K17836,0,0,0,0,0,0,0,0
K02026,0,0,0,0,0,0,0,0
K02025,0,0,0,0,0,0,0,0
K02027,0,0,0,0,0,0,0,0
K00946,0,0,0,0,0,0,0,0
K01921,0,0,0,0,0,0,0,0
K00057,0,0,0,0,0,0,0,0
K00655,0,0,0,0,0,0,0,0
K07778,0,0,0,0,0,0,0,0
K07693,0,0,0,0,0,0,0,0
K01990,0,0,0,0,0,0,0,0
K00790,0,0,0,0,0,0,0,0
K08972,0,0,0,0,0,0,0,0
K03553,0,0,0,0,0,0,0,0
K03565,0,0,0,0,0,0,0,0
K10007,0,0,0,0,0,0,0,0
K10006,0,0,0,0,0,0,0,0
K10005,0,0,0,0,0,0,0,0
K10008,0,0,0,0,0,0,0,0
K06168,0,0,0,0,0,0,0,0
K08256,0,0,0,0,0,0,0,0
K03744,0,0,0,0,0,0,0,0
K06215,0,0,0,0,2,0,1,1
K03574,0,0,0,0,0,0,0,0
K08681,0,0,0,0,0,0,0,0
K18189,0,0,0,0,0,0,0,0
K01159,0,0,0,0,0,0,0,0
K03550,0,0,0,0,0,0,0,0
K03551,0,0,0,0,0,0,0,0
K03210,0,0,0,0,0,0,0,0
K03072,0,0,0,0,0,0,0,0
K03074,0,0,0,0,0,0,0,0
K00759,0,0,0,0,0,0,0,0
K01139,0,0,0,0,0,0,0,0
K01971,0,0,0,0,0,0,0,0
K01971,0,0,0,0,0,0,0,0
K01069,0,0,0,0,0,0,0,0
K01892,0,0,0,0,0,0,0,0
K01876,0,0,0,0,0,0,0,0
K06994,0,0,0,0,0,0,0,0
K07478,0,0,0,0,0,0,0,0
K02986,0,0,0,0,0,0,0,0
K01872,0,0,0,0,0,0,0,0
K07447,0,0,0,0,0,0,0,0
K07082,0,0,0,0,0,0,0,0
K01736,0,0,0,0,0,0,0,0
K00891,0,0,0,0,0,0,0,0
K01735,0,0,0,0,0,0,0,0
K01126,0,0,0,0,0,0,0,0
K06902,0,0,0,0,0,0,0,0
K03786,0,0,0,0,0,0,0,0
K02356,0,0,0,0,0,0,0,1
K03625,0,0,0,0,0,0,0,0
K02825,0,0,0,0,0,0,0,0
K00609,0,0,0,0,0,0,0,0
K01465,0,0,0,0,0,0,0,0
K01956,0,0,0,0,0,0,0,0
K01955,0,0,1,0,0,0,3,0
K01591,0,0,0,0,0,0,0,0
K01104,0,0,0,0,0,0,0,0
K00942,0,0,0,0,0,0,0,0
K03060,0,0,0,0,0,0,0,0
K13038,0,0,0,0,0,0,0,0
K00789,0,0,0,0,0,0,0,0
K04066,0,0,0,0,0,0,0,0
K00604,0,0,0,0,0,0,0,0
K03500,0,0,0,0,0,0,0,0
K01783,0,0,0,0,0,0,0,0
K11752,0,0,0,0,0,0,0,0
K00793,0,0,0,0,0,0,0,0
K14652,0,0,0,0,0,0,0,0
K03406,54,44,440,66,616,69,752,243
K03811,0,0,0,0,0,0,0,0
K06153,30,24,265,82,910,29,1139,252
K01118,12,9,106,16,823,8,1029,104
K06158,61,33,424,123,1303,61,1703,395
K12979,75,95,989,324,1409,108,1540,742
K21430,4,13,70,24,80,23,84,231
K03789,6,6,23,8,80,10,129,122
K01265,0,4,3,0,18,3,20,29
K01754,58,119,381,308,889,200,1016,1048
K09795,52,47,275,66,647,27,958,118
K01687,7,11,110,11,189,16,205,120
K06969,17,10,143,43,1646,13,2264,103
K10563,20,9,159,35,241,14,308,69
K00954,0,0,0,0,0,0,0,0
K00154,38,39,471,182,1111,118,1715,414
K01011,0,1,11,3,7,0,18,22
K07506,0,0,0,0,0,0,0,0
K07019,88,34,720,210,921,86,1013,338
K07263,48,24,284,79,895,35,1480,235
K08316,0,0,0,0,0,0,0,0
K07263,51,59,629,209,2369,62,3089,811
K03110,179,193,1336,464,2253,257,2850,1819
K09812,63,55,827,184,817,115,1104,840
K09811,97,75,842,215,1857,136,2212,798
K03089,870,2445,6376,4545,5133,2668,5506,35445
K03814,7,13,23,15,88,13,126,29
K03154,39,84,200,123,323,97,377,169
K03149,119,81,1036,249,1994,136,2396,847
K03439,22,15,162,39,196,29,169,115
K07559,0,0,0,0,0,0,0,0
K02495,62,115,463,181,696,118,981,947
K01519,54,29,395,85,905,71,1349,304
K00641,47,39,489,121,1167,35,1573,439
K07090,0,0,5,1,55,0,104,2
K03601,90,100,845,334,1298,176,1834,994
K01649,568,922,7723,2541,6728,1434,8785,5984
K14287,41,35,489,91,678,56,832,355
K03977,58,53,835,148,1858,93,2557,948
K17713,144,93,1398,251,2060,139,2621,1028
K01892,129,70,1345,331,1272,112,1765,518
K03526,204,192,2269,494,2303,162,2627,1728
K15539,275,146,2600,582,2290,213,2433,1690
K02656,94,63,582,169,515,94,794,608
K06941,66,81,895,234,1091,88,1239,945
K04044,126,281,2214,563,1596,265,2064,1651
K00940,0,0,0,0,0,0,0,0
K04755,0,0,0,0,0,0,0,0
K04082,68,192,792,371,1317,181,2011,1108
K04487,167,539,2976,877,2144,528,2453,3789
K13628,0,0,0,0,0,0,0,0
K04488,0,0,0,0,0,0,0,0
K13643,190,586,3401,2127,2562,612,3116,6502
K00640,88,522,2083,1067,1668,537,2083,5311
K15396,76,40,401,110,1188,60,1858,208
K01092,77,142,837,194,1080,149,1152,906
K06077,0,0,0,0,0,0,0,0
K03072,125,61,959,230,1405,68,1745,537
K03074,0,0,0,0,0,0,0,0
K00773,249,180,2333,360,1796,203,2051,2265
K03210,0,0,0,0,0,0,0,0
K07568,129,134,1220,292,1996,111,2408,1139
K07345,0,0,6,3,333,2,361,25
K07347,0,0,0,2,305,0,375,2
K15540,0,0,2,0,215,0,180,5
K07345,0,0,0,0,71,1,36,8
K07679,2,9,29,7,716,23,711,412
K03824,0,0,0,0,0,0,1,0
K07461,0,0,0,0,0,0,0,0
K24843,5,8,124,24,143,38,233,80
K24844,0,0,31,0,125,4,185,12
K24845,0,0,0,0,0,0,0,0
K01993,0,2,6,1,135,2,260,37
K07496,0,0,1,0,15,1,16,4
K07112,0,0,0,0,0,0,0,0
K05592,0,2,12,2,285,7,326,29
K04085,0,0,0,0,0,0,0,0
K00962,7,41,301,52,505,101,539,1089
K05803,0,0,0,0,0,0,0,0
K03177,25,33,297,51,235,103,271,500
K02956,0,0,0,0,0,0,0,0
K02834,0,2,31,2,64,4,76,59
K08995,44,169,466,325,762,251,949,2022
K07504,61,132,1535,320,2957,138,2666,1826
K22549,25,17,349,97,1187,35,1638,178
K21061,62,31,528,30,769,31,935,177
K22550,0,0,0,0,0,0,0,0
K12658,80,17,731,45,1594,39,1982,226
K21062,1550,43,15055,460,10452,413,11692,2419
K13877,510,56,2943,184,1735,154,1989,614
K16090,2,0,31,9,167,1,210,47
K13609,0,0,0,0,0,0,0,0
K03790,12,7,96,41,417,8,489,77
K21023,58,73,547,221,1422,106,1888,539
K18100,21,13,115,66,757,18,885,143
K06183,6,11,46,20,159,12,232,42
K06978,0,0,0,0,0,0,0,0
K18093,8,12,83,28,1201,13,1565,96
K09934,20,13,138,25,708,4,772,77
K06894,123,46,1172,175,4676,69,6407,551
K00368,0,0,4,1,12,0,28,1
K01507,6,10,61,16,709,20,851,45
K09933,186,206,2418,316,3233,224,4079,1987
K03975,17,23,166,70,838,20,983,120
K01141,0,0,0,0,0,0,0,0
K03735,0,0,0,0,6,0,8,2
K03735,112,105,889,370,2678,138,3500,976
K04019,35,37,262,119,1820,49,2336,189
K04023,57,60,511,182,1409,73,1919,252
K01740,8,7,79,14,468,7,633,79
K00111,27,21,167,35,1044,21,1285,106
K02444,30,2,316,66,1387,11,1748,129
K04023,9,7,159,16,1040,11,1643,89
K21023,255,489,4674,1276,3870,845,4500,8778
K07115,0,0,0,0,0,0,0,0
K07304,0,0,0,0,0,0,0,0
K00627,78,49,812,207,2087,115,3388,768
K00163,491,204,2963,568,4618,349,5219,2078
K00982,241,135,1826,413,4008,218,5112,1312
K02843,157,93,929,245,1502,87,1976,613
K02841,113,59,769,155,1414,66,1702,406
K02844,133,63,841,168,1446,101,1789,703
K02848,53,61,561,107,771,65,998,321
K00612,254,189,2368,479,3809,246,4319,2388
K06194,2,4,57,10,102,5,107,30
K24847,11,4,64,15,898,3,1041,48
K09022,7,21,121,39,518,14,639,86
K06876,31,35,628,139,792,81,952,542
K01784,100,194,946,465,1595,233,1858,2015
K21006,149,90,862,348,2567,182,3349,897
K21007,100,83,892,239,2317,141,2557,671
K21008,39,7,310,60,458,25,521,175
K21009,57,21,406,109,902,26,964,210
K21010,0,0,0,0,0,0,0,0
K21011,0,0,0,0,0,0,0,0
K21012,0,0,0,0,0,0,0,0
K00826,46,63,746,184,1105,98,1184,645
K00382,387,387,2109,756,3109,451,3613,3625
K09699,568,270,3039,478,2585,487,3098,1521
K00167,184,80,921,200,1380,195,1768,633
K00166,364,185,3019,356,2911,322,3197,1207
K25135,207,183,2074,330,1852,314,2446,1293
K03719,0,0,0,0,0,0,0,0
K03406,360,150,4037,449,3729,266,4796,2392
K14445,146,22,1036,84,1485,74,2112,492
K01778,1,1,14,2,5,1,19,3
K03543,7,4,42,3,84,6,170,41
K07245,3,2,36,2,119,0,211,21
K07156,30,32,121,43,246,18,363,84
K03827,2,23,50,20,372,10,511,54
K09017,37,45,474,133,978,67,1119,683
K00322,28,10,128,15,132,21,114,67
K03734,325,237,2240,566,3358,374,4273,2582
K03288,0,0,0,0,0,0,0,0
K03723,258,142,1846,399,4224,215,5241,1316
K01207,5,3,47,4,66,6,67,40
K01356,65,176,682,443,1183,279,1493,1806
K13053,30,22,247,195,539,73,615,488
K03744,0,0,0,0,0,0,0,0
K03168,62,49,420,164,1350,71,1740,505
K00632,62,25,553,84,540,45,673,399
K01825,404,331,5216,1208,6136,914,8288,7986
K15738,94,129,1728,444,1940,207,2559,3163
K06149,0,0,0,0,0,0,0,0
K12519,0,0,0,0,0,0,0,0
K07345,0,0,0,0,123,0,158,2
K10013,0,0,2,0,51,0,32,4
K14287,2,0,11,2,99,2,143,34
K03566,0,7,1,0,159,9,194,71
K05349,2,0,38,10,693,31,953,171
K02016,2,2,32,1,229,1,239,19
K02015,2,5,22,0,227,3,310,20
K02013,0,0,2,0,75,2,100,7
K02020,0,0,10,0,61,0,80,3
K03475,0,0,6,0,342,4,508,41
K11249,0,0,1,0,24,0,17,1
K07178,0,0,9,1,12,1,14,12
K12151,0,0,16,1,23,2,12,19
K22041,2,0,5,3,29,1,36,2
K03827,0,0,0,0,7,0,9,3
K23016,0,0,3,0,16,1,34,13
K01867,0,0,0,0,0,0,0,0
K23015,0,21,2,9,230,23,269,255
K23007,0,4,2,12,209,4,232,12
K00041,0,2,2,2,275,0,390,29
K02041,0,0,0,2,122,0,198,7
K02044,0,0,4,0,184,2,202,5
K02042,0,0,0,0,101,0,184,2
K02042,0,0,6,0,200,0,403,5
K22441,0,0,0,0,0,0,0,0
K01011,0,1,7,2,82,0,93,29
K09932,0,0,4,2,60,0,122,4
K05845,3,10,112,13,221,39,271,273
K05846,0,2,5,2,229,7,250,64
K05847,0,1,25,10,231,7,298,66
K05846,0,1,10,0,78,7,164,3
K09012,0,0,25,13,266,5,284,103
K11929,4,2,18,11,192,8,204,66
K02750,0,0,10,0,481,6,552,26
K03722,0,0,18,16,138,0,188,53
K03744,0,1,2,14,136,5,194,23
K07734,0,2,25,3,158,1,172,41
K00766,0,4,83,17,211,12,257,179
K00694,9,12,93,24,534,47,717,304
K20541,8,3,167,18,635,48,887,289
K20543,24,6,283,45,759,52,937,250
K20542,6,0,74,8,260,20,360,143
K06970,0,2,12,0,132,9,213,21
K03406,0,0,23,4,181,4,140,10
K02028,0,0,0,0,14,0,17,5
K02029,0,21,73,28,114,80,232,590
K02030,4,5,62,26,133,42,173,419
K06204,2,0,33,9,46,11,56,176
K04047,1,1,0,0,43,6,73,9
K02532,0,2,4,2,292,0,367,15
K01193,0,0,8,0,262,6,293,22
K00847,4,2,19,2,279,8,285,56
K19334,0,0,0,0,0,0,0,0
K11939,0,12,63,10,203,30,236,265
K11934,0,0,0,0,0,0,0,0
K03299,0,0,4,3,131,5,264,18
K22131,0,0,8,1,193,5,278,48
K22130,0,0,0,0,1,0,6,0
K21948,0,2,17,6,95,4,82,37
K08319,4,2,17,6,210,13,189,132
K21964,0,2,50,1,170,4,243,38
K21965,0,0,8,1,133,0,155,13
K21966,0,2,0,8,458,2,640,27
K21967,0,0,2,2,305,0,403,25
K21968,0,0,0,0,176,2,168,26
K02483,0,0,6,1,117,2,130,41
K22650,0,0,0,0,0,0,0,0
K21086,2,6,54,6,123,9,113,99
K07345,4,36,2093,21,1521,27,1454,124
K15540,0,7,36,0,139,19,140,32
K07347,2,7,72,2,521,8,780,43
K07345,0,0,11,0,88,0,127,2
K01077,0,2,52,32,209,14,227,228
K05804,0,0,0,0,0,0,0,0
K11209,0,0,0,2,84,2,79,21
K01725,0,0,0,0,0,0,0,0
K01673,0,0,2,0,100,2,90,6
K11921,0,0,4,0,172,0,257,9
K06158,0,2,34,14,94,27,120,97
K21029,0,0,0,0,0,0,0,0
K03750,0,5,28,6,165,19,124,68
K13051,4,7,112,38,276,60,332,245
K13892,2,8,57,34,386,40,474,143
K13889,2,4,38,17,286,25,288,110
K13890,0,0,25,0,194,11,243,40
K13891,0,0,0,0,1,0,0,0
K01070,0,0,0,0,0,0,0,0
K00121,0,9,54,12,209,17,221,28
K21959,0,5,41,5,243,8,351,56
K01495,4,18,96,32,190,53,313,324
K01995,2,0,10,2,42,1,58,9
K01998,10,8,153,18,889,36,1422,135
K01997,1,0,48,2,462,7,672,76
K05799,42,9,513,71,1574,67,1878,588
K19640,4,3,18,3,49,8,70,20
K00381,49,61,718,227,882,99,1007,726
K04774,0,0,0,0,0,0,0,0
K00548,387,769,3391,1833,5681,898,7237,7118
K00549,5,9,72,11,205,1,280,80
K09962,49,35,608,161,1313,64,1612,318
K00799,1,0,6,5,212,2,431,8
K09983,2,0,11,2,15,3,14,8
K01449,0,0,12,2,11,0,12,11
K07275,73,66,562,178,991,119,1242,1033
K01873,42,71,419,123,1153,96,1576,476
K03790,0,0,0,0,0,0,0,0
K03623,13,5,36,17,325,11,431,34
K06967,37,24,389,80,1249,39,1580,337
K03808,19,45,227,60,756,47,705,341
K03808,3,11,34,9,82,16,90,77
K06192,0,0,0,0,0,0,0,0
K03789,12,9,116,20,170,11,204,97
K01673,0,0,0,0,0,0,0,0
K04045,64,23,462,53,1446,40,1516,181
K01114,143,77,1138,217,2159,117,2888,697
K02106,46,26,371,83,2294,48,3018,251
K00606,0,0,0,0,0,0,0,0
K16264,2,3,41,16,320,13,393,33
K07665,1,0,4,1,33,0,55,4
K15725,2,2,32,4,1345,4,1566,24
K15727,20,12,55,11,918,16,1214,27
K01952,100,19,497,100,664,51,1041,236
K02804,0,0,0,0,0,0,0,0
K18691,51,49,385,186,1226,78,2015,571
K03474,0,1,4,2,12,1,27,7
K03584,43,44,511,171,661,77,924,477
K03595,16,13,167,35,826,15,1024,129
K03685,89,56,762,138,797,79,1131,365
K03596,259,185,2053,435,1685,217,1890,1824
K03100,0,0,0,0,0,0,0,0
K11720,169,144,1604,367,2333,195,2794,1251
K07091,184,93,1350,302,1636,198,2066,968
K01255,262,164,2154,439,3449,324,3915,1539
K02339,0,4,49,22,513,8,665,35
K01873,326,238,2143,479,4343,285,5504,1563
K06970,16,13,203,56,1019,25,1527,155
K06899,24,16,279,68,910,42,1130,261
K18917,0,0,0,0,0,0,0,0
K03449,117,44,747,125,1228,67,1743,470
K07461,0,0,0,0,0,0,0,0
K05799,151,52,581,134,898,128,1226,358
K13651,4,1,45,9,688,4,804,52
K13655,5,3,70,10,284,12,250,81
K07679,79,150,1667,484,5526,145,6594,1886
K07345,1,13,36,23,741,2,749,114
K07347,26,34,395,84,1699,44,1731,517
K03406,14,27,151,116,1139,10,946,250
K03701,162,129,3485,350,1716,232,1976,2041
K21407,0,0,0,0,0,0,0,0
K09794,0,0,0,0,0,0,0,0
K13587,77,80,540,186,1701,129,2332,624
K07675,71,37,514,69,868,44,981,273
K07689,51,12,351,66,1118,58,1688,240
K02052,110,38,1471,272,2224,110,2954,679
K02055,134,77,2172,352,3152,120,4213,794
K02054,35,17,497,145,1834,38,2224,306
K02053,36,10,372,72,1032,44,1548,204
K19954,14,12,138,32,1528,22,2088,81
K19954,60,20,1018,131,1951,70,2651,610
K01783,125,92,1049,231,1225,171,1390,973
K01091,139,53,978,180,1608,108,2284,615
K01657,187,96,1350,449,2521,166,3412,1206
K01658,50,38,414,93,675,56,1000,224
K00766,146,79,1631,212,1621,124,1991,946
K01609,168,101,1328,207,1738,195,2382,833
K16869,0,0,4,0,9,0,15,8
K10914,0,0,0,0,0,0,0,0
K06134,27,12,203,42,792,30,828,259
K07397,0,0,0,0,0,0,0,0
K07124,53,62,953,169,795,91,943,830
K02503,0,0,0,0,0,0,0,0
K00459,74,56,754,173,1623,90,2201,741
K08973,77,41,604,137,1109,149,1446,1062
K00145,233,161,1783,332,1816,312,2097,1897
K09001,0,2,9,1,65,1,59,8
K15724,0,0,0,0,0,0,0,0
K19304,100,73,885,311,1636,123,2027,868
K01866,183,221,1902,645,2406,374,2648,1969
K11904,0,1,15,0,282,4,330,9
K06596,45,33,361,107,2964,56,4116,389
K11903,0,0,0,0,0,0,0,0
K06598,0,0,0,0,0,0,0,0
K02660,172,59,974,184,2465,119,3188,427
K02659,45,9,260,99,966,35,1298,197
K02658,48,24,479,87,627,47,788,234
K02657,108,85,1173,332,1417,139,1893,1233
K01920,147,88,973,198,1903,173,2587,770
K03832,19,18,201,66,1377,20,1885,137
K07735,68,79,647,206,887,97,1195,465
K07447,48,28,276,73,712,47,1043,150
K02825,18,25,173,63,676,30,940,136
K00609,67,36,536,188,1463,52,1772,481
K01465,78,56,658,207,1157,124,1373,532
K02669,37,78,462,152,1460,71,1420,920
K19303,0,0,0,0,0,0,0,0
K06997,78,173,793,449,1221,291,1552,2537
K00286,198,201,2027,839,1842,463,2068,2516
K02221,85,72,873,375,1380,168,1667,1490
K09131,29,29,288,80,627,68,735,340
K11016,0,0,7,3,11,0,22,5
K11017,61,20,774,105,2483,84,3292,288
K01129,40,15,372,96,3321,45,3440,147
K05594,24,14,229,64,498,30,706,383
K03455,85,248,1213,422,1642,452,1938,2653
K03320,0,0,0,0,0,0,0,0
K06177,26,38,285,54,860,54,990,232
K03638,83,71,736,174,893,149,1133,724
K03750,52,16,264,40,252,27,251,196
K16011,9,14,122,35,776,17,761,117
K07029,45,59,165,79,327,70,502,249
K03415,119,458,1384,1045,1747,704,2109,7248
K07140,52,36,428,105,915,58,979,443
K09913,0,0,0,0,0,0,0,0
K03313,3,1,5,8,24,2,34,8
K07137,21,25,213,78,1106,30,1207,295
K08985,69,49,499,94,1043,66,1342,457
K15977,0,0,0,0,0,0,0,0
K09930,14,7,95,26,798,14,992,99
K01996,1,6,6,3,358,19,617,21
K01995,20,2,73,7,111,4,155,47
K01998,172,54,1290,199,1669,114,1983,742
K01997,67,32,755,146,1740,112,2335,500
K01999,56,65,764,200,1721,83,2510,803
K21023,50,44,463,102,1941,63,2025,396
K00020,12,3,65,18,127,6,189,30
K03580,8,6,76,14,1457,7,2141,47
K06940,0,0,0,0,0,0,0,0
K23677,0,0,0,0,0,0,0,0
K03566,17,2,124,31,718,8,850,114
K00148,2,1,10,1,152,0,135,5
K00302,178,65,1424,144,2228,157,2867,689
K01433,0,0,0,0,0,0,0,0
K00305,0,0,0,0,0,0,0,0
K00303,116,45,582,87,1291,93,1866,387
K00304,0,0,0,0,0,0,0,0
K00600,179,40,1007,160,2277,140,2951,611
K01620,93,72,744,200,1816,125,2494,689
K03457,18,20,155,45,1381,22,1645,106
K21832,12,0,80,6,170,9,258,32
K01506,0,0,0,0,0,0,0,0
K00479,17,8,193,10,465,7,604,110
K03333,8,6,47,11,2441,14,3981,30
K03521,1,0,16,11,1031,1,1167,12
K03522,0,0,0,0,0,0,0,1
K21834,203,66,1099,108,1542,156,2009,328
K07552,0,0,1,1,55,0,103,6
K06183,0,5,18,23,135,10,168,67
K19789,0,0,16,14,172,21,174,84
K06899,0,1,14,0,23,0,21,21
K02897,0,0,0,0,0,0,0,0
K09904,0,2,16,4,52,3,45,56
K07014,4,14,53,5,254,26,276,204
K12149,0,0,0,0,0,0,0,0
K03762,0,2,22,7,192,4,216,41
K02078,0,0,13,4,30,1,41,27
K02078,1,0,15,3,33,1,44,55
K07107,0,0,11,5,40,0,33,14
K03634,0,0,0,0,59,3,68,14
K00647,0,0,6,4,156,7,148,44
K00059,0,0,0,1,94,3,134,14
K06987,0,0,4,2,44,1,56,23
K02654,0,0,2,0,307,1,350,5
K02463,0,0,14,0,182,6,268,9
K02461,0,0,0,0,137,2,133,5
K02462,0,0,0,0,0,0,0,0
K02460,0,0,2,0,255,4,347,1
K02459,0,0,11,0,143,0,207,4
K02458,0,0,2,2,24,0,44,0
K02457,0,0,0,0,1,0,1,0
K02455,0,0,0,0,15,0,17,1
K02456,0,0,0,0,0,0,0,0
K02454,0,0,3,0,104,2,114,0
K02453,0,0,6,2,283,2,339,26
K02452,0,0,2,0,157,0,167,16
K01200,0,5,30,14,737,8,820,139
K02451,0,0,0,0,59,0,73,21
K02465,0,1,4,4,17,1,11,36
K02050,0,0,2,0,365,0,629,17
K09476,0,0,2,0,360,2,472,12
K07507,0,0,0,0,152,2,211,6
K08172,0,4,12,0,184,2,147,43
K04064,0,0,1,0,69,0,51,3
K09475,0,2,11,3,91,8,136,62
K07676,0,5,16,5,93,3,79,22
K07677,0,1,1,0,20,2,36,3
K07687,0,0,0,0,0,0,0,0
K02469,4,16,54,26,503,37,529,260
K00568,0,5,62,14,140,16,176,143
K00525,7,9,190,37,430,75,493,549
K00526,0,2,23,7,39,4,56,79
K03742,0,1,5,2,52,6,104,17
K11107,0,0,0,0,0,0,0,0
K03834,2,0,10,0,131,2,226,27
K03781,2,2,22,0,71,0,87,25
K01911,0,0,5,0,18,0,16,4
K02549,2,2,67,0,149,25,198,78
K01661,4,0,68,2,179,18,184,70
K02551,2,3,79,6,147,12,169,137
K08680,0,0,0,0,0,0,0,0
K02552,6,12,107,15,454,54,521,214
K13688,4,10,161,44,1383,48,1779,470
K05594,0,0,3,0,4,0,4,0
K15270,0,0,5,3,181,0,280,13
K00343,0,0,5,0,116,5,73,32
K00342,1,2,81,6,237,25,356,35
K00341,4,0,128,16,454,31,614,110
K00336,4,3,172,27,368,47,409,189
K00340,0,0,0,0,0,0,0,0
K00339,0,0,0,0,0,0,0,0
K00338,0,0,0,0,0,0,0,0
K00337,0,0,0,0,0,0,0,0
K00335,14,8,207,45,392,69,400,433
K13378,12,8,170,23,307,60,372,312
K00334,0,0,0,0,0,0,0,0
K00331,9,14,106,31,250,68,271,402
K00330,4,16,132,45,211,48,231,511
K14260,0,2,10,21,145,15,127,96
K08722,0,0,0,0,0,0,0,0
K19270,3,6,60,8,181,5,217,46
K09161,3,7,76,15,164,13,245,106
K09899,3,5,45,12,119,21,121,168
K00925,12,18,307,36,342,66,528,417
K13788,0,3,43,0,180,12,265,55
K00615,0,0,9,0,17,2,30,5
K03475,0,5,16,2,133,4,222,26
K02822,0,3,14,1,106,2,112,13
K02821,0,1,12,0,96,7,124,28
K06145,2,6,4,0,77,4,77,39
K22110,0,0,0,0,0,0,0,0
K10192,0,0,3,0,245,0,232,14
K10195,0,0,7,2,247,2,304,20
K10194,0,0,9,2,164,0,225,21
K10193,0,4,2,0,296,0,353,13
K01823,0,1,0,2,170,1,193,20
K07095,3,7,42,25,111,22,243,97
K22994,0,2,18,0,181,2,269,24
K00065,0,0,0,0,0,0,0,0
K16210,0,0,0,2,343,0,398,11
K01730,1,2,7,0,270,2,294,30
K04782,0,0,0,0,0,0,0,0
K13735,8,22,87,18,435,39,551,237
K11209,0,10,61,24,216,34,264,257
K07589,2,1,9,6,53,3,78,56
K07345,0,1,7,1,30,5,59,49
K07071,0,0,0,0,0,0,0,0
K10017,0,2,2,11,224,2,175,21
K10015,0,3,29,3,73,8,97,115
K10016,0,0,19,6,84,6,84,110
K10014,1,3,32,7,206,38,211,191
K00764,2,13,224,42,225,68,256,666
K03186,0,0,0,0,0,0,0,0
K03558,2,9,69,13,128,16,129,180
K03749,0,5,50,10,106,14,125,119
K11754,2,1,47,6,205,13,224,45
K01963,2,6,68,5,212,24,283,86
K03975,1,8,93,15,155,25,161,209
K06173,2,1,39,4,98,11,79,54
K00133,0,6,18,5,96,5,125,28
K03473,0,10,34,4,175,12,160,42
K21964,0,0,0,0,0,0,0,0
K25180,0,0,25,3,94,16,144,31
K25181,0,1,18,4,84,6,83,21
K25182,0,0,35,2,180,0,228,47
K25183,0,0,33,2,130,14,136,37
K23777,0,0,17,0,186,0,178,45
K11927,0,14,34,10,180,46,207,125
K05541,0,0,0,0,30,1,25,0
K00675,0,0,0,0,0,0,0,0
K03585,4,4,92,12,253,16,303,278
K11738,0,1,0,0,15,1,25,5
K03975,0,0,0,0,0,0,2,2
K01251,0,6,55,10,236,27,358,91
K07262,0,2,16,4,195,3,227,38
K09781,0,4,31,6,214,14,328,39
K02003,1,4,97,12,536,2,697,50
K02004,6,4,86,16,1413,6,1881,72
K21695,0,0,0,0,0,0,0,0
K00090,2,5,18,8,132,10,137,24
K07506,26,59,285,159,1699,93,2069,274
K09474,0,0,0,1,1,1,2,0
K02002,17,8,85,14,1323,8,1566,51
K18013,2,5,18,2,1088,2,1406,32
K17735,6,8,57,15,1011,9,1480,60
K07107,2,0,26,9,539,1,664,24
K00471,4,2,50,13,1020,5,1234,17
K21826,3,4,36,12,709,12,907,52
K18816,0,0,0,0,0,0,0,0
K01752,223,660,3245,1826,3312,1839,4652,9216
K02002,83,61,1342,255,2190,236,2820,1209
K02001,5,7,80,9,210,9,336,74
K02168,8,6,38,0,126,8,188,8
K02000,0,0,0,0,0,0,0,0
K02167,79,282,453,557,1210,259,1243,3018
K00130,105,205,749,723,2088,336,2546,3033
K00108,118,39,536,290,2395,104,2988,658
K18326,55,36,382,89,1509,45,2119,180
K05591,47,70,492,204,1706,115,2504,486
K00459,0,0,0,0,0,0,0,0
K20329,0,0,0,0,0,0,0,0
K07347,8,4,69,15,1223,4,1436,15
K15540,1,0,78,4,1388,4,2113,23
K07345,8,0,102,12,1449,0,1797,30
K01923,15,14,260,43,982,14,971,102
K07287,449,86,2304,367,1748,171,1651,776
K01714,365,166,3667,624,2895,233,3446,2104
K03567,0,2,7,5,100,1,190,9
K03548,2,1,26,3,40,1,80,10
K03564,0,0,0,0,0,0,0,0
K04085,19,27,213,60,554,27,888,207
K00602,0,0,37,8,209,8,250,63
K01945,0,0,22,4,99,6,97,51
K05787,0,1,10,2,23,5,41,15
K09891,7,28,866,48,446,60,523,916
K05982,0,0,14,2,38,2,40,27
K01599,6,0,21,16,176,10,228,93
K03426,0,6,62,14,230,27,358,122
K07740,0,8,217,48,372,40,494,466
K03147,0,0,9,11,388,2,548,25
K00788,0,0,0,2,74,0,99,13
K03148,0,0,0,0,16,0,27,0
K03046,2,0,53,14,402,9,423,78
K03154,0,0,0,0,0,0,0,0
K03149,0,0,0,0,0,0,0,0
K08172,0,0,0,0,0,0,0,0
K03150,0,0,0,0,0,0,0,0
K03043,86,63,3481,179,3323,370,4051,2495
K02935,2,9,98,17,118,50,148,288
K02864,10,34,1323,56,995,136,1245,1283
K02863,33,73,1796,134,1366,286,1613,2107
K02867,2,22,361,50,325,83,437,491
K02601,16,29,551,37,489,115,573,724
K03073,43,33,638,66,381,152,441,435
K16922,137,29,721,101,2254,88,3547,194
K14340,145,69,841,237,2537,134,3405,544
K13472,114,140,1258,415,1772,210,1698,1828
K19055,127,76,941,325,945,116,1373,883
K19092,0,0,0,0,0,0,0,0
K06075,86,151,906,298,802,202,1098,1439
K21695,1,0,3,2,92,1,136,8
K02453,0,1,3,1,160,0,212,0
K02461,6,0,15,5,555,6,651,8
K02462,0,0,0,0,0,0,0,0
K02460,2,0,4,0,581,0,693,6
K02456,1,3,28,7,247,3,356,12
K02452,0,0,0,2,98,0,123,0
K02458,0,0,0,0,0,0,0,0
K02457,0,3,3,3,429,4,540,13
K07165,2,2,7,3,182,0,243,3
K02459,0,0,0,0,0,0,0,0
K15371,150,82,533,190,1406,133,1791,563
K03668,0,0,0,0,0,0,0,0
K03924,61,63,508,158,1211,92,1579,534
K07114,32,24,244,55,589,24,834,120
K03430,16,29,71,88,1270,69,1672,281
K05306,3,8,28,34,340,12,410,69
K01505,0,0,0,0,0,0,0,0
K00219,49,31,355,70,1058,27,1232,128
K12262,0,0,0,0,0,0,0,0
K03770,120,123,2491,196,2331,291,2758,2377
K01338,1571,1142,21476,3637,13498,1318,15311,16579
K03530,0,0,0,0,0,0,0,0
K03544,1385,2689,22740,4241,15811,3484,17866,53103
K01358,57,108,805,227,476,123,520,2242
K03545,347,478,2870,1760,2556,742,3499,5382
K03893,0,0,3,0,27,0,47,0
K09977,13,4,39,2,96,3,117,18
K00858,109,127,819,430,1522,206,1975,1715
K02441,72,120,559,236,820,250,937,711
K09916,21,30,429,88,296,63,391,474
K01256,204,231,2106,838,2981,547,3502,3132
K03321,30,14,264,44,201,35,226,137
K07003,168,120,2138,672,2866,293,3726,1212
K18138,15,6,51,18,301,14,321,44
K07404,0,0,0,0,0,0,0,0
K03585,24,29,211,68,1283,39,1977,132
K02483,21,27,223,126,951,47,1153,346
K01692,79,86,926,215,1314,193,1428,1148
K03426,3,2,26,7,66,1,110,19
K07090,0,0,0,0,0,0,0,0
K02014,10,4,37,2,606,12,877,18
K15553,0,0,0,0,0,0,0,0
K09022,0,0,0,0,0,0,0,0
K01273,27,192,207,364,2414,307,2995,1572
K15553,2,11,63,55,1121,10,1541,38
K15555,15,40,129,131,604,107,841,265
K15554,49,104,321,252,841,199,1186,490
K24700,18,53,63,316,828,134,1136,368
K03088,55,22,281,43,715,39,882,126
K07165,18,8,134,29,937,13,1168,88
K16087,0,10,96,31,3399,18,4796,97
K05807,8,28,147,49,174,73,207,351
K03641,10,19,697,73,665,128,698,1371
K03640,0,0,0,0,0,0,0,0
K03646,7,29,332,88,449,104,602,1182
K03559,2,1,9,5,30,9,45,42
K03562,4,1,35,18,87,16,93,126
K07107,0,0,6,13,46,11,49,45
K00426,0,1,5,5,16,2,13,30
K00425,20,73,2249,162,2395,382,2792,1876
K00424,0,0,0,0,0,0,0,0
K01902,8,27,418,118,622,143,609,768
K01903,4,1,183,8,206,19,250,98
K00164,6,7,321,46,489,43,625,564
K00658,0,0,0,0,0,0,0,0
K00239,10,16,158,33,337,50,524,467
K00240,0,0,0,0,0,0,0,0
K00242,0,5,36,16,55,16,95,70
K00241,8,4,41,35,116,19,183,140
K01647,3,0,100,30,142,37,199,245
K05522,0,0,2,0,8,1,13,5
K01304,1,0,5,0,29,1,52,17
K07160,0,0,4,0,109,2,94,3
K23124,4,0,8,5,97,7,118,10
K23123,2,0,26,3,133,2,194,9
K01669,0,8,30,16,213,33,302,119
K01546,0,0,1,0,191,0,253,10
K01547,0,0,3,6,289,0,350,12
K01548,4,4,68,0,103,11,186,34
K07646,0,0,16,9,448,10,606,55
K07667,0,1,8,6,13,2,19,20
K01835,0,0,7,1,120,5,88,25
K10947,0,0,0,0,0,0,0,0
K03645,2,6,53,15,157,29,203,211
K01175,0,1,11,4,45,5,37,29
K12373,1,0,59,18,171,11,117,90
K03839,0,0,0,0,0,0,0,0
K03711,0,0,0,0,0,0,0,0
K05685,0,0,4,0,203,0,240,4
K13888,0,0,0,0,20,1,20,0
K03673,0,0,0,2,112,0,281,2
K01886,0,1,13,1,185,0,150,3
K02804,9,9,195,59,486,54,443,463
K02564,3,13,79,30,264,21,238,174
K01443,5,11,78,35,235,28,281,210
K02565,0,7,37,20,179,30,215,137
K02566,2,2,34,10,172,0,200,79
K01953,2,7,77,52,303,42,403,424
K03184,16,13,211,62,272,47,288,435
K06168,9,14,89,17,331,28,301,281
K06193,0,3,7,5,82,8,78,22
K06217,39,52,826,81,1007,114,1127,939
K07042,16,26,184,18,352,58,324,431
K06189,28,22,140,36,289,68,362,462
K03820,0,7,27,13,243,3,308,103
K10001,24,37,522,132,424,148,537,1744
K10003,2,12,68,22,166,22,188,628
K10002,0,2,20,7,97,17,127,164
K10004,1,4,32,4,221,17,333,156
K01250,4,8,31,15,186,20,281,131
K01869,11,19,124,38,452,67,528,421
K03643,6,5,67,7,113,21,138,131
K02340,1,2,11,3,110,10,97,18
K00969,0,0,8,0,57,4,101,17
K09710,2,0,40,10,57,12,62,86
K00783,3,6,29,6,79,20,90,104
K05515,0,3,23,8,300,20,486,116
K05837,0,1,2,6,160,6,217,14
K03642,6,7,28,7,169,16,260,90
K07258,2,5,49,18,229,42,295,247
K09158,0,14,155,19,185,15,219,227
K03801,0,11,18,12,103,9,193,112
K03644,2,10,97,23,234,37,285,404
K03425,1,1,9,1,18,13,28,70
K18968,5,21,103,27,358,71,599,750
K06199,2,13,43,3,125,10,168,179
K03704,0,0,0,0,0,0,0,1
K03811,1,3,57,8,139,8,145,115
K03326,2,4,15,14,267,22,481,150
K01805,0,8,22,0,220,4,283,19
K10439,0,0,3,4,194,2,333,27
K10440,0,0,3,0,165,0,187,10
K23238,3,4,58,14,137,25,159,166
K01666,0,0,0,0,0,0,3,1
K00852,0,0,0,0,0,0,0,0
K04073,4,4,13,0,177,10,297,27
K02554,0,0,2,0,213,0,234,2
K05714,0,0,2,0,126,0,143,13
K05713,0,0,11,0,81,0,159,12
K00529,0,0,5,0,275,4,417,25
K05711,2,1,7,0,190,1,295,2
K05708,0,0,0,0,140,0,200,7
K05710,0,0,0,0,0,0,0,0
K05709,0,0,0,0,0,0,0,0
K05817,1,0,4,0,61,0,63,21
K19055,0,0,0,0,12,0,21,0
K04016,2,0,44,3,122,1,241,12
K04018,0,0,0,0,0,0,0,0
K02200,0,0,0,0,0,0,0,0
K04015,7,1,98,14,358,13,582,23
K04014,2,4,44,3,206,2,282,1
K03385,7,7,226,10,401,30,412,71
K04013,0,0,0,0,0,0,0,0
K07052,0,0,3,0,235,0,276,8
K07274,0,0,0,0,0,0,0,0
K06867,0,2,24,6,154,0,185,70
K02381,0,0,13,2,180,5,291,42
K06901,2,0,20,1,308,1,403,11
K00926,0,0,10,2,244,0,355,10
K01485,0,0,0,0,0,0,1,0
K02847,0,0,2,5,112,1,96,19
K11192,2,2,8,6,429,5,541,50
K07106,4,1,38,4,236,15,284,56
K15835,0,1,2,4,229,2,227,32
K01207,0,0,0,0,392,0,444,8
K07347,0,2,0,0,430,2,640,7
K15540,0,0,2,0,303,0,403,13
K07345,0,0,1,0,142,2,270,17
K03367,67,23,499,83,7018,62,9376,285
K07345,8,29,222,36,1539,22,1832,197
K12518,34,48,375,171,2693,44,3739,444
K12519,8,6,82,40,562,14,904,100
K07679,51,15,259,66,1313,16,2063,112
K07690,0,0,0,0,0,0,0,0
K01584,0,0,1,0,620,2,847,22
K03759,0,0,1,0,312,0,473,3
K24087,2,7,29,11,143,5,178,142
K03152,0,2,42,5,160,6,152,42
K00558,0,18,104,23,305,28,268,455
K07458,0,0,0,0,0,0,0,0
K02946,1055,1075,7735,1952,4176,721,5000,8222
K02906,1014,1195,10935,1913,5942,1073,7843,9349
K02926,648,887,7768,2176,4637,769,5959,6786
K02892,268,221,2890,405,2224,225,2365,2923
K02886,1510,1312,20041,2778,13128,1294,14325,14541
K02965,619,316,4791,910,3165,291,3542,3004
K02890,569,366,6058,884,4105,397,4565,4550
K02982,1337,778,10852,1575,8921,787,9077,8994
K02878,433,246,3964,758,5297,402,5757,3670
K02904,154,96,1158,229,1215,111,1219,918
K02961,309,236,2800,458,3093,263,3299,2469
K02874,757,445,9060,777,9337,560,9621,6689
K02895,1341,580,7284,730,6822,633,6910,4271
K02931,1463,783,18440,1868,18581,842,19267,12209
K02954,1857,441,9296,1192,8173,509,7828,5866
K02994,735,1083,11243,1618,9935,878,10616,11034
K02933,1224,1160,16736,1630,13652,867,15263,11643
K02881,500,439,4973,772,4440,402,4958,3883
K02988,511,494,7982,858,7941,426,9007,5728
K02907,57,44,738,81,650,31,775,552
K02876,495,328,4885,740,3937,321,4703,2087
K03076,2191,1243,23616,3025,21350,1374,21937,14250
K02952,939,692,7670,1540,6986,700,7879,7936
K02948,292,254,4166,726,5143,310,5751,4775
K02986,622,784,7970,1738,9720,928,10608,10819
K03040,1807,1190,16510,2891,19305,1503,20526,19046
K03701,9,9,95,17,208,11,240,112
K02879,0,0,0,0,0,0,0,0
K03781,0,0,0,0,0,0,0,0
K03594,0,0,0,0,0,0,0,0
K03111,0,0,0,0,0,0,0,0
K02036,39,20,369,51,1628,31,2324,237
K02039,64,19,502,122,967,52,1095,304
K03413,573,833,3283,1108,3052,1087,3367,6072
K03699,0,0,6,3,27,1,38,5
K07636,32,46,349,114,2093,55,2586,328
K07657,21,13,212,78,1048,26,1376,225
K03179,42,57,322,140,1064,58,1247,567
K03181,69,23,332,62,804,14,1204,166
K05297,392,258,3136,651,2920,449,3332,2070
K05787,151,313,3977,488,1948,464,2245,3556
K11904,19,21,220,43,1343,11,1794,111
K03556,210,308,1851,709,2420,505,3043,2547
K00567,73,87,593,165,713,180,883,902
K19734,2,1,21,11,170,4,130,23
K22956,0,0,0,1,2,0,5,0
K02078,1,0,11,7,189,2,277,29
K00059,10,5,42,20,931,4,1371,26
K05524,4,0,22,2,342,4,515,14
K09516,11,10,140,22,1900,14,2869,35
K00648,0,0,0,0,0,0,0,0
K15898,110,49,818,171,853,74,1136,525
K15897,64,36,533,89,1303,61,1555,359
K15899,29,10,238,21,171,14,171,93
K15894,0,0,0,0,0,0,0,0
K01790,0,0,0,0,0,0,0,0
K01709,0,0,0,0,0,0,0,0
K00978,0,0,0,0,0,0,0,0
K02397,58,34,786,131,1581,55,2060,367
K02396,584,433,6036,924,6368,817,7961,8325
K02395,396,511,4242,1134,4528,600,5769,8208
K02394,150,64,1077,239,1777,115,2186,597
K02393,54,18,546,98,930,42,1075,236
K14744,0,0,0,0,139,0,158,10
K01185,0,6,5,1,191,0,212,19
K07491,0,4,0,3,247,0,192,10
K06907,2,0,2,0,165,4,289,24
K06907,0,0,12,4,392,2,591,44
K06907,0,3,14,2,274,8,557,46
K11904,0,0,19,0,402,4,531,28
K06903,0,0,2,0,97,0,90,2
K07480,0,0,0,2,91,1,58,0
K03610,167,168,1104,379,1171,161,1552,1426
K03609,209,430,3107,748,3412,515,4205,6447
K03608,90,89,647,164,688,152,796,1081
K06177,15,22,128,53,793,38,1115,181
K01267,90,168,1274,666,2184,319,3181,2703
K22044,23,37,236,86,1238,38,1772,261
K02052,12,14,226,36,504,30,665,165
K00344,20,10,72,27,65,10,85,36
K03797,456,628,5646,1978,5155,944,6401,7690
K03773,146,477,1631,628,1862,574,2331,6620
K05600,7,10,160,15,785,17,1175,357
K11311,42,19,214,48,876,23,1077,372
K11734,109,82,921,271,2034,171,2725,1086
K00375,2,0,5,0,66,1,96,2
K05782,0,0,0,0,0,0,0,0
K00453,67,34,408,81,957,58,1155,344
K07130,103,32,839,121,1795,88,2112,1488
K06995,11,4,236,15,926,10,1334,100
K00020,0,0,0,0,0,0,0,0
K00140,563,93,1895,255,1240,267,1671,647
K21021,33,20,452,52,503,39,506,169
K03581,11,16,167,38,272,12,310,119
K03582,151,62,1139,181,2487,91,3156,473
K03583,127,61,915,177,3172,114,4087,385
K03566,5,7,40,30,1151,25,1932,72
K08219,7,8,91,21,1432,14,1768,45
K03602,11,13,143,33,306,21,394,210
K00795,100,92,690,180,1001,125,1133,594
K01662,241,276,2253,618,2892,284,3805,1701
K16092,18,16,152,58,1668,13,2203,118
K06858,12,3,40,8,129,3,219,12
K01497,29,10,190,75,326,15,487,223
K01095,1,0,15,1,29,0,41,13
K00946,52,19,361,71,790,30,876,197
K03625,100,57,438,78,541,70,687,172
K14652,131,95,1209,340,1745,154,1865,1442
K00794,0,0,0,0,0,0,0,0
K00793,40,28,179,30,423,25,510,159
K11752,123,70,801,218,1184,100,1479,653
K07738,174,113,1302,370,1223,166,1808,827
K22843,13,21,226,80,940,40,1476,163
K05838,103,115,1087,376,1060,168,1288,1223
K02004,41,37,356,177,1174,90,1456,332
K09950,50,52,443,140,704,76,785,412
K01784,5,1,5,3,86,1,122,16
K07275,0,0,0,0,0,0,0,0
K07001,61,30,433,111,1719,69,2258,275
K12678,25,10,284,65,2211,17,3008,140
K22025,0,0,0,0,0,0,0,0
K13021,18,16,224,42,992,42,1313,207
K05799,0,0,4,1,232,0,276,9
K24206,18,17,222,78,1896,42,2312,191
K01483,1,1,27,2,155,4,209,17
K01477,19,12,283,40,1009,24,1119,156
K13485,4,0,27,3,120,2,175,13
K16842,24,30,277,51,708,26,681,251
K06901,62,28,575,62,1436,32,1404,457
K07127,0,0,0,0,0,0,0,0
K05825,35,77,267,243,802,147,996,1030
K17737,17,8,82,41,88,20,135,127
K00799,0,0,0,0,0,0,0,0
K03300,15,17,117,30,1366,24,1868,121
K01495,3,8,64,32,373,15,635,84
K07320,4,8,94,20,346,12,454,139
K06889,142,422,1392,775,1828,479,2147,5046
K01736,210,144,1511,384,2178,280,2898,1711
K05820,25,16,212,97,1434,42,2017,247
K08967,30,33,407,163,370,59,401,390
K13776,121,55,1356,585,2667,264,3922,919
K06867,87,57,1434,237,1361,95,1824,963
K15540,12,17,119,38,1290,15,1563,138
K07347,59,81,954,164,3244,78,4330,649
K09771,0,0,0,0,0,0,0,0
K09898,0,0,0,0,0,0,0,0
K01953,57,77,1035,331,1902,192,2603,1086
K15461,53,164,1267,557,2710,313,3404,1724
K23753,140,174,1939,480,2512,278,2767,1798
K00626,150,60,1438,186,1841,183,2517,1041
K01679,5,5,87,14,103,6,124,77
K09924,150,186,1924,506,2267,268,2757,3304
K05527,85,105,740,238,761,145,714,1199
K07146,70,157,1012,332,1762,213,1970,2611
K07396,66,47,507,109,584,61,761,419
K06148,114,75,999,203,2346,92,3053,590
K21023,248,215,2202,480,3894,271,4644,3450
K22292,34,24,343,101,713,67,992,422
K00568,0,0,2,0,6,0,5,3
K12960,90,32,707,102,1534,56,1969,405
K08963,56,56,322,133,1739,84,2477,204
K02469,389,321,3658,772,4954,396,6078,3110
K00831,150,121,1444,300,2070,155,2435,1245
K14170,235,103,1886,404,2348,135,2916,1347
K00817,144,75,1219,273,1732,95,2138,703
K24018,546,293,4563,988,4872,452,5647,3211
K00945,288,157,2405,393,1805,204,1923,2210
K02945,2490,3167,60633,5271,32000,2495,35280,32601
K05788,0,0,0,0,0,0,0,0
K02473,96,203,1649,476,1718,185,2059,1939
K02474,72,78,1033,180,829,71,1019,1093
K01953,81,123,2007,324,3246,96,3866,1139
K13007,40,224,1269,440,2913,138,3083,1547
K24300,380,779,6361,1725,6317,743,7340,8945
K02237,0,0,3,2,4,1,6,15
K16137,4,16,185,35,516,27,746,236
K16238,50,80,617,138,537,82,705,674
K09967,0,0,0,0,0,0,0,0
K01545,0,0,0,1,68,0,120,5
K01546,9,12,96,19,1581,30,2425,156
K01547,8,2,62,14,1944,9,2714,95
K01548,8,5,32,18,734,2,1021,39
K07646,38,34,331,74,2036,56,2838,275
K07001,2,3,13,2,23,0,57,7
K07667,0,0,0,0,0,0,0,0
K03406,138,152,1682,331,1292,211,1400,1988
K03424,570,580,7949,1408,6424,907,6951,11847
K18691,87,38,776,231,2302,96,2987,740
K15977,0,2,16,7,89,4,75,11
K02004,43,51,371,153,1384,65,1525,362
K07690,0,0,0,0,0,0,0,0
K04760,0,0,0,0,0,0,0,0
K02003,20,10,279,110,537,31,696,208
K10804,70,103,756,243,1096,195,1369,1342
K16291,157,187,1504,362,1966,264,2294,2034
K01626,5690,1008,15407,6615,5373,898,5318,9484
K06975,0,0,0,0,0,0,0,0
K00077,59,41,451,167,1007,84,1302,378
K13634,164,233,1645,560,2029,361,2654,3662
K02356,168,263,2313,668,1295,140,1390,2462
K04063,22,40,374,38,255,78,331,791
K23775,25,37,272,31,252,45,338,474
K07090,1,1,6,0,13,0,14,3
K01626,4,2,35,7,95,2,112,21
K09927,0,0,0,0,0,0,0,0
K05592,109,162,953,279,1877,174,1976,1107
K15777,4,1,11,2,70,1,80,5
K03799,2,8,18,15,147,9,104,43
K00569,0,0,0,0,0,0,0,0
K14260,716,1357,7423,3636,6012,1844,6594,34283
K20973,87,88,991,261,1614,123,2063,977
K07305,0,0,0,0,0,0,0,0
K00432,0,0,0,0,0,0,0,0
K23775,0,0,7,3,3,0,13,8
K06923,0,0,0,0,0,0,0,0
K08968,0,0,0,0,0,0,0,0
K07690,5,1,35,12,491,3,842,31
K11910,48,23,544,67,1843,38,2056,264
K11901,17,8,150,7,525,9,664,74
K11900,45,14,368,24,1459,16,2056,116
K11905,5,3,69,7,265,5,281,19
K11896,7,14,142,40,1374,19,1837,156
K11895,0,2,25,4,628,0,832,18
K11907,13,19,194,33,2032,29,2668,104
K11914,16,3,54,12,1008,3,1244,29
K11894,8,4,52,4,739,7,934,22
K11906,0,2,21,0,308,0,507,2
K11893,26,0,228,20,1084,6,1238,69
K11892,4,8,48,6,839,0,1019,18
K11891,25,9,229,47,2914,20,3725,158
K11915,0,2,22,5,418,5,528,10
K01894,17,31,150,52,764,25,1079,199
K06204,30,19,213,54,839,42,1266,184
K06206,11,2,150,15,383,7,431,65
K25132,36,24,227,103,888,89,1213,304
K25133,12,7,89,40,1088,17,1500,68
K10834,9,3,96,27,712,13,865,87
K07028,85,160,1919,327,1470,263,1851,2455
K05365,171,157,2003,550,3124,225,4500,1642
K01652,1582,1982,14268,4604,13247,2074,15483,14082
K01653,206,350,3777,739,3285,288,3971,3209
K00053,1072,1016,17633,2913,15934,1114,18186,9419
K17103,66,95,1004,297,2126,164,2858,1441
K07147,52,150,837,329,1485,229,1830,2311
K17247,10,24,137,48,983,27,784,102
K15359,10,41,86,100,776,62,949,181
K07400,0,0,0,0,2,0,3,0
K05936,0,8,37,5,166,9,230,37
K02189,4,1,28,5,114,6,193,25
K02234,64,39,738,143,1741,62,2362,457
K02230,242,84,1223,217,3711,127,4806,558
K03405,46,38,355,42,742,60,956,191
K13580,59,42,151,73,438,76,497,127
K07246,36,26,322,69,1283,47,1594,442
K00059,56,15,547,60,929,65,1353,534
K03273,0,0,14,8,58,3,62,24
K02071,2,4,53,20,164,7,98,119
K02072,0,2,36,5,178,8,200,104
K02073,4,0,297,37,411,27,415,542
K06080,0,4,8,6,67,0,62,10
K22900,2,7,15,0,72,9,128,63
K01881,10,10,112,31,324,52,406,371
K06079,2,2,13,1,39,6,50,26
K15034,0,1,17,9,49,3,64,40
K04075,1,0,8,11,113,6,183,18
K19000,0,0,0,0,0,0,0,0
K17230,0,0,0,0,0,0,0,0
K03305,0,1,0,2,101,6,94,6
K01582,0,0,1,0,311,0,473,1
K03757,0,2,0,0,363,2,470,4
K03765,0,0,7,2,336,0,493,10
K01582,0,0,23,2,468,13,595,77
K08234,0,0,0,0,0,0,0,0
K01962,1,4,3,3,55,7,84,31
K06158,239,115,1274,359,2319,164,2803,1188
K05834,0,0,0,0,0,0,0,0
K07337,4,1,57,8,87,1,122,27
K09859,14,4,80,26,791,4,919,70
K09859,32,13,236,50,2015,35,2837,200
K07243,120,65,915,191,2333,75,2731,485
K09768,0,0,0,0,0,0,0,0
K03975,133,89,1278,314,1377,164,1655,844
K01698,153,106,1166,363,2574,148,3310,1088
K00937,79,108,665,199,1214,162,1568,877
K01524,17,7,93,19,160,13,165,83
K02028,117,105,844,249,1256,206,1749,844
K02029,7,4,58,5,552,10,768,53
K02029,2,2,77,24,480,10,738,39
K02030,11,5,47,12,634,10,797,40
K05799,54,32,236,103,1107,34,1420,209
K03671,505,828,6368,1338,3181,571,3793,8217
K03628,316,372,2862,967,3921,455,4303,4041
K09691,17,16,265,48,1771,27,2626,194
K09690,48,13,314,64,900,28,1151,158
K01118,23,14,221,50,1381,24,1684,190
K22441,0,0,4,0,4,0,7,2
K00675,12,26,189,64,1241,43,2018,137
K24206,42,27,467,88,1343,42,1781,325
K00832,16,25,312,64,1751,33,1961,272
K03702,97,141,1221,431,1357,254,1641,2235
K03446,17,9,228,58,114,22,120,170
K03543,22,16,191,83,1806,44,2782,227
K01885,249,151,1994,577,3213,251,4080,2331
K09950,0,0,0,0,0,0,0,0
K01589,180,438,1553,843,1647,595,2154,5483
K01588,124,80,706,232,1038,106,1306,513
K21645,264,156,899,358,1834,254,2350,831
K01744,53,56,512,91,2372,45,2893,375
K00648,7,11,98,19,727,30,1116,65
K13075,18,5,137,23,896,9,1416,65
K03310,30,29,263,65,2410,39,2973,256
K01424,32,45,204,120,631,83,828,493
K01868,2,6,61,42,1624,29,2097,95
K06131,5,5,127,28,697,8,1078,145
K00574,0,1,4,1,3,2,18,9
K09930,5,3,9,3,75,1,78,23
K04088,36,13,193,32,1079,17,1443,91
K04087,0,0,0,0,0,0,0,0
K00981,0,1,9,7,661,1,1028,8
K03719,0,0,0,0,0,0,0,0
K05834,0,0,0,0,0,0,0,0
K02030,60,34,881,106,1377,117,1968,543
K02029,13,6,138,43,627,8,840,81
K02029,15,17,114,22,680,4,932,37
K02028,8,3,167,12,229,13,275,46
K01091,6,5,54,19,196,16,323,79
K14056,5,19,151,19,169,13,133,175
K09471,27,25,186,67,518,13,584,174
K12254,56,29,439,123,1368,23,1807,342
K01915,216,64,949,178,1543,110,2072,960
K07010,56,81,330,173,1204,126,1737,317
K11076,36,11,212,50,1093,38,1530,225
K11075,16,10,119,51,793,13,911,188
K11074,80,28,361,82,849,35,1077,218
K11073,28,14,292,94,1542,33,1916,258
K00052,0,0,0,0,0,0,0,0
K01649,3,2,82,27,204,42,243,200
K05798,0,3,29,9,211,4,186,69
K01897,6,56,169,64,467,85,496,669
K01652,2,0,95,33,333,26,433,216
K01653,4,17,119,15,177,15,157,216
K03435,2,2,59,15,169,15,293,206
K03925,0,13,84,30,140,34,229,158
K03438,0,5,64,24,183,36,260,233
K03586,0,3,6,2,45,4,53,34
K03587,3,6,65,15,331,35,460,192
K01928,7,1,133,17,264,44,324,315
K01929,7,5,125,29,293,32,366,232
K01000,17,0,111,20,345,44,354,221
K01925,4,6,126,19,273,31,268,238
K03588,2,2,37,7,282,10,375,60
K02563,8,8,87,16,220,26,273,94
K01924,9,3,224,41,329,42,395,187
K01921,3,2,157,18,214,28,301,180
K03589,4,3,48,6,145,19,183,40
K03590,6,9,145,23,321,53,349,136
K03531,10,9,418,52,539,81,580,478
K02535,12,25,644,73,580,113,646,1134
K13301,1,6,87,9,215,26,194,291
K03070,7,23,360,54,762,115,823,555
K03574,0,0,0,0,0,0,1,0
K18778,0,2,13,4,63,2,116,63
K09862,0,0,0,0,0,0,0,0
K00859,0,4,31,4,75,13,140,121
K02505,0,0,0,0,40,0,49,4
K00364,0,0,0,0,0,0,0,0
K02504,0,2,2,1,247,3,446,34
K02682,0,0,2,0,104,0,135,4
K03673,0,0,0,0,147,0,145,0
K13888,0,0,0,0,139,0,226,0
K05685,0,0,0,2,275,4,500,18
K07357,0,0,0,8,163,0,131,11
K07357,0,4,6,4,170,5,124,51
K07345,0,0,2,4,167,2,130,6
K07346,0,0,0,0,104,0,187,0
K07347,2,2,12,4,482,7,809,43
K07349,0,1,7,4,180,4,212,30
K00767,0,1,0,0,51,1,68,11
K01845,1,5,31,11,120,11,98,217
K03807,0,0,0,0,0,0,0,0
K03281,2,7,29,10,398,6,540,74
K15724,2,5,50,10,60,16,66,75
K06858,0,0,14,6,167,3,248,46
K01243,0,2,11,4,89,1,136,27
K01129,6,10,70,8,273,29,427,222
K04772,4,36,184,62,306,120,350,660
K01708,0,0,2,0,81,0,107,7
K02647,0,0,0,0,0,0,0,0
K03535,0,0,4,2,394,0,509,6
K01706,0,0,4,0,62,1,108,2
K07678,0,0,1,1,39,2,50,15
K01630,0,0,0,0,0,0,0,0
K00042,0,0,0,0,0,0,0,0
K03215,21,4,120,18,266,51,340,256
K00951,26,10,251,52,477,83,593,516
K04765,0,4,2,2,152,17,209,35
K01937,7,61,277,116,476,146,530,1251
K01689,5,68,567,100,664,168,714,1138
K07345,0,4,49,14,237,27,231,218
K07347,1,0,14,0,622,4,1024,46
K17218,0,0,22,0,84,2,102,24
K16234,0,0,0,0,0,0,0,0
K01745,2,0,40,2,256,2,407,77
K01712,3,8,114,12,339,20,404,191
K08195,2,6,53,5,334,7,383,102
K10026,0,3,16,4,188,4,267,38
K01737,0,0,2,1,119,5,217,20
K00380,1,35,85,155,373,140,440,506
K00381,4,38,102,105,289,115,350,421
K09612,0,3,10,4,67,15,83,74
K00390,0,0,0,0,0,0,0,0
K06887,2,0,8,10,392,2,358,24
K02302,4,58,59,136,201,180,201,346
K00957,0,25,36,69,135,101,163,361
K00956,0,43,116,94,282,103,282,592
K00860,5,20,26,21,96,59,148,117
K02028,0,0,1,1,8,1,10,3
K02029,0,0,11,6,107,8,134,52
K02030,0,6,24,3,128,11,135,61
K05589,0,2,14,8,155,10,262,11
K00991,0,1,7,1,66,4,62,22
K01770,0,0,1,3,41,4,56,26
K06176,0,4,11,16,176,5,194,37
K21966,2,0,6,0,497,6,652,32
K03787,3,7,30,18,109,30,143,197
K00573,5,4,52,10,128,16,155,168
K03555,0,1,14,4,79,12,82,46
K06194,0,0,0,0,0,0,0,0
K03087,0,0,0,0,0,0,0,0
K12518,0,0,6,1,531,2,617,32
K12519,0,0,0,0,146,0,162,4
K12518,0,0,5,4,480,0,671,13
K12519,0,0,0,0,140,0,224,11
K07358,0,5,11,16,269,14,336,99
K06908,7,4,54,12,470,4,547,28
K06906,13,6,59,12,624,8,1011,33
K06905,7,1,46,18,1069,6,1551,25
K16137,32,234,456,448,532,186,639,2306
K21023,7,7,98,21,158,9,167,282
K07107,0,0,0,0,0,0,0,0
K05541,0,0,0,0,0,0,0,0
K04080,0,0,0,0,0,0,0,0
K01703,488,1394,3093,970,3613,882,4708,3958
K01704,119,352,892,252,1232,195,1436,1465
K00052,242,188,2743,428,2946,238,3460,2215
K00133,465,431,3933,1112,3818,697,4127,4468
K00133,50,65,349,104,1030,76,1290,313
K08086,695,501,5030,1189,4157,800,4916,4890
K06173,25,20,194,74,1247,55,1545,264
K01817,116,119,851,224,909,150,1169,669
K01963,278,211,2342,533,2309,260,2677,2171
K11754,223,108,1280,303,1597,143,1672,591
K03749,61,39,241,157,516,75,833,264
K10022,2,4,54,4,164,4,159,28
K03635,23,17,355,53,872,44,993,348
K03637,22,32,182,85,557,48,871,305
K03636,0,0,0,0,0,0,0,0
K09936,17,48,826,118,2565,37,2831,328
K20331,42,8,1219,174,1652,27,1823,354
K20333,79,18,629,83,1675,24,2225,239
K20332,33,27,396,64,2136,34,2781,124
K11752,2,0,25,2,49,4,30,8
K18297,0,0,0,0,0,0,0,0
K18306,19,7,160,37,1052,8,1541,82
K18307,18,15,180,27,1219,17,1696,59
K07175,33,30,407,99,192,89,282,190
K09861,6,14,168,89,1386,46,1826,165
K00066,24,21,230,61,1557,42,1804,137
K19290,8,7,118,19,1467,18,1817,103
K19291,26,4,165,18,1240,20,1621,70
K00626,0,0,0,0,0,0,0,0
K03412,0,1,5,2,36,2,35,3
K07689,0,0,0,0,0,0,0,0
K03411,13,9,68,8,121,9,142,19
K00575,0,0,0,0,0,0,0,0
K03406,18,5,84,10,674,10,809,75
K03408,0,0,0,0,0,0,0,0
K03408,0,0,0,0,0,0,0,0
K03407,26,5,343,49,2000,42,2472,219
K03406,9,6,56,15,634,14,687,75
K25135,18,13,103,49,1096,24,1322,110
K01113,13,44,138,177,602,90,784,622
K01586,0,0,0,0,0,0,0,0
K09808,123,147,932,436,1714,190,1898,1465
K09810,116,52,820,177,1217,128,1724,981
K07644,0,0,4,1,48,0,65,10
K09808,0,0,0,0,0,0,0,0
K07665,14,4,95,48,667,21,983,90
K06879,38,42,468,117,910,79,1109,738
K04754,130,118,2043,365,2005,150,2501,2189
K07315,43,156,752,235,745,123,866,848
K00616,3,10,52,22,78,12,80,245
K05539,208,441,2599,914,3024,594,3691,7144
K07483,7,16,165,51,311,20,291,175
K07497,18,4,87,37,275,11,425,89
K16870,4,5,32,8,271,10,254,30
K16699,16,18,180,39,925,14,1316,94
K09471,6,15,24,14,185,12,159,63
K00638,13,44,211,113,1076,58,1074,685
K02839,1,2,35,6,147,6,218,38
K18148,12,18,111,46,547,18,707,114
K03563,55,142,1142,268,691,197,878,1648
K01150,52,152,934,269,1076,171,1098,1738
K05597,21,19,191,44,699,14,796,186
K10439,94,627,1920,2017,2034,1482,2500,10279
K02529,50,31,347,145,724,92,933,341
K00852,29,32,344,102,1116,93,1728,344
K06726,7,14,72,16,314,8,428,108
K03704,71,80,468,352,307,71,296,920
K07484,0,0,0,0,45,0,90,9
K21495,0,3,12,5,244,10,321,21
K07483,0,0,0,0,0,0,0,0
K09815,4,3,30,7,134,6,189,47
K09823,74,53,516,116,748,100,992,470
K09817,25,18,170,41,147,24,171,84
K03781,3,3,23,15,136,5,141,22
K09816,0,0,0,0,0,0,0,0
K02071,60,91,689,229,1490,125,1813,862
K02072,36,26,337,108,792,43,1104,251
K02073,72,49,660,136,774,97,936,301
K07152,0,0,0,0,0,0,0,0
K02257,41,24,773,137,851,63,988,639
K02259,81,30,1059,198,1522,88,2108,462
K14998,39,23,565,63,887,40,1162,142
K02276,78,17,760,93,785,66,1089,158
K02274,124,59,1135,131,1545,98,2231,518
K02258,0,0,0,0,0,0,0,0
K02275,118,54,1478,302,2029,167,2782,754
K01673,20,19,90,15,848,23,1037,56
K05878,27,8,289,38,1173,20,1759,167
K05879,3,2,22,4,83,3,104,13
K11477,107,268,1030,644,1497,300,1790,1788
K00101,4,3,28,16,91,8,84,51
K03566,19,16,74,69,835,20,1043,76
K02055,10,5,117,22,1350,17,2046,75
K03585,28,27,130,25,811,21,1165,115
K01286,4,1,12,1,152,2,151,12
K01354,72,34,607,170,2734,79,3818,416
K09160,66,32,355,92,678,70,744,295
K03684,48,36,371,105,1105,53,1547,330
K09902,0,0,0,0,0,0,0,0
K11921,0,0,0,2,225,0,339,8
K01713,3,0,9,11,19,1,19,7
K01673,10,86,205,120,879,175,1113,524
K01725,12,24,101,60,621,36,728,152
K03449,2,8,138,38,1416,26,1953,81
K01826,0,0,0,0,0,0,0,0
K19222,0,0,0,0,0,0,0,0
K01007,0,13,65,20,290,22,379,190
K09773,5,6,20,8,311,23,433,160
K01626,0,14,18,11,87,8,117,170
K00432,0,0,12,0,111,2,86,73
K16087,0,2,5,7,541,6,645,57
K07225,0,0,7,2,139,0,196,36
K25132,0,3,5,3,66,6,66,46
K25133,0,0,2,1,28,1,31,13
K08997,0,1,0,0,11,1,3,5
K10834,0,0,0,0,0,0,0,0
K21086,0,2,18,7,166,16,175,60
K03800,0,4,19,6,188,8,143,114
K13695,0,2,13,1,15,2,40,15
K07264,0,4,7,5,86,1,131,47
K12963,0,0,0,0,0,0,0,0
K12962,0,0,0,0,0,0,0,0
K10011,0,10,25,0,183,17,227,48
K13014,0,0,0,0,0,0,0,0
K10012,0,1,10,5,119,13,94,59
K07806,0,12,18,7,152,24,211,82
K06074,0,7,24,13,279,24,256,163
K00432,0,0,0,0,32,1,58,4
K06073,0,0,0,0,0,0,0,0
K01890,14,48,516,66,623,133,755,870
K04764,0,0,0,0,0,0,0,0
K01889,2,6,110,3,178,17,212,123
K01868,52,129,2060,217,1659,405,1753,3035
K02887,0,0,0,0,0,0,0,0
K02916,0,0,0,0,0,0,0,0
K02520,0,0,0,0,0,0,0,0
K09965,2,13,26,29,111,50,146,150
K03837,0,0,0,1,11,1,6,3
K05595,0,0,0,0,0,0,0,0
K07053,0,0,22,6,253,13,420,65
K06905,0,1,21,7,84,8,53,69
K06906,0,0,0,0,0,0,0,0
K06907,0,0,0,0,0,0,0,0
K06908,0,0,0,0,0,0,0,0
K06903,0,0,0,0,3,0,8,0
K01185,0,0,0,0,72,0,136,2
K07816,0,3,3,9,219,5,188,43
K22474,0,0,0,0,0,0,0,0
K06151,0,1,18,3,165,14,176,60
K06152,0,4,14,6,350,12,452,17
K08308,0,1,23,13,178,15,276,154
K11604,0,5,18,4,189,15,177,92
K11607,0,2,10,14,120,0,179,50
K11605,2,0,6,0,120,8,169,54
K11606,0,2,16,6,162,4,217,60
K15523,15,33,304,55,285,92,392,891
K24204,2,2,13,22,170,13,235,139
K00065,0,4,19,4,174,6,260,57
K07038,3,0,10,5,121,8,192,27
K06956,6,33,391,118,498,160,552,1305
K19333,0,0,1,4,36,1,67,10
K08169,0,2,0,0,82,3,73,16
K03797,23,157,1098,166,1154,298,1074,1529
K03799,0,0,0,0,0,0,0,0
K03607,0,12,126,33,178,45,199,316
K08968,7,6,114,19,181,47,194,319
K03808,0,2,52,17,227,9,292,66
K06192,4,5,60,28,480,12,676,165
K11392,0,0,0,0,0,0,0,0
K07346,0,2,9,1,196,4,351,36
K05603,4,1,36,6,109,14,132,86
K09975,0,0,0,0,0,0,0,0
K05836,0,4,19,8,177,10,167,45
K01468,0,6,67,14,220,6,231,138
K01458,1,1,16,8,185,9,304,53
K05517,0,5,5,9,95,7,84,72
K14052,0,0,9,17,177,7,242,73
K09470,0,5,126,28,336,39,454,320
K09473,3,4,73,39,138,31,160,216
K14056,4,4,24,10,114,18,140,135
K09472,0,5,141,58,228,54,282,453
K09471,0,2,93,38,199,40,263,357
K05834,0,0,0,0,0,0,0,0
K07347,0,7,23,16,388,18,491,154
K15540,0,4,26,0,277,4,339,53
K07345,1,0,24,3,114,8,219,73
K07345,0,2,4,8,236,4,177,28
K03811,0,0,2,1,129,1,172,27
K06211,0,1,4,1,111,2,164,18
K00031,1,2,20,8,171,14,230,95
K06181,2,1,14,7,72,6,130,33
K12152,0,2,18,4,33,8,57,53
K00566,6,8,56,35,218,36,357,273
K07153,0,2,15,9,103,12,161,83
K01756,0,0,23,10,87,9,108,53
K01190,0,2,19,0,450,2,550,18
K02532,0,0,0,0,0,0,0,0
K00633,0,0,0,0,0,0,0,0
K02529,2,0,46,5,352,10,482,116
K12113,0,2,38,10,238,8,321,101
K12111,0,4,34,6,420,7,552,243
K12240,238,452,5933,582,3740,520,5040,1993
K12242,19,40,623,36,669,58,849,145
K04782,5,16,99,7,148,15,190,36
K01851,47,79,1003,60,1074,102,1294,303
K18297,3,1,6,3,26,0,30,1
K01576,23,2,66,28,1886,26,2233,101
K00077,2,3,69,16,508,17,732,49
K01995,5,3,40,5,318,6,416,33
K01997,12,6,33,13,627,7,926,37
K01998,20,19,124,41,973,6,1506,136
K01996,7,10,57,16,604,4,705,37
K03837,39,15,274,82,1387,41,2033,224
K01682,25,14,197,26,179,20,193,160
K02014,2,8,66,22,2522,11,3154,75
K02013,8,9,111,29,900,3,1351,69
K02016,9,6,62,24,734,5,1039,47
K02015,11,8,117,23,788,14,1226,85
K11959,9,4,181,24,1984,21,2789,105
K11960,8,0,39,6,1195,6,1650,12
K11961,8,0,26,13,1025,3,1469,30
K11962,8,1,26,7,835,3,1212,18
K11963,10,4,32,6,665,8,948,26
K03190,76,17,288,102,699,65,1037,201
K01430,0,2,45,5,345,3,531,21
K24217,12,3,86,30,495,8,656,95
K19113,29,29,143,61,649,41,1030,176
K01429,6,6,111,18,224,8,278,65
K01428,37,33,387,98,2556,62,3202,302
K05516,256,158,2872,385,1260,420,1624,2343
K18997,0,0,0,0,0,0,0,0
K04046,57,21,337,124,1380,50,1950,257
K03314,0,0,0,0,0,0,0,0
K02618,44,32,326,103,1588,64,1803,201
K14393,37,22,413,124,1716,229,2195,566
K02613,3,3,94,27,984,30,1172,145
K02612,7,8,118,26,279,44,341,172
K02611,15,4,211,34,600,43,677,164
K02609,17,5,158,31,659,54,699,216
K02610,0,0,0,0,0,0,0,0
K01912,20,6,303,89,2081,145,2279,356
K00632,28,17,437,110,2069,210,2644,656
K02614,3,3,59,13,105,24,137,83
K15866,26,10,132,39,375,37,469,205
K02617,34,15,211,52,914,22,1205,153
K02616,28,26,488,100,858,31,1007,232
K01114,42,25,280,91,1938,46,2513,246
K23773,0,0,0,0,0,0,0,0
K00673,52,77,515,210,664,119,862,556
K03719,0,0,1,2,182,0,264,8
K02028,11,22,111,35,626,39,941,152
K10015,42,11,141,40,696,15,954,86
K10016,8,8,76,12,496,10,678,32
K02030,1,8,27,2,448,0,604,8
K01692,80,26,623,111,1409,82,1633,435
K00248,220,65,836,101,1213,79,1572,500
K00059,0,0,1,2,44,0,66,1
K01692,0,0,0,0,0,0,0,0
K00248,87,33,1006,151,1205,83,1364,596
K00626,254,57,1560,209,1793,136,2145,689
K08683,0,0,0,0,0,0,0,0
K10227,7,17,124,52,1515,28,2139,160
K07677,116,54,1163,176,3217,93,3527,301
K07677,79,50,733,132,3002,92,4075,353
K07687,4,5,31,15,349,22,394,53
K03719,13,18,91,34,134,54,260,402
K01750,103,71,1046,64,1982,82,2411,170
K11737,2,3,26,5,177,1,201,13
K03762,0,0,0,0,0,0,0,0
K06006,7,5,38,13,476,8,626,58
K06190,72,146,613,304,866,220,1030,1314
K09780,0,0,0,0,0,0,0,0
K07053,338,314,3097,1000,1999,420,2612,2481
K07566,68,30,853,113,980,75,1258,754
K05896,37,8,310,64,768,47,1083,263
K06024,42,24,390,87,1273,56,1605,220
K06178,46,21,425,83,477,40,535,344
K11734,59,32,450,121,999,32,1268,328
K15034,0,0,3,1,3,0,1,0
K03651,13,10,55,16,607,22,707,41
K03088,3,6,48,11,327,4,262,38
K00813,34,25,226,47,223,38,267,149
K00500,115,70,996,169,1061,96,1440,406
K01724,0,0,0,0,0,0,0,0
K04750,3,8,75,30,948,16,1210,66
K02072,1,2,11,11,477,0,739,27
K02073,1,1,13,12,204,3,277,19
K13639,0,0,0,0,0,0,0,0
K11917,31,108,311,97,476,132,542,910
K04091,26,31,245,143,1532,49,2262,150
K00299,26,76,318,252,969,56,1256,177
K11249,22,8,171,36,740,42,1008,155
K04487,135,86,978,240,1543,179,1867,908
K20938,0,0,8,2,197,2,256,4
K02028,77,180,557,239,2064,166,2140,705
K10009,20,20,170,81,739,29,1060,93
K02424,29,26,233,131,1062,45,1633,221
K05396,244,351,2403,614,4071,393,4659,1794
K00640,171,248,1335,498,1740,323,2136,1929
K02168,35,10,239,73,2793,39,4661,242
K06145,7,8,101,19,628,15,691,106
K07339,0,0,0,0,0,0,0,0
K18843,0,0,0,0,0,0,0,0
K02014,43,58,310,207,3835,93,5805,312
K24116,28,24,179,62,2293,11,3482,151
K03543,2,0,9,3,91,0,116,20
K19265,0,0,0,0,0,0,0,0
K06911,0,0,1,0,54,0,72,10
K07056,55484,12082,105714,53464,42217,12489,36821,61749
K07121,8,4,105,31,247,36,297,248
K12961,0,3,39,20,161,7,211,102
K04065,0,0,0,0,0,0,0,0
K03814,0,0,0,0,0,0,0,0
K07648,2,1,48,4,237,4,230,27
K07139,2,2,25,8,252,5,363,33
K00265,12,41,296,184,676,197,791,1314
K00266,6,3,47,34,139,38,230,181
K03600,0,0,0,0,0,0,0,0
K03599,2,9,40,11,97,17,118,127
K12112,0,4,6,0,68,8,80,55
K20265,0,0,8,0,162,4,162,86
K22479,0,0,0,0,10,0,4,4
K06152,0,0,0,0,106,0,150,7
K06151,0,0,6,1,286,4,399,37
K22474,0,0,0,0,189,0,260,15
K03710,0,0,0,0,0,0,0,0
K07660,2,7,45,7,127,26,183,144
K07637,2,6,20,6,371,18,496,66
K18850,0,0,2,0,0,0,6,0
K01258,2,1,10,0,63,6,53,30
K11072,4,1,23,2,188,4,378,45
K11071,0,0,6,1,131,2,193,16
K11070,0,0,17,6,141,2,225,32
K11069,5,0,18,5,131,7,111,68
K12410,0,0,1,0,5,1,6,1
K09808,0,0,32,2,164,12,241,56
K09810,0,0,0,1,37,2,35,9
K09808,2,0,16,5,110,4,102,32
K22589,2,2,35,19,196,15,239,160
K03723,0,2,61,23,473,30,639,168
K06077,0,0,0,0,0,0,0,0
K03885,8,23,121,36,223,36,349,523
K07000,0,2,9,2,26,5,24,13
K01207,2,1,71,22,242,34,342,233
K07251,2,6,36,18,166,19,222,102
K07337,0,4,45,1,129,13,227,71
K02503,0,1,32,15,94,8,112,147
K22479,0,0,0,0,0,0,0,0
K02779,7,6,28,16,149,12,228,74
K18921,0,0,0,0,0,0,0,0
K03424,0,6,29,12,102,13,98,76
K02341,0,0,10,0,142,7,194,34
K00943,0,0,2,0,26,0,32,10
K07082,1,1,18,2,110,9,157,59
K02619,5,2,23,12,63,2,115,29
K09458,2,2,23,9,192,7,170,85
K00059,9,15,304,53,205,57,207,342
K02078,0,0,0,0,0,0,0,0
K00645,15,38,484,22,577,121,623,902
K00648,2,6,178,18,238,49,295,263
K03621,5,12,134,30,253,57,347,216
K07040,15,20,1042,31,784,79,1034,449
K02911,0,0,0,0,0,0,0,0
K06179,6,20,286,10,282,24,287,203
K25422,0,0,0,0,0,0,0,0
K08300,33,35,595,154,892,153,1179,1241
K12149,0,11,12,15,63,11,72,114
K12148,18,116,1293,145,1031,172,1243,2999
K02846,2,0,8,7,113,2,173,78
K11744,0,0,2,1,18,1,28,7
K12262,0,2,5,4,39,5,35,42
K07146,0,0,1,0,4,1,12,16
K02517,5,1,12,7,224,6,221,67
K08161,0,4,10,4,244,6,248,27
K03305,0,7,81,17,374,15,381,198
K01649,0,0,15,2,47,2,108,15
K03669,0,2,11,0,195,5,217,34
K12147,0,0,0,0,0,0,0,0
K03670,6,4,29,14,356,15,534,77
K11941,0,2,1,2,316,6,386,54
K11105,0,0,15,12,337,7,573,108
K03762,3,10,312,42,557,94,576,795
K03719,0,0,2,3,29,1,28,27
K06223,0,0,0,0,180,0,124,0
K00558,0,3,6,0,364,0,494,17
K06223,0,26,19,56,194,82,245,1008
K14744,0,0,0,4,97,1,94,11
K06903,0,0,0,0,47,0,37,2
K06907,0,0,4,0,209,4,191,26
K06908,0,0,2,4,123,0,94,2
K06906,0,0,6,0,117,0,170,5
K06905,0,0,2,0,143,0,155,24
K03703,2,9,37,11,138,22,126,199
K00995,0,0,0,0,0,0,0,0
K07689,3,23,129,47,225,50,219,453
K11932,0,7,47,7,124,23,121,144
K11737,2,4,39,23,131,15,135,150
K10974,0,2,2,1,30,1,30,28
K00768,1,0,2,0,15,1,45,6
K02226,0,2,51,2,90,11,121,23
K02233,0,0,13,2,49,1,41,10
K02232,2,1,21,4,114,17,96,16
K02231,0,0,0,0,0,0,0,0
K02227,0,0,16,22,227,10,281,31
K17228,4,5,39,27,585,7,765,54
K09958,0,1,3,0,0,0,2,5
K00998,22,23,166,68,442,18,536,181
K07224,0,5,26,6,203,3,210,28
K16301,2,5,28,13,765,5,1020,50
K07224,8,12,54,19,1153,20,1698,43
K07243,5,5,29,8,730,7,1029,28
K21001,26,20,230,63,1143,32,1508,136
K00575,24,71,293,120,835,82,883,499
K03412,25,23,262,69,572,15,712,200
K02200,48,23,228,47,423,41,522,146
K02048,8,9,76,33,174,11,204,87
K09022,0,0,0,0,0,0,0,0
K10716,329,583,3117,1452,4371,767,4546,4374
K08717,3,10,111,41,316,6,377,104
K00873,13,4,42,9,554,7,684,27
K11529,13,14,76,14,1205,9,1894,73
K00042,20,10,51,20,1394,14,1731,58
K01608,11,15,90,32,1193,34,1687,90
K01816,0,0,0,0,0,0,0,0
K09017,1,3,19,5,200,3,236,8
K11477,0,0,0,0,0,0,0,0
K09781,0,0,0,0,0,0,0,0
K10536,1,0,35,0,604,1,902,14
K11073,9,8,74,22,1190,25,1857,113
K12251,6,4,37,6,748,6,943,23
K10536,2,2,25,8,1005,8,1637,22
K03566,9,21,45,97,863,56,1030,272
K03790,8,14,33,8,656,7,926,61
K05799,141,459,1321,650,1136,595,1409,4049
K15736,46,76,455,266,1524,90,2113,902
K00116,26,17,176,64,980,35,1344,139
K01821,1,1,6,2,17,0,32,1
K02014,0,0,0,2,28,0,15,1
K15359,0,0,0,0,0,0,0,0
K07165,9,12,125,24,1481,23,2263,114
K18904,19,32,170,83,881,50,1130,201
K23514,0,0,0,0,0,0,0,0
K03543,16,7,98,38,499,25,675,104
K03446,23,25,237,78,872,56,988,185
K12542,11,7,88,15,199,12,229,73
K12541,137,70,1152,255,2818,115,3509,517
K12543,206,204,2339,475,2946,197,3596,1794
K07089,19,15,118,22,170,19,190,55
K11209,50,55,435,101,1477,80,1614,442
K06998,4,26,138,56,1339,28,1522,156
K01698,108,66,657,135,1264,76,1447,222
K23514,3,6,68,33,355,16,401,124
K07165,21,20,180,86,651,53,808,160
K16088,12,21,144,42,1062,25,1649,78
K05834,69,56,543,176,1001,128,1562,490
K14414,46,57,331,131,1202,62,1575,358
K21090,0,0,6,1,57,0,48,11
K01752,2,4,72,12,387,16,464,155
K01665,2,7,27,7,160,16,255,128
K17879,0,0,0,0,0,0,0,0
K19354,0,1,9,4,47,0,20,12
K08289,0,1,3,3,7,0,11,8
K09917,0,0,0,0,0,0,0,0
K05591,2,0,33,16,155,12,186,110
K09918,0,5,15,15,65,14,80,202
K09900,0,1,1,0,95,5,82,58
K01354,1,5,39,24,187,19,211,121
K10857,0,0,0,0,6,0,8,4
K06204,0,3,38,7,92,18,144,119
K01259,4,9,37,15,192,30,219,126
K02345,4,1,14,3,15,9,24,31
K02217,4,12,253,15,202,35,190,346
K07156,0,4,47,4,68,7,87,80
K07245,0,3,8,2,103,4,137,34
K03112,392,423,2628,935,3342,511,3808,2527
K01735,515,566,2670,1149,3107,731,3436,4801
K02666,191,155,1395,465,1807,211,1966,1297
K00891,0,0,0,0,0,0,0,0
K02665,7,9,106,17,432,3,605,52
K02664,17,2,26,11,299,0,350,20
K02663,0,0,0,1,9,0,7,2
K02662,18,4,75,20,690,9,985,49
K05366,113,104,1281,363,2690,109,3249,1171
K00027,4,5,62,24,122,9,105,43
K01174,219,357,2505,864,3846,417,3934,4156
K02909,182,400,2891,389,1533,222,1821,4230
K04066,47,38,342,99,2098,46,2960,217
K01887,241,178,1757,466,2880,220,3555,1180
K03758,125,23,475,88,776,44,817,253
K03758,927,277,12201,723,10452,391,12322,4869
K01478,746,235,5187,583,7245,366,9242,2544
K00611,248,82,3506,250,5215,208,6020,1285
K00926,154,46,2002,156,3419,97,4351,779
K03721,54,36,534,140,1523,72,2035,334
K02437,144,47,1306,131,1149,113,1336,623
K00281,515,159,4614,683,8666,353,9878,2647
K01752,337,61,1852,240,3589,154,3721,1140
K00605,426,86,3462,445,4764,237,5169,1582
K03704,374,896,5673,1792,3245,528,3272,17032
K03517,1,7,42,21,79,11,79,81
K11073,10,10,48,11,1363,5,1547,59
K01426,55,19,175,83,891,36,1073,176
K18292,4,4,45,7,98,4,115,27
K18289,19,11,174,28,479,22,639,72
K18291,4,7,120,15,811,10,1256,68
K01286,20,9,78,24,916,18,964,61
K18072,2,2,15,2,80,1,122,4
K07274,0,0,0,0,0,0,0,0
K18073,36,22,145,74,718,23,864,169
K06169,23,50,208,105,906,67,883,264
K14055,226,115,2652,250,1798,180,2270,866
K06938,112,21,350,61,167,38,215,88
K10815,213,100,1962,225,1742,114,2378,804
K10816,68,34,614,97,972,40,1378,292
K07552,44,56,347,111,935,73,1227,329
K00375,77,63,376,110,1384,113,1581,334
K07001,0,0,1,0,1,0,0,0
K03338,184,106,1223,246,2294,175,2854,827
K03335,34,21,393,53,766,23,933,215
K03337,42,32,290,49,829,30,1114,244
K00140,106,37,923,159,1544,77,1968,462
K06606,57,40,813,137,1235,55,1605,573
K03336,107,51,585,120,2051,70,3041,465
K03753,0,0,0,0,33,0,32,1
K03752,0,0,2,1,81,3,70,27
K09896,2,2,12,10,82,4,94,102
K03673,0,0,0,0,0,0,0,0
K02335,4,11,81,35,536,38,661,301
K03978,0,5,15,9,155,13,199,52
K09894,1,16,60,33,166,38,203,121
K02495,1,2,38,2,111,16,173,111
K07712,2,2,20,7,143,3,183,80
K07708,0,1,11,4,166,5,313,74
K01915,0,5,52,25,219,23,287,164
K06207,8,28,288,95,424,82,566,789
K20866,4,6,50,18,152,23,202,191
K07058,2,0,7,1,150,10,177,37
K07560,2,2,13,7,74,5,89,31
K07326,0,0,10,8,244,4,330,56
K15125,5,6,38,7,2265,7,2684,118
K16345,4,8,44,19,267,16,367,135
K03655,1,2,1,2,177,5,185,7
K03312,0,0,0,0,0,0,0,0
K01139,0,7,14,12,194,15,304,42
K00556,0,0,0,0,0,0,0,0
K00942,5,10,111,20,129,39,133,535
K03060,0,0,0,0,0,0,0,0
K01972,0,0,2,2,257,3,394,3
K12518,0,0,0,2,85,0,97,3
K12519,0,0,0,0,0,0,0,0
K07345,0,0,0,2,66,0,52,0
K08350,0,0,0,0,0,0,0,0
K08349,0,0,0,0,0,0,0,0
K06934,0,2,0,3,59,1,63,39
K16923,0,0,9,4,121,2,170,62
K00989,0,0,8,2,156,4,238,23
K00762,0,0,0,0,10,0,5,1
K05501,0,0,0,0,0,0,0,0
K13038,0,5,37,8,154,21,162,149
K01520,0,0,0,0,0,0,0,0
K03630,3,1,63,12,203,20,214,132
K02902,4,18,261,17,180,46,239,363
K02913,4,1,116,7,63,15,88,94
K10563,0,0,4,1,22,0,58,3
K00954,0,0,0,0,0,0,0,0
K12984,0,0,0,0,0,0,0,0
K02527,0,0,16,6,105,9,136,49
K02844,0,4,17,0,205,15,273,82
K02849,0,4,42,1,189,23,253,90
K02847,0,2,15,4,160,18,155,52
K02841,0,4,4,3,195,3,313,49
K02843,1,2,39,6,194,8,230,129
K03274,2,2,33,1,124,18,186,119
K00639,0,3,113,22,301,29,329,226
K00060,0,1,1,2,10,2,4,3
K09798,0,0,0,0,0,0,0,0
K22719,0,0,20,2,80,2,121,54
K15633,1,1,49,9,228,14,200,84
K03676,2,4,34,10,53,12,39,84
K03071,2,8,72,16,92,11,135,245
K00057,5,9,78,21,212,40,187,189
K00640,10,2,59,12,202,22,277,97
K00375,0,0,6,1,203,0,264,7
K03534,0,0,0,0,0,0,0,0
K01629,0,0,0,0,51,0,52,1
K01813,0,0,0,2,36,0,50,4
K00848,2,0,20,0,162,14,235,63
K02855,0,0,1,0,61,0,82,9
K01804,0,0,0,0,2,0,2,3
K02854,0,0,0,0,0,0,0,0
K02856,0,0,17,7,254,5,287,44
K07640,0,0,6,0,146,6,205,9
K03216,0,0,0,0,0,0,0,0
K07662,0,4,32,5,126,14,189,111
K06006,8,120,116,135,211,201,282,1139
K13283,0,4,33,8,148,28,189,112
K00850,4,25,177,20,330,73,340,586
K23163,2,16,8,39,87,25,79,74
K01803,0,1,24,2,29,2,23,47
K09012,0,0,33,7,176,6,180,152
K08154,0,0,3,2,104,1,127,17
K02446,0,0,0,0,0,0,0,0
K00864,0,3,22,22,197,6,228,39
K02440,5,2,83,13,204,17,252,157
K02553,0,0,1,0,30,0,34,3
K02548,2,10,36,6,37,27,71,149
K09892,0,0,0,0,0,0,0,0
K03667,2,4,44,10,209,21,257,127
K01419,1,6,94,9,128,18,105,129
K03591,6,3,91,12,150,12,177,96
K05499,0,0,3,0,25,1,51,10
K04066,3,10,29,22,263,7,352,181
K03764,0,1,12,3,54,3,36,41
K02909,0,0,0,0,0,0,0,0
K01760,0,2,16,8,255,8,319,40
K12525,32,2,209,34,407,36,480,164
K00297,0,0,0,0,0,0,0,0
K12700,0,0,0,0,0,0,0,0
K03326,0,0,1,0,2,0,5,3
K01595,0,2,4,3,373,7,534,52
K03088,14,10,125,34,749,7,861,96
K08989,5,10,53,32,556,25,746,93
K07663,25,62,334,234,873,130,1513,777
K07641,74,37,376,82,1067,58,1435,311
K06143,59,141,280,433,1232,160,1482,1357
K00799,0,0,0,0,0,0,0,0
K02014,21,28,141,65,1466,38,1652,193
K07165,14,13,130,30,1349,44,2107,128
K23514,15,12,104,34,501,22,778,103
K02342,1,7,7,19,155,2,183,33
K07182,32,22,453,60,956,33,1148,146
K02003,0,0,0,0,0,0,0,0
K13888,1,0,22,4,437,0,660,18
K03088,14,30,164,56,691,31,877,204
K10531,11,26,305,64,2384,52,2689,329
K01531,24,34,221,65,2785,55,3631,343
K07507,12,11,98,20,564,31,849,130
K06911,7,12,66,41,1355,26,1985,86
K18369,449,137,3732,216,3109,264,3853,967
K14055,306,72,2818,157,3342,186,4162,973
K01921,0,0,0,0,28,0,32,3
K01265,0,0,5,0,157,4,220,25
K03777,0,4,28,2,311,21,485,85
K14155,0,0,0,0,0,0,0,0
K03315,4,0,20,10,240,4,273,43
K02529,2,2,12,4,220,8,269,97
K02073,0,2,33,14,231,18,330,162
K21744,0,0,16,14,228,10,317,78
K07051,6,2,130,20,856,12,1136,59
K01735,2,8,39,12,679,6,1065,22
K03724,17,13,156,57,809,43,971,164
K22044,0,0,0,0,0,0,0,0
K03449,1,8,20,16,560,9,818,27
K07727,5,8,53,23,633,8,685,81
K01023,0,0,0,0,0,0,0,0
K02014,12,4,68,33,1740,15,2359,63
K22303,1,1,12,3,228,1,265,15
K07649,0,0,0,0,49,1,56,9
K07774,2,2,14,7,146,10,264,48
K07795,0,0,7,3,244,0,299,6
K07794,0,0,1,0,41,0,79,0
K07793,0,0,8,0,238,0,414,10
K00638,0,0,0,0,0,0,0,0
K05825,0,1,6,1,99,5,129,50
K08344,0,0,2,0,118,1,94,12
K00375,0,0,1,0,90,1,117,14
K03734,0,0,6,5,197,9,244,24
K03557,82,56,284,97,562,50,659,256
K00602,147,129,1291,275,2445,99,3334,760
K01945,389,118,2521,319,2602,166,3190,950
K20972,142,101,1288,355,3445,167,4243,1011
K05595,24,51,286,122,755,87,1173,423
K13541,0,0,0,0,0,0,0,0
K03394,56,39,344,73,855,28,1128,179
K02229,115,44,458,65,618,54,733,202
K06042,0,0,0,0,0,0,0,0
K00595,98,66,520,206,1561,157,1921,556
K05895,38,26,224,46,891,20,1169,122
K00111,14,14,111,30,1102,37,1575,75
K00803,47,13,278,59,1168,27,1572,123
K11904,11,7,78,18,1977,22,2808,67
K01115,16,11,100,22,2541,19,3390,84
K07126,6,16,83,26,1539,9,1582,96
K00253,124,89,1954,279,3020,142,3718,941
K01969,175,65,1836,196,2411,111,2901,575
K13766,75,24,827,116,1046,47,1187,353
K01968,248,107,1392,164,1655,139,1993,428
K03781,3,7,19,4,327,7,408,27
K12262,0,0,0,0,0,0,0,0
K03088,2,1,47,7,458,5,540,43
K09796,0,0,0,0,0,0,0,0
K07152,40,30,276,65,612,23,655,283
K03574,16,18,156,57,583,15,831,166
K01457,0,0,1,0,3,0,0,0
K01941,13,15,105,35,1604,13,2227,85
K09967,0,2,21,18,662,0,870,19
K04749,4,6,36,5,115,14,114,176
K14287,2,6,27,3,105,10,217,59
K08964,4,2,45,9,156,4,228,92
K09880,0,0,17,1,53,4,59,29
K08963,0,0,2,0,4,0,9,1
K08967,0,0,0,0,0,0,0,0
K06445,0,2,18,1,176,14,288,145
K00899,0,0,0,0,0,0,0,0
K03271,2,0,78,4,169,14,174,242
K00346,6,15,146,44,460,72,529,454
K00347,16,5,189,21,417,43,575,223
K00348,7,3,136,8,166,21,264,133
K00349,2,3,79,5,176,14,195,75
K00350,6,2,81,11,175,9,217,51
K00351,7,4,157,19,349,26,461,177
K03734,12,4,157,15,277,16,432,151
K05952,2,0,28,1,51,7,66,22
K02346,0,2,2,6,113,6,131,28
K01270,0,0,1,3,11,1,10,7
K00769,0,4,21,8,62,11,106,60
K11750,0,10,39,10,200,23,266,73
K11926,2,3,86,26,170,22,308,281
K00931,3,4,88,11,142,19,149,143
K00147,3,2,30,4,61,8,98,75
K07451,0,0,0,0,0,0,0,0
K00558,3,4,9,14,141,11,156,163
K09982,0,0,2,0,33,0,40,12
K09702,1,0,8,3,135,5,167,30
K05275,0,1,0,0,39,0,36,11
K12507,0,0,0,8,251,0,298,18
K00313,0,0,4,0,245,2,335,12
K03855,0,0,0,0,0,0,0,0
K03522,0,0,0,2,292,0,386,2
K03521,0,4,10,0,116,0,149,9
K19709,0,0,4,5,244,2,305,13
K03785,4,0,0,0,131,0,169,3
K05887,2,0,4,0,43,0,58,18
K03892,0,0,11,2,77,2,63,14
K03893,0,0,0,2,34,2,39,3
K07786,0,0,0,0,11,0,6,1
K00537,0,0,0,0,0,0,0,0
K03543,0,2,6,2,223,2,378,40
K07690,2,3,14,9,105,4,167,72
K07679,0,4,34,14,877,18,1226,78
K01580,0,2,0,0,232,2,320,16
K20265,0,0,12,0,448,0,584,10
K25317,0,0,1,0,18,0,22,1
K18850,0,0,0,0,0,0,0,0
K06996,0,1,0,2,135,0,258,10
K14063,2,2,27,20,132,17,238,231
K00276,0,0,6,10,120,16,176,40
K00146,0,0,5,0,12,0,37,2
K16868,0,0,0,0,0,0,0,0
K07150,0,1,4,0,84,0,98,16
K12973,0,0,4,0,224,2,202,5
K09712,0,0,0,0,0,0,0,0
K06911,0,2,11,0,147,2,169,16
K06188,0,0,0,0,8,1,6,2
K00570,0,1,0,0,34,0,56,0
K00891,0,0,0,0,0,0,0,0
K03554,0,0,0,0,15,0,12,4
K09913,0,0,0,0,0,0,0,0
K03546,0,6,16,6,410,11,606,93
K03488,0,0,0,0,0,0,0,0
K03547,0,2,15,2,152,6,177,40
K07657,0,2,4,4,209,7,267,8
K07636,3,4,29,17,246,12,339,127
K02040,0,1,11,0,128,9,251,31
K00549,1,1,24,9,226,11,250,42
K03311,6,9,91,18,299,53,465,337
K11736,2,3,3,1,104,2,126,24
K16053,0,1,4,4,76,3,83,12
K00681,0,0,0,0,35,1,69,0
K03386,2,3,113,6,192,21,236,181
K08682,18,49,1508,103,1338,167,1456,2243
K07568,0,0,8,6,180,4,206,35
K00773,4,0,68,14,209,23,258,113
K03210,1,0,27,7,108,14,86,51
K03072,5,11,206,21,361,69,318,355
K13040,0,0,11,0,95,1,83,12
K03074,0,0,0,0,0,0,0,0
K13041,0,0,0,0,0,0,0,0
K08358,0,0,4,0,58,0,57,5
K08359,0,2,0,2,162,0,143,10
K08357,0,4,8,0,430,12,579,24
K07738,3,4,38,13,125,14,119,123
K11752,2,4,102,26,231,47,313,184
K00794,0,1,70,4,118,20,152,88
K03625,0,0,47,10,146,14,108,81
K00946,0,0,1,0,13,1,13,9
K23107,0,0,0,0,0,0,0,0
K01662,2,7,58,18,249,18,321,233
K00795,6,9,83,16,256,32,325,261
K03602,2,3,45,31,110,9,93,250
K03151,6,15,45,11,312,18,436,168
K10094,0,0,0,0,47,0,39,5
K03152,0,0,0,0,0,0,0,0
K00077,0,0,33,2,106,10,97,112
K09767,0,7,72,18,181,18,191,97
K07679,73,37,579,131,3176,64,4450,338
K07345,0,8,25,5,566,11,771,35
K15540,6,5,40,28,592,12,835,41
K07347,8,12,114,37,2205,15,2971,100
K07345,16,18,81,17,1514,14,1998,59
K07345,4,9,42,9,2684,12,4008,47
K21405,151,158,1357,357,2061,261,2625,1088
K14052,42,33,304,62,523,35,599,339
K00868,0,0,0,0,0,0,0,0
K10806,11,3,109,27,1110,19,1634,60
K03455,117,174,1415,567,2956,273,4405,2605
K03657,596,669,3989,2198,4350,925,5058,9460
K08978,0,0,0,0,0,0,0,0
K21023,276,75,1658,291,4135,154,5726,730
K19337,21,15,107,83,495,24,646,97
K21711,0,0,12,8,48,6,64,16
K01959,237,204,3098,1225,3628,560,4663,1821
K02014,65,44,452,90,1415,76,1523,395
K07165,18,11,150,48,1716,33,2794,130
K23514,17,8,84,34,503,15,633,119
K03406,208,306,1749,560,2665,355,3017,4800
K01406,239,157,1907,379,1194,228,1220,1432
K18765,0,0,0,0,0,0,0,0
K07491,0,0,0,0,0,0,0,0
K18093,9,7,147,39,1207,18,1277,171
K03406,270,268,1909,683,2336,426,3285,5129
K03406,11,13,115,31,1040,21,1610,107
K18900,27,9,226,40,547,18,724,193
K19055,0,0,0,0,0,0,0,0
K11354,14,12,158,36,1191,23,1730,129
K03566,0,0,0,0,0,0,0,0
K03498,14,17,75,21,918,23,1121,75
K03269,0,1,10,2,27,1,31,10
K07401,0,0,0,0,0,0,0,0
K07001,15,8,90,31,693,8,1008,75
K03654,194,405,2167,592,1697,469,2048,3947
K06075,0,0,0,0,0,0,0,0
K07039,51,141,1066,285,769,149,963,1493
K05812,0,0,0,0,0,0,0,0
K09790,0,0,0,0,0,0,0,0
K21699,8,15,162,55,517,36,640,197
K12255,82,37,472,93,1483,80,1790,545
K00669,1,0,13,1,277,1,414,3
K03088,8,7,50,17,200,16,310,29
K03808,36,147,462,409,598,276,836,1075
K03808,12,42,188,115,691,78,1100,297
K06192,105,130,1003,363,2312,283,3380,1059
K09857,0,0,0,0,0,0,0,0
K07160,10,29,128,45,1056,30,1590,177
K02160,2,0,4,2,165,1,213,11
K23124,39,6,155,28,1052,28,1500,99
K02358,1837,2415,44893,4024,25393,1954,28228,27149
K03073,228,607,3340,972,2370,500,2650,5877
K02601,680,1077,6462,1549,4135,697,4322,9179
K02867,705,490,7179,862,4813,365,5570,3636
K02863,715,434,7170,871,4915,410,5135,4361
K02864,1588,569,17119,1294,12917,443,13165,7103
K02935,666,302,11041,812,8717,252,8981,5423
K03043,1971,1221,21271,3082,20722,1338,22799,12880
K03046,3079,1503,38040,3417,30018,1785,31883,16219
K02950,805,1339,13450,3009,8088,962,9162,18159
K02992,1375,1631,17352,2417,10289,1435,11487,16908
K02355,3340,3116,46672,6094,31201,3274,34797,28781
K02358,1540,2227,40884,3525,24786,1905,27096,26882
K02013,0,0,0,0,0,0,0,0
K02015,4,13,168,19,528,18,831,70
K02016,3,6,153,4,452,7,692,22
K02014,4,20,388,39,757,41,928,90
K12243,4,13,418,73,993,24,1175,171
K12238,33,43,868,82,1540,62,2016,244
K14698,63,82,1289,100,1122,110,1666,288
K14699,41,65,807,45,943,101,1263,252
K12239,121,331,4287,306,2999,419,4297,1455
K03406,111,26,715,118,759,42,909,356
K21023,61,40,813,139,1200,56,1547,273
K02343,155,128,1419,266,2710,138,3644,1009
K09747,500,256,3564,938,1639,269,1635,2264
K23256,99,122,812,370,1785,272,2659,1118
K06187,45,60,640,145,1156,77,1369,528
K00249,58,56,490,152,772,93,1096,675
K00759,0,0,0,0,0,0,0,0
K01420,20,44,394,157,741,87,960,697
K02495,239,324,4466,922,4456,628,5118,6581
K09792,0,0,0,0,0,0,0,0
K09926,41,39,531,126,805,51,1031,357
K21699,17,29,138,63,944,43,1211,180
K11073,24,51,184,242,862,85,1210,323
K01480,24,85,244,287,767,156,1125,358
K06916,59,36,337,97,861,62,1172,234
K07644,0,0,0,0,0,0,0,0
K07240,3,1,30,10,103,4,115,18
K07665,15,11,85,40,301,16,319,98
K19353,55,214,870,359,1978,211,1984,2261
K00033,195,317,1528,911,1899,662,2283,3132
K00036,96,122,703,264,1379,191,1696,1406
K03554,46,65,748,256,1311,64,1422,944
K05939,1,7,28,9,47,4,72,32
K03453,0,0,0,0,0,0,0,0
K11741,0,0,0,0,0,0,0,0
K13633,0,0,0,0,0,0,0,0
K20975,51,44,520,151,2122,53,3368,337
K09760,18,6,40,9,21,4,28,14
K06076,618,703,13397,979,10132,1074,12027,11863
K00432,0,0,0,0,0,0,0,0
K02233,75,229,879,418,840,259,966,4477
K02226,1,0,15,7,102,2,157,5
K00768,29,6,213,47,476,28,512,62
K02232,74,34,570,96,1113,26,1460,270
K02231,0,0,0,0,0,0,0,0
K02225,29,28,298,48,1183,22,1683,123
K02227,47,32,516,86,1304,38,1815,222
K02224,68,36,557,66,853,35,1154,203
K04719,0,0,0,0,0,0,0,0
K19221,112,54,584,148,998,70,1283,315
K00588,0,0,0,0,4,0,1,0
K10763,225,336,3616,970,1624,306,1920,2677
K03548,61,95,655,243,1184,100,1489,649
K09938,122,104,820,281,1971,186,2401,613
K01933,138,122,1238,389,2015,178,2471,1564
K11175,77,112,471,188,843,123,846,1562
K00951,94,48,768,160,1299,79,1482,553
K09912,0,0,0,0,0,0,0,0
K04765,0,0,0,0,0,0,0,0
K03215,343,334,3497,905,3998,534,4740,4606
K12339,151,76,736,276,841,154,938,673
K19609,142,180,1318,508,1677,321,2267,2181
K19610,11,17,153,97,1086,24,1504,128
K07678,199,142,1480,376,3493,252,4220,1351
K03778,34,17,257,65,1548,28,2547,186
K03668,0,0,0,0,0,0,0,0
K00537,7,59,226,118,529,59,642,284
K03809,16,36,228,88,452,61,590,222
K01246,13,21,269,98,909,61,1327,635
K07264,20,30,331,74,2019,36,2861,509
K14058,0,3,17,4,35,0,70,14
K01796,0,0,1,1,38,0,29,5
K02742,0,0,0,0,0,0,0,0
K11103,70,58,524,140,1299,89,1726,350
K07637,53,28,927,76,989,48,1238,419
K07660,35,24,242,76,713,45,858,285
K07639,28,64,435,163,1573,68,2713,381
K02362,0,0,0,0,0,0,0,0
K07661,6,15,95,63,725,20,1089,81
K00525,313,403,3401,1125,4837,567,6002,6011
K02390,3,3,149,14,305,10,330,89
K02389,139,78,2051,352,2941,168,3613,1409
K02388,183,78,1302,315,1329,108,1466,617
K02387,8,10,203,43,279,15,369,114
K00575,45,54,736,112,884,39,966,383
K03415,486,814,6294,1988,4344,1031,5389,9724
K02386,42,55,704,85,1111,52,1425,462
K02398,703,2763,8641,3576,4806,2135,5673,43140
K02399,0,0,0,0,2,0,0,8
K08219,5,2,21,2,13,2,26,21
K21087,0,0,0,0,0,0,0,0
K01915,225,141,1140,378,2135,213,3032,1293
K05774,0,0,0,0,0,0,1,0
K06213,131,219,2406,422,2691,321,3212,4215
K21495,0,0,0,0,0,0,0,0
K01872,595,251,5263,672,4283,361,4738,3134
K00928,0,0,0,0,0,0,0,0
K03563,0,0,0,0,0,0,0,0
K01620,124,122,911,271,2077,133,2558,893
K05526,107,88,697,263,1169,121,1357,649
K00794,0,0,0,0,0,0,0,0
K01484,107,77,847,143,1122,131,1516,545
K06447,262,101,1889,243,2839,131,3232,972
K00673,322,66,2069,236,1619,123,2018,691
K00673,107,25,801,124,1392,53,1753,511
K00840,50,26,426,97,1357,76,1714,437
K21825,123,86,1353,295,2214,211,2714,2648
K10025,79,31,499,113,756,43,1081,272
K06987,118,32,790,151,1307,36,1625,434
K10023,117,48,634,86,639,35,735,192
K10024,34,12,332,44,626,19,698,266
K10022,5,1,30,6,115,0,138,25
K01895,119,100,1111,168,2952,212,3264,1153
K00526,347,349,4534,1074,5669,612,6875,5965
K07090,0,1,14,0,96,2,115,6
K13985,17,16,204,53,1071,52,1593,187
K19736,20,14,228,117,1553,36,2104,189
K18968,30,20,480,92,1990,51,2193,324
K03406,75,156,1075,389,1648,249,2034,2010
K01937,42,171,260,108,706,127,1003,1747
K01126,49,32,321,123,1050,82,1213,358
K03406,75,10,241,43,1320,33,1674,163
K16074,10,2,53,13,1538,4,2048,44
K03306,271,43,3174,193,3288,127,4230,402
K00216,2,0,6,2,148,10,155,16
K01252,0,0,0,0,0,0,0,0
K02363,0,4,1,3,129,8,168,24
K02361,0,2,14,5,241,12,310,65
K08225,0,3,2,2,120,3,114,32
K23185,0,0,1,0,2,0,2,0
K23186,0,0,1,6,219,2,265,23
K23187,0,0,0,0,0,0,0,0
K02364,4,3,67,27,400,20,431,220
K23188,0,0,0,0,0,0,0,0
K07214,1,2,5,10,168,4,239,32
K05375,0,0,0,0,0,0,0,0
K19611,2,8,8,20,474,15,674,131
K01972,2,0,14,2,43,6,41,32
K09962,0,0,0,0,0,0,0,0
K09954,0,0,0,0,0,0,0,0
K03528,2,2,36,4,96,23,113,60
K06203,0,5,27,12,267,11,466,98
K01738,2,63,139,145,198,172,298,788
K02784,9,16,199,48,194,61,263,559
K08483,20,31,362,96,344,175,455,906
K11382,0,0,0,1,15,2,14,10
K02777,0,0,0,0,0,0,0,0
K08478,2,6,8,4,230,14,290,120
K08475,0,2,12,2,196,0,189,50
K08476,0,0,0,0,0,0,2,0
K02483,1,1,14,10,102,13,129,40
K12339,2,7,40,14,113,17,202,81
K02045,2,14,27,29,201,29,354,100
K02047,5,45,96,122,208,199,172,881
K02046,3,10,42,41,111,71,133,246
K02048,4,32,93,97,162,148,255,750
K07223,1,44,39,98,201,80,242,298
K22477,0,2,0,0,14,1,10,4
K01448,0,0,0,0,41,0,48,5
K16087,0,0,0,2,27,1,39,0
K00228,0,0,0,0,0,0,0,0
K09768,0,0,0,0,0,0,0,0
K01354,0,2,8,16,514,6,660,18
K03832,0,0,0,0,209,0,253,6
K16235,0,0,1,0,21,1,42,11
K00027,0,0,2,0,23,0,17,3
K00547,0,0,0,0,0,0,0,0
K17733,0,2,15,6,100,4,109,28
K05879,1,1,11,4,85,6,124,33
K05878,0,0,37,1,111,15,107,44
K00059,0,0,5,2,45,0,86,15
K01808,0,0,0,0,128,2,187,3
K00616,0,5,11,8,132,7,164,84
K12945,0,1,3,2,32,0,44,17
K02569,0,0,23,2,99,6,94,33
K02574,0,0,3,0,7,1,10,0
K02568,0,0,0,0,0,0,0,0
K02567,1,4,173,18,196,62,262,86
K02573,0,0,0,0,0,0,0,0
K02570,0,0,2,0,7,2,11,4
K02572,2,0,23,8,40,22,38,11
K07674,1,4,59,20,265,16,323,202
K07685,2,6,70,11,82,23,101,162
K18138,2,0,19,10,411,13,597,95
K22450,0,0,7,0,78,3,109,20
K06887,0,4,9,8,167,4,85,23
K00537,2,2,11,12,38,4,55,28
K01439,1,0,19,13,74,3,111,67
K06957,1,2,12,2,130,7,181,67
K07260,0,0,0,0,0,0,0,0
K06999,0,0,0,0,0,0,0,0
K07054,0,4,7,9,157,17,175,86
K01923,0,10,15,19,170,9,189,45
K07287,10,17,153,39,281,28,360,377
K01714,8,12,185,31,163,90,216,325
K06218,313,201,5254,572,3800,520,3578,5889
K03567,0,0,0,2,0,0,1,0
K03548,0,0,0,0,5,0,9,4
K03564,0,0,0,0,0,0,0,0
K01423,4,5,48,10,171,21,232,101
K08172,0,0,4,2,20,0,16,14
K00537,0,0,0,0,0,0,0,0
K01426,0,0,8,0,93,0,97,9
K10763,0,0,3,0,10,0,19,0
K02824,0,0,0,2,48,2,28,6
K00761,0,0,21,4,166,11,251,33
K01933,2,5,48,20,197,32,267,169
K11175,1,0,16,2,102,5,110,53
K09983,0,0,0,0,7,1,7,5
K02036,0,0,0,0,0,0,0,0
K02038,0,0,3,7,32,1,41,28
K02037,6,0,20,3,271,6,401,33
K00937,4,18,121,32,486,39,519,567
K01524,0,0,0,0,0,0,0,0
K06213,2,8,27,9,259,10,386,139
K21084,6,10,77,20,529,25,680,195
K13529,0,0,0,0,0,0,0,0
K04046,0,0,8,2,138,7,143,14
K05882,0,0,0,2,14,0,32,3
K03790,0,0,0,0,0,0,0,0
K07799,0,3,17,7,171,2,253,41
K07788,6,1,17,8,443,2,566,71
K07789,0,0,14,4,542,11,679,31
K18326,0,0,20,5,187,4,215,60
K07642,0,0,16,4,217,0,275,19
K07664,0,2,5,1,33,0,49,21
K18828,0,0,0,0,0,0,1,0
K09946,4,26,346,22,266,36,336,724
K08303,0,4,28,2,213,14,290,88
K07029,4,0,12,14,204,18,257,137
K08323,0,0,2,0,290,4,272,7
K08322,0,0,2,1,144,5,225,27
K08173,2,2,10,2,373,0,526,28
K00040,0,0,0,0,228,2,308,13
K22293,0,0,10,8,141,3,201,27
K11645,4,4,187,18,522,52,647,289
K02783,0,0,0,0,135,0,146,0
K02782,0,0,2,1,452,0,760,10
K02781,0,0,7,0,86,2,111,5
K00068,0,0,0,4,225,1,172,12
K02466,0,0,0,2,82,1,133,2
K02468,2,0,22,3,106,6,132,57
K02467,0,2,18,2,45,4,121,35
K00941,4,2,77,15,242,17,194,202
K00878,0,0,4,7,180,8,272,15
K06182,0,2,23,0,175,8,236,89
K01425,0,3,5,0,18,1,24,6
K01258,4,3,30,8,303,13,500,103
K12368,2,10,90,20,413,28,486,376
K03710,0,0,0,1,1,1,2,4
K01857,0,2,6,4,270,6,425,21
K03319,0,0,2,0,405,0,427,12
K01951,0,1,9,3,182,1,226,41
K00088,0,16,48,24,307,50,406,354
K03601,0,0,0,0,0,0,0,0
K08191,2,0,6,0,270,4,440,30
K13936,0,0,0,0,0,0,0,0
K03977,0,1,33,3,194,8,296,64
K17713,1,2,66,17,234,21,220,91
K01892,11,4,245,31,259,48,302,467
K03526,6,20,254,51,429,57,402,548
K15539,2,10,107,15,250,50,291,229
K02656,3,24,114,31,141,30,204,319
K06941,24,29,254,56,277,86,357,630
K00940,0,0,19,7,34,8,46,45
K07751,0,2,3,1,112,9,137,46
K04044,4,13,80,30,224,73,331,276
K04755,0,0,0,0,0,0,0,0
K04082,3,21,74,46,148,55,186,216
K04487,1,47,263,119,197,157,259,992
K13628,0,0,0,0,0,0,0,0
K04488,0,0,0,0,0,0,0,0
K13643,1,46,185,97,129,73,201,679
K15396,13,54,401,174,231,219,240,1170
K08970,0,0,5,4,38,3,55,15
K01092,0,0,0,0,0,0,0,0
K05820,0,0,0,0,0,0,0,0
K00600,0,3,22,1,308,8,268,89
K05916,0,0,4,0,44,0,97,2
K00316,2,0,19,14,251,18,457,21
K00137,2,2,53,10,368,16,444,108
K02052,6,6,64,8,169,25,285,183
K02055,2,12,152,25,141,53,185,353
K00137,2,11,395,56,402,132,431,700
K01950,2,3,65,8,181,12,247,149
K04752,0,0,0,0,0,0,0,0
K07715,6,8,104,8,300,35,306,199
K01952,5,27,411,44,777,42,823,478
K07711,0,0,0,0,0,0,0,0
K18691,0,3,7,0,233,2,196,15
K11991,0,0,0,0,2,0,1,3
K13954,0,0,3,4,131,7,150,15
K18697,1,1,4,1,7,0,9,4
K15835,0,3,2,4,135,4,168,35
K00997,0,0,0,0,0,0,0,0
K03474,2,4,16,2,58,4,66,37
K03584,0,2,29,9,65,9,62,38
K03595,4,2,16,5,198,18,320,17
K03685,0,3,71,20,116,15,169,98
K03100,1,1,2,4,8,7,20,8
K03596,1,4,73,18,210,17,270,69
K03598,0,9,16,4,82,23,117,93
K03803,0,0,0,0,0,0,0,0
K03597,0,10,80,31,210,46,329,341
K03088,30,421,1783,359,1705,493,2095,5687
K00278,0,4,19,0,142,21,177,98
K15460,0,0,1,0,6,0,8,0
K05590,0,5,61,15,117,18,165,127
K06866,0,1,17,2,93,1,109,21
K03648,0,0,6,2,7,3,18,20
K03687,3,0,11,2,25,2,17,29
K00858,0,4,28,10,215,14,263,114
K03631,0,16,32,41,223,81,268,695
K06186,0,2,16,4,14,4,27,65
K09801,0,0,0,0,0,0,0,0
K18588,0,6,16,8,62,10,50,66
K03664,4,8,128,17,224,33,223,319
K03329,0,0,0,0,0,0,0,0
K22042,0,0,0,0,0,0,0,0
K00657,0,1,5,0,109,0,155,11
K15977,0,0,0,0,0,0,0,0
K00375,0,3,4,0,138,4,160,38
K05594,0,0,0,0,0,0,0,0
K06191,2,6,4,0,66,3,57,21
K03647,0,0,1,2,41,0,41,8
K00525,0,2,15,4,287,4,326,70
K11616,1,0,8,0,20,1,13,8
K00526,0,0,0,0,0,0,0,0
K07700,2,1,14,5,251,2,398,63
K07702,0,0,0,0,1,0,2,0
K22110,0,0,0,0,0,0,0,0
K03292,0,0,7,4,234,1,368,30
K03292,0,2,4,0,151,0,188,7
K15922,0,0,4,0,348,0,504,4
K01785,0,0,0,0,188,0,273,0
K01624,0,0,0,0,199,0,267,2
K08318,0,0,0,0,196,0,254,0
K18478,0,0,2,0,118,2,203,2
K02444,3,0,12,0,221,10,348,67
K02000,0,2,120,33,374,45,425,328
K02001,0,15,44,20,258,21,450,130
K02002,0,0,3,3,27,1,24,8
K08224,0,0,8,0,278,4,392,22
K15974,0,10,57,14,171,28,135,123
K03543,0,7,53,9,205,26,262,76
K03446,0,4,15,8,295,29,419,68
K03214,0,1,4,6,121,6,152,15
K03672,0,12,53,4,74,25,107,124
K05812,0,0,4,2,110,2,94,34
K09181,8,7,143,26,515,52,532,345
K00998,4,5,105,22,225,24,291,316
K05811,0,0,1,0,61,2,57,8
K00111,791,393,2855,880,3142,700,4045,6997
K10001,484,326,8354,945,6966,645,7847,5615
K10003,29,26,261,57,1191,31,1680,146
K10002,17,15,173,53,677,16,934,160
K10004,87,36,1032,105,1601,84,2187,531
K17060,22,10,237,85,1775,40,2623,86
K17061,46,16,285,47,1074,29,1306,199
K02442,1,2,57,16,561,1,937,14
K07274,20,7,280,45,1774,33,2418,200
K08966,24,14,167,23,1269,33,1861,94
K03928,60,11,239,33,1207,19,1521,80
K00032,3,0,15,1,159,8,297,13
K00355,0,0,0,0,0,0,0,0
K12252,1,0,22,10,221,6,375,21
K12253,3,5,33,7,404,15,718,16
K00249,12,4,70,15,929,6,1342,34
K15866,7,0,31,12,668,2,819,22
K02205,3,4,29,12,1605,8,1885,15
K07647,8,14,90,34,1861,27,2548,132
K07772,16,3,53,15,606,6,835,31
K02167,33,16,257,61,815,29,1012,122
K11739,0,0,0,0,0,0,0,0
K11740,48,16,390,68,1402,55,1790,226
K01791,41,23,384,116,1308,74,1665,320
K14415,12,28,139,46,1277,27,1561,168
K09022,40,235,406,327,621,504,649,2593
K01753,77,115,500,267,1115,237,1591,1318
K00874,0,0,0,0,1,0,0,0
K13587,8,4,62,23,403,14,545,72
K07112,6,6,73,32,682,9,890,52
K07112,0,0,0,0,1,0,4,0
K07090,0,0,1,0,0,0,0,0
K17218,147,49,840,92,836,64,994,150
K22441,1,1,10,4,22,5,21,10
K02483,14,16,140,58,795,22,1164,153
K10814,179,27,1095,83,559,48,586,287
K11734,2,8,17,9,397,10,588,136
K13985,0,9,40,12,213,28,243,112
K05810,21,86,857,193,736,287,736,3744
K03704,0,0,0,0,0,0,0,0
K00563,2,2,6,1,79,2,88,9
K23242,1,0,0,0,25,5,39,14
K02796,0,0,12,0,184,2,226,20
K02795,4,4,210,5,256,20,304,119
K02794,9,4,161,13,342,18,343,130
K03761,52,0,845,7,1270,5,1571,32
K03566,11,9,93,22,493,21,708,84
K07118,0,0,0,0,0,0,0,0
K18954,0,0,0,1,22,0,18,2
K01061,3,0,17,7,28,5,31,24
K05898,4,11,27,34,624,19,826,170
K09017,0,1,0,0,0,0,1,0
K19745,10,17,96,22,871,22,1348,81
K06867,24,15,134,60,921,26,1371,123
K06969,48,22,124,54,1051,9,1415,63
K16088,1,0,7,0,364,3,302,1
K06160,26,33,545,57,2555,29,3155,201
K03896,6,3,50,25,1222,0,1549,34
K01273,23,8,187,50,1609,38,2457,154
K18139,3,4,54,16,829,6,963,41
K21488,0,0,0,0,0,0,0,0
K02004,45,13,204,56,1163,26,1592,146
K07799,51,28,282,94,1208,61,2013,321
K07788,65,41,514,136,2301,61,3168,355
K07789,49,38,489,113,2698,51,3239,313
K18903,34,24,435,67,1291,48,1706,256
K21023,57,31,360,85,1753,33,2419,173
K21757,57,37,384,218,1425,110,1875,694
K10778,0,0,0,0,0,0,0,0
K07708,52,35,477,81,1474,71,1744,454
K07712,91,62,796,120,2029,119,2731,445
K03216,2,2,41,15,269,9,295,75
K03071,17,13,178,31,201,11,219,92
K03676,35,29,508,59,397,31,472,230
K15633,178,259,1613,754,3186,315,3864,2470
K22719,109,143,1277,379,2067,201,2322,1544
K03797,94,65,668,236,862,90,1135,799
K02959,0,0,0,0,0,0,0,0
K02860,0,0,0,0,0,0,0,0
K00554,0,0,0,0,0,0,0,0
K02884,0,0,0,0,0,0,0,0
K10806,0,0,0,0,0,0,0,0
K04763,24,19,215,50,1151,25,1501,162
K03981,152,114,1247,445,1598,160,1976,1031
K00003,226,141,1668,447,2486,229,3143,1298
K01733,132,93,1510,283,2375,155,2445,1134
K07679,31,24,324,79,4828,36,6836,192
K07687,0,0,0,0,0,0,0,0
K07749,37,42,270,93,916,59,1261,245
K09980,646,595,6912,1434,4466,1104,4984,8500
K16862,0,0,0,0,0,0,0,0
K07462,70,38,562,90,1649,51,2469,286
K03670,2,4,42,5,590,7,704,38
K07148,33,100,274,154,1060,133,1487,889
K13487,159,101,1243,319,2029,171,2661,1043
K13488,100,32,643,64,587,65,664,242
K13486,49,14,368,45,1353,32,1768,225
K13489,19,15,197,39,676,14,944,136
K13490,196,63,1145,189,2376,144,2716,449
K13491,100,56,677,90,1188,90,1478,422
K11444,43,30,518,84,849,41,989,366
K02836,124,76,929,221,1384,114,1791,916
K04567,123,92,1441,257,2384,113,3007,820
K23778,13,12,220,44,716,30,890,150
K06889,45,11,158,40,658,23,957,70
K03286,18,49,338,147,245,102,312,612
K01595,462,239,2814,750,3669,569,4813,1646
K00939,559,307,6695,1067,5896,629,6455,4044
K14742,84,66,813,221,1363,103,1812,542
K15984,18,11,143,52,210,25,228,128
K18301,2,12,77,19,63,22,89,67
K18302,191,608,2154,1288,1982,1066,2658,5215
K18303,118,235,1422,610,3031,410,3980,2019
K00631,93,67,782,175,1294,92,1481,835
K09914,0,0,0,0,0,0,0,0
K00563,0,0,0,0,0,0,0,0
K03704,0,0,0,0,0,0,0,0
K01439,0,0,0,0,0,0,0,0
K22132,3,3,21,6,249,4,294,34
K01766,17,5,80,22,354,12,459,56
K02426,0,0,0,0,0,0,0,0
K00674,59,48,564,150,1521,54,1919,391
K00537,23,41,385,176,838,91,1163,739
K24163,2,0,13,11,431,2,679,23
K00990,89,42,746,231,1760,89,2231,748
K14267,0,0,0,0,0,0,0,0
K01265,87,91,928,327,1815,180,2338,1356
K02967,1677,2688,18818,3156,13052,2297,14533,24598
K02357,1024,1106,11574,1899,8883,1062,9213,18132
K09903,367,226,3101,638,2288,249,2825,2496
K02838,251,139,2073,446,1482,168,1919,1688
K00806,457,146,1505,423,1334,205,1358,996
K00981,53,17,106,57,1017,21,1822,49
K00099,116,66,855,186,1676,86,1920,629
K11749,268,345,2573,901,2687,429,3267,2162
K07277,401,608,5728,1802,5264,521,6936,4649
K06142,242,219,3478,515,1563,171,1927,2049
K02536,138,86,1234,301,1804,111,2311,988
K02372,75,63,881,177,899,51,1126,929
K00677,92,90,1332,226,1563,70,1883,794
K00748,58,39,743,144,1315,43,1822,368
K03470,38,32,352,80,875,26,1290,290
K02337,462,171,2848,642,5037,244,6897,1596
K01962,156,186,2115,760,2684,332,2995,2664
K04075,51,50,430,109,1063,49,1084,326
K01937,449,245,4647,801,5348,372,6454,3008
K01627,208,91,1085,208,1624,160,1754,702
K01689,260,298,3233,728,4274,325,5227,2771
K05589,24,46,239,73,301,33,281,433
K00991,0,0,0,0,0,0,0,0
K00121,62,138,904,258,2485,247,3447,1695
K01070,94,116,974,170,1167,188,1459,966
K01770,48,63,529,153,522,46,629,515
K06176,47,47,374,104,1552,65,2828,360
K03787,87,49,1042,190,1331,108,1885,771
K00573,105,40,669,102,1137,65,1548,258
K06194,41,74,388,103,936,63,1268,611
K03555,69,108,876,213,913,110,981,1110
K03087,0,0,0,0,0,0,0,0
K05524,0,0,0,0,0,0,0,0
K06903,6,2,42,8,207,4,223,38
K06907,22,12,152,24,777,6,857,82
K08195,21,22,235,60,890,24,1283,250
K03830,0,0,0,0,0,0,0,0
K09918,15,7,38,17,173,4,134,56
K03837,28,128,253,159,1050,108,1018,1043
K13256,0,0,0,0,0,0,0,0
K01752,22,3,129,36,2082,15,3125,94
K03566,12,8,123,67,1591,16,2511,112
K03088,3,4,53,20,430,5,481,39
K07165,24,16,87,13,610,14,893,50
K03559,2,4,28,7,940,0,891,46
K07345,12,7,29,27,1225,10,1179,63
K15540,4,4,45,11,1377,5,1207,96
K07347,23,13,90,23,2900,19,4187,85
K18297,66,74,525,196,1054,164,1453,767
K03832,10,2,97,38,493,16,678,41
K03561,7,3,52,18,306,22,384,19
K05794,3,1,33,4,157,2,176,26
K03559,0,0,0,0,0,0,0,0
K07002,215,800,1336,1256,1659,883,1638,2739
K02073,323,521,3046,1445,5263,384,5719,2196
K02028,8,28,67,41,819,25,1242,74
K02030,0,0,0,0,0,0,0,0
K21136,185,164,698,254,1329,322,1957,1402
K21137,34,32,223,72,907,96,1373,308
K03321,23,24,309,22,1034,30,1537,134
K01692,46,138,690,330,1669,149,1518,1708
K02050,0,5,21,6,388,7,555,22
K11065,7,8,48,17,209,8,314,79
K00381,336,475,4141,1520,3881,795,5038,5060
K00404,809,1545,6297,3289,9801,2956,11607,18497
K25316,57,74,718,115,619,93,743,468
K03825,90,48,653,127,720,54,694,341
K20975,7,2,54,22,241,15,230,42
K13609,10,2,61,18,1754,10,2452,52
K02030,40,2,270,22,1094,15,1410,86
K02029,8,3,50,2,587,8,737,20
K02028,5,2,58,14,1497,10,2099,13
K07112,0,0,0,0,0,0,0,0
K11073,0,0,0,0,0,0,0,0
K00375,46,34,203,66,1161,23,1860,175
K07734,23,20,171,49,934,21,1368,135
K22479,0,0,0,0,0,0,0,0
K02030,40,98,334,289,1436,126,1562,844
K07154,0,0,0,0,0,0,0,0
K02029,0,0,0,0,0,0,0,0
K01960,237,399,1477,990,2753,676,3087,4894
K07496,25,70,332,158,403,94,421,1621
K04063,59,184,1068,331,962,334,1258,2575
K01091,2,0,5,1,6,0,10,2
K01726,14,20,198,110,1077,23,1388,263
K01414,201,186,1858,530,3141,359,4092,2136
K07070,0,0,0,0,0,0,0,0
K06152,8,7,38,19,1331,9,1782,70
K06151,10,13,84,38,2939,18,4558,129
K22474,2,2,64,19,876,14,1078,58
K13779,6,10,79,22,232,10,245,38
K11731,13,3,59,10,156,8,172,20
K13778,38,45,386,104,1521,39,1785,333
K13774,0,0,0,0,0,0,0,0
K22108,100,67,624,249,1149,173,1407,734
K03088,0,3,0,2,45,0,74,0
K05559,188,197,1228,595,3173,252,4053,1948
K05560,1,6,39,25,354,15,477,83
K05561,77,44,403,137,1250,72,2144,299
K05562,16,13,108,49,329,15,442,124
K05563,9,5,37,11,169,4,172,28
K05564,0,0,0,0,0,0,0,0
K02014,6,8,40,14,1312,11,1851,48
K02002,4,1,22,3,30,4,29,14
K01907,25,23,262,63,1380,31,2161,172
K00019,3,0,13,2,115,2,193,4
K13896,69,42,472,114,1174,78,1357,407
K13895,36,23,373,58,980,32,1299,202
K13894,1,1,6,3,72,2,99,19
K13893,22,21,246,94,1360,31,1766,300
K01626,58,139,619,170,951,226,1057,373
K07689,204,411,2329,1150,2063,455,2423,3066
K03703,77,66,1061,313,2056,159,2469,862
K08744,87,66,690,289,808,121,972,867
K03566,4,4,60,20,441,6,801,78
K02055,30,56,489,173,1935,72,2801,350
K01271,51,36,597,106,1296,30,1807,387
K02055,26,38,491,94,1528,34,1661,280
K00146,29,598,197,1652,1137,1381,1386,7494
K05712,12,124,297,504,1683,415,2395,2052
K04033,11,28,68,64,481,46,450,454
K07487,8,10,155,36,640,13,905,139
K07459,77,68,999,306,1750,93,2377,897
K12070,68,163,1226,309,2580,139,2753,1267
K19156,0,0,0,0,0,0,0,0
K19155,0,0,0,0,0,0,0,0
K09962,0,0,0,0,0,0,0,0
K03630,0,0,0,0,0,0,0,0
K12071,8,2,75,18,1139,11,1269,61
K11904,13,15,110,25,2506,18,3315,165
K11896,15,10,227,45,2269,27,3457,156
K00558,12,8,103,21,1248,9,1595,93
K03111,0,0,0,0,0,0,0,0
K07484,0,0,0,0,0,0,0,0
K09962,0,0,0,0,0,0,0,0
K07459,81,46,1450,180,2450,77,2984,1231
K12055,3,2,45,19,668,7,770,61
K07733,0,0,13,1,13,1,18,16
K07483,25,6,125,36,465,18,658,144
K07497,9,8,102,63,951,19,1151,116
K07687,28,74,350,131,1509,79,1978,534
K07687,4,8,185,34,156,14,189,143
K07677,117,128,1487,337,3602,174,5224,1132
K07677,477,481,3612,972,4568,593,6201,3040
K09919,50,16,248,46,997,24,1087,104
K02481,44,37,388,84,505,44,582,375
K03576,12,36,96,133,627,38,1030,319
K05834,38,54,370,63,565,67,641,273
K02909,30,63,195,71,519,110,597,370
K22083,69,42,428,79,2466,87,3633,338
K01610,23,15,127,40,190,30,261,228
K04083,261,225,2967,658,3697,351,4186,2799
K04762,13,27,146,58,119,41,151,231
K07638,40,24,122,37,189,35,211,90
K05844,0,0,0,0,0,0,0,0
K07659,117,112,822,204,1525,177,2081,915
K06959,199,139,1477,377,3741,175,4728,1352
K02614,23,18,231,43,651,38,758,156
K01919,243,286,1599,585,3443,318,4189,2596
K09947,0,0,0,0,0,0,0,0
K07338,6,3,42,8,82,6,152,23
K07231,16,15,270,69,878,33,1123,142
K21024,73,83,673,207,1642,69,2016,492
K04564,63,169,911,374,1318,160,1390,2308
K06895,741,639,8181,1506,7583,977,8535,7773
K09964,127,40,477,85,701,35,813,338
K05596,47,92,356,305,1128,201,1509,1127
K21417,2,1,31,18,921,8,1319,35
K00004,11,4,108,21,1093,12,1658,58
K03762,28,18,73,24,665,30,686,98
K02028,8,6,57,52,499,16,641,63
K06987,19,25,178,74,775,66,903,187
K10023,11,37,111,71,513,45,569,131
K16370,2,10,76,12,140,23,203,325
K21495,1,2,12,2,56,6,87,18
K03427,6,7,130,52,436,41,503,544
K01154,10,20,227,36,305,40,301,670
K01153,2,18,190,54,595,53,756,721
K17723,3,0,25,3,18,2,17,7
K17722,129,30,1469,123,1999,172,2380,785
K01464,104,38,812,90,1886,116,2512,430
K03457,81,13,876,58,2827,46,3842,447
K06016,107,30,958,134,1799,131,2608,557
K15553,74,176,302,530,1615,206,1764,468
K02000,45,90,345,299,1419,64,1798,155
K11073,18,12,137,20,432,21,708,52
K01915,3,0,27,4,546,1,811,10
K07679,60,16,251,49,1547,22,2007,124
K04033,0,0,0,0,0,0,0,0
K07690,24,3,269,85,917,17,1399,204
K07687,25,30,294,45,936,38,1307,198
K15257,0,0,2,0,27,6,36,10
K06201,0,1,25,1,168,5,175,42
K09907,7,9,109,26,218,45,178,247
K01887,8,6,75,33,214,38,323,265
K03980,0,1,2,4,304,1,266,38
K10022,2,39,102,81,676,52,1062,142
K03406,89,116,615,203,2117,124,2980,1194
K18843,15,10,121,37,284,17,381,77
K01118,12,2,76,24,488,22,627,44
K19784,28,32,342,50,616,63,862,336
K01584,120,180,2002,423,2370,246,3178,2347
K02342,76,62,663,198,1062,130,1395,539
K03469,3,2,12,10,102,9,162,28
K01069,35,29,261,91,1349,46,1889,234
K08307,209,481,3015,1167,3452,533,4237,5725
K05799,0,2,14,4,117,3,110,51
K18326,0,0,5,0,54,0,57,24
K02529,0,0,0,0,0,0,0,0
K00852,0,9,29,4,191,15,315,104
K10439,0,5,44,5,125,23,204,206
K10440,0,1,28,10,47,13,71,103
K10441,1,0,17,8,228,8,371,62
K03549,0,7,26,3,261,16,414,151
K06726,0,0,0,0,0,0,0,0
K03924,2,8,32,2,203,17,181,127
K01914,0,0,0,0,1,0,3,0
K03718,0,0,6,0,139,0,97,14
K21908,0,0,1,0,139,0,114,1
K19778,0,0,10,2,45,0,43,2
K03758,0,0,0,0,443,0,510,0
K01584,0,0,2,0,491,8,600,35
K03758,0,0,6,4,350,6,430,62
K06205,2,8,81,23,199,43,168,325
K03495,6,19,166,39,546,60,550,801
K03501,0,4,26,9,136,11,120,150
K02108,4,19,343,63,462,106,647,751
K02110,7,9,209,32,202,47,268,380
K02109,3,12,203,42,319,59,374,551
K02113,4,18,252,27,324,78,373,381
K02111,17,15,684,56,902,136,1164,954
K02115,5,8,334,25,456,75,551,287
K02112,28,14,1441,63,1497,191,1715,797
K02114,0,0,24,2,19,2,16,11
K04042,12,18,148,18,210,29,302,436
K00820,0,6,134,14,385,52,440,334
K02040,4,15,85,11,364,33,492,419
K02037,2,6,45,2,192,14,238,134
K02038,2,0,49,3,139,24,207,134
K02036,0,3,24,6,129,15,146,210
K02039,0,0,28,8,125,10,105,122
K02030,0,30,20,91,106,55,108,370
K02029,0,4,15,29,115,12,218,94
K08996,0,0,0,0,0,0,0,0
K06901,0,0,7,1,59,4,49,15
K19784,0,3,5,5,141,2,168,74
K06133,1,7,42,16,69,14,94,196
K03650,0,0,8,0,139,6,150,53
K03217,0,4,38,4,183,8,255,63
K08998,2,1,20,2,30,8,53,34
K03536,0,4,25,12,55,17,59,93
K02914,1,9,109,21,101,30,127,307
K02313,2,11,97,20,306,38,350,346
K02338,5,8,115,27,186,45,282,306
K03629,3,11,55,20,199,39,159,180
K02470,20,50,393,96,690,121,906,1117
K21064,0,0,16,4,175,2,216,50
K09474,0,0,8,2,186,7,184,48
K04080,128,419,2665,538,4181,899,3779,6567
K04081,63,441,2251,492,3976,892,3647,8042
K07085,2,7,30,2,162,19,217,94
K00835,0,0,0,0,0,0,0,0
K01176,0,7,15,20,198,20,262,97
K00090,0,5,43,11,79,8,61,144
K18918,0,0,0,0,0,0,0,0
K00874,0,5,22,1,258,10,337,33
K02525,2,0,5,0,134,4,234,42
K02532,0,0,7,0,62,0,103,10
K07407,1,4,69,19,400,23,538,147
K03286,0,0,0,3,15,0,19,1
K01223,0,0,6,2,129,4,94,35
K03826,0,4,2,0,75,1,33,12
K01246,0,0,9,3,33,4,49,36
K12686,8,4,31,6,314,17,480,94
K19734,0,3,12,4,203,4,192,51
K01878,2,9,50,30,146,27,202,208
K01879,10,12,179,26,375,32,347,358
K02800,6,6,45,18,340,19,492,107
K00009,0,4,30,6,157,15,243,76
K02562,0,0,0,0,1,0,2,0
K11249,0,0,0,0,0,0,0,0
K14762,0,0,0,0,0,0,0,0
K05875,4,4,15,0,160,2,160,74
K04564,0,0,6,0,103,1,131,2
K02379,1,9,85,37,172,28,214,330
K00124,14,16,231,23,333,78,406,329
K00127,1,11,258,10,355,88,447,435
K02380,0,10,61,22,169,20,155,111
K01042,0,8,50,10,199,17,250,63
K03833,4,0,87,6,224,19,357,100
K00138,0,4,63,6,101,4,152,119
K08160,0,2,3,0,26,0,47,16
K00854,1,0,15,8,153,0,193,36
K01805,2,2,16,6,226,2,278,112
K10543,2,0,0,2,143,0,201,8
K10545,0,0,2,0,227,4,269,8
K01991,22,27,102,51,1277,13,1560,220
K16566,12,14,38,32,173,20,301,139
K08679,7,13,40,45,392,23,541,128
K00012,40,108,241,328,1063,197,1523,1701
K00847,0,0,0,0,0,0,0,0
K00854,51,52,310,54,634,39,827,214
K24116,16,15,112,22,1428,12,2239,59
K09946,15,17,133,30,556,17,628,85
K01714,0,0,3,1,14,0,18,3
K13954,425,151,4651,323,5176,278,6365,2293
K19092,0,0,5,5,4,0,11,9
K18918,82,125,1092,234,1075,165,1342,1185
K03924,46,19,415,44,872,34,1297,163
K00873,202,157,2377,410,2584,184,3213,1892
K21019,84,33,486,115,1024,76,1362,514
K05835,1,5,4,5,131,6,145,14
K06445,45,63,710,154,1495,96,1762,959
K00799,70,120,785,249,1565,212,2145,862
K01990,209,379,3484,1046,3253,706,3699,6643
K09928,7,9,45,26,60,12,71,45
K02238,18,7,49,31,1060,19,1336,38
K07090,0,2,18,5,325,6,502,22
K05834,0,0,0,0,0,0,0,0
K02014,15,6,45,10,1347,2,1945,26
K19296,0,0,0,0,0,0,0,0
K19295,0,0,7,0,147,2,237,12
K19294,0,0,36,10,1439,2,2102,13
K19293,1,0,28,10,808,9,1123,37
K01795,4,0,78,14,1416,11,1870,73
K16081,11,9,124,22,2224,6,2838,82
K19292,6,4,32,17,1380,12,1989,30
K02032,19,5,89,16,742,8,1072,44
K07729,8,4,60,8,208,12,235,69
K10974,23,15,277,58,1405,26,1767,185
K01485,9,6,23,22,346,10,647,57
K01778,19,6,77,14,108,17,116,50
K18900,7,11,83,13,448,19,551,105
K03719,0,0,1,0,6,0,5,0
K12518,1,0,7,6,629,7,824,30
K12519,0,0,0,0,0,0,0,0
K07345,0,5,11,1,774,5,906,31
K07675,98,73,951,314,886,166,1152,588
K07154,62,39,516,113,874,60,1273,227
K01055,5,4,25,8,174,3,190,33
K03805,0,0,0,0,0,0,0,0
K04084,13,19,160,56,979,39,1453,158
K02199,0,0,0,0,0,0,0,0
K07666,86,75,411,172,1026,145,1201,415
K07645,42,24,310,68,994,65,1354,252
K00836,5,7,87,19,1142,10,1669,47
K05375,9,7,84,27,435,6,521,57
K07148,0,0,0,3,263,0,370,38
K02529,2,12,36,16,244,31,325,186
K10540,17,104,1381,210,1600,270,1610,1466
K10542,2,57,111,50,401,118,528,489
K10541,0,3,37,20,120,32,171,85
K00029,0,4,19,7,160,5,166,135
K03748,0,0,0,0,0,0,0,0
K01489,2,0,11,4,153,17,175,52
K06518,0,0,0,0,0,0,0,0
K01874,0,0,10,12,310,7,284,69
K03593,2,0,49,17,133,22,190,149
K00876,0,2,27,8,166,12,231,47
K01494,4,3,47,14,149,16,161,120
K07289,8,12,111,60,490,52,633,350
K03077,0,0,0,0,1,0,0,0
K03079,0,0,0,0,0,0,0,0
K00880,0,0,5,0,97,1,137,24
K10440,0,0,3,3,113,1,96,22
K10441,0,2,4,0,210,0,285,12
K10439,0,0,10,0,158,1,191,9
K23271,0,0,10,2,211,4,234,24
K03326,0,0,0,0,0,0,0,0
K00963,3,18,169,21,192,30,168,257
K00963,0,5,123,24,195,27,224,311
K01991,10,22,204,50,323,84,262,486
K25307,4,14,54,6,104,5,103,141
K16692,8,37,444,117,449,76,452,514
K03606,7,0,323,32,403,8,351,114
K01710,5,2,233,17,487,22,493,97
K00973,2,0,134,3,305,17,268,66
K01790,0,1,36,0,65,7,60,27
K00067,0,0,0,0,0,0,0,0
K16568,3,8,292,14,312,13,235,120
K01784,0,8,258,29,454,43,333,283
K01710,7,16,176,36,353,45,409,254
K00973,2,13,138,10,283,26,310,178
K01790,0,2,55,9,100,6,144,97
K00067,10,26,189,26,226,54,206,329
K16870,0,28,71,25,201,59,228,547
K09690,1,7,68,6,199,10,238,136
K09691,2,18,69,18,306,26,217,288
K01784,2,0,50,6,296,8,324,95
K16568,2,7,164,9,516,17,803,233
K00033,2,5,129,34,194,30,209,294
K11755,0,0,0,0,0,0,0,0
K02500,2,0,60,10,154,10,207,102
K01814,1,0,43,19,248,20,367,103
K02501,0,0,9,1,24,2,36,15
K01089,1,3,34,15,98,9,134,70
K00817,2,4,22,1,97,7,94,49
K00013,3,3,31,12,179,9,204,53
K00765,2,0,78,12,115,12,203,49
K02014,0,5,4,4,457,3,505,68
K05358,2,8,14,2,317,2,391,46
K14441,0,0,8,0,15,0,16,14
K03284,1,2,22,15,220,25,271,91
K21430,2,2,17,2,112,2,137,42
K00799,0,0,9,3,55,2,105,43
K01752,0,0,7,2,35,3,28,24
K07258,0,0,0,0,0,0,0,0
K03837,1,6,30,5,215,10,363,113
K11534,4,2,19,3,213,4,179,31
K01619,1,2,38,7,175,29,270,121
K19302,0,0,0,0,0,0,0,0
K00677,0,0,0,0,77,0,61,4
K08276,0,0,0,0,0,0,0,0
K06149,0,0,0,0,0,0,0,0
K07085,0,2,17,17,318,6,260,79
K03674,1,2,29,6,21,3,35,98
K05844,4,2,49,20,197,22,246,161
K11073,3,11,255,28,402,62,430,451
K11076,3,7,87,16,187,28,235,154
K11075,2,7,38,8,189,9,285,29
K11074,2,4,64,10,146,27,175,82
K03212,0,0,18,0,73,6,88,14
K09996,0,2,21,7,63,14,100,66
K09998,5,10,141,32,216,29,241,263
K09999,0,2,25,4,70,3,111,63
K09997,0,5,27,6,130,12,196,107
K10000,10,3,196,34,284,40,302,382
K11904,0,4,26,8,511,15,741,163
K07679,2,1,3,2,129,4,194,5
K07690,109,166,847,490,2381,256,3387,2309
K12518,11,9,101,15,3585,18,5034,48
K03313,18,23,175,90,309,28,393,238
K06077,81,171,1210,129,512,153,633,2031
K00275,505,863,7870,1192,3975,1043,4531,9984
K03722,177,131,1077,268,2788,204,3471,1395
K03406,176,67,1138,173,1346,140,1664,525
K06204,182,77,875,129,714,204,774,467
K17214,17,77,343,108,519,58,684,594
K17215,116,61,687,205,1195,173,1571,597
K17213,120,66,753,222,1612,133,1782,833
K01808,50,28,307,95,616,57,902,203
K17207,32,38,309,126,1419,83,1680,250
K17206,5,26,170,28,849,24,1149,96
K17205,23,10,200,59,1007,27,1299,95
K23993,0,0,3,2,27,3,34,7
K00820,9,16,102,47,716,34,1057,117
K01443,39,71,190,258,736,263,843,952
K24967,25,28,152,138,1094,89,1625,545
K18453,17,16,217,91,1296,32,1722,243
K17879,129,108,640,304,2011,214,3049,1279
K01726,67,78,819,206,808,97,1175,699
K06938,16,16,180,42,343,25,442,157
K09125,5,9,81,37,680,19,1085,102
K08289,106,73,960,239,1791,133,2384,829
K21829,0,0,0,0,0,0,0,0
K19746,11,5,219,46,896,31,1114,157
K19744,12,2,68,24,357,20,393,51
K03732,8,24,159,92,1268,33,1823,161
K06999,50,37,254,113,1027,52,1383,176
K09969,319,242,4562,696,4345,634,5072,4019
K09970,35,22,469,68,1484,35,1803,214
K09971,54,26,549,73,1085,53,1560,341
K09972,64,14,511,105,1523,33,1932,319
K01999,8,27,97,69,1016,32,937,149
K01761,253,207,2632,624,2650,402,3326,1347
K03719,27,37,290,93,920,122,1183,584
K22041,61,86,488,151,699,96,980,441
K08159,55,40,490,138,1049,57,1499,207
K01438,0,1,16,9,73,12,42,40
K00145,3,6,133,63,290,61,304,384
K00930,4,6,80,37,142,30,192,145
K01940,10,18,342,50,425,99,548,567
K01755,4,2,55,12,112,23,183,153
K24136,0,0,6,3,72,5,133,65
K07358,0,0,0,1,17,1,11,3
K07350,0,0,2,0,6,0,3,0
K07347,1,2,120,5,303,18,324,59
K07349,0,0,0,0,0,0,0,0
K07348,0,0,0,0,0,0,0,0
K07346,4,0,75,7,227,6,233,80
K07351,7,5,126,19,274,20,374,143
K07345,20,18,675,19,656,57,606,408
K02257,0,0,29,5,117,6,137,35
K02298,12,24,410,55,467,158,510,987
K02300,0,0,0,0,0,0,0,0
K02299,0,0,0,0,0,0,0,0
K02297,9,13,263,51,278,106,414,602
K08218,6,22,300,67,434,82,532,1054
K07286,0,2,6,1,82,8,98,53
K05527,0,23,157,8,184,24,257,553
K03545,20,44,478,71,397,125,484,837
K01358,21,61,720,116,802,143,816,921
K03544,83,180,2276,232,1966,552,1999,3499
K01338,102,85,3036,177,3296,282,3315,1896
K03530,12,18,832,102,606,134,706,680
K03770,17,6,188,80,434,72,468,519
K02237,0,0,0,0,65,2,70,2
K11925,1,3,54,13,143,23,203,222
K12500,0,0,0,0,0,0,0,0
K06920,0,0,0,0,0,0,0,0
K11938,0,0,0,0,0,0,0,0
K05800,0,5,4,4,102,6,137,30
K18889,0,0,31,12,338,23,471,136
K18890,0,4,24,6,327,12,471,37
K04752,0,0,4,3,87,4,106,10
K03320,0,0,23,4,113,9,152,22
K10805,0,0,0,0,3,1,9,0
K01486,2,2,13,8,240,2,320,41
K09914,0,0,0,0,0,0,0,0
K07443,0,0,0,0,0,0,0,0
K05839,0,0,0,0,0,0,0,0
K19162,0,30,90,53,79,59,84,1011
K18138,0,3,26,4,132,5,173,66
K02075,0,0,0,0,0,0,0,0
K02077,0,0,0,0,0,0,0,0
K02909,0,0,0,0,0,0,0,0
K03585,7,18,109,24,290,34,335,229
K03577,0,8,45,21,152,26,166,239
K06039,2,4,10,1,85,13,88,28
K05802,0,4,21,8,460,12,713,103
K04067,0,0,10,3,72,3,134,43
K09790,2,6,61,16,218,28,256,229
K00759,2,2,68,7,242,32,286,199
K02343,10,19,139,33,396,68,425,572
K09747,1,8,94,9,120,31,82,173
K06187,0,6,52,6,116,30,207,182
K04079,62,76,2939,108,2980,170,3026,1624
K00939,5,14,139,34,184,41,281,311
K02647,2,2,7,5,266,8,314,36
K00865,0,0,9,12,208,7,282,8
K01772,0,9,24,11,160,24,201,54
K03455,0,0,0,0,9,1,22,1
K00892,0,0,0,0,0,0,0,0
K08223,2,6,27,2,298,22,502,134
K11751,0,2,13,7,121,8,132,74
K17686,1,27,90,14,209,53,235,526
K03976,0,0,0,0,0,0,0,0
K09973,0,0,0,0,0,0,0,0
K07340,0,0,1,2,4,1,5,9
K19591,0,0,0,0,0,0,0,0
K10972,0,8,66,7,169,3,202,75
K01483,0,2,0,6,110,6,111,86
K10973,0,1,22,7,105,19,143,127
K01608,0,2,2,4,262,8,358,175
K01816,0,0,8,3,131,4,190,73
K00042,0,0,10,3,217,5,226,62
K10975,0,0,2,0,388,1,413,19
K01466,2,3,8,12,277,2,356,78
K14977,0,0,0,0,0,0,0,0
K00073,0,0,10,0,255,1,279,10
K02381,0,4,8,0,355,0,386,35
K00926,0,3,10,0,192,8,255,55
K05838,0,2,14,0,33,1,36,29
K10804,0,2,10,6,106,12,140,67
K02003,2,2,57,13,128,5,263,122
K02004,0,0,23,10,195,8,347,69
K01589,0,0,2,0,24,1,16,12
K01588,0,3,15,18,90,11,112,64
K03269,0,1,18,6,128,17,112,82
K03767,2,4,5,1,82,4,89,39
K01883,0,0,0,0,0,0,0,0
K06167,0,0,2,0,186,0,179,6
K07507,0,0,0,0,0,0,2,0
K01491,0,5,32,9,73,8,71,115
K14761,0,0,0,0,0,0,0,0
K07497,0,1,11,0,92,9,116,21
K01004,0,0,0,0,0,0,0,0
K01467,28,120,468,392,1102,262,1322,2107
K17850,23,17,104,51,569,32,693,238
K03088,19,20,38,33,302,33,332,72
K25495,15,35,305,81,985,53,1273,306
K23779,12,72,98,199,772,129,1236,1013
K00558,220,574,3164,1276,2671,540,2991,7616
K14060,46,139,548,412,1327,280,2037,3307
K02002,59,49,416,170,1466,33,1710,163
K07304,11,7,63,23,273,8,406,26
K18903,39,40,228,166,1794,35,2059,356
K03585,0,0,0,0,0,0,0,0
K11902,208,113,1186,295,1598,146,1998,950
K11901,42,30,322,89,787,30,863,305
K11900,59,48,700,186,2340,86,2649,603
K11903,132,45,969,152,1110,72,1386,487
K11897,4,2,44,17,589,10,789,32
K11896,35,2,248,49,1568,23,2139,103
K11895,14,14,169,22,855,15,1095,70
K06016,20,2,76,24,557,12,724,61
K08172,28,4,148,37,1112,33,1406,143
K05515,9,10,132,49,1423,32,2093,151
K18189,0,0,0,0,0,0,0,0
K07346,22,12,185,53,889,16,1458,54
K00626,4,43,14,103,160,167,184,607
K07516,17,198,85,692,1014,528,1525,2372
K18013,6,7,75,70,782,51,1065,159
K01046,0,0,1,0,9,1,13,0
K01118,0,0,11,8,338,7,462,13
K11741,0,0,0,0,0,0,0,0
K03566,25,6,144,69,1019,54,1532,133
K03594,83,200,978,364,1415,264,1847,2283
K01792,17,3,100,31,94,8,112,119
K10806,176,127,1239,469,1191,307,1489,1956
K02040,42,86,694,280,1900,180,2350,925
K02037,36,47,342,112,2580,55,3454,390
K02038,34,19,271,50,1639,30,2500,245
K02498,1,2,242,12,465,28,506,276
K02496,4,14,230,18,234,37,282,420
K01719,2,8,76,10,106,35,128,227
K01749,2,3,30,9,109,19,176,148
K05851,8,28,213,74,591,107,890,554
K06202,0,0,0,0,7,0,4,2
K01778,3,1,35,21,107,12,92,58
K09921,2,0,15,2,89,7,133,31
K03733,3,0,19,10,138,8,188,35
K20862,0,0,2,2,101,7,108,23
K03657,3,6,88,34,265,39,357,275
K03284,2,1,27,17,208,11,252,42
K07120,0,1,1,0,44,0,42,4
K05786,0,0,0,0,0,0,0,0
K01058,6,4,12,9,257,6,266,59
K03654,0,7,67,14,338,41,471,207
K05835,0,0,0,0,0,0,0,0
K05834,0,0,1,1,1,1,6,1
K01048,0,1,18,16,255,19,367,96
K21064,0,8,30,10,225,18,225,101
K23359,0,2,8,0,123,1,165,15
K02381,0,2,0,0,241,0,256,2
K00926,0,0,0,0,117,0,212,4
K10974,0,0,4,0,221,7,283,39
K01126,0,2,22,2,66,3,115,35
K02445,10,2,81,3,290,5,368,62
K00111,2,0,15,9,306,6,420,19
K00112,4,0,20,0,196,5,275,22
K00113,4,2,13,2,79,4,115,17
K09125,0,10,85,4,202,19,191,260
K04085,0,0,0,0,0,0,0,0
K01534,0,13,15,14,325,15,314,233
K08316,0,0,2,1,56,2,93,23
K08993,0,0,0,0,0,0,0,0
K03110,4,2,40,26,428,13,425,123
K09812,2,2,34,6,119,26,138,151
K09811,1,0,17,2,26,9,49,28
K03089,0,0,0,0,0,0,0,0
K01999,4,19,386,71,337,126,448,700
K01997,2,0,36,24,170,35,197,240
K01998,2,12,54,21,261,47,287,166
K01995,1,3,24,17,135,19,149,101
K01996,2,2,39,21,86,11,100,84
K05825,0,4,34,9,322,8,403,53
K05813,0,0,4,0,235,2,258,4
K05814,0,0,0,0,153,1,153,2
K05815,0,0,0,4,101,0,137,7
K10112,0,0,5,1,137,2,182,4
K01126,0,0,14,3,72,7,67,11
K13936,0,0,0,0,0,0,0,0
K03576,0,3,23,4,241,3,286,69
K00549,2,2,238,34,608,54,728,97
K04069,0,0,0,0,0,0,0,0
K11202,0,0,0,0,0,0,0,0
K11203,0,0,5,0,144,2,181,21
K11202,0,0,0,0,0,0,0,0
K23991,0,0,6,2,439,2,682,48
K01061,0,0,2,0,25,1,22,8
K00757,0,10,111,2,225,8,306,131
K01104,0,2,8,6,127,0,149,19
K03975,0,0,4,0,158,2,238,2
K09760,2,0,17,10,256,11,312,53
K03183,2,2,9,4,119,8,151,28
K03690,0,1,6,0,82,7,87,27
K03688,2,9,67,23,298,26,355,182
K03116,2,12,239,36,195,67,206,419
K03117,6,29,166,21,210,76,206,374
K03118,2,2,26,14,140,12,139,128
K03424,0,0,19,0,132,7,173,29
K01698,0,0,6,2,76,2,143,7
K05785,0,0,3,0,12,0,5,4
K05995,4,2,72,6,243,16,279,123
K03182,4,20,95,23,345,35,418,348
K00632,0,0,0,0,0,0,0,0
K01825,0,9,145,44,252,115,346,791
K05368,0,0,0,0,0,0,0,0
K03498,3,2,32,6,299,8,383,114
K00230,0,0,13,2,132,1,75,53
K06016,54,9,317,36,1048,62,1359,246
K01426,27,8,190,57,1465,31,2016,233
K01426,96,26,507,45,1708,89,2202,236
K03762,22,4,46,21,1422,16,2023,49
K18900,9,4,42,17,1257,11,1920,51
K01425,16,10,95,28,431,12,623,86
K00088,486,390,4458,850,4945,483,5996,3089
K01951,141,64,1104,216,2456,123,2924,703
K03486,1,1,11,4,16,1,22,2
K07733,0,0,0,0,0,0,0,0
K02040,13,19,99,34,863,26,1212,70
K02040,5,6,48,12,1580,6,2044,38
K02455,13,23,137,36,1173,13,1448,153
K02454,12,14,63,17,877,17,1413,50
K03406,0,0,0,0,0,0,0,0
K03406,76,128,502,209,1928,154,2666,1653
K09888,15,15,164,43,484,21,600,143
K03406,8,4,41,15,234,4,232,37
K20035,15,4,42,4,46,7,51,11
K00322,0,0,0,0,0,0,0,0
K04761,0,2,0,1,6,0,1,7
K22105,0,0,1,0,4,0,0,1
K00557,0,0,3,0,13,1,10,6
K16092,0,1,9,4,436,2,517,32
K01776,0,1,9,8,121,8,86,37
K04771,21,9,138,45,148,20,151,182
K01423,0,0,0,0,0,0,0,0
K03598,453,233,3238,962,4730,408,5768,4570
K03597,450,577,6143,1935,4273,1012,5677,12638
K03088,2496,4468,28693,7399,17434,7792,21983,76007
K00278,86,52,785,183,2204,107,3346,782
K19168,0,0,0,0,0,0,0,0
K03807,69,57,851,173,1242,111,1649,536
K03406,72,73,877,377,2093,161,2453,694
K03424,0,1,3,1,67,0,81,10
K03435,53,39,480,81,1292,64,1792,332
K03832,1,3,21,10,324,5,309,16
K02014,0,15,165,24,3612,18,5048,99
K03561,6,3,35,8,782,12,1018,37
K01081,12,6,29,30,1387,13,1751,51
K02014,24,12,182,28,2732,19,3881,101
K07168,0,0,0,0,0,0,0,0
K00012,24,9,178,49,1121,14,1651,93
K07264,36,16,185,45,621,23,724,148
K12963,0,0,0,0,0,0,0,0
K12962,0,0,0,0,0,0,0,0
K13014,12,9,143,44,665,7,840,124
K09945,985,1542,7047,3653,8809,3775,10273,20986
K02342,1,2,24,11,77,7,104,31
K03719,0,0,0,0,0,0,0,0
K11927,1,11,37,12,573,7,959,76
K03790,57,62,708,211,1332,157,1720,687
K10805,134,83,914,276,1168,186,1607,911
K07054,43,26,379,92,1253,41,1571,243
K02623,19,28,214,68,1402,41,2163,218
K00449,16,18,142,35,1042,24,1811,145
K06222,3,2,23,5,113,12,101,37
K00448,0,0,0,0,0,0,0,0
K03406,1,0,0,0,11,1,8,0
K15270,0,0,0,0,0,0,0,0
K08191,5,3,52,13,1364,6,1915,33
K00457,82,64,522,218,2695,142,3819,1061
K09017,14,19,205,101,312,19,327,161
K25901,6,2,25,7,90,1,88,12
K03786,0,9,27,10,497,16,627,51
K03088,7,11,79,44,828,23,1070,87
K07165,50,38,414,116,1148,68,1315,232
K16152,20,40,233,58,4016,44,5722,178
K12545,16,16,65,21,786,22,1119,49
K12536,4,4,70,16,1525,9,2099,37
K12537,4,0,52,14,1209,1,1647,24
K12538,0,2,16,6,390,1,479,9
K00557,0,0,0,0,0,0,0,0
K06901,22,35,224,68,1183,33,1460,163
K08225,13,25,156,42,445,16,600,146
K03152,0,0,0,0,0,0,0,0
K00425,84,225,1005,591,3239,393,4306,2816
K00426,2,5,32,16,147,13,184,99
K11391,1,2,9,3,68,2,80,17
K03282,19,19,128,57,192,12,259,267
K03781,50,60,553,211,2394,95,2684,916
K06867,10,4,58,4,341,2,425,43
K04485,97,69,732,179,1685,102,2134,425
K23676,537,230,4716,939,5831,453,6927,2446
K05799,6,3,27,5,122,9,145,42
K11103,0,0,0,0,1,0,0,0
K21023,320,265,3080,885,4748,446,5499,2740
K00600,0,0,0,0,0,0,0,0
K06020,235,234,1941,612,3349,226,3812,1984
K00262,156,164,1647,642,1701,293,2290,1505
K04770,187,134,1324,330,2090,197,2874,1310
K03773,112,80,1262,207,909,91,1044,799
K02523,44,39,862,101,988,70,1244,387
K06193,0,0,0,0,0,0,0,0
K02888,565,462,8853,1018,5295,466,6268,3938
K02899,1121,255,7818,799,3659,222,3333,2001
K03979,197,187,1264,491,2353,232,2915,1313
K00931,82,97,483,275,1539,188,2189,618
K05805,27,41,374,82,575,64,648,347
K02968,23,112,357,125,248,44,246,818
K03980,25,31,270,59,2417,29,3675,217
K11753,343,149,1410,481,1797,188,2240,1586
K01870,460,365,4439,1070,5488,517,6471,4209
K03101,42,21,246,75,493,29,673,151
K03774,59,39,653,75,713,91,799,518
K03527,35,43,409,88,544,62,575,529
K08084,0,0,0,0,0,0,2,0
K02671,4,18,102,20,673,18,1001,83
K02672,10,2,38,23,925,0,1198,36
K02673,7,5,114,12,368,7,528,42
K02655,3,9,20,21,133,4,184,71
K02667,0,0,0,0,2,0,0,0
K03153,0,0,0,0,0,0,1,0
K05807,10,14,105,46,995,20,1299,156
K06180,92,101,1040,354,1292,182,1669,958
K05810,38,28,404,98,899,56,1401,333
K03695,6937,10647,75856,30793,56943,29328,62876,233394
K07806,64,43,359,90,1410,40,1651,273
K10012,31,27,232,108,829,31,1121,280
K10011,126,77,870,291,2221,102,2918,817
K00108,0,0,0,0,0,0,0,0
K05834,2,1,38,2,95,3,129,14
K06938,0,0,0,0,0,0,0,0
K02012,0,0,7,1,116,2,175,4
K09012,19,12,64,41,578,10,763,70
K21470,114,100,816,314,1111,150,1326,1077
K21699,12,4,48,13,35,8,57,21
K01480,16,7,87,109,1241,19,1999,112
K17290,107,223,1346,575,1024,474,1166,3251
K02558,2,1,30,8,59,4,47,27
K03186,0,0,0,0,0,0,0,0
K21405,305,209,1977,582,2358,415,3226,2002
K07795,0,0,0,0,0,0,0,0
K07774,20,18,164,73,795,63,1151,227
K07649,3,6,38,8,408,9,603,45
K06980,39,26,258,73,1261,52,1673,211
K09159,27,54,481,66,555,56,652,362
K07506,29,17,184,43,741,19,996,120
K11249,10,4,48,43,503,8,710,23
K02002,12,9,171,32,900,34,1237,202
K01066,11,13,73,18,841,15,1184,56
K02525,35,49,234,98,930,84,1143,369
K03192,0,0,0,0,0,0,0,0
K03189,8,8,50,15,188,8,294,26
K03188,3,0,62,14,667,0,1010,31
K03187,16,3,112,20,560,8,833,66
K22105,2,4,83,8,889,10,1011,53
K07290,140,181,1191,555,2339,305,2673,2797
K07393,0,1,1,1,20,0,39,1
K15977,0,0,3,2,121,0,194,20
K05594,8,4,148,22,152,41,212,582
K25864,0,0,18,1,21,2,35,22
K03975,2,1,7,6,81,7,213,59
K19775,0,0,2,0,8,1,20,14
K08191,2,2,19,8,147,2,167,8
K01812,0,1,15,4,238,1,309,18
K01685,0,0,4,10,166,5,147,35
K07862,0,0,13,2,24,4,47,44
K01951,3,8,56,20,151,28,240,195
K22230,2,0,6,4,200,10,199,46
K07043,0,2,23,3,112,5,202,43
K00219,0,0,15,2,144,2,179,51
K11391,0,0,0,0,0,0,0,0
K00375,2,2,11,2,64,3,68,75
K14052,0,0,0,0,0,0,0,0
K00823,3,7,139,23,350,42,444,343
K00135,2,2,155,8,196,14,208,179
K00799,0,0,2,0,10,1,11,3
K18555,0,0,24,8,235,6,346,49
K22736,2,0,0,2,95,4,165,6
K07504,2,14,177,62,198,23,199,462
K03327,2,2,0,11,340,8,426,87
K03086,10,24,227,104,583,105,692,890
K03649,0,0,0,0,0,0,0,0
K02316,72,248,2032,273,2437,355,2420,3057
K02970,8,12,227,30,78,52,158,455
K25706,0,0,19,6,110,16,149,58
K08591,0,0,2,1,6,0,7,3
K01633,0,0,21,1,122,2,152,26
K06153,0,0,7,3,260,5,352,35
K19163,0,0,4,2,9,2,6,10
K19164,2,5,44,13,96,10,124,164
K00427,0,3,82,11,337,6,534,54
K14348,0,0,14,0,61,0,74,4
K00974,0,0,4,0,5,0,9,0
K00101,0,0,0,0,0,0,0,0
K07184,0,3,12,18,127,18,185,75
K18446,4,6,82,12,291,17,376,125
K00982,10,2,74,16,437,30,551,151
K03272,7,10,169,25,357,49,369,284
K16263,1,4,17,2,302,10,333,61
K09806,0,0,5,0,19,0,9,15
K07238,2,5,26,10,37,34,38,83
K02858,0,0,0,0,0,0,0,0
K15777,0,0,12,0,41,1,33,23
K02529,0,10,41,20,147,12,149,291
K01809,0,10,4,14,275,14,344,130
K17467,0,0,0,0,1,0,1,0
K06859,0,0,1,1,9,0,8,7
K06859,0,0,1,1,22,0,33,14
K00005,0,2,88,0,200,26,285,121
K05878,0,0,15,5,163,4,219,12
K05879,0,0,0,0,0,0,4,1
K05880,0,0,0,0,0,0,0,0
K05881,0,0,0,0,0,0,1,0
K12340,0,1,14,8,252,5,321,42
K01515,1,4,23,9,185,8,238,78
K09920,0,1,15,4,67,3,83,39
K03651,6,12,104,24,190,47,235,348
K07000,0,1,10,8,159,8,209,63
K02622,4,8,74,32,244,41,282,272
K03923,0,0,6,6,90,1,173,21
K02621,10,2,83,23,379,38,392,136
K00655,1,3,49,18,188,22,206,110
K04753,1,1,13,6,88,7,126,44
K03783,0,0,6,0,233,0,331,5
K11537,0,0,0,0,62,0,98,1
K03457,5,4,128,24,284,46,410,325
K03710,0,2,40,15,195,5,211,121
K08308,0,0,0,0,0,0,0,0
K06221,0,2,5,11,70,12,76,55
K12957,6,20,256,26,343,25,392,540
K08325,0,8,129,12,222,22,367,238
K07127,0,0,4,1,7,0,10,2
K11477,15,6,44,15,841,8,1092,33
K07665,20,8,156,33,939,32,1295,158
K07644,7,3,84,16,233,6,325,73
K01974,47,19,315,68,1256,41,1782,103
K07074,25,19,181,36,669,42,822,103
K24206,11,8,91,46,1459,27,1849,106
K01273,122,59,1736,211,2080,116,2551,1191
K06966,16,9,87,24,145,14,247,111
K12410,19,66,180,110,801,72,1103,526
K01003,10,4,59,29,585,10,895,103
K01591,0,0,0,0,0,0,0,0
K00059,234,53,1541,169,1275,122,1697,654
K03406,204,75,1439,206,1472,168,1406,934
K07126,0,0,0,0,0,0,0,0
K07126,0,0,0,0,0,0,0,0
K13821,38,5,213,11,328,7,310,65
K11928,141,29,982,107,2719,21,3405,383
K21959,7,8,131,24,840,11,1052,101
K05520,13,14,209,46,482,27,563,158
K08988,9,3,47,24,626,13,1051,63
K06872,18,12,244,37,447,38,588,144
K06872,74,41,349,83,869,50,1176,221
K02004,16,9,112,24,275,12,323,79
K18346,24,5,123,18,416,26,498,113
K03810,0,0,1,1,19,1,16,3
K09915,3,0,20,3,123,10,134,72
K03790,2,2,43,9,118,7,179,81
K08162,2,2,4,8,252,10,281,49
K03675,0,0,14,7,151,8,157,71
K03688,1,4,47,7,246,24,247,159
K04477,0,2,13,3,54,8,59,52
K12972,3,11,32,10,169,31,212,180
K11216,2,10,59,13,469,12,453,177
K11531,2,0,22,4,254,6,346,54
K10558,0,5,24,10,260,8,375,93
K10556,0,3,7,4,161,3,261,17
K10557,1,0,8,2,234,8,374,35
K10555,4,0,19,0,256,5,302,41
K08321,0,0,0,0,13,0,9,4
K15532,0,0,0,0,0,0,0,0
K16210,0,1,5,0,176,5,274,23
K11530,0,0,0,0,0,0,0,0
K21742,0,0,6,4,248,6,324,14
K03779,0,0,0,0,143,2,264,2
K03780,0,0,0,0,162,0,260,2
K11106,0,2,2,0,411,0,648,27
K18967,0,0,5,3,111,3,227,18
K03321,2,3,10,8,222,9,331,35
K01627,0,0,0,1,2,0,3,1
K02493,0,0,1,2,11,2,10,3
K02835,0,5,6,0,50,3,76,18
K02492,0,7,18,10,185,9,165,131
K02494,0,0,6,4,106,6,159,27
K00919,3,3,57,11,224,16,191,118
K00948,5,23,155,40,304,52,376,533
K01056,0,0,9,6,64,11,78,82
K06942,2,16,140,26,280,55,289,359
K11527,2,0,37,9,343,4,502,164
K04757,0,0,0,0,0,0,0,0
K07315,0,0,0,0,0,0,0,0
K00688,3,3,16,2,164,1,232,27
K04749,0,0,0,0,0,0,0,0
K12678,8,15,396,18,807,53,895,522
K08363,0,0,0,0,0,0,0,0
K03406,3,8,67,11,404,23,535,86
K02839,0,0,0,3,37,1,36,4
K18148,0,0,10,0,90,5,89,33
K21936,0,0,0,0,120,0,193,0
K00266,4,5,76,10,372,11,481,45
K05796,0,0,0,0,0,0,0,0
K11904,0,6,20,10,406,8,593,86
K18540,0,0,6,1,19,2,10,10
K24206,0,0,9,2,140,2,204,36
K17214,0,1,7,1,234,0,263,17
K13694,0,0,0,0,0,0,0,0
K17215,0,0,6,2,232,5,303,41
K17213,0,0,4,1,338,2,507,13
K23779,0,0,4,1,153,4,140,12
K03502,1,8,11,6,242,7,292,84
K03503,0,0,0,2,85,1,105,7
K05984,1,10,21,9,126,18,182,164
K22278,3,4,79,46,1568,14,2060,60
K00140,56,12,830,81,892,57,1114,2020
K00822,1825,620,17612,1992,19711,1836,25054,33483
K21699,10,18,151,80,1404,32,1897,240
K16345,29,19,88,19,1663,24,2045,97
K03546,18,9,211,61,715,31,860,97
K03546,0,0,0,0,0,0,0,0
K03547,20,38,171,49,1016,26,1203,151
K03406,183,385,1776,711,2574,522,2857,4094
K17737,0,0,1,0,8,0,7,6
K11414,1,1,25,7,19,3,21,17
K01028,143,662,757,1388,1117,1367,1314,1771
K01029,71,185,826,1429,985,389,1326,2175
K00626,79,207,721,816,900,420,1237,1810
K00075,0,4,15,13,96,11,148,34
K03524,0,0,0,0,0,0,0,0
K00867,0,0,2,0,9,0,4,10
K19113,2,2,39,14,73,6,84,199
K18201,1,1,2,1,25,1,23,5
K23514,5,10,53,41,300,17,367,89
K07165,20,38,129,39,544,41,737,128
K07794,0,1,9,5,356,2,552,5
K07793,12,8,101,23,1473,22,2180,43
K07120,6,5,54,11,330,12,532,23
K03648,3,0,54,16,143,5,158,36
K01695,0,1,8,1,31,4,46,14
K01696,676,548,5281,1462,7686,906,9785,5511
K03566,48,29,335,78,914,40,1014,276
K05594,0,0,0,0,0,0,0,0
K09165,176,420,3472,1036,2329,525,2477,5979
K06136,69,50,710,110,1628,89,1795,242
K00138,72,86,1116,399,1719,197,2352,541
K01972,68,117,734,223,1320,186,1719,1301
K03529,654,744,4764,1944,4479,1142,5335,8646
K03528,0,0,0,0,0,0,0,0
K13481,79,230,874,529,1434,471,1754,2060
K13482,90,84,993,371,2783,244,3967,1131
K07402,37,53,360,130,806,108,1092,402
K01487,42,16,250,74,749,47,1070,234
K05799,21,7,167,59,992,26,1567,163
K05782,21,30,198,94,1132,35,1342,348
K09923,0,0,0,0,0,0,0,0
K07259,0,0,0,0,0,0,0,0
K12297,105,142,1264,344,2592,178,3139,1176
K00254,204,465,4897,1221,2748,369,3270,9838
K03812,0,0,0,0,0,0,0,0
K22067,20,12,225,71,1281,34,2085,91
K07183,0,0,10,5,239,5,355,17
K02575,3,4,20,10,884,4,1310,17
K20074,8,2,55,17,1437,12,2033,46
K00362,4,10,63,15,2543,14,3499,73
K00363,0,0,2,0,176,0,215,1
K00372,51,29,534,109,2033,37,2744,381
K03286,6,14,164,46,79,19,102,171
K02303,0,0,0,0,0,0,0,0
K03088,1376,4030,30220,6582,11117,4872,13475,41529
K16074,178,165,785,432,1270,178,1622,1306
K01007,47,72,701,194,1475,103,2130,728
K02553,0,0,0,0,0,0,0,0
K09773,0,0,0,0,0,0,0,0
K01720,94,109,566,214,747,206,1087,1251
K07790,0,0,0,0,0,0,0,0
K20455,180,52,1255,174,2139,106,2400,553
K09788,0,0,0,0,0,0,0,0
K01659,270,83,1654,288,2416,144,2963,825
K03417,345,130,3027,494,3141,182,3478,1408
K22293,189,179,2306,333,2363,130,2907,1343
K01665,20,18,139,55,627,22,1075,174
K02203,4,14,130,33,167,12,150,75
K00390,42,106,765,237,1575,160,2286,1154
K03457,7,1,170,34,1548,35,2222,143
K16841,0,0,0,0,0,0,0,0
K00059,8,9,50,11,121,21,160,99
K17623,6,5,43,5,102,11,104,38
K03469,0,0,0,0,0,0,0,0
K00655,0,10,61,31,700,7,1046,90
K01782,129,241,1737,821,2299,399,2994,4358
K03284,0,0,0,0,0,0,0,0
K22314,0,0,0,0,0,0,0,0
K00626,158,62,879,202,1383,125,1970,401
K06940,0,0,0,0,0,0,0,0
K03286,185,239,1631,663,1971,435,2282,2737
K03522,140,78,668,260,1252,152,2122,594
K03521,574,454,4501,1261,5870,747,6843,6725
K00311,300,258,2519,957,3645,627,4797,3535
K01223,4,0,19,9,231,11,320,124
K03488,0,4,43,11,179,13,173,169
K07240,7,0,21,2,72,9,72,55
K07240,1,0,10,2,115,1,92,32
K01607,0,1,0,1,50,0,38,3
K07506,2,2,32,29,147,10,192,181
K05515,0,0,4,5,450,0,707,22
K06887,0,0,2,2,18,1,12,1
K03587,0,0,0,2,121,0,166,6
K03286,0,1,0,0,5,0,4,0
K00997,0,0,0,0,107,0,139,0
K00059,0,0,0,0,131,0,190,2
K02372,0,0,2,0,73,0,98,0
K02078,0,0,0,0,47,0,74,0
K02003,0,0,4,0,95,1,114,0
K02004,0,0,2,0,231,2,278,14
K06887,0,0,0,1,6,0,1,2
K15976,0,0,0,0,0,0,0,0
K03435,0,0,4,0,31,2,54,17
K00039,0,0,7,0,76,3,63,15
K00875,0,0,14,1,117,3,171,20
K17850,0,0,1,0,12,1,15,1
K01478,0,1,10,10,41,1,36,56
K17836,0,0,0,0,0,0,0,0
K03758,5,19,245,47,340,85,559,349
K03315,0,0,14,1,163,8,175,23
K05349,1,1,38,8,361,9,459,91
K03292,0,2,4,0,191,2,259,16
K07301,1,6,14,14,250,8,258,69
K19595,0,0,8,1,123,0,149,31
K19594,0,4,21,1,531,2,689,37
K19593,0,0,2,0,149,0,204,4
K17686,9,142,460,238,578,434,809,2199
K19591,1,11,37,8,76,19,90,208
K12151,0,0,0,0,0,0,0,0
K03790,0,0,6,0,189,3,279,37
K06177,0,0,10,4,45,2,46,32
K06998,0,1,6,3,82,1,113,14
K01467,0,2,6,2,127,4,135,26
K22549,0,0,8,0,98,4,159,28
K21061,0,0,41,0,120,5,166,45
K22550,0,0,0,0,0,0,0,0
K12658,2,4,86,3,243,7,331,106
K21062,0,0,77,2,201,4,277,94
K13877,8,0,94,4,310,0,194,182
K13609,0,0,88,6,292,14,386,152
K00836,2,5,36,7,238,26,266,117
K13745,6,2,40,4,108,12,125,83
K18650,0,1,2,2,93,2,106,11
K15977,0,0,0,0,47,1,36,2
K07347,0,0,1,0,22,0,20,0
K07345,0,0,2,0,128,2,75,2
K07347,2,6,46,8,318,10,370,155
K15540,0,0,0,0,0,0,0,0
K07345,0,0,2,2,103,0,93,12
K05802,0,8,27,1,209,15,283,135
K07727,0,2,4,0,34,2,55,23
K16078,0,0,13,6,126,7,200,98
K02355,14,30,283,36,714,88,1019,692
K03549,0,0,16,0,138,9,224,67
K07506,0,0,0,0,0,0,0,0
K01066,6,2,45,2,240,18,288,113
K22041,0,0,2,6,111,10,157,50
K12944,0,0,0,0,0,0,0,0
K16329,0,0,8,0,189,3,119,1
K16328,0,0,8,1,22,2,30,9
K01284,0,0,17,2,327,5,309,48
K03829,2,1,12,9,147,7,116,32
K19270,6,0,66,6,185,10,313,25
K23107,0,4,46,2,192,4,283,91
K16066,4,5,77,15,83,16,85,84
K09771,0,0,0,0,0,0,0,0
K00428,0,1,82,5,421,8,445,118
K03281,0,2,8,2,92,4,190,33
K01935,0,0,0,0,0,0,0,0
K15545,0,0,1,0,65,0,100,12
K21757,4,13,78,14,227,35,300,275
K08224,0,8,25,22,161,8,169,71
K07038,0,0,1,0,292,2,392,11
K10748,0,2,7,2,55,6,75,76
K02495,0,1,11,12,149,6,179,126
K01679,1,0,39,0,168,3,176,47
K01809,0,6,6,6,250,5,235,68
K03566,0,0,0,0,0,0,0,0
K16136,3,7,45,6,364,14,431,88
K02791,0,0,16,4,282,10,330,41
K14155,0,2,2,4,127,2,219,34
K12945,0,0,1,0,30,0,28,1
K01488,4,0,10,3,137,8,221,28
K14347,0,2,3,7,69,2,101,39
K16044,0,5,35,11,158,19,215,108
K02099,4,15,58,26,191,49,327,267
K10538,2,8,17,3,96,10,110,138
K10539,2,5,25,2,199,13,299,24
K10537,0,6,22,6,176,13,189,30
K00853,0,0,8,0,210,3,278,11
K01804,0,2,24,2,255,4,300,28
K05350,0,0,25,2,207,10,370,48
K03617,0,0,18,2,86,4,122,52
K03616,0,0,0,2,62,2,81,15
K03615,0,8,10,6,142,10,194,64
K05804,0,0,0,4,77,3,88,32
K03614,0,4,23,4,235,8,246,41
K03612,2,2,8,4,85,2,90,29
K03613,0,0,17,1,122,3,252,29
K10773,0,4,8,7,118,6,197,48
K03305,2,2,22,2,253,13,329,94
K23779,0,0,2,0,15,0,11,7
K05782,0,0,0,0,36,1,70,3
K04343,0,0,0,0,0,0,1,0
K09022,0,0,0,0,0,0,0,0
K06950,0,1,11,1,62,4,63,53
K01714,3,5,31,2,66,2,99,35
K01866,0,1,5,0,16,1,11,23
K00799,0,0,0,0,0,0,0,0
K00275,0,3,65,39,141,21,180,187
K09001,2,15,77,16,237,36,251,229
K06077,1,2,56,6,64,7,71,108
K06075,0,0,7,2,23,0,45,16
K04565,0,0,1,1,3,1,3,1
K21698,0,6,43,20,133,9,140,110
K06938,0,0,0,0,0,0,0,0
K07118,0,1,37,8,107,2,133,44
K03760,0,1,8,2,369,6,447,57
K16137,0,2,27,21,99,14,109,66
K10680,2,2,20,22,154,13,224,130
K01759,2,5,75,8,100,16,136,132
K03683,1,2,30,6,62,9,45,81
K07390,0,0,1,1,9,2,6,4
K19303,0,5,26,16,222,16,303,142
K04564,2,16,409,31,488,40,465,533
K03604,0,1,7,1,63,3,104,13
K00574,11,43,166,101,272,94,332,916
K00793,2,5,62,11,91,26,118,216
K03327,2,4,32,12,234,13,353,195
K00873,4,12,160,29,185,50,280,349
K19236,0,2,9,1,43,2,39,60
K06078,0,0,0,0,0,0,0,0
K11717,3,6,36,15,134,24,221,147
K02426,0,0,0,0,0,0,0,0
K09015,0,13,41,8,156,56,210,200
K09013,0,0,2,0,2,1,8,2
K09014,2,15,96,20,179,31,289,336
K05997,2,29,57,22,132,33,176,344
K07347,1,0,1,0,119,0,147,2
K07346,5,12,25,3,266,19,336,106
K07345,7,2,33,7,241,6,329,77
K00114,71,5,245,8,156,16,218,58
K02030,70,47,673,312,1092,178,1650,368
K17226,62,60,392,144,846,136,1231,221
K05555,31,14,256,93,738,48,976,152
K02073,12,12,106,28,1126,15,1316,50
K02071,12,15,135,38,1022,2,1490,28
K02072,0,0,0,0,0,0,0,0
K00382,3,0,27,10,145,2,179,25
K03119,0,0,0,0,0,0,0,0
K03446,8,19,59,65,1138,38,1340,305
K00045,15,7,54,11,236,12,348,37
K10111,10,5,91,38,1005,9,1372,66
K10229,20,6,151,42,509,19,697,108
K10228,2,3,47,26,956,8,1270,46
K03106,477,365,3245,844,3021,569,3635,3163
K23536,0,0,0,0,0,0,0,0
K23535,0,0,1,0,10,0,24,1
K23537,9,4,61,9,1001,14,1400,23
K09017,17,14,138,31,412,25,534,106
K07335,1,0,1,0,30,0,47,1
K07300,2,0,0,0,210,1,217,1
K18456,21,30,276,50,2269,29,2819,232
K00301,12,4,77,24,262,9,329,48
K00425,11,7,93,20,1786,12,2124,161
K00426,2,0,7,0,58,0,125,8
K07223,0,0,0,0,0,0,0,0
K03719,10,43,292,69,1115,52,1488,448
K07687,0,6,65,22,654,4,706,66
K07679,36,19,210,72,3140,36,4133,146
K21712,4,2,71,12,1627,8,1892,64
K21712,11,3,81,24,1839,10,2169,141
K12262,0,4,8,0,360,0,490,3
K02452,4,2,27,12,441,13,605,23
K02453,6,6,38,8,1373,11,1726,62
K02454,6,0,50,13,868,4,1126,29
K02455,10,12,84,26,1086,16,1638,52
K02456,0,1,3,0,418,0,731,13
K02457,1,0,5,4,193,1,256,2
K02458,2,1,14,8,189,0,161,9
K02459,4,7,13,4,234,1,260,13
K02460,15,1,58,8,465,12,739,36
K02461,5,6,41,20,402,17,455,72
K19416,21,47,193,97,162,76,177,929
K02462,0,0,0,0,0,0,0,0
K03791,8,4,36,7,220,5,248,33
K07741,49,44,438,104,936,46,1194,649
K06909,16,10,149,44,1207,18,1743,124
K03497,51,67,805,152,1263,122,1635,1020
K06899,26,30,303,75,936,47,1202,334
K14977,3,10,108,16,165,7,207,122
K15896,0,0,0,0,0,0,0,0
K06872,36,7,285,67,1011,27,1351,238
K00003,0,12,63,12,848,9,1015,33
K03566,6,0,59,7,445,12,556,51
K16235,36,28,293,66,1063,79,1417,275
K03558,58,77,467,172,951,83,1049,778
K00764,244,325,3157,775,3190,453,3947,3656
K10764,375,178,2231,603,2113,240,2535,1333
K10125,40,21,540,70,1788,35,2585,205
K10126,65,22,376,66,1337,24,1821,227
K15554,14,12,72,20,1363,13,1757,40
K15555,4,0,31,4,828,3,1271,13
K03406,37,18,244,46,478,20,590,199
K03566,39,51,233,145,693,106,825,716
K01473,28,41,318,123,1169,72,1548,307
K14063,0,0,0,0,0,0,0,0
K13587,0,1,18,4,8,2,10,9
K13589,0,0,0,0,0,0,0,0
K08482,105,130,868,369,1469,206,1951,1651
K16066,18,28,206,106,1110,45,1261,212
K01996,18,34,234,61,771,37,744,354
K01995,15,2,178,13,237,13,254,59
K01998,88,26,1242,160,1575,108,2139,496
K01997,60,21,533,61,1607,59,2498,218
K01999,140,86,1495,239,2614,161,2958,939
K03566,17,22,187,97,1058,46,1497,201
K00763,22,19,493,105,1851,36,2081,382
K01916,67,37,432,123,771,62,892,424
K22522,0,0,0,0,0,0,0,0
K02314,65,65,601,232,2239,97,2793,517
K02939,1,2,7,4,13,2,24,9
K12573,3399,691,12876,2246,9753,994,10563,5984
K02963,0,0,0,0,0,0,0,0
K02990,0,0,0,0,0,0,0,0
K03218,0,0,0,0,0,0,0,0
K02012,10,19,207,68,1297,27,1495,227
K03406,27,5,74,25,108,14,189,35
K02011,0,0,0,0,0,0,0,0
K01939,332,146,1641,537,2128,369,2493,1229
K02502,441,360,3766,795,4323,421,5128,3590
K04087,142,120,643,251,905,197,1091,1184
K04088,605,432,5588,1757,2952,682,3481,4292
K03665,1745,1277,11930,4045,9201,2205,9585,18204
K00791,8,9,108,38,107,23,134,201
K03572,234,284,2614,578,2077,269,2190,3774
K03666,0,0,0,0,0,0,0,0
K01448,243,128,1966,544,2182,266,2964,1112
K06925,6,1,57,20,97,13,88,70
K17758,21,19,130,92,1390,17,1520,100
K18979,19,17,110,43,524,21,788,134
K13288,14,12,314,59,687,35,834,187
K06949,0,0,1,0,20,0,20,1
K02557,10,3,27,11,64,5,62,33
K02556,140,127,1166,590,1861,267,2408,2290
K01011,46,32,393,109,612,86,661,335
K01079,6,6,40,2,65,9,110,25
K01613,0,0,0,0,0,0,0,0
K07186,8,47,218,127,709,38,873,320
K02621,196,200,1997,500,1887,241,2293,1925
K09857,0,0,0,0,0,0,0,0
K06985,2,6,43,11,107,3,123,17
K02622,108,28,951,151,1383,59,1774,384
K07000,45,30,542,149,816,50,1069,372
K03651,111,73,784,203,1243,59,1900,488
K09920,32,34,252,101,343,55,374,233
K01515,65,73,621,194,911,135,1449,733
K03457,177,234,1914,731,2017,312,3092,949
K03147,19,8,99,47,1762,15,2648,111
K12340,16,8,180,40,409,20,598,160
K02527,14,2,112,16,83,6,123,50
K03297,7,5,90,25,594,12,731,135
K03272,4,0,17,8,105,5,117,14
K11085,28,86,373,117,1299,57,1515,579
K03734,26,11,72,25,697,9,1096,56
K22736,70,49,228,85,638,78,856,146
K06204,0,0,10,8,585,2,756,9
K14415,42,28,180,50,286,51,346,140
K11089,27,49,320,92,1964,51,2558,533
K02770,5,2,70,6,246,6,316,30
K00882,8,10,156,29,692,12,886,56
K02392,50,32,607,102,891,67,1309,450
K02393,0,0,0,0,0,0,0,0
K02391,38,23,291,50,441,25,554,184
K03721,114,78,1358,234,1924,108,2324,764
K06992,6,15,66,19,745,22,1000,83
K01940,3,12,57,27,1142,11,1743,65
K01448,0,0,2,1,14,0,28,3
K09007,0,0,17,0,1252,0,1426,17
K14584,0,0,0,0,0,0,0,0
K16137,2,11,4,59,450,11,460,34
K09796,9,16,195,52,759,27,815,198
K02014,5,2,106,21,2514,4,3597,61
K07740,4,3,47,16,61,4,78,37
K02498,31,17,215,75,1087,27,1301,124
K03611,0,0,0,0,0,0,0,0
K02496,449,166,3347,641,2355,327,2643,1907
K02496,219,151,1524,276,1279,247,1436,1267
K01749,323,108,1440,358,1268,237,1564,972
K08083,157,157,1980,603,2186,280,2558,2775
K01755,83,93,901,274,1165,102,1409,883
K00799,20,16,145,36,183,24,265,90
K05851,79,100,779,312,3284,148,4609,939
K06140,10,4,74,2,30,5,25,33
K06202,59,58,744,130,1014,111,1207,721
K01586,216,162,1347,418,1969,231,2451,1460
K01778,188,100,1766,345,1498,152,1702,1253
K09921,49,66,478,156,895,111,1126,420
K03733,70,39,417,92,869,55,988,321
K20862,35,38,305,99,495,79,626,338
K03320,230,162,777,242,1278,249,1175,1545
K04752,755,296,4163,535,2202,489,2622,3498
K09806,14,42,163,135,689,71,870,167
K07391,3,12,75,40,291,14,432,64
K03406,46,38,458,188,2123,84,2979,507
K03566,20,147,227,292,1717,204,2323,921
K21023,5,11,88,49,620,16,776,67
K03327,0,0,0,0,0,0,0,0
K03656,12,18,201,60,1321,15,1983,163
K03816,0,0,0,0,0,0,0,0
K14056,61,32,585,90,310,59,320,368
K01775,119,279,1354,389,1614,251,2021,2837
K00285,311,117,1604,256,1650,141,1758,1181
K09022,0,0,0,0,0,0,0,0
K03719,8,26,79,44,445,25,444,327
K06940,4,4,26,6,56,17,69,38
K09471,65,26,496,83,1717,49,2475,408
K06132,19,7,121,18,366,21,482,124
K12254,197,98,1157,258,1843,168,2399,956
K06995,60,77,1260,155,980,85,1370,1186
K02913,0,0,0,0,0,0,0,0
K02902,366,504,5867,676,3101,239,3360,3364
K12368,35,32,378,115,1657,59,2241,337
K03630,0,0,29,5,68,1,60,20
K13038,228,149,1648,373,2499,247,3116,1376
K01520,72,47,603,139,852,71,943,428
K15778,144,209,1225,502,2414,268,3293,2526
K00930,49,41,624,119,517,74,601,574
K00762,10,12,197,45,172,19,159,182
K01142,260,542,2235,680,1494,520,1476,5961
K09940,0,0,0,0,0,0,0,0
K00989,151,84,1298,181,946,137,1020,796
K00942,42,31,438,71,724,53,749,373
K03060,365,452,6864,801,3019,455,3484,6771
K01139,295,376,3374,857,3120,461,3841,3592
K09022,126,116,2116,232,1527,151,1713,1338
K03561,44,62,408,352,1494,97,1807,644
K03559,18,14,272,79,522,21,678,281
K03832,7,24,101,57,1109,13,1631,74
K04761,40,96,667,371,1692,159,2095,1106
K03655,142,138,1329,355,2639,230,3892,1167
K06077,0,0,0,0,0,0,0,0
K11912,32,17,239,33,818,22,1027,66
K11912,13,6,159,26,675,9,852,28
K11891,41,32,198,43,1005,30,1466,87
K11915,0,0,0,0,0,0,0,0
K11890,0,0,0,0,0,0,0,0
K11892,94,56,466,118,1434,38,2102,145
K11893,40,11,314,45,1163,42,1509,123
K11906,23,12,114,21,481,14,591,60
K07154,7,11,77,25,220,13,186,88
K06123,22,28,214,81,849,33,1378,188
K07679,66,75,587,190,2484,92,2970,603
K02077,8,6,23,6,1266,6,1918,24
K01496,0,4,18,4,301,2,442,17
K15552,6,5,33,17,107,13,113,18
K10831,48,29,313,167,723,51,895,203
K15551,137,209,1025,671,1754,229,1864,610
K03719,0,2,3,0,93,0,107,5
K00606,0,2,16,0,132,0,191,17
K13979,17,6,78,22,466,22,602,86
K02647,0,7,22,3,253,0,303,11
K13021,15,12,215,61,1530,8,2131,148
K05786,16,2,189,39,599,11,677,58
K00457,65,33,424,79,895,39,1285,333
K21090,16,20,210,73,1924,27,2635,219
K03387,5,23,175,46,989,27,1305,232
K01759,0,0,0,0,0,0,0,0
K24119,15,8,177,18,480,0,710,99
K00383,89,69,839,210,1195,70,1466,1134
K00963,70,123,934,326,1175,157,1528,1130
K19713,59,65,430,159,1298,89,1386,597
K17230,124,34,836,126,1000,66,1127,353
K09990,10,10,80,25,548,10,750,69
K03919,13,14,124,51,510,17,659,150
K10778,31,25,124,24,426,31,570,128
K00459,115,118,705,268,1436,166,1830,746
K02020,13,47,118,155,844,53,1347,272
K02018,3,9,49,28,466,13,754,48
K02017,10,15,123,33,920,18,1116,179
K07576,44,24,501,56,908,49,1084,358
K13993,0,0,0,0,0,0,0,0
K14055,81,23,1471,64,1994,85,2906,390
K01420,36,30,479,99,871,79,836,818
K13953,0,0,9,2,20,0,26,2
K14055,0,0,0,0,0,0,0,0
K14055,17,8,264,19,454,10,561,51
K14055,52,23,511,28,1036,36,1659,140
K00355,9,11,39,13,694,11,639,30
K18697,9,13,125,40,884,38,1219,102
K09458,14,66,207,196,904,128,1130,916
K01754,11,14,137,24,199,24,313,114
K11811,23,21,271,52,614,35,698,293
K03741,40,103,463,292,729,198,909,1574
K03892,18,138,291,374,497,351,639,2991
K06140,39,90,446,138,1166,75,1360,775
K11073,34,34,397,107,1384,55,2241,276
K02055,3,3,34,12,77,12,86,21
K13936,12,4,80,23,1150,17,1602,100
K14155,30,20,91,58,1130,31,1453,146
K03862,23,30,175,78,1143,49,1702,351
K03863,0,0,1,1,6,0,9,1
K11475,0,0,2,0,4,1,1,0
K21833,11,3,53,8,230,6,338,14
K07006,23,9,100,26,1956,29,2558,82
K04754,0,1,5,4,22,1,32,5
K00146,3,1,6,5,54,0,101,2
K14393,0,0,6,1,127,5,141,12
K01895,20,12,159,39,438,67,596,511
K11102,0,1,28,10,275,10,322,38
K07038,0,0,0,0,0,0,0,0
K12266,0,2,16,6,174,11,174,63
K00355,0,0,0,0,0,0,0,0
K12264,0,4,6,0,329,11,451,23
K07347,2,2,17,4,379,6,468,68
K12265,0,0,0,0,0,0,0,0
K15540,0,0,0,0,132,0,133,6
K07345,0,2,0,0,202,0,204,5
K07592,0,0,0,0,8,0,13,0
K21966,0,0,0,6,99,2,196,3
K13735,4,2,18,10,1254,8,1503,56
K14057,0,0,0,0,0,0,0,0
K17737,0,0,0,0,17,0,30,6
K16514,0,0,2,0,403,0,395,14
K08224,0,0,2,0,453,0,458,10
K01910,0,0,0,0,404,0,660,4
K01646,0,0,0,0,41,0,56,0
K01644,0,0,1,0,138,0,177,4
K01643,0,0,2,0,202,2,301,13
K05964,0,0,1,2,80,1,72,0
K13930,0,0,0,0,122,0,121,0
K07002,0,0,0,0,158,0,187,2
K01682,0,0,14,4,577,6,760,40
K03319,0,0,0,0,175,0,251,0
K04084,2,10,51,4,127,4,141,119
K07791,0,2,11,9,154,7,195,38
K03926,0,0,0,0,0,0,0,0
K01744,6,7,296,36,669,60,840,424
K07113,2,28,305,36,356,101,430,445
K04078,30,55,1172,82,1176,138,1064,778
K04077,61,161,3757,265,3685,435,3864,2777
K19810,0,0,2,3,15,1,23,15
K02356,6,7,184,32,243,37,288,315
K16348,0,1,3,1,14,2,8,13
K03098,0,2,9,2,7,1,6,9
K11741,0,0,2,0,2,0,4,1
K00247,0,0,10,1,21,2,48,13
K00244,3,8,160,14,177,12,241,168
K00246,0,0,0,0,0,0,0,0
K00245,0,0,0,0,0,0,0,0
K22051,22,23,501,55,820,77,1127,608
K04568,0,0,0,0,0,0,0,0
K01613,0,1,14,4,91,3,97,34
K06949,1,9,16,9,155,7,209,56
K03446,0,0,37,6,177,6,181,108
K13288,0,0,0,0,0,0,0,0
K03543,0,0,0,2,185,0,284,10
K01703,0,0,1,0,3,0,2,6
K03319,0,0,7,0,13,0,19,8
K01704,0,0,0,0,0,0,0,0
K03291,12,5,277,14,624,15,753,91
K11925,0,4,14,6,288,6,400,41
K02064,0,0,11,0,183,10,291,23
K02063,0,1,29,4,137,5,200,48
K01652,22,9,419,23,534,55,613,283
K01653,0,0,0,0,0,0,4,2
K03975,124,7,1644,55,1659,40,1354,183
K02336,0,2,26,8,480,13,658,126
K03580,4,12,71,16,409,27,512,212
K05801,0,1,0,0,6,1,2,1
K06177,0,0,0,0,0,0,0,0
K04744,17,19,188,55,556,61,591,526
K03771,12,15,271,48,296,51,389,620
K00097,2,2,61,13,165,30,270,95
K02528,10,2,47,1,113,21,188,210
K06195,3,4,43,4,99,20,132,182
K01525,0,3,14,6,62,15,108,50
K00287,1,0,2,1,15,2,14,2
K11745,9,4,116,13,275,16,334,42
K05835,0,0,0,0,0,0,0,0
K11746,0,0,2,0,4,0,10,4
K01955,5,21,254,21,589,34,629,435
K01956,5,6,47,45,221,29,222,183
K00215,6,11,59,19,340,32,366,118
K03527,0,0,19,3,18,3,26,22
K01870,3,4,202,17,232,42,246,204
K03774,0,0,0,0,0,0,0,0
K03101,0,0,0,0,0,0,0,0
K11753,8,7,82,32,284,41,331,298
K03717,0,1,38,6,161,19,202,134
K02968,0,0,0,0,0,0,0,0
K03313,7,3,89,12,263,43,267,260
K03686,1,0,17,7,102,9,152,31
K04043,39,102,589,117,647,212,725,563
K07034,0,0,0,0,0,0,0,0
K03831,0,1,18,3,82,9,137,66
K00616,2,2,40,5,216,12,246,61
K03310,2,1,8,2,242,6,326,59
K01733,0,0,0,0,1,0,2,1
K09861,0,0,0,0,0,0,0,0
K12524,9,18,144,41,317,23,415,226
K00872,0,0,0,0,0,0,0,0
K02533,5,4,81,14,183,18,155,77
K07773,4,32,366,82,343,60,417,701
K05805,0,0,11,6,39,5,57,21
K05804,0,3,8,10,50,9,45,72
K15634,0,0,0,0,0,0,0,0
K08309,2,11,161,38,288,37,310,364
K01529,0,0,0,0,0,0,0,0
K03720,0,0,0,0,0,0,0,0
K21021,0,7,41,11,213,12,309,158
K06020,2,0,22,11,129,7,147,23
K01640,4472,8885,65470,24239,12410,10284,15379,110868
K02040,7,10,46,28,372,15,427,137
K00249,0,0,0,0,0,0,0,0
K01142,3,7,55,17,838,8,863,68
K07278,101,92,728,252,1864,127,2577,980
K09800,229,110,1420,494,3520,198,4335,832
K03712,17,67,313,99,621,95,795,400
K03543,98,80,682,288,1507,148,1952,883
K03446,12,14,182,63,719,27,960,113
K03269,3,1,40,15,50,2,53,39
K01886,198,107,1584,340,3181,140,3923,1008
K01883,141,46,1058,193,1330,85,1492,564
K00343,11,34,109,70,386,29,594,280
K07726,0,0,0,0,0,0,0,0
K07726,0,0,0,0,0,0,0,0
K00342,165,62,1594,165,1824,78,2263,694
K00341,173,52,1964,312,2978,112,3634,874
K00340,3,1,19,6,26,0,25,8
K00336,198,88,1744,282,2544,118,2913,1041
K00339,0,0,0,0,0,0,0,0
K00338,0,0,0,0,0,0,0,0
K00337,0,0,0,0,0,0,0,0
K00335,189,83,1663,351,2525,135,2905,981
K13378,211,153,2083,312,2436,208,2989,1159
K00334,0,0,0,0,0,0,0,0
K00331,147,112,963,208,1384,117,1782,601
K00330,70,28,430,82,417,42,565,455
K01637,198,401,3070,868,3037,340,3264,3329
K18850,29,34,395,104,702,48,1012,488
K02348,0,0,0,0,0,0,0,0
K01756,67,57,923,124,1742,79,2164,538
K07153,5,7,79,26,190,11,200,87
K00566,1,2,28,8,43,4,43,24
K12152,0,0,0,0,0,0,0,0
K00031,1453,1750,24968,4799,21925,3003,25233,24562
K03704,89,134,742,517,314,112,382,1884
K06891,344,690,4971,2239,4372,1468,4887,17834
K03694,3388,3813,35580,12110,29545,9837,34079,71917
K21420,55,73,427,174,456,35,467,552
K02518,0,0,0,0,0,0,0,0
K00684,31,74,603,131,724,113,767,880
K00384,23,5,213,52,840,28,1144,185
K03466,202,159,1620,676,3821,226,5781,1479
K03634,18,24,303,62,747,17,1100,238
K07478,138,73,838,180,1515,138,1938,655
K06199,13,16,154,60,316,29,304,150
K01875,218,98,1431,379,2448,228,2729,1659
K02302,84,62,562,94,537,78,657,251
K07393,0,1,10,3,24,2,32,17
K11179,20,16,108,34,398,20,515,55
K07237,1,3,17,4,182,4,296,18
K07236,1,5,12,9,97,3,146,28
K07235,63,66,276,120,418,74,647,323
K21757,4,16,103,36,1001,10,1259,98
K01856,72,203,571,461,1322,526,1755,3770
K03464,48,84,253,76,577,127,548,504
K03381,178,143,1059,335,2276,411,2168,1588
K18900,0,0,3,0,39,3,39,34
K03975,0,0,3,0,5,0,17,8
K03561,0,6,10,18,158,26,217,86
K03559,0,0,0,0,0,0,0,0
K12942,0,0,28,4,204,11,252,71
K12941,0,0,4,2,434,3,585,71
K12940,0,0,2,0,247,2,363,29
K14057,0,0,2,0,83,0,68,27
K19092,0,0,0,0,138,0,214,9
K02529,0,0,2,0,238,4,318,2
K12518,0,0,7,6,496,10,694,56
K12519,0,0,0,0,124,2,146,0
K13888,0,2,1,0,185,2,255,5
K05685,0,0,6,0,433,1,552,24
K06133,0,0,0,0,0,0,0,0
K01295,0,2,9,2,176,2,302,6
K12055,0,0,0,0,174,2,235,20
K02314,0,0,0,0,242,0,303,4
K21449,0,2,18,7,203,8,234,199
K01885,0,4,31,17,161,6,246,110
K11535,13,10,45,14,95,14,112,67
K03322,0,3,13,15,189,5,249,60
K19265,0,1,5,2,181,2,205,35
K04103,8,12,84,4,211,28,224,250
K25316,0,0,0,0,0,0,0,0
K08177,0,0,2,0,11,1,14,4
K00845,0,0,0,0,0,0,0,0
K02478,0,7,26,6,178,11,216,112
K02477,0,0,0,0,0,0,0,0
K03790,0,2,13,4,161,9,198,34
K14261,14,17,150,47,409,42,540,571
K12262,0,0,11,2,112,3,104,20
K18843,5,8,144,25,211,14,237,135
K07345,2,15,127,8,243,34,272,377
K15540,2,14,51,7,118,21,154,119
K07347,0,4,16,3,484,9,727,47
K07345,0,6,19,2,197,6,267,85
K15540,0,0,11,5,173,14,224,55
K09912,0,4,9,2,46,7,58,71
K06218,0,0,1,0,14,3,16,34
K21990,2,8,61,25,340,18,349,163
K02193,2,3,33,7,171,9,271,44
K02194,2,6,32,7,173,4,165,51
K02195,0,2,60,10,224,10,281,39
K02196,0,0,5,0,22,1,39,11
K02197,0,0,2,2,62,4,88,1
K02198,4,0,43,3,334,12,504,29
K02199,0,2,12,2,129,5,147,8
K02200,1,1,5,2,74,5,91,4
K04754,7,19,204,41,297,70,357,243
K07192,0,0,4,0,115,4,102,20
K06076,0,0,4,0,24,0,39,16
K00626,0,5,67,25,175,39,233,280
K01782,8,6,165,39,246,99,319,776
K07326,1,10,189,32,171,36,193,300
K08296,0,0,0,0,0,0,0,0
K15125,2,0,35,6,424,15,679,149
K07320,2,5,36,14,142,17,180,99
K01736,4,2,89,23,143,32,195,149
K07261,0,0,38,7,90,17,91,123
K15461,0,0,1,0,5,0,20,3
K07090,0,0,0,0,0,0,0,0
K09906,0,0,0,0,0,0,0,0
K00647,14,23,178,90,365,65,427,545
K06213,2,2,0,2,359,4,304,18
K07810,0,0,1,0,47,0,70,1
K07798,0,0,0,0,207,4,246,4
K07787,0,0,4,4,703,10,980,12
K04033,54,34,428,136,907,88,1317,450
K03719,0,0,3,1,32,0,41,1
K01556,370,51,2357,284,2924,202,4091,5632
K00355,18,3,112,4,104,3,131,21
K07090,4,4,65,5,589,5,837,60
K03923,5,16,76,14,1247,16,1776,125
K00681,320,220,2781,555,3472,485,3722,1637
K03321,29,10,136,33,1699,13,2063,80
K03299,6,10,70,26,1934,20,2894,58
K19337,9,9,118,59,724,23,1067,139
K06015,11,14,128,42,711,41,934,102
K03406,105,89,758,241,2164,233,2706,1042
K15268,13,7,39,11,1104,15,1530,28
K03830,0,0,0,0,0,0,0,0
K09022,0,0,0,0,0,0,0,0
K01273,4,2,37,10,589,11,756,15
K22187,14,20,130,45,1219,28,1734,101
K19746,8,11,74,10,836,21,1274,15
K09022,0,0,0,0,0,0,0,0
K02034,1,5,71,26,1079,7,1524,47
K02033,4,18,57,22,1194,5,1459,52
K02035,47,12,334,60,2629,35,3724,176
K01455,6,3,90,13,1101,3,1416,58
K02031,22,23,310,52,2049,23,2396,232
K01953,4,3,48,12,102,5,177,20
K05516,1,8,45,13,101,36,243,367
K18997,0,0,0,0,0,0,0,0
K07496,11,43,372,92,469,119,679,1584
K09476,5,2,105,20,155,16,173,124
K05526,9,7,424,24,302,37,262,200
K01484,0,4,43,5,146,7,197,126
K06447,1,5,53,8,203,12,342,289
K00673,2,4,43,8,179,17,206,133
K00840,0,5,18,2,156,16,208,126
K01066,0,0,0,0,0,0,1,2
K00425,25,80,537,219,714,338,857,2528
K00426,0,0,0,0,2,0,1,3
K00508,0,0,0,0,0,0,0,0
K00508,6,10,33,11,127,36,195,324
K15537,0,0,27,12,216,11,325,107
K13075,0,0,12,2,77,11,67,40
K00648,0,0,2,0,186,6,269,52
K00370,0,3,8,3,249,3,216,23
K00374,0,0,0,0,0,0,0,0
K00371,0,0,0,0,0,0,0,0
K00373,0,0,0,0,0,0,0,0
K02575,0,0,0,0,383,0,447,0
K07673,0,0,7,0,120,7,134,28
K13735,0,0,0,0,0,0,0,0
K07684,0,0,0,0,1,0,0,0
K13635,4,6,43,18,233,15,239,93
K07232,0,0,3,5,144,12,200,23
K07229,0,2,4,7,93,10,104,26
K07300,0,0,2,1,36,0,45,19
K12979,0,0,0,0,23,1,10,2
K06217,1,1,3,3,85,2,113,62
K16301,15,124,686,177,1006,282,1176,5471
K07224,0,2,10,5,184,13,222,56
K07243,0,4,8,5,87,6,82,53
K11928,1,2,14,7,305,4,435,66
K13821,12,0,256,28,693,23,929,439
K22041,1,1,3,0,27,0,15,5
K00459,0,0,7,2,237,3,310,19
K07339,0,0,0,0,23,0,23,1
K02028,0,0,0,0,1,0,4,2
K18843,0,0,0,0,0,0,0,0
K10009,1,6,15,16,98,14,129,71
K02424,0,3,13,3,64,7,99,43
K05396,6,11,53,52,201,38,378,100
K02425,0,0,18,8,70,12,75,46
K02405,0,0,0,0,11,0,14,0
K02406,1,0,33,12,85,3,109,62
K02407,10,11,29,18,383,17,441,207
K02422,0,1,3,1,63,1,108,45
K02423,0,0,2,2,64,3,92,44
K02408,0,0,4,0,52,0,22,3
K02409,0,0,1,0,200,2,242,19
K02410,2,0,4,4,86,4,101,7
K02411,0,0,0,2,53,0,83,4
K02412,0,0,8,2,214,4,249,25
K02413,0,0,5,0,40,0,38,5
K02414,0,4,2,1,169,7,173,43
K02415,0,0,2,0,76,2,84,20
K02416,0,0,6,0,197,4,260,10
K02417,0,0,0,0,57,0,69,0
K02418,0,0,0,0,61,0,99,9
K02419,0,0,2,0,117,0,147,6
K02420,0,0,0,0,51,0,72,0
K02421,0,0,0,0,62,0,109,1
K02397,0,0,0,0,0,0,0,0
K02396,0,0,0,2,136,4,152,30
K02395,3,0,5,4,116,2,96,30
K02394,2,0,4,0,127,1,150,8
K02393,0,0,0,0,122,2,176,13
K02392,0,2,0,1,134,0,90,3
K02391,0,0,3,0,17,0,36,3
K02390,0,0,0,0,129,0,178,0
K02389,0,0,0,2,193,1,276,4
K02388,0,0,5,0,78,3,74,3
K02387,0,0,1,0,76,3,87,2
K02386,0,0,2,1,149,0,183,5
K02398,1,0,2,2,60,0,56,3
K02399,0,0,0,0,0,0,0,0
K02400,0,1,6,2,155,1,206,27
K03566,0,0,0,0,0,0,0,0
K03516,0,0,0,0,0,0,0,0
K02401,0,0,1,4,276,1,405,0
K03414,1,0,8,0,117,0,166,3
K03412,0,2,4,0,102,0,120,2
K03413,0,0,0,0,0,0,0,0
K00575,0,0,0,0,16,2,11,2
K05877,0,0,10,0,130,2,182,30
K05874,2,2,11,2,242,5,262,28
K03407,4,0,36,12,251,13,410,176
K03408,0,0,0,0,0,0,0,0
K02557,1,1,31,7,230,15,287,95
K02556,1,0,18,3,178,9,241,82
K02402,0,1,1,0,147,0,181,30
K02403,1,0,10,12,90,6,108,224
K05839,0,4,26,16,41,12,49,127
K14064,12,13,92,20,156,39,181,298
K23256,0,0,38,6,138,10,192,63
K07470,0,0,0,0,0,0,0,0
K00453,0,5,55,0,122,6,166,99
K01531,0,0,9,0,185,2,262,51
K07507,0,0,2,0,273,2,234,18
K03566,0,0,6,8,266,4,413,22
K22479,0,0,0,0,0,0,0,0
K07781,6,11,63,41,212,26,159,304
K10716,8,177,770,342,587,345,643,6542
K03704,0,0,0,0,0,0,0,0
K00344,0,7,11,4,96,4,116,47
K04750,10,30,181,17,331,64,322,1032
K02618,0,4,15,6,98,4,98,124
K02609,0,4,16,10,201,25,233,873
K02610,0,5,9,0,47,4,72,170
K02611,0,0,5,2,68,4,70,477
K02612,0,1,5,2,61,3,82,202
K02613,1,5,67,24,213,39,226,1516
K01692,0,0,56,10,145,33,142,792
K15866,2,12,145,22,318,37,294,1379
K00074,2,6,309,33,594,87,710,2139
K02614,1,0,46,11,103,17,105,362
K02615,6,2,242,25,493,65,509,1398
K01912,6,6,220,29,529,49,605,1181
K02616,0,0,14,2,51,9,40,105
K02617,0,0,0,0,0,0,0,0
K01432,1,0,24,9,156,7,178,119
K09022,0,0,0,0,0,0,0,0
K00799,0,18,0,27,124,33,115,214
K07006,0,4,1,1,21,6,32,39
K09794,0,0,0,0,0,0,0,0
K01840,0,5,8,8,302,5,344,151
K20885,1,0,4,0,157,2,228,16
K09933,7,11,82,45,270,51,262,791
K21613,0,0,10,0,122,0,185,10
K24116,0,0,0,0,225,2,259,12
K02030,0,2,0,4,160,2,173,13
K02029,0,0,0,0,132,0,170,13
K02028,0,0,4,0,151,0,161,8
K02030,0,0,0,0,196,0,326,6
K13633,0,2,12,2,263,0,361,40
K00134,0,0,0,0,0,0,0,0
K12973,0,0,0,0,0,0,0,0
K01241,0,0,0,0,0,0,0,0
K19338,0,0,0,0,0,0,0,0
K02032,0,0,2,1,202,0,301,8
K02034,0,0,4,0,149,0,166,5
K02033,0,0,0,0,12,0,23,1
K02035,0,0,0,0,141,0,227,0
K03919,0,0,0,0,0,0,0,0
K05786,0,0,0,0,73,2,78,5
K02362,0,0,0,0,0,0,0,0
K01085,0,2,1,1,96,2,119,18
K09477,8,2,281,35,513,43,653,358
K05966,0,0,0,0,190,2,262,3
K01643,0,0,0,0,122,2,155,1
K05964,0,0,0,0,0,0,0,0
K01644,0,0,0,0,117,0,172,2
K01910,0,0,0,0,111,0,112,0
K01646,0,0,0,0,0,0,0,0
K02057,0,0,0,0,0,0,0,0
K07702,0,0,0,0,0,0,0,0
K02058,0,0,9,5,234,5,370,29
K20264,0,0,4,4,93,0,119,45
K20263,0,0,10,0,309,4,500,30
K07783,12,4,194,15,333,49,380,163
K02012,3,6,154,17,362,16,422,171
K02011,2,1,96,11,299,25,396,84
K02010,0,0,3,2,51,1,50,1
K08368,0,0,0,2,117,2,144,13
K00313,0,0,3,0,342,0,408,8
K03855,0,0,0,0,0,0,0,0
K03522,0,0,0,0,204,4,259,14
K03521,0,0,0,2,178,0,248,4
K05245,0,0,0,0,329,0,468,5
K08297,0,0,8,4,208,2,282,26
K08298,0,0,9,0,186,2,300,32
K02182,0,0,12,2,232,4,224,20
K08299,1,0,5,0,86,2,88,34
K08279,0,0,0,0,4,0,4,1
K01066,3,5,69,15,213,7,275,228
K08277,0,0,0,0,0,0,0,0
K23492,0,0,2,2,149,0,172,237
K07552,0,0,4,0,20,1,24,5
K23470,0,0,0,0,0,0,0,0
K05275,0,2,15,5,165,2,181,63
K08159,0,0,14,6,99,7,147,45
K01996,0,0,8,7,137,3,182,28
K01995,0,0,0,0,21,0,44,4
K01998,0,0,11,1,132,10,177,23
K01997,0,0,15,1,286,0,398,11
K01999,2,2,38,0,200,3,242,34
K07665,0,4,10,0,146,4,202,40
K07644,0,4,16,5,251,3,276,67
K01607,0,0,6,0,87,2,85,18
K01607,0,0,2,2,145,0,211,10
K06221,0,1,2,0,104,1,96,38
K03482,0,2,1,2,87,1,111,20
K02750,1,2,8,0,345,4,401,26
K01232,0,0,7,0,66,0,100,40
K12340,0,0,8,2,40,3,46,12
K15547,4,0,17,3,180,5,206,68
K15549,0,2,15,2,129,0,165,42
K01580,6,16,285,28,441,28,503,449
K20265,0,1,69,1,163,5,216,110
K18900,0,1,1,0,22,2,12,2
K23275,0,0,0,0,28,0,42,1
K07396,0,0,0,0,0,0,0,0
K19813,0,2,29,2,429,2,536,36
K23274,0,0,0,4,153,1,251,3
K01816,0,0,7,0,160,0,225,13
K02003,0,0,0,0,1,0,0,0
K02004,0,0,12,5,65,1,121,8
K02004,0,0,6,0,300,3,460,7
K07243,2,7,29,13,280,11,310,254
K07230,0,0,0,0,0,0,0,0
K01753,0,4,0,6,154,6,164,94
K13629,0,0,7,2,145,4,215,33
K13636,0,0,3,2,61,4,67,15
K18480,0,0,0,0,0,0,0,0
K02067,0,6,16,4,92,11,135,111
K02065,1,5,22,6,84,10,83,61
K02066,0,4,23,6,158,5,197,59
K09802,0,0,0,0,0,0,0,0
K07182,0,0,0,0,0,0,0,0
K05786,18,20,190,43,685,18,752,162
K03567,0,0,0,0,0,0,0,0
K07093,52,38,583,213,1524,105,2078,658
K02019,10,12,100,36,898,23,1540,38
K02242,21,14,226,69,1062,19,1442,140
K01012,580,578,5655,1889,4836,1029,6323,8122
K00652,376,195,1723,661,2141,326,2838,1807
K02170,139,105,995,300,983,253,1223,910
K02169,137,84,1083,247,1154,196,1630,751
K01935,142,71,1095,215,1213,185,1631,1065
K20035,1933,2203,26456,6193,21335,4458,28467,48328
K20035,114,57,1496,222,2787,125,3634,845
K20035,212,207,3286,666,3387,479,4769,3631
K11921,4,22,149,62,553,32,728,303
K06139,67,41,512,168,1333,106,1784,307
K06137,11,12,121,45,336,26,410,76
K06138,0,0,0,0,0,0,0,0
K06136,0,0,0,0,0,0,0,0
K06135,0,0,0,0,0,0,0,0
K01506,0,0,2,2,6,0,13,1
K00468,167,110,1044,234,1967,179,2548,872
K21023,7,10,98,46,1335,24,1512,155
K05358,0,0,0,0,0,0,0,0
K03086,15,13,212,31,2123,25,2939,110
K02316,2872,3027,28978,6960,17543,3730,17916,49200
K02970,185,698,2666,717,1560,484,1714,5784
K25706,75,32,431,92,596,47,728,317
K08591,6,2,53,15,89,0,91,30
K00974,19,35,426,87,556,45,733,414
K01633,0,0,0,0,0,0,0,0
K00950,0,0,0,0,0,0,0,0
K06415,63,86,993,248,2240,151,2921,886
K09786,84,58,1346,299,1789,203,2452,831
K07180,335,305,4723,1459,4411,1095,5213,4580
K01525,222,506,2918,1046,2192,1394,2691,5767
K02439,0,0,0,0,0,0,0,0
K06195,6,2,35,14,59,5,96,32
K02528,33,25,382,86,444,43,530,308
K00097,1,2,41,14,131,2,141,30
K04744,279,160,2390,501,2720,151,3395,1594
K03771,0,0,0,0,0,0,0,0
K07102,191,247,2133,771,2126,281,2808,2538
K00992,57,33,418,102,520,65,878,349
K05801,0,0,0,0,0,0,0,0
K02519,0,1,3,1,10,5,12,10
K02600,4,22,288,79,479,203,590,765
K09748,2,5,73,33,170,60,151,232
K03431,0,15,169,24,199,67,245,329
K03075,0,0,0,0,0,0,0,0
K03798,4,14,122,9,232,22,318,199
K00796,0,0,0,0,0,0,0,0
K02427,40,118,1090,147,1206,262,1289,1280
K03624,0,1,25,3,40,11,72,77
K07574,0,0,0,0,0,0,0,0
K07259,2,10,131,24,262,37,398,378
K07771,0,2,34,12,106,13,122,108
K03979,0,1,7,1,33,3,69,5
K07643,0,0,0,0,0,0,0,0
K02899,0,0,4,3,26,2,25,15
K02888,2,34,321,63,156,80,257,213
K02523,4,5,39,8,114,22,111,148
K07724,0,0,0,0,0,0,0,0
K03402,2,4,43,12,79,15,94,153
K02558,0,3,1,3,88,4,78,25
K03406,0,2,14,5,80,6,97,31
K09800,6,8,124,24,464,25,687,99
K03841,0,0,0,0,0,0,0,0
K01507,0,0,0,0,0,0,0,0
K07278,4,4,12,10,317,17,382,55
K07304,0,4,19,15,121,7,222,56
K03699,0,6,13,12,189,18,246,80
K01082,1,13,65,5,123,21,121,144
K07109,0,0,0,0,0,0,0,0
K01119,0,6,52,7,461,13,611,92
K07322,0,0,0,0,9,0,11,0
K03773,0,0,1,0,21,3,14,6
K07269,2,7,38,4,110,27,136,179
K02939,1,6,51,9,105,12,67,77
K02963,3,2,236,12,200,66,187,224
K02990,3,6,77,18,109,45,122,123
K15125,0,6,75,15,293,38,438,135
K09456,0,0,0,5,588,3,726,9
K12573,1,26,167,37,468,61,552,453
K03218,0,0,0,0,0,0,0,0
K01939,4,14,130,23,283,36,331,327
K13771,0,0,0,0,0,0,0,0
K04087,18,23,280,70,273,128,321,502
K09937,0,0,0,0,0,0,0,0
K04088,1,14,262,41,312,72,383,618
K03665,4,20,193,40,451,119,523,503
K00791,0,0,1,0,2,0,4,2
K03572,3,65,352,58,479,120,465,1203
K03666,0,0,0,0,0,0,0,0
K01448,4,5,76,15,300,34,331,239
K23997,1,9,79,23,237,19,341,177
K06925,0,0,0,0,0,0,0,0
K18979,0,3,23,12,236,16,237,205
K16568,0,0,2,2,439,0,351,40
K12205,0,0,0,0,72,2,66,22
K12204,0,2,3,2,163,0,187,9
K12203,0,0,4,0,294,4,526,14
K12222,0,0,1,0,62,0,104,1
K12227,0,0,1,1,98,2,134,2
K12214,0,0,2,0,186,0,232,5
K12213,0,0,6,2,323,0,533,8
K12209,0,0,6,0,290,1,483,10
K12211,0,0,0,0,264,2,369,4
K12212,1,2,2,0,252,4,305,19
K12206,0,0,24,11,1056,6,1525,76
K18923,0,22,43,18,89,10,100,201
K06218,0,4,17,14,47,2,39,86
K12218,0,1,2,0,381,0,421,8
K12228,0,0,0,0,250,0,335,7
K12217,0,0,6,0,380,1,543,31
K16862,0,0,0,0,0,0,0,0
K03496,1,92,125,113,425,143,386,1692
K07497,0,0,0,4,420,3,335,17
K07483,0,0,3,0,127,2,150,7
K06917,0,0,0,0,0,0,0,0
K01008,66,67,614,151,1143,82,1442,540
K10217,4,0,36,8,1389,8,1757,33
K02554,2,3,11,15,536,0,720,30
K04073,2,2,41,7,643,8,871,21
K01666,4,7,50,4,896,7,1288,42
K01617,6,6,42,5,635,9,693,19
K15067,2,0,43,3,368,5,495,23
K00452,1,0,9,5,478,0,590,9
K03392,1,2,43,10,1092,6,1752,27
K08195,8,2,12,10,721,2,1114,22
K18093,0,0,14,3,300,1,323,11
K01556,12,11,59,20,1276,23,2064,115
K05517,2,2,42,25,1206,13,1721,63
K00104,36,25,364,146,1276,106,1612,348
K11472,18,25,99,42,833,28,1190,141
K11473,50,17,184,51,469,49,567,135
K09936,0,0,0,0,0,0,0,0
K09936,12,6,54,20,387,9,597,56
K03322,2,11,48,15,343,22,447,45
K01495,152,142,1492,475,1224,420,1379,1584
K06999,0,1,10,1,15,0,15,8
K06987,15,18,191,34,700,19,884,133
K10022,22,34,272,66,848,46,1100,338
K02228,55,58,566,119,1554,70,1925,747
K01915,45,37,506,124,1110,91,1403,228
K14052,84,47,697,142,1928,75,2586,357
K00673,21,10,144,47,945,20,1319,92
K02014,12,12,96,27,2498,18,3498,109
K18968,3,1,27,3,63,6,67,7
K11904,5,14,74,33,1490,7,1488,72
K01915,14,8,203,42,830,29,1232,174
K04093,0,0,0,0,0,0,0,0
K03151,231,276,2176,590,2483,272,2939,2127
K06207,396,359,5396,841,5268,366,6671,3794
K06940,0,0,2,0,154,3,150,2
K00688,125,246,1572,590,3794,437,4581,3551
K03406,0,1,22,4,138,3,139,23
K03841,0,0,0,0,0,0,0,0
K05603,7,20,86,51,320,28,431,159
K03098,0,0,0,0,0,0,0,0
K03406,51,167,713,439,789,278,934,2528
K05836,0,0,0,0,0,0,0,0
K09975,0,0,0,0,0,0,0,0
K01712,491,1220,3681,1990,4237,2544,4366,24903
K03457,118,236,1374,488,2469,636,2963,5808
K02002,161,133,1188,353,1700,466,2208,2174
K02001,48,35,529,149,1065,124,1303,743
K02000,80,49,620,211,1242,140,1583,1213
K01745,103,55,1084,290,2553,238,3138,1626
K01745,264,155,2242,547,2888,383,3458,1968
K16234,62,50,584,201,2877,120,4629,559
K01468,229,91,1159,395,1422,263,1809,876
K01458,99,47,737,273,1392,122,1985,578
K01259,183,217,1702,929,2151,295,3032,2039
K07560,76,49,849,164,1100,97,1366,643
K03670,277,548,3564,1096,4309,524,4813,6064
K03669,272,208,2630,537,4053,292,5141,2192
K02030,54,126,965,267,1954,111,2309,1450
K03406,24,11,110,11,186,20,222,90
K02029,0,0,0,0,0,0,0,0
K02028,0,0,0,0,0,0,0,0
K09761,67,85,479,179,1044,128,1260,900
K03118,56,43,829,139,996,58,1307,409
K03117,19,17,191,67,630,33,742,212
K03688,181,159,1551,306,1300,251,1473,1863
K03116,0,0,0,0,0,0,0,0
K01523,0,0,0,0,0,0,0,0
K01496,0,0,0,0,0,0,0,0
K03690,18,18,153,45,498,15,693,139
K03183,53,76,532,212,925,115,1127,691
K03821,12,1,144,19,1091,4,1688,63
K22250,11,7,103,16,166,9,179,42
K03821,80,81,989,169,1531,130,1834,659
K03667,84,159,1300,473,1825,268,2294,1568
K01419,232,495,2831,2233,3762,1170,4425,10191
K11066,0,0,0,0,0,0,0,0
K13075,0,0,24,5,150,4,250,78
K01620,0,1,34,2,111,3,134,80
K00156,0,3,29,12,141,6,230,86
K11933,2,4,17,3,103,3,103,62
K05601,0,0,10,0,206,0,336,2
K07459,0,6,48,6,194,8,308,160
K09824,0,0,0,0,0,0,0,0
K13888,4,4,26,7,253,7,281,70
K05685,0,0,46,11,349,11,586,71
K03704,15,34,915,107,695,226,847,2624
K06891,6,9,127,52,234,31,170,498
K03694,126,336,2544,365,2755,787,3001,7924
K16012,0,0,6,3,85,1,129,12
K00684,0,0,0,0,0,0,0,0
K02518,0,0,0,0,0,0,0,0
K16013,0,4,41,5,248,12,353,57
K00384,3,0,21,6,185,14,260,75
K03719,13,16,254,68,346,78,440,703
K03466,12,21,273,57,805,106,1097,539
K03634,2,3,17,3,142,10,215,58
K07478,5,2,36,11,185,22,268,132
K01875,37,89,1211,169,1123,273,1295,2248
K07306,10,6,62,10,677,26,895,189
K07306,28,5,715,33,905,82,1266,131
K07307,0,6,151,10,248,15,327,30
K07308,13,10,355,14,378,24,540,74
K23349,10,0,176,21,173,24,263,35
K00656,1,2,69,7,195,24,248,107
K08219,0,0,0,0,0,0,0,0
K04069,0,0,0,0,0,0,0,0
K06212,5,3,147,12,210,16,255,198
K09136,4,11,81,19,390,24,449,105
K01424,0,6,192,2,474,27,513,223
K00831,20,42,407,113,428,141,615,950
K00800,2,4,9,11,233,8,265,47
K00945,26,29,391,66,487,144,528,859
K02945,100,155,4673,446,4584,819,5628,6470
K05788,16,72,1284,100,1256,251,1298,2260
K11085,2,2,28,10,336,9,298,59
K11085,2,2,89,12,281,25,344,113
K00912,0,0,0,0,0,0,0,0
K00799,3,4,22,9,244,7,262,25
K00820,38,44,420,150,1700,90,2027,645
K04042,33,308,589,1204,1885,337,2254,2613
K02112,637,252,5505,793,4703,324,4825,3398
K02114,0,0,0,0,0,0,0,0
K02115,185,98,2530,208,2049,132,2533,1203
K02111,1437,504,11070,2042,8415,580,8717,6091
K02113,711,321,6347,915,5028,384,5236,3575
K02109,855,398,4481,1215,3464,449,3770,3749
K02108,947,480,7918,1130,5314,537,5996,3766
K02110,0,0,0,0,0,0,0,0
K03497,340,173,2026,567,1516,147,1544,1031
K03496,80,55,882,114,567,77,820,473
K03495,57,54,551,136,1182,66,1693,488
K03501,0,0,0,0,0,0,0,0
K16234,49,34,541,95,1487,68,2167,379
K03650,5,6,99,52,838,30,967,162
K13652,0,0,0,0,0,0,0,0
K03217,97,54,612,166,1646,88,2020,663
K03536,149,172,1812,380,2082,137,2434,1674
K02313,515,384,4012,932,3750,459,4167,6048
K02338,262,137,2444,448,3211,205,4049,2164
K03629,127,27,854,191,1537,62,2443,450
K02470,363,277,3956,722,5775,368,7213,2767
K07165,33,39,305,87,2167,44,3074,397
K00655,0,0,0,0,0,0,0,0
K01879,134,62,693,176,997,71,1109,462
K03273,0,0,0,0,0,0,0,0
K01878,144,88,1033,299,1753,122,2211,879
K01246,70,70,546,134,788,97,918,544
K02517,19,15,118,78,364,49,458,280
K03499,72,23,333,53,517,38,481,161
K03500,83,47,513,126,1893,37,3042,392
K00604,83,35,471,96,985,59,1318,255
K01462,78,47,539,81,1114,59,1407,502
K04096,54,50,238,56,939,66,1068,217
K00344,12,9,77,25,212,16,204,49
K07566,0,0,0,0,0,0,0,0
K00228,21,9,96,44,478,21,735,150
K03321,2,1,29,3,97,1,94,18
K00014,0,0,0,0,0,0,0,0
K02002,9,3,87,13,342,13,470,51
K01133,11,15,78,24,1573,21,2052,109
K03566,15,63,197,132,789,74,844,760
K15977,0,0,0,0,0,0,0,0
K03179,8,9,54,26,533,7,875,70
K08319,58,35,388,117,885,147,1223,441
K21948,48,50,273,109,872,76,929,245
K22130,52,26,366,121,865,45,1159,160
K03299,21,16,108,43,1551,18,2346,106
K22131,54,27,231,57,650,49,819,185
K00641,4,14,47,12,332,15,376,29
K02030,12,15,94,35,494,20,700,84
K00209,344,204,1868,493,2985,318,3184,2611
K12945,69,34,366,74,811,47,1176,144
K21023,64,47,465,111,1322,138,1844,318
K02482,2,8,94,14,210,21,297,35
K00428,0,0,4,0,34,0,37,0
K21023,18,14,205,42,854,25,1073,97
K01714,20,15,104,23,148,19,139,91
K01166,0,0,0,0,0,0,0,0
K21023,563,329,1867,756,2275,276,3264,1380
K11527,130,69,1058,185,3358,142,4428,570
K03776,99,81,1117,156,2021,60,2143,733
K03415,31,20,209,53,2190,29,3204,167
K16088,19,40,247,67,763,69,989,386
K07506,0,0,0,0,0,0,0,0
K11249,0,0,0,0,0,0,0,0
K07165,4,8,53,6,927,9,1367,65
K23514,8,7,74,30,362,19,467,109
K07234,39,17,70,33,1017,34,1634,63
K00208,0,0,0,0,1,0,1,0
K13896,69,33,376,88,906,54,1157,314
K13895,83,16,478,104,1105,58,1775,262
K13894,1,3,26,7,82,3,112,21
K13893,59,24,221,68,1227,36,1834,178
K03307,6,11,137,33,1185,31,1848,184
K21959,267,383,1777,691,1021,563,1381,3508
K15125,1392,2406,8980,5467,12224,3303,13932,22315
K00243,0,0,0,0,0,0,0,0
K13652,0,0,0,0,0,0,0,0
K07483,0,0,0,0,0,0,0,0
K07326,12,23,250,51,1919,11,2833,256
K05590,42,32,448,72,2085,57,2631,456
K16053,8,42,213,120,912,87,1158,596
K01118,9,4,41,31,716,17,988,62
K01055,35,25,329,67,1010,58,1385,309
K03767,59,45,727,147,1217,89,1661,866
K18893,35,27,274,113,1828,30,2843,300
K09919,5,4,17,0,146,4,153,5
K06188,0,0,0,0,0,0,0,0
K03578,55,55,695,203,2378,138,2765,640
K03088,0,0,0,0,0,0,0,0
K16872,0,0,0,0,0,0,0,0
K00906,96,77,791,169,2214,84,2739,489
K12979,24,58,376,141,1102,85,1440,873
K01738,135,96,1709,329,2154,129,2597,1024
K09989,37,10,328,80,450,49,549,290
K23124,5,2,30,15,106,8,151,17
K07160,11,6,89,8,140,12,223,32
K04063,8,8,88,12,149,14,256,146
K12975,4,8,47,8,327,18,399,169
K07345,0,0,5,0,100,0,96,7
K12518,2,0,0,2,439,0,666,2
K12519,0,0,0,0,95,0,174,0
K12368,18,29,580,95,576,144,807,1195
K12369,3,4,76,9,332,27,532,204
K12370,2,0,30,5,266,7,266,57
K12371,0,4,15,1,71,15,113,50
K12372,0,0,0,0,0,0,0,0
K00694,3,0,57,9,539,20,928,105
K20541,6,5,96,22,427,27,569,142
K20542,0,0,76,2,210,9,238,80
K20543,12,4,136,27,569,25,882,169
K21023,7,7,65,26,371,12,499,137
K11103,20,24,262,54,379,87,573,720
K03656,0,1,22,6,92,13,160,44
K01524,0,1,7,0,10,0,10,17
K03732,2,6,74,45,212,44,296,323
K03671,4,18,460,62,468,123,489,1195
K03628,2,50,111,83,261,112,287,1160
K02851,6,21,118,37,314,43,317,542
K05790,0,1,48,17,155,20,195,108
K01791,0,5,16,14,231,11,216,55
K02472,2,10,72,17,233,22,216,153
K01710,2,4,60,17,232,20,241,100
K00973,2,2,27,11,191,12,222,155
K16704,2,3,24,4,88,8,70,37
K02805,0,2,30,11,130,10,148,43
K16693,0,1,7,4,208,12,290,40
K12582,0,2,1,4,127,1,242,54
K02853,0,2,11,0,268,11,426,36
K02852,0,4,32,12,171,8,331,84
K03293,2,0,18,4,355,7,485,20
K01448,0,6,23,8,117,5,134,53
K03581,0,0,0,2,39,3,63,6
K03582,2,2,39,13,246,17,381,127
K14682,0,0,0,0,0,0,0,0
K01407,4,6,87,6,478,20,657,172
K03583,10,34,210,67,690,88,758,615
K02680,1,3,4,2,31,0,74,9
K02679,1,0,3,2,44,0,48,4
K00560,0,0,3,0,32,1,35,4
K08484,3,6,42,20,274,22,369,153
K13292,0,0,0,0,0,0,0,0
K08311,4,10,66,12,143,34,166,157
K03573,0,2,22,4,145,2,191,26
K08227,0,0,0,0,0,0,0,0
K05939,5,4,49,6,238,7,371,66
K02529,0,4,13,14,152,16,161,120
K01586,0,0,2,1,35,1,43,14
K03487,0,0,0,0,0,0,0,0
K07396,0,0,8,4,91,4,117,20
K02471,6,4,76,106,528,80,471,52
K02747,6,11,82,138,177,125,234,7
K02744,0,0,0,0,0,0,0,0
K02746,8,2,151,144,253,102,323,16
K16371,2,3,80,95,236,59,225,15
K02745,0,0,0,0,0,0,0,0
K02081,24,10,162,208,487,164,403,42
K06159,0,3,14,7,141,6,237,73
K03449,0,0,0,0,0,0,0,0
K07357,0,1,0,0,51,0,24,1
K07347,0,2,1,3,453,2,556,11
K07349,0,0,0,0,0,0,0,0
K07346,0,2,0,4,162,0,223,4
K07345,0,2,4,6,216,0,222,19
K07357,0,1,0,2,206,2,137,22
K05685,0,0,6,0,229,1,242,8
K13888,0,0,0,0,20,1,45,0
K03673,0,0,0,0,130,2,199,4
K09475,0,0,6,2,470,0,472,2
K15268,0,10,15,18,137,10,263,96
K14060,0,0,8,0,242,3,213,55
K03630,0,0,0,0,66,0,50,4
K04567,2,10,78,23,350,25,316,247
K02836,0,3,27,4,84,12,96,57
K07462,3,3,63,26,205,23,291,137
K03981,0,0,40,7,84,8,116,37
K04763,2,2,54,9,126,24,154,119
K06143,6,0,56,6,175,17,347,89
K03840,0,0,0,0,0,0,0,0
K07641,2,4,6,0,281,9,417,16
K07663,0,0,12,0,166,7,192,30
K19168,3,1,36,8,127,16,125,61
K09159,4,2,55,15,130,18,154,196
K06980,0,5,16,8,134,3,107,23
K11068,0,2,7,0,213,9,255,61
K00281,1,5,55,18,438,25,468,117
K07023,0,0,0,0,0,0,0,0
K00059,0,0,0,0,0,0,0,0
K00605,1,3,116,23,209,18,213,263
K02437,0,0,0,0,0,0,0,0
K18800,10,3,83,22,367,8,385,308
K03185,2,0,51,15,183,16,239,128
K01262,8,4,85,23,203,19,279,202
K09895,2,5,33,7,151,28,192,114
K09888,0,0,7,0,10,1,4,8
K00058,123,42,997,341,711,96,545,748
K01934,0,0,0,0,0,0,0,0
K01807,9,23,183,68,264,89,246,550
K05596,0,0,12,4,42,0,39,24
K09807,0,1,5,0,10,2,11,14
K06895,0,10,55,10,111,26,111,158
K03885,0,0,0,0,97,0,126,2
K03442,0,0,3,0,16,0,22,11
K01624,0,1,11,3,74,2,79,39
K00927,6,34,415,55,492,87,516,923
K03472,17,33,379,60,576,148,622,1073
K12518,0,1,0,2,334,0,492,34
K12519,0,0,0,0,0,0,0,0
K02011,1,0,29,7,201,16,248,66
K02012,0,0,9,3,59,7,99,16
K00615,4,5,76,21,385,33,577,185
K07387,0,0,0,0,0,0,0,0
K06989,9,10,88,14,236,28,281,266
K00529,2,10,249,14,352,42,370,851
K06182,7,2,78,33,70,19,76,440
K05710,0,0,0,0,0,0,0,0
K13409,2,6,39,7,151,35,157,109
K01480,0,0,0,0,0,0,0,0
K13408,0,0,18,10,271,7,294,51
K07304,0,0,2,0,43,0,51,5
K07305,0,0,0,0,0,0,0,0
K00789,8,10,139,36,229,42,250,434
K23228,90,8,208,27,249,32,197,83
K01821,0,0,0,0,0,0,0,0
K18919,0,0,0,0,0,0,0,0
K18919,0,0,0,0,0,0,0,0
K23227,0,0,2,0,81,0,120,11
K02014,0,1,2,5,58,7,101,24
K10829,0,0,0,0,0,0,0,0
K05365,6,9,64,19,562,40,670,235
K03579,6,11,145,24,483,47,756,201
K01975,2,2,7,0,83,7,132,10
K06206,3,9,70,20,272,22,320,234
K06204,8,22,855,53,723,79,760,767
K01894,3,4,33,12,229,18,224,124
K00970,0,0,8,2,30,6,65,19
K07645,0,0,0,0,0,0,0,0
K00950,0,0,0,0,2,0,0,0
K07666,2,0,28,0,205,8,262,77
K00606,2,2,26,13,140,11,214,109
K01918,0,3,3,1,4,0,14,8
K01579,0,0,0,0,0,0,0,0
K01990,2,4,26,7,232,19,300,101
K14588,6,19,93,13,188,70,238,410
K01673,0,0,0,0,0,0,0,0
K00760,0,0,0,0,0,0,0,0
K00797,0,0,30,8,99,9,169,83
K22024,0,0,17,5,56,5,85,24
K22129,0,4,30,6,200,5,346,69
K02526,0,2,12,5,157,6,134,33
K09910,0,1,17,5,131,7,187,40
K13935,0,0,0,0,2,0,2,0
K13928,0,0,0,0,1,0,0,0
K13934,0,1,7,1,63,5,98,29
K13936,4,0,21,4,91,9,95,39
K13933,0,0,7,0,145,0,198,4
K13932,0,0,16,8,128,1,178,59
K13930,0,0,0,0,10,0,5,0
K13929,0,0,0,0,1,0,1,0
K13931,0,0,0,0,0,0,0,0
K01682,0,2,25,7,495,12,670,80
K00382,37,15,639,82,669,71,693,633
K00627,10,16,226,21,249,28,357,405
K00163,7,8,310,20,605,64,822,321
K05799,4,7,161,16,276,35,377,172
K11734,3,7,75,20,66,17,62,248
K07141,2,0,4,2,100,2,137,30
K07402,0,0,12,12,150,4,191,31
K08137,2,2,2,4,127,6,177,6
K05804,0,0,0,0,0,0,0,0
K01676,2,3,27,20,249,13,206,94
K02742,0,0,4,0,94,2,161,16
K01150,0,2,4,0,97,2,123,13
K09761,0,0,5,2,36,3,78,17
K01920,0,0,0,0,0,0,0,0
K07735,0,0,0,0,0,0,0,0
K07679,0,2,14,0,397,8,513,47
K07447,0,0,0,0,0,0,0,0
K07690,2,1,0,0,44,0,74,10
K02669,0,0,2,0,140,2,143,7
K06997,2,6,28,0,72,12,140,95
K00286,6,2,56,10,155,20,152,160
K02221,2,7,46,10,99,7,100,115
K09131,0,1,7,0,33,1,62,19
K01519,0,3,15,2,49,6,54,32
K02495,0,0,7,4,66,6,58,38
K01425,1,9,74,12,174,20,227,220
K03439,4,4,92,8,139,19,153,112
K09923,0,0,0,0,0,0,0,0
K03575,0,1,38,10,82,12,85,82
K08306,0,0,0,0,0,0,0,0
K00756,0,0,0,1,127,0,169,7
K01119,0,0,10,4,204,2,321,26
K11535,0,0,15,4,216,2,324,30
K07497,0,2,12,5,157,7,160,49
K07483,0,0,0,0,0,0,0,0
K07646,0,0,0,0,0,0,0,0
K01547,24,23,318,53,1317,33,1998,149
K01546,2,0,35,20,1049,11,1340,44
K01548,0,0,0,0,0,0,0,0
K06895,71,44,419,182,961,97,1085,436
K03299,4,1,15,8,175,9,218,21
K14261,0,0,0,0,0,0,0,0
K00851,30,62,323,159,1021,103,1291,721
K06145,21,34,419,162,952,72,1176,588
K05835,0,1,5,0,12,1,18,0
K03566,0,0,1,1,27,0,44,0
K00799,49,69,408,158,1053,71,1056,458
K03406,0,2,5,1,226,1,187,10
K00799,31,57,351,118,934,73,1157,404
K01462,1,2,17,3,183,2,220,15
K07058,127,64,897,204,1069,123,1577,611
K01897,45,71,796,356,1434,82,1791,717
K01897,251,270,2975,654,4376,312,5185,3389
K01054,54,98,597,188,694,111,870,838
K17865,0,0,0,0,0,0,0,0
K21695,0,0,0,0,0,0,0,0
K09954,2,6,50,35,501,5,597,47
K01625,0,0,0,0,0,0,0,0
K00036,206,560,863,1259,1116,1321,1355,5311
K01057,0,0,0,0,0,0,0,0
K19337,4,27,28,60,107,25,122,275
K01792,0,0,0,0,0,0,0,0
K07267,24,34,344,172,1005,68,1267,345
K10112,91,47,769,348,2060,156,2639,282
K17317,24,3,232,245,848,34,1025,158
K17316,5,7,62,43,393,15,465,58
K17315,29,45,273,258,1500,78,2202,207
K18479,90,72,941,679,1977,222,2411,602
K02483,10,9,43,27,497,15,855,33
K00845,0,0,0,0,0,0,0,0
K01690,114,226,701,480,1219,466,1926,2083
K00134,97,567,786,1791,2029,1156,2576,7044
K01734,67,99,342,264,736,183,959,980
K03088,0,3,25,41,548,17,622,97
K07165,19,30,236,106,1339,62,1651,246
K16087,45,23,290,121,3578,29,4416,229
K07215,7,16,67,41,546,29,783,67
K09790,1,8,57,19,727,10,1003,27
K03406,272,787,2616,1348,4457,1029,5502,11596
K01953,99,32,723,93,2575,28,3152,266
K05946,12,4,105,25,744,8,1163,48
K18930,86389,40792,1032247,78575,350143,35629,397542,574000
K18929,6,8,65,13,708,10,1007,30
K00782,0,0,0,0,0,0,0,0
K18928,0,0,13,2,100,2,122,6
K02550,41,44,274,92,943,67,1111,244
K05799,68,139,306,162,973,175,1589,349
K03664,12,7,74,33,112,18,92,33
K03308,45,29,441,96,2636,55,3587,391
K18588,18,12,159,46,270,17,328,186
K03631,189,300,2688,559,2339,323,2942,3987
K06186,0,0,0,0,0,0,0,0
K09801,0,0,0,0,0,0,0,0
K03711,0,0,0,0,0,0,0,0
K03687,965,3321,12183,8014,13954,6216,15421,61281
K04043,8275,27715,146724,46637,116294,50172,126896,528028
K03686,367,583,2830,1304,3057,1094,3898,4444
K00215,232,469,1703,959,1660,636,2082,2221
K01956,250,757,2687,1404,3011,710,3788,5759
K01955,520,605,4846,1498,6847,740,8824,7774
K03624,205,216,1805,360,1410,237,1505,1738
K07574,6,26,174,96,117,19,114,343
K02427,131,465,2193,686,2467,489,3021,5372
K03798,2803,4352,24236,9319,15018,5807,19075,51090
K00796,167,134,1675,531,1421,269,1688,1650
K03431,406,382,4681,1064,3512,681,4141,4669
K01803,472,457,3811,873,2397,414,3065,3188
K03075,245,583,2332,1829,1469,314,1712,2513
K09748,113,188,1040,463,1280,225,1464,1516
K02600,518,302,3976,967,3591,412,4156,2759
K02519,1521,814,9703,1579,10731,849,11865,7067
K02834,44,31,697,104,622,43,728,411
K03177,457,311,3278,505,2108,262,2100,2256
K02956,9392,3011,56563,5166,20013,2356,19709,22316
K00962,390,231,4294,643,5317,338,6407,2351
K00767,8,7,100,30,528,18,685,181
K03806,21,28,195,69,655,46,658,178
K03182,81,61,607,176,1318,97,1800,546
K00523,142,134,1357,245,1746,204,2250,1066
K00344,2,0,10,6,215,2,225,9
K07232,0,0,0,0,0,0,0,0
K13926,95,66,1323,202,2461,158,3780,891
K01992,0,0,0,0,0,0,0,0
K02415,0,0,0,0,0,0,0,0
K01993,198,39,1240,151,2005,77,2912,535
K01934,56,150,593,258,1157,178,1564,1449
K09888,203,78,1915,467,1732,118,1955,1534
K09892,244,147,2696,400,2261,258,2857,3400
K09895,95,44,858,259,1331,102,1720,816
K01262,337,103,2685,416,2738,175,3443,1240
K03185,282,106,2661,400,2422,199,3357,1227
K18800,388,120,2447,317,2116,196,2737,1150
K02012,102,104,942,447,2390,163,3160,1376
K02011,49,28,300,95,1913,35,2915,243
K00605,87,96,734,261,995,170,1328,1411
K02437,0,0,0,0,0,0,0,0
K00281,141,73,1107,232,2568,192,3328,927
K15431,23,4,102,34,1215,14,1895,107
K22839,10,17,181,28,1006,26,1427,161
K22840,0,0,0,0,0,0,0,0
K22838,15,17,193,46,1657,30,2518,159
K23519,55,216,275,509,742,173,744,1776
K23777,22,37,259,64,761,59,863,496
K07340,0,0,0,0,0,0,0,0
K03406,83,34,520,165,1258,83,1592,622
K02454,174,163,1258,381,1706,355,2067,1635
K18446,23,10,245,29,803,18,910,110
K05800,0,0,0,0,0,0,0,0
K01438,236,237,1917,484,2411,412,3177,1942
K14682,148,107,1290,336,2128,146,2913,936
K24158,548,1419,7974,3222,8104,1443,8774,7809
K00299,83,318,632,749,1220,308,1619,1649
K15553,38,46,514,282,1771,51,2284,152
K04091,51,58,584,240,1710,54,1976,186
K15554,2,12,167,132,1284,15,1872,63
K15555,35,45,275,96,756,37,869,118
K00867,47,29,358,113,501,42,628,492
K01915,67,31,316,134,603,65,666,221
K07010,86,56,944,241,1770,165,2547,957
K01915,296,137,2540,503,3309,318,3967,2365
K12256,699,220,4709,801,5551,587,6751,3309
K11073,537,343,5455,1291,5828,562,6837,4652
K01555,240,146,1910,326,1530,206,2197,1684
K01800,0,0,0,0,0,0,0,0
K00451,430,132,2548,458,2718,283,3252,2078
K03556,206,113,1915,430,3562,206,4938,1678
K18622,18,6,246,41,1251,27,2083,117
K06518,7,8,27,11,360,2,548,58
K06205,0,0,0,0,0,0,0,0
K22491,4,8,14,9,28,7,18,23
K09932,12,34,168,56,1222,34,2047,194
K13938,5,14,122,74,1046,19,1377,122
K01495,40,42,506,103,740,44,911,557
K07589,8,26,193,18,204,12,238,222
K22345,1,1,19,2,63,0,79,17
K09948,0,0,0,0,0,0,0,0
K06203,26,55,367,232,1451,92,1870,1033
K12583,0,1,3,2,48,0,70,6
K00432,45,77,646,157,1019,134,1251,942
K03775,69,111,819,275,1097,221,1332,1297
K13788,66,33,561,103,1751,74,2753,475
K00955,17,9,79,17,116,14,156,54
K00957,172,253,1615,961,2980,265,3428,1980
K04691,54,52,515,144,1806,69,2638,568
K02014,7,5,56,20,2434,8,3782,55
K00817,0,0,0,0,0,0,0,0
K10094,0,0,0,0,0,0,0,0
K00013,86,48,557,186,2191,61,3251,421
K00765,11,6,81,24,184,22,253,51
K00790,85,85,811,193,1359,78,1589,739
K07323,122,80,976,166,783,130,1041,803
K07122,0,0,0,0,0,0,0,0
K02067,33,20,450,99,447,49,472,550
K02066,111,85,1096,302,842,107,997,1191
K02065,58,47,600,162,1888,52,2837,404
K06041,55,51,541,153,1851,31,2412,505
K03270,53,50,356,102,817,37,1151,212
K11719,19,33,247,43,519,28,694,253
K09774,254,222,2275,406,1909,265,2201,2216
K06861,133,121,1052,276,1538,161,1850,927
K03092,255,413,2809,730,2572,406,3063,3882
K05808,2124,2701,28999,3266,10020,2889,11902,23688
K02806,79,99,1598,310,1365,203,1683,1601
K06958,10,25,194,45,275,25,335,210
K07238,1,2,17,8,45,4,59,28
K02784,0,0,0,0,0,0,0,0
K04564,13,4,22,16,379,6,459,39
K01679,2,7,51,25,577,29,691,166
K03592,39,27,226,79,1216,81,1599,417
K09889,159,217,1844,439,1484,335,1705,2065
K09935,0,0,0,0,0,0,0,0
K11904,0,0,9,4,315,1,439,28
K11896,0,0,0,0,298,0,416,2
K11895,0,0,0,0,58,0,112,0
K11896,0,0,2,0,182,0,244,2
K11900,0,0,2,0,327,2,517,8
K07347,2,4,7,12,531,5,918,58
K07346,0,0,4,0,58,0,79,4
K06887,0,0,0,0,51,0,24,0
K05791,5,4,167,4,235,13,289,85
K05792,4,7,298,12,436,34,525,157
K05793,5,4,209,3,282,13,345,100
K05794,24,5,810,23,1051,37,1132,287
K05795,12,14,858,26,944,85,1013,387
K05795,15,5,675,18,739,37,931,225
K18697,0,0,1,4,52,3,122,9
K07112,0,9,58,15,325,27,412,207
K04085,0,0,0,0,0,0,0,0
K02757,0,0,2,2,425,10,469,21
K01223,0,0,11,4,211,8,337,26
K18968,77,97,538,158,1101,127,1268,893
K00821,52,48,281,136,936,62,1108,343
K08281,23,37,156,70,947,61,1141,350
K00763,31,11,170,78,1226,40,1587,291
K01916,21,22,104,26,329,23,412,129
K09471,6,14,106,38,1250,11,2168,85
K01915,26,15,183,62,1137,40,1697,135
K01406,28,5,119,31,1019,32,1466,123
K18900,30,43,159,68,1652,33,2242,272
K00433,0,1,32,12,662,8,840,36
K09932,4,2,25,4,525,15,679,40
K02336,86,84,563,164,1534,95,2129,528
K01406,12,8,137,13,1415,10,1860,100
K08166,80,30,288,109,1077,75,1400,254
K07645,8,24,84,44,333,30,552,144
K07666,16,6,107,34,582,14,752,62
K12262,0,0,0,0,0,0,0,0
K11747,43,2,91,27,980,32,1251,88
K03799,5,3,32,6,432,7,672,17
K03744,17,9,97,25,674,14,914,43
K23239,25,15,96,49,616,41,824,186
K01868,427,383,5583,869,5142,513,5888,4200
K02520,994,2079,10809,3529,2686,1577,4806,4615
K02916,378,568,4919,1251,1628,371,2508,2125
K02887,466,965,9413,1512,4258,842,4647,5315
K01889,78,111,998,321,1521,156,1988,1048
K01890,418,282,4575,778,4774,388,5739,3395
K04764,847,716,8314,1696,3905,812,4034,9882
K18555,0,0,0,0,0,0,0,0
K08224,382,651,3472,2155,2608,915,3088,4112
K08223,44,42,586,225,399,76,445,194
K01679,90,77,1164,620,2152,196,2608,609
K16138,14,14,148,45,698,20,1006,89
K02005,8,5,48,19,600,7,859,32
K20330,2,0,9,2,91,0,143,10
K20330,18,23,190,47,1015,16,1337,111
K04750,0,0,0,0,0,0,0,0
K20035,9,14,110,33,632,28,978,95
K20034,171,199,1557,586,3197,362,3713,1872
K14986,109,282,982,685,2776,501,4181,2426
K14987,0,0,0,0,0,0,0,0
K00074,76,48,394,102,549,61,639,336
K08726,1,0,32,4,32,3,29,18
K02003,18,23,253,59,795,41,979,182
K02004,28,17,327,53,844,36,1104,203
K01897,4,10,53,20,197,10,209,59
K00626,9,24,236,83,1636,57,2178,360
K00059,0,0,0,0,0,0,0,0
K06445,62,105,473,186,1204,247,1561,1411
K06076,461,594,3120,914,2710,947,3328,4423
K00496,52,38,659,110,1126,70,1370,684
K07044,0,0,0,0,1,0,0,1
K02050,0,0,0,0,0,0,0,0
K02051,155,43,774,195,1040,50,1513,292
K18991,22,18,96,31,482,19,617,161
K02072,0,0,0,0,0,0,0,0
K02071,19,31,190,105,727,45,902,154
K02073,74,54,283,175,745,50,661,146
K07677,16,16,227,68,2946,28,3393,183
K07677,12,16,203,38,2344,22,3503,131
K10844,3,0,11,2,41,2,56,11
K07687,0,0,0,0,0,0,0,0
K15363,35,60,309,74,1285,86,2026,256
K12685,38,38,380,110,2171,52,2747,238
K12685,12,9,78,29,1299,21,1602,60
K03517,0,0,0,0,0,0,0,0
K07666,14,27,114,51,1166,38,1468,119
K02280,80,85,978,231,2474,181,3843,867
K12511,0,0,6,0,9,0,16,0
K12510,15,8,98,19,519,22,710,51
K02283,24,9,228,48,1112,31,1448,125
K02282,27,21,240,54,1264,30,1609,207
K02279,1,1,14,1,590,1,826,12
K02278,29,27,165,29,650,37,820,175
K02651,28,36,397,50,576,39,674,364
K02651,29,33,565,128,900,80,1387,805
K06920,4,3,21,14,231,0,235,35
K10026,11,14,177,47,765,29,1117,147
K03641,2462,1146,34166,2573,19838,1570,21565,16446
K03640,0,0,0,0,0,0,0,0
K03646,313,236,2680,707,4139,379,4932,3914
K03560,121,136,704,641,856,78,824,1499
K03562,45,50,590,183,1065,82,1135,929
K01075,1,1,28,3,25,3,52,32
K03551,159,439,1203,567,1356,433,1402,4486
K03550,92,86,515,180,1032,119,1335,499
K01159,13,32,243,75,354,48,462,286
K01876,139,39,767,139,1194,62,1355,578
K18189,0,0,0,0,0,0,0,0
K04047,38,42,471,129,761,64,1017,527
K03704,195,310,4165,741,3305,499,3850,4495
K03745,0,0,0,0,0,0,0,0
K18093,2199,2004,25962,3911,20739,3978,22643,27322
K03442,29,33,228,82,632,29,681,479
K09767,101,416,1047,500,1256,433,1715,4834
K00077,17,29,254,74,904,44,1397,279
K02482,52,51,573,152,2032,85,2574,445
K03574,0,0,0,0,0,0,0,0
K00798,0,0,0,0,0,0,0,0
K03070,110,77,1014,311,2433,166,3060,1417
K00620,0,0,0,0,0,0,0,0
K06915,429,533,6283,1215,5303,685,6183,8097
K03406,125,532,1301,791,3316,583,3858,6433
K01433,17,10,203,43,324,19,430,194
K01141,90,96,1310,240,1853,97,2257,1256
K06384,19,8,148,63,677,26,874,138
K03791,7,8,46,15,474,4,514,49
K03743,114,170,873,383,961,301,1447,1422
K03553,780,734,7363,2216,4052,915,4438,8825
K03565,0,0,0,0,0,0,0,0
K05812,0,0,9,2,23,1,19,1
K21900,0,0,0,0,3,0,9,2
K22900,1,2,12,2,18,1,38,39
K14441,32,30,273,55,959,44,1305,248
K03827,0,0,0,0,0,0,0,0
K03549,66,48,453,140,2934,73,4277,274
K14205,139,71,788,175,1667,98,2372,665
K02346,0,4,31,8,480,3,605,52
K01881,51,50,509,125,1243,55,1521,372
K08218,404,167,2489,558,2861,241,3005,1506
K07443,10,22,185,32,530,20,668,160
K03704,64,94,407,434,314,55,282,1016
K01494,11,33,232,64,390,31,511,417
K10017,0,0,0,0,0,0,0,0
K06987,79,46,1001,150,1141,120,1681,566
K10015,27,19,303,78,821,47,1042,190
K10016,0,0,16,3,63,1,62,9
K01434,269,255,3575,642,4056,651,4791,4162
K02030,0,0,0,0,0,0,0,0
K11209,5,22,219,74,879,37,1147,276
K09858,31,23,233,66,514,24,753,142
K03286,138,66,2771,302,1939,244,2718,922
K08993,99,87,595,199,1029,161,1601,591
K00868,0,2,14,0,59,0,68,16
K21087,0,0,3,1,16,1,12,17
K02027,4,14,39,130,411,75,455,28
K02025,0,0,20,42,209,31,189,23
K02026,2,0,15,20,125,35,171,16
K02081,2,4,84,125,393,136,366,33
K02082,5,3,106,119,449,118,340,34
K08302,8,5,174,101,582,141,691,32
K00567,0,0,0,0,1,0,2,0
K00007,0,0,4,2,327,2,453,21
K00854,0,0,2,0,186,3,250,9
K01420,2,30,205,99,160,85,198,811
K00209,0,0,0,0,7,0,22,9
K14055,0,0,0,0,0,0,0,0
K21602,4,4,97,20,174,23,249,194
K01053,0,0,50,4,251,7,312,73
K08092,0,0,10,1,154,4,217,56
K19334,0,0,0,2,108,0,140,12
K00880,2,0,16,8,211,0,295,49
K03078,0,0,17,2,84,2,131,60
K03079,0,0,0,0,41,0,65,2
K00325,0,0,0,0,0,0,0,0
K03077,0,0,0,0,0,0,0,0
K00324,15,17,386,42,517,63,697,274
K03758,0,0,10,11,128,3,224,38
K13938,0,2,19,7,134,8,197,86
K07661,2,1,17,9,152,14,195,204
K07639,0,3,25,6,176,7,248,107
K01299,0,2,8,7,232,8,319,114
K06897,2,0,14,2,254,3,305,68
K04775,0,1,2,0,25,0,29,2
K02173,0,0,0,0,0,0,0,0
K01774,0,0,0,0,10,1,7,0
K19956,0,0,2,0,124,0,127,2
K02800,0,0,3,4,175,2,189,14
K02821,0,0,1,0,103,3,185,2
K03578,0,2,15,8,254,5,272,58
K01118,0,0,0,0,0,0,0,0
K09978,0,0,0,0,0,0,0,0
K03778,4,30,112,47,325,42,378,209
K03668,0,0,9,7,34,4,21,41
K09712,1,0,13,4,15,6,19,50
K03297,0,15,84,31,221,29,240,422
K03737,0,23,178,24,828,36,863,411
K14058,0,4,34,8,140,15,215,72
K16074,0,0,0,0,1,0,2,0
K15580,2,2,83,7,221,29,259,209
K19802,1,17,100,16,156,15,147,173
K14054,0,0,0,0,0,0,0,0
K03721,0,7,61,25,180,15,220,168
K11065,0,0,0,0,0,0,0,0
K03762,2,11,51,9,239,26,279,197
K01451,4,6,52,13,541,15,718,127
K08990,3,1,46,12,216,14,325,229
K06918,0,1,18,6,181,10,188,43
K03971,0,0,6,2,40,4,28,24
K03973,0,0,14,1,33,4,49,21
K03969,2,2,13,8,75,9,85,58
K03970,0,0,0,0,0,0,0,0
K03974,0,0,0,0,20,0,17,3
K00355,0,6,12,5,269,7,392,40
K19226,2,0,26,11,226,6,322,95
K19227,0,0,9,4,124,4,99,45
K19228,0,0,8,4,148,4,224,10
K19229,0,0,5,1,144,6,242,46
K19230,0,0,12,11,171,6,157,49
K01147,6,0,47,24,299,21,400,266
K06200,2,8,202,8,365,16,575,152
K08313,0,2,5,2,30,0,20,4
K04069,3,0,24,4,174,7,193,79
K03077,0,0,0,0,16,2,26,9
K01591,0,3,28,3,64,4,90,67
K04062,0,0,0,0,0,0,0,0
K03113,0,0,0,0,0,0,0,0
K12151,0,0,0,0,0,0,0,0
K19804,4,11,84,21,186,27,262,222
K08992,0,5,19,13,33,4,23,62
K03366,0,0,0,0,0,0,0,0
K00864,2,0,9,0,206,6,205,22
K17203,0,0,13,0,91,3,126,12
K17204,0,0,3,0,176,2,250,6
K17202,2,3,4,0,94,3,147,5
K00615,0,1,5,0,166,0,140,7
K01681,2,8,23,1,216,13,264,31
K01096,0,0,0,0,0,0,0,0
K01497,0,0,0,0,0,0,0,0
K03168,3,28,176,68,397,67,481,339
K13634,0,0,0,0,0,0,0,0
K04774,10,29,205,61,391,74,304,478
K06178,1,0,4,0,9,0,18,11
K19221,0,0,0,0,0,0,0,0
K07566,8,9,66,16,88,52,96,161
K07053,0,8,62,13,122,27,159,147
K01657,4,10,57,48,185,49,296,324
K01658,2,3,22,8,67,13,123,121
K00766,3,4,56,22,130,27,219,240
K13498,2,9,137,52,224,72,243,517
K01696,4,6,96,26,178,36,212,352
K01695,3,9,38,14,106,38,116,157
K07275,0,3,94,7,150,9,189,105
K04065,0,0,0,0,0,0,0,0
K06940,0,0,0,0,0,0,0,0
K06190,1,3,18,6,81,6,84,56
K03832,0,0,0,0,6,0,5,0
K10806,0,0,0,0,0,0,0,0
K09780,0,0,0,0,0,0,0,0
K08167,2,12,103,17,291,40,402,181
K04047,17,47,689,50,728,94,919,1270
K06131,4,6,100,32,243,27,295,344
K02032,0,0,0,0,0,0,0,0
K09901,0,0,0,0,0,0,0,0
K15583,0,2,53,2,233,11,212,62
K15582,0,4,48,5,134,19,191,70
K15581,0,0,3,0,46,3,50,6
K15580,2,2,24,10,262,2,310,154
K15580,12,16,337,44,629,68,774,462
K05595,0,5,11,5,150,5,110,75
K04072,14,39,399,37,569,124,736,671
K00857,0,0,0,2,28,1,28,2
K08679,0,0,0,0,136,1,135,12
K03746,0,0,0,0,0,0,0,0
K00012,3,9,91,26,209,41,238,198
K02485,6,20,106,42,286,54,320,444
K07001,4,20,151,32,387,33,449,570
K01433,2,8,103,25,263,21,262,302
K22522,0,0,11,0,84,6,107,28
K03169,0,1,5,6,70,2,62,41
K01142,0,0,0,0,0,0,0,0
K08320,0,0,0,0,0,0,0,0
K06917,0,0,29,8,213,12,311,39
K01008,2,5,66,16,183,18,206,140
K04773,4,3,78,19,430,17,516,278
K01424,0,3,18,0,146,7,209,54
K08281,0,5,14,3,124,5,174,63
K01183,10,4,98,25,411,25,516,304
K09916,0,0,0,0,0,0,0,0
K07305,0,6,41,7,95,20,131,240
K00134,170,513,5555,428,5565,683,5420,4678
K01792,0,2,8,6,29,5,20,22
K07274,0,2,13,4,34,5,47,82
K07180,48,265,3076,321,2920,638,3567,9797
K09786,11,144,793,116,827,335,1030,3268
K03088,0,3,11,8,67,6,101,34
K02014,1,69,179,219,329,192,428,1469
K03704,0,0,0,0,0,0,0,0
K18839,0,0,0,0,0,0,0,0
K07552,0,0,2,1,26,5,23,18
K01775,0,0,0,0,0,0,0,0
K00285,2,21,99,18,157,37,239,392
K06415,13,35,641,63,533,115,611,1515
K03603,1,1,5,2,23,1,16,22
K03314,2,6,13,4,276,9,361,100
K03611,0,0,39,10,116,23,190,102
K09160,0,2,3,0,7,1,15,15
K01557,2,8,45,9,87,15,113,176
K08305,3,2,96,22,264,41,447,245
K09902,3,3,19,8,61,7,59,57
K03610,8,15,127,17,191,26,268,536
K03609,0,0,20,4,24,5,29,64
K03684,0,0,0,0,0,0,0,0
K01897,0,12,23,27,202,33,244,98
K03608,0,0,0,0,0,0,0,0
K07285,0,4,64,8,42,15,67,151
K03722,0,0,12,7,138,11,219,48
K14742,0,0,0,0,0,0,0,0
K11742,0,0,0,0,0,0,0,0
K11743,1,0,16,6,75,6,129,11
K17463,0,0,34,11,104,4,120,50
K17468,0,2,6,1,101,0,146,6
K17467,0,0,0,0,71,0,126,1
K17473,0,0,0,0,112,0,155,5
K17466,0,0,0,0,0,0,0,0
K17465,0,0,0,0,0,0,0,0
K17464,0,0,0,0,0,0,0,0
K01625,0,0,1,0,18,0,19,8
K00036,2,9,148,11,339,53,369,323
K19337,7,14,107,25,299,54,343,519
K00873,9,13,283,33,471,57,566,556
K02560,0,0,0,0,2,1,3,0
K19304,0,7,46,17,173,15,224,129
K09815,15,15,176,60,325,49,425,497
K09817,0,0,22,0,104,2,106,19
K03551,0,0,0,1,10,0,13,3
K09816,0,0,0,0,0,0,0,0
K03550,1,2,10,14,137,23,187,55
K01159,0,4,8,2,93,12,88,17
K18189,0,0,0,0,0,0,0,0
K01876,5,4,58,6,137,8,153,95
K08310,0,0,0,0,0,0,0,0
K07136,5,6,44,18,241,25,296,173
K15256,0,0,17,6,87,7,120,52
K08685,110,39,644,121,1907,122,2551,345
K06871,39,32,511,86,1574,77,1977,330
K05521,10,7,94,27,481,22,584,131
K04343,0,0,0,0,0,0,0,0
K18199,0,0,0,0,0,0,0,0
K13633,0,0,0,0,0,0,0,0
K07071,48,59,320,53,1596,40,1951,136
K03406,114,31,732,141,2011,55,2196,415
K03367,39,30,507,66,6991,45,9121,207
K05540,0,0,0,0,0,0,0,0
K02687,52,30,222,95,606,35,801,118
K01961,39,41,597,107,1635,31,2163,361
K03406,183,98,1387,314,2282,154,2614,1122
K02160,0,0,0,0,0,0,0,0
K03786,0,0,0,0,0,0,0,0
K02488,66,19,476,65,1657,46,1973,206
K01823,71,68,716,188,808,106,998,636
K03113,80,56,759,183,816,85,905,655
K03327,0,0,0,0,12,0,7,0
K01432,0,0,1,0,0,1,3,0
K06219,25,66,497,129,950,169,1246,739
K02278,19,7,69,40,935,5,1089,69
K12511,13,4,67,19,100,14,113,108
K12510,18,7,180,33,500,20,855,95
K02283,15,9,161,37,890,30,1315,93
K02282,32,7,347,58,1814,35,2709,233
K02279,21,20,340,52,1117,32,1705,232
K02651,0,0,0,0,0,0,0,0
K02651,0,0,0,0,0,0,0,0
K00059,29,59,382,262,1262,195,2042,943
K09936,0,0,0,0,0,0,0,0
K03406,76,260,718,671,1279,486,1742,2770
K00626,0,0,0,0,0,0,0,0
K17686,324,588,2979,1253,2940,807,3620,5283
K07178,0,0,0,0,0,0,0,0
K19591,0,0,0,0,0,0,0,0
K07552,479,606,4247,1554,1910,897,2341,4373
K09760,172,41,1606,109,2079,70,2511,698
K08369,9,10,53,18,455,11,678,40
K21053,7,5,39,8,39,7,88,15
K22468,142,55,843,162,1327,106,1544,677
K00799,9,5,142,34,1296,12,2201,102
K07506,16,18,280,91,675,35,899,337
K07638,7,2,41,10,151,1,228,10
K02483,34,13,206,50,707,29,913,186
K03566,14,23,124,44,1263,31,1699,165
K05834,26,9,204,44,1248,33,1734,180
K19713,40,18,337,47,782,28,969,144
K03975,26,69,177,129,962,115,1431,816
K07045,60,285,500,212,1011,300,1567,1304
K01652,27,24,198,50,699,53,885,273
K02503,0,0,0,0,0,0,0,0
K03566,22,14,169,48,1001,34,1114,233
K02028,16,10,166,30,1012,43,1181,228
K02030,11,3,77,29,1231,9,1509,119
K02029,4,4,31,6,495,6,641,36
K12252,24,15,151,21,1014,24,1382,103
K00600,2,0,9,2,189,2,223,43
K09125,0,2,31,16,369,3,440,46
K06920,1,9,51,21,218,8,217,92
K12262,21,46,445,163,925,47,924,782
K02257,60,77,509,238,631,112,939,1399
K02298,134,88,1250,223,1932,63,2226,849
K02300,0,0,0,0,0,0,0,0
K02299,0,0,0,0,0,0,0,0
K02297,104,105,943,213,2654,93,3870,724
K03611,2,12,39,27,338,8,398,53
K05916,36,79,696,202,999,127,1416,829
K12266,72,134,587,499,1777,216,2078,1537
K03415,74,133,672,276,1161,243,1604,2303
K06940,8,0,99,18,683,3,939,76
K09137,30,6,156,44,587,24,773,246
K01921,25,28,367,71,1315,31,1784,244
K05810,2,4,90,10,484,7,600,46
K18831,16,23,211,58,441,18,536,186
K19166,7,7,198,41,398,21,622,152
K00681,3,2,54,34,1172,8,1495,66
K00428,70,15,857,55,1102,37,1728,130
K06919,6,10,137,37,1694,14,1873,142
K07733,0,0,0,0,0,0,0,0
K01426,53,272,763,535,3839,373,5556,4349
K11070,6,9,49,13,965,7,1351,51
K11071,6,4,17,24,597,5,778,21
K11072,7,5,44,13,945,7,1282,48
K03566,29,109,246,192,1829,134,3623,949
K08223,1,1,18,12,196,3,294,18
K05797,7,4,37,8,419,2,699,40
K08738,0,0,0,0,0,0,0,0
K20199,4,3,41,12,649,7,777,44
K20200,0,0,0,0,0,0,0,0
K18954,2,2,105,21,1149,9,1407,92
K00481,19,13,116,29,1869,15,2822,131
K16089,4,1,64,24,1141,5,1333,128
K06942,10,5,51,3,175,6,260,36
K01056,77,31,601,83,1046,33,1258,348
K02897,57,30,216,56,529,72,749,218
K00948,629,318,6754,552,5135,299,5236,2507
K03568,0,0,0,0,0,0,0,0
K11206,0,0,0,0,0,0,0,0
K08301,87,109,1359,319,1900,159,2615,1427
K06287,95,72,1040,167,1448,106,1898,831
K03570,30,32,371,73,847,30,1281,271
K03571,0,0,0,0,0,0,0,0
K03569,96,106,960,228,1596,145,2171,709
K02435,51,78,369,124,774,76,726,526
K02433,135,114,1282,405,2438,207,3138,1157
K02434,228,140,2154,396,2916,167,3645,1834
K03642,7,26,125,36,476,34,456,172
K07301,9,7,58,22,404,14,562,55
K13936,2,1,13,5,49,4,60,11
K01607,0,0,0,0,0,0,0,0
K02471,6,3,28,4,38,3,46,12
K15011,48,41,601,114,1030,80,1448,400
K15012,0,0,0,0,0,0,0,0
K09807,121,105,892,218,1750,193,2249,1496
K12368,397,164,5113,681,6074,459,6941,2497
K12368,117,41,972,148,2962,91,3439,812
K12368,103,71,906,136,2890,109,3886,591
K12369,41,16,472,123,1575,35,2380,257
K12370,42,20,288,72,815,32,1128,190
K12371,74,28,516,78,1054,57,1437,318
K02837,80,139,1632,244,1150,213,1252,2020
K12372,0,0,0,0,0,0,0,0
K05846,27,39,468,167,1043,53,1614,450
K05845,4,20,272,36,1065,19,1315,135
K05846,20,11,78,29,480,9,567,74
K05847,21,20,446,108,1826,43,2096,392
K01581,79,69,402,145,1205,76,1499,850
K07126,8,7,73,15,450,8,408,68
K07336,35,38,202,74,602,40,684,95
K16090,16,10,272,46,3679,23,5149,165
K00380,7,6,43,39,1091,24,1494,49
K01113,0,2,17,1,80,4,128,6
K08994,17,11,196,63,442,22,405,124
K03296,27,17,107,38,733,16,1017,102
K18300,0,0,0,0,0,0,0,0
K18298,157,128,799,345,1815,191,2710,932
K00645,20,28,203,82,2756,34,3462,251
K00485,65,40,528,98,4847,44,6896,292
K06222,0,0,0,0,6,0,3,2
K01255,0,0,44,6,85,11,94,46
K02759,0,0,0,0,0,0,0,0
K02760,0,0,0,0,0,0,0,0
K01444,0,2,15,0,110,2,118,38
K02761,0,0,28,0,162,10,274,68
K19577,0,3,1,0,132,0,149,5
K08307,0,1,12,4,34,3,29,38
K01069,13,54,463,140,296,186,334,1237
K12237,0,2,55,12,305,42,319,218
K03469,0,0,0,0,0,0,0,0
K02342,0,0,0,0,0,0,0,0
K23185,0,2,14,2,212,3,257,48
K23187,0,0,3,4,191,4,238,8
K02014,2,4,2,10,515,0,546,48
K07347,0,5,7,0,301,6,397,45
K15540,0,2,0,4,164,5,167,49
K07345,1,0,6,0,19,0,26,7
K02014,0,1,4,2,278,8,209,23
K03897,0,2,7,2,96,9,230,43
K03895,2,2,2,6,208,4,210,62
K03896,0,2,1,2,30,0,38,7
K03894,0,0,3,2,136,9,155,27
K00839,0,2,9,8,207,0,214,10
K02083,0,4,10,1,202,4,364,9
K02337,0,0,1,0,2,0,1,0
K03470,0,1,4,0,5,0,8,3
K00748,2,2,16,11,95,10,125,35
K00677,3,7,67,11,178,15,225,230
K02372,1,0,10,2,15,1,12,26
K02536,0,0,0,0,0,0,0,0
K07277,27,48,810,110,754,193,913,1415
K06142,0,0,0,0,0,0,0,0
K11749,13,15,234,77,445,113,611,484
K00981,0,5,69,26,257,19,356,188
K00806,4,9,59,19,180,11,255,146
K00099,9,22,161,36,279,67,292,451
K02838,4,4,105,9,139,15,134,236
K09903,1,9,86,7,94,36,103,186
K02357,0,7,65,19,143,29,216,123
K02967,7,26,714,30,491,113,564,656
K01265,0,8,37,16,183,30,244,171
K00990,2,2,51,10,295,24,288,138
K00674,6,20,82,21,187,44,198,303
K06205,0,0,0,0,0,0,0,0
K06175,0,2,2,2,92,0,127,9
K06894,2,2,59,13,519,18,636,154
K05367,0,0,0,0,0,0,0,0
K15723,1049,3284,35098,6002,14705,4011,18507,29198
K06879,0,0,5,6,114,4,111,45
K06966,6,7,82,8,243,14,307,130
K06968,0,0,0,1,4,0,3,5
K01146,0,0,0,0,0,0,0,0
K03566,0,2,20,8,160,8,156,45
K01766,2,2,12,0,107,6,135,41
K22132,0,0,0,0,0,0,0,0
K02426,0,0,0,0,0,0,0,0
K08304,0,3,64,27,145,22,200,101
K02030,13,1,105,16,86,5,102,49
K21023,100,55,738,286,2368,109,3243,463
K02348,0,0,0,0,0,0,0,0
K07043,0,0,0,0,0,0,0,0
K01624,16,21,173,59,928,37,1216,410
K00927,239,178,1268,438,1271,276,1619,1686
K03472,55,50,576,131,727,74,928,457
K00615,177,125,1451,236,2194,141,2535,1123
K00789,326,322,2554,751,3794,577,4987,5367
K01972,31,29,328,40,1736,30,2314,222
K08304,57,45,448,114,1006,47,1285,284
K03316,1,10,42,20,535,29,648,138
K21990,0,0,0,0,1,0,1,1
K01251,521,236,4522,656,6152,427,7555,3573
K00297,72,64,878,154,1596,91,1711,835
K02030,28,12,205,71,1408,29,2111,169
K11927,363,235,2014,680,2873,327,3327,1908
K12262,242,336,3272,1055,2432,469,2653,4033
K00833,86,92,594,286,2269,140,2967,918
K10001,1,0,4,2,21,0,30,3
K09761,0,0,0,0,0,0,0,0
K00285,59,43,729,106,1433,77,1788,722
K09022,0,0,0,0,0,0,0,0
K11068,0,0,0,0,0,0,0,0
K13928,1,1,29,18,318,5,389,70
K13935,11,22,100,154,860,77,1178,296
K13934,10,27,85,139,579,93,880,295
K13933,10,56,85,100,300,115,356,372
K13932,11,97,190,252,627,229,761,905
K13930,4,17,23,41,79,30,90,157
K13929,12,98,139,285,592,259,598,912
K13931,0,0,0,0,0,0,0,0
K00406,200,122,2237,269,3173,192,4079,1702
K00404,213,113,2239,498,2642,211,3173,1974
K00405,0,0,0,0,0,0,0,0
K00407,0,0,0,0,0,0,0,0
K00406,252,188,2985,670,3518,328,4241,3152
K00404,784,188,6661,565,7274,387,8484,2726
K00405,0,0,0,0,0,0,0,0
K00407,0,0,0,0,0,0,0,0
K03776,1027,161,9266,577,8199,272,10242,3074
K07020,0,0,0,0,0,0,0,0
K07052,219,1355,3261,1741,3094,1100,3591,18204
K16011,322,475,3997,932,3777,365,4046,5108
K09690,36,71,423,129,1195,54,1464,592
K09691,131,133,1464,406,2019,129,2134,1415
K21001,709,733,9829,1723,13273,520,15049,7034
K01711,293,233,4298,698,3381,309,3997,3268
K15856,87,98,1473,193,1519,100,1995,1141
K01681,19,16,335,90,1042,23,1396,377
K07052,0,0,0,0,0,0,0,0
K06968,1,1,11,1,98,0,89,8
K03327,1,0,14,3,31,0,45,14
K04085,0,0,3,1,2,0,2,0
K03473,169,87,1075,322,1769,198,2343,942
K08309,0,0,14,4,267,1,331,12
K23508,0,6,44,7,194,2,187,57
K10820,0,2,32,1,277,10,427,53
K23509,0,0,5,0,157,0,203,8
K23509,0,0,0,0,3,0,10,1
K23773,0,0,2,0,0,0,1,0
K07391,0,1,18,10,55,2,50,69
K09897,0,0,0,0,0,0,0,0
K07497,0,10,50,18,449,20,455,209
K01129,0,0,0,0,1,0,5,1
K03653,0,0,1,0,46,0,44,4
K06920,0,0,0,0,0,0,0,0
K00626,1,0,0,0,8,1,5,2
K05275,0,0,0,0,0,0,0,0
K01607,0,0,0,0,0,0,0,0
K01821,0,0,0,0,0,0,0,0
K07391,4,3,32,25,155,7,95,65
K08178,0,2,0,0,199,3,250,14
K01652,9,28,365,77,530,80,591,386
K11258,1,0,19,6,27,5,48,40
K00826,15,6,187,29,289,37,374,239
K01687,12,16,327,33,482,56,678,230
K01754,1,2,216,11,241,13,319,84
K02521,0,0,25,0,39,3,37,22
K00053,0,1,46,15,145,27,156,130
K00874,0,0,4,1,5,1,9,6
K01821,0,1,14,7,69,5,92,70
K21086,2,2,9,8,167,4,204,68
K07290,4,0,48,27,426,19,623,171
K01521,0,0,0,0,0,0,0,0
K07058,0,4,26,7,234,11,225,88
K14051,0,0,42,5,289,12,260,120
K13816,0,0,0,0,0,0,0,0
K06006,0,0,0,0,0,0,0,0
K16052,0,0,5,1,104,2,68,27
K01857,0,1,26,7,140,23,237,24
K01443,0,3,14,1,236,6,271,12
K12685,10,0,156,8,568,14,835,46
K13283,0,0,3,0,18,0,12,6
K00383,0,21,40,10,249,24,243,198
K02436,0,0,42,1,116,5,141,65
K00094,1,0,21,0,69,6,71,46
K02775,0,1,0,0,192,0,241,9
K16371,0,1,0,0,134,0,171,0
K02774,0,0,0,0,0,0,0,0
K02773,0,0,0,0,0,0,0,0
K08302,0,0,0,0,290,0,382,5
K07115,0,0,1,0,129,3,139,16
K06887,0,0,0,0,16,0,18,4
K01414,48,49,803,79,997,143,1066,915
K15984,2,0,17,3,105,3,131,37
K01119,0,0,11,4,123,1,138,86
K08323,0,0,2,2,131,2,140,14
K00262,0,3,28,4,225,7,303,79
K06149,6,2,22,10,121,3,121,151
K16322,30,97,1274,130,1608,202,1854,2609
K06144,0,0,0,0,0,0,0,0
K02068,0,0,2,0,153,2,140,35
K02069,0,0,0,0,0,0,0,0
K06606,0,0,0,0,0,0,0,0
K08138,0,0,5,4,131,6,147,13
K00140,0,2,20,0,353,6,452,19
K03338,2,0,25,2,164,3,201,80
K03337,0,0,0,0,0,0,0,0
K03336,0,0,11,0,362,6,485,32
K00010,1,0,7,0,128,5,177,6
K03335,0,2,0,0,41,0,60,1
K03825,0,0,1,0,23,0,26,5
K06911,0,0,5,2,146,0,131,25
K06145,0,0,10,6,93,2,82,24
K00851,0,0,1,0,12,0,9,2
K06155,0,6,42,8,162,3,219,24
K05595,0,0,0,0,11,0,19,3
K00133,14,13,102,40,228,37,338,154
K11477,0,0,4,0,62,0,72,14
K00700,24,26,232,63,574,89,958,569
K02438,15,16,393,49,626,126,758,611
K00975,7,6,158,25,411,43,570,192
K00703,10,7,118,16,403,31,611,135
K00688,6,7,86,19,308,43,406,147
K00111,0,0,0,0,26,1,36,2
K02444,0,0,0,0,5,0,0,0
K01607,0,0,0,0,0,0,0,0
K02441,4,4,23,10,165,18,174,102
K03556,4,4,30,4,520,10,547,53
K02439,0,0,0,0,0,0,0,0
K00688,2,4,48,19,371,16,563,72
K00705,4,0,35,1,263,3,477,19
K07400,0,0,0,0,0,0,0,0
K02242,8,31,119,35,116,48,181,528
K04759,5,7,11,6,145,9,320,130
K02170,0,0,0,0,0,0,0,0
K07490,0,0,0,0,0,0,0,0
K06959,1,6,57,15,343,38,314,289
K04758,0,0,0,0,0,0,0,0
K07559,0,0,0,0,0,0,0,0
K04760,2,0,5,0,173,1,229,49
K07659,6,4,117,14,133,20,203,183
K01610,0,5,43,8,86,19,116,124
K07638,0,0,0,0,0,0,0,0
K04083,33,50,888,133,986,162,1093,1676
K04762,0,0,0,0,0,0,0,0
K20881,0,0,0,0,0,0,0,0
K05366,8,18,97,62,525,61,721,656
K08312,0,0,0,0,0,0,0,0
K12288,0,0,2,4,147,2,305,12
K12289,0,0,0,0,42,0,44,4
K12290,0,0,0,0,64,0,108,0
K12291,0,0,0,1,53,0,82,0
K02507,0,0,2,0,196,3,297,4
K00891,4,8,84,30,205,36,188,101
K01735,8,2,61,13,191,29,262,106
K03112,6,19,152,39,270,57,321,462
K06223,0,11,60,26,192,21,163,189
K01783,2,3,47,14,187,17,174,140
K01091,0,1,17,1,49,9,61,42
K02302,0,0,0,0,24,0,10,0
K01867,0,0,0,0,0,0,0,0
K00362,0,0,21,1,211,3,236,24
K02598,0,0,0,0,0,0,0,0
K00363,0,0,0,0,0,0,0,0
K01485,0,0,1,0,45,0,53,1
K06141,0,0,3,0,15,0,5,7
K02529,0,9,9,4,180,6,191,70
K01222,1,6,131,20,216,77,309,396
K02761,0,0,0,0,128,4,177,18
K02759,0,0,0,0,0,0,0,0
K02760,0,0,0,0,105,0,142,6
K03767,4,10,70,17,234,9,328,198
K02478,0,2,73,11,278,20,420,124
K02477,0,0,9,0,107,1,158,18
K06915,3,7,61,22,260,27,398,124
K07726,0,1,1,1,10,2,8,13
K01664,0,0,0,0,0,0,0,0
K00821,0,0,0,0,0,0,0,0
K10914,1,1,18,8,94,7,192,71
K07592,1,10,91,29,207,35,164,259
K07397,0,0,0,0,0,0,0,0
K00855,0,0,3,6,348,5,341,25
K07019,0,3,8,3,85,5,112,44
K09898,0,0,0,0,0,0,0,0
K11249,1,1,6,4,147,2,139,18
K02529,0,0,0,0,0,0,0,0
K06998,0,0,0,0,2,0,1,3
K15551,0,21,28,76,259,72,254,249
K10831,0,14,42,54,175,49,227,133
K15552,0,6,8,4,50,6,46,21
K06158,0,0,5,0,78,2,95,10
K03119,0,0,0,0,0,0,0,0
K11748,2,6,22,4,141,3,177,59
K11747,2,6,52,8,385,22,478,71
K07070,0,0,8,4,44,3,48,42
K03775,3,4,90,11,105,32,110,220
K03745,0,0,1,0,4,1,2,0
K03772,8,30,365,60,291,108,397,645
K07235,0,0,1,1,14,2,26,21
K07236,0,4,8,5,42,7,71,34
K07237,4,23,336,24,408,29,460,421
K02950,42,105,1447,139,1338,235,1393,2288
K02992,26,69,1127,77,1065,197,1167,1680
K02355,75,158,3407,270,2771,643,3115,3895
K02358,49,183,5041,371,4337,720,4913,5656
K02192,1,11,38,26,62,23,56,317
K03594,4,27,504,47,398,66,550,715
K02946,2,11,232,15,195,62,260,295
K02906,4,21,423,40,339,80,339,430
K02926,5,16,331,7,347,63,277,429
K02892,0,6,109,8,101,29,111,179
K02886,2,12,494,18,396,85,483,510
K02965,2,2,168,11,153,16,166,151
K02890,2,11,287,13,155,41,195,234
K02982,3,16,733,35,533,62,531,563
K02878,5,10,399,14,362,43,292,199
K02904,3,3,120,6,77,15,79,82
K02961,5,6,245,15,150,27,185,189
K02874,5,31,488,77,282,120,331,783
K02895,9,18,217,41,137,77,169,281
K02931,15,22,458,51,259,127,295,571
K02954,19,13,261,17,164,86,211,240
K02994,4,6,434,52,391,93,372,472
K02933,10,22,577,59,563,156,698,661
K02881,5,12,290,17,282,74,312,301
K02988,15,12,562,33,389,104,511,494
K02907,1,1,71,0,71,13,84,65
K02876,11,7,714,29,674,88,805,526
K03076,63,64,3397,85,3328,332,3588,2788
K02919,10,19,529,41,490,87,511,644
K02952,32,57,1165,115,919,233,1197,1747
K02948,17,28,847,87,726,154,889,1136
K02986,28,50,1077,82,1013,207,1194,1571
K03040,49,62,1861,150,1687,392,2153,2550
K02879,9,16,343,29,388,61,486,455
K03499,1,32,248,31,259,71,236,747
K13638,0,0,0,0,0,0,0,0
K03282,0,0,0,0,0,0,0,0
K09890,0,0,0,0,0,0,0,0
K03500,3,10,36,14,255,12,229,160
K00604,2,2,13,7,151,13,176,73
K01462,0,5,27,20,94,28,107,129
K04096,0,0,8,0,198,4,303,21
K03747,8,55,429,74,346,85,408,1290
K07479,2,8,34,8,68,29,64,244
K07566,0,2,11,7,59,6,93,57
K00014,0,0,7,2,24,3,20,32
K01726,0,0,0,0,9,0,8,3
K02483,14,22,210,40,805,26,1096,191
K11209,52,34,392,104,575,72,632,415
K19222,0,0,0,0,0,0,0,0
K08296,15,9,130,17,282,15,326,91
K00057,88,114,1251,299,1074,207,1339,1276
K02014,24,38,377,146,2871,75,3952,356
K20974,61,42,532,147,2195,59,2755,417
K01716,173,241,1736,573,1254,372,1467,3416
K03406,2,1,13,5,64,6,94,17
K00647,0,0,0,0,0,0,0,0
K07397,33,152,636,256,729,175,939,1123
K04079,234,188,1749,569,2480,472,2543,2868
K06911,0,0,0,0,0,0,0,0
K01061,0,0,0,0,0,0,0,0
K03311,26,33,145,33,874,44,961,181
K01902,15,18,196,85,689,52,1095,315
K01903,340,193,5444,579,4699,281,5672,2486
K00382,660,481,7295,1323,8474,722,9614,5168
K00164,569,238,5679,735,6341,366,6871,3372
K00658,0,0,0,0,0,0,0,0
K00239,556,439,6143,1095,5739,544,6721,5111
K00240,0,0,0,0,0,0,0,0
K00242,290,138,2063,352,2064,179,2787,1395
K00241,330,358,4479,920,3453,532,3949,4799
K14393,42,12,573,44,867,71,931,127
K01647,0,0,0,0,0,0,0,0
K02002,131,121,3246,242,3251,196,3097,633
K16147,75,150,811,312,2436,275,3651,1685
K05343,89,83,714,231,3067,149,3901,910
K00700,53,30,434,95,1260,92,1560,355
K01214,20,25,229,46,725,27,892,170
K06044,41,38,444,162,2448,79,3463,476
K00705,43,18,269,64,1411,54,1564,215
K01236,17,15,253,67,1343,26,1927,216
K00703,21,22,225,92,1477,42,2221,242
K00059,9,7,22,12,55,16,59,20
K01845,5,4,31,8,498,10,658,45
K00146,29,18,224,41,1598,27,1753,286
K14063,43,31,343,92,455,48,510,1119
K01266,30,17,243,76,1100,33,1432,236
K01406,80,56,600,237,1919,60,2091,632
K12536,61,57,372,150,2162,106,3020,759
K12537,58,25,322,60,998,55,1267,254
K12538,31,28,206,59,1053,50,1219,334
K19294,1,1,8,4,22,0,26,1
K21830,21,22,172,67,2061,19,2954,125
K06956,19,59,316,183,1309,57,1888,505
K00287,6,13,62,21,70,17,85,33
K21196,0,0,0,0,0,0,0,0
K02012,1,0,19,2,243,1,400,7
K02011,8,2,47,18,1195,5,1494,39
K02010,5,8,56,1,1256,13,1695,39
K01534,186,98,723,164,1829,187,2210,661
K21703,0,0,0,0,0,0,0,0
K19302,0,0,0,0,0,0,0,0
K00560,48,58,297,123,627,88,792,300
K13292,109,87,717,268,1674,220,2153,1016
K07090,8,8,51,19,83,23,92,44
K08484,61,28,351,160,1046,45,1439,322
K08311,554,458,3461,1151,2558,839,2644,4224
K01754,256,163,1600,344,1461,273,1863,895
K01807,0,0,0,0,0,0,0,0
K00058,255,158,3361,466,4046,200,5037,1982
K02030,58,149,765,347,936,157,1084,2378
K07394,115,50,482,138,665,92,972,342
K01434,50,77,541,178,2300,113,3067,635
K11074,4,0,12,2,21,2,36,7
K11075,157,29,853,138,702,84,855,315
K11076,108,49,851,168,1427,98,1615,543
K11073,421,166,2722,491,2486,320,3013,1679
K02198,59,44,448,103,781,68,1030,279
K02199,0,0,0,0,0,0,0,0
K02197,39,18,331,61,446,21,524,159
K02195,53,19,303,63,502,27,617,204
K02196,0,0,0,0,0,0,0,0
K02194,51,76,456,165,1468,92,1789,791
K02193,64,17,318,93,794,43,985,194
K04061,0,0,0,0,0,0,0,0
K03408,0,0,7,0,2,0,4,22
K03496,523,1301,3102,1431,2375,2445,2950,12116
K02557,173,110,1974,410,1800,183,2458,1497
K02556,132,71,1226,241,852,83,957,791
K03407,725,371,3895,710,3323,657,3974,3876
K03412,0,0,0,0,0,0,0,0
K03414,638,822,3305,1249,3712,1145,3787,7904
K03413,113,108,822,157,563,143,677,1179
K02405,241,238,1905,591,1469,369,1625,2605
K04562,408,422,2080,1044,881,370,830,3782
K02404,2,1,21,0,10,0,10,5
K02400,313,219,2920,448,2401,288,2725,1571
K02401,48,42,655,153,1733,57,1923,292
K02421,10,7,134,27,918,6,1199,69
K02419,12,16,196,42,733,24,887,94
K02420,0,0,0,0,0,0,0,0
K02418,24,16,172,63,546,22,777,121
K02417,0,0,0,0,0,0,0,0
K02416,120,53,1143,115,976,93,1183,420
K02414,70,52,1249,168,1949,90,2366,625
K02415,0,0,0,0,0,0,0,0
K20977,218,161,2641,540,3073,232,3841,2232
K20976,0,0,0,0,0,0,0,0
K02412,66,21,459,50,753,44,904,232
K20978,0,0,0,0,0,0,0,0
K02413,0,0,0,0,0,0,0,0
K02411,119,37,806,151,893,73,1188,264
K02410,0,0,0,1,1,0,0,1
K02409,161,85,2012,267,1763,151,2108,1054
K10943,151,144,1412,340,2047,148,2386,1563
K02408,0,0,0,0,0,0,0,0
K10942,114,60,974,177,1592,99,2420,379
K10941,267,128,1971,518,2200,181,2513,1241
K02407,745,3027,9835,3737,5739,3305,6546,36823
K02423,0,0,0,0,0,0,0,0
K02422,0,0,0,0,0,0,0,0
K02406,302,1422,5617,2159,4102,1911,4901,25701
K06603,0,0,0,0,0,0,0,0
K03776,3,1,18,1,28,1,30,4
K21135,16,2,74,8,1117,12,1722,71
K21133,22,22,222,57,3463,31,5414,155
K07665,16,15,224,45,497,20,622,125
K07644,7,9,162,26,1448,21,1836,103
K18093,4,9,154,37,2312,17,2598,136
K02535,0,0,0,0,0,0,0,0
K03531,390,880,7022,1342,5268,795,6171,11431
K03590,864,210,6404,826,5823,528,6435,2286
K03589,243,63,1503,236,1398,126,1595,684
K01921,53,24,238,50,311,33,417,128
K01924,104,75,1618,181,1622,121,1885,816
K02563,188,86,1906,303,1548,123,1699,770
K03588,55,21,496,52,901,40,1231,222
K01925,67,46,823,148,2096,38,2589,238
K01000,113,43,946,166,1154,74,1525,404
K01929,62,19,746,106,1504,37,2123,350
K01928,125,53,1182,123,1535,93,1747,651
K03587,422,121,3101,412,1947,202,2386,1168
K03438,90,46,787,110,1140,116,1699,555
K03586,0,0,0,0,0,0,0,0
K03925,386,197,2892,327,1527,455,1888,2272
K07056,1438292,509156,2519800,1963086,598639,483627,564292,2037252
K07121,118,109,1326,429,2423,219,3087,1695
K07460,31,21,506,148,487,30,558,425
K03271,26,25,503,134,713,67,891,591
K04065,6,6,165,25,205,23,231,210
K03600,0,0,0,0,0,0,0,0
K03599,46,30,716,122,782,114,868,739
K00413,25,16,114,42,238,20,318,116
K00412,652,501,9491,1203,6546,683,7182,7689
K00411,317,317,4758,861,3732,373,5495,3049
K02996,554,386,2667,982,1630,371,2293,1828
K02871,385,497,7522,1225,5929,484,6596,7050
K00249,9,6,87,10,115,25,157,34
K06916,0,0,0,0,0,0,0,0
K01867,107,87,1255,245,1715,116,1798,978
K07018,55,56,728,178,1599,101,1898,690
K09908,119,268,1223,678,1439,437,1823,2460
K06518,25,25,171,72,642,51,733,169
K19302,4,2,26,8,39,3,56,13
K07157,0,0,0,0,0,0,0,0
K03652,30,31,326,153,908,56,1124,415
K00147,226,246,3413,587,2931,333,3416,3432
K00969,144,69,730,161,649,103,812,532
K09710,188,111,1255,241,1013,95,1175,909
K00783,50,15,378,83,644,32,1106,184
K05515,195,76,1013,275,2804,82,3782,607
K05837,34,27,298,82,1325,23,1650,219
K08305,133,120,1199,285,1896,162,2268,1252
K03642,258,165,2521,465,2046,307,2454,2239
K07258,235,219,3237,613,3533,330,4617,2899
K09158,79,67,660,114,689,106,800,1048
K03801,146,91,1476,246,1388,108,1613,1219
K03644,240,171,2876,420,2402,279,2694,2379
K08305,13,1,56,15,87,9,79,58
K01297,0,0,0,0,0,0,0,0
K02340,17,14,167,46,344,19,491,161
K01869,183,80,1541,245,2645,92,3639,893
K09890,0,0,0,0,0,0,0,0
K03643,0,0,0,0,0,0,0,0
K03820,20,33,328,70,756,34,838,388
K06189,48,34,512,155,1442,77,1804,460
K06217,36,42,573,113,628,71,689,690
K07042,0,0,0,0,0,0,0,0
K06168,181,209,2489,746,2858,392,3353,3195
K07126,5,4,52,19,156,9,245,68
K01845,95,77,824,212,1276,75,1641,638
K00788,88,46,561,105,726,69,970,327
K20971,330,272,2843,604,4933,412,6607,2487
K09456,247,304,3118,1032,3748,786,5006,5421
K01241,235,188,1920,571,3367,423,4010,2472
K06181,2,6,17,21,338,6,432,9
K03719,70,33,453,102,495,35,605,303
K13283,0,0,0,0,0,0,0,0
K02031,2,6,158,24,230,21,207,299
K13895,4,1,39,9,191,14,272,151
K13894,0,0,0,1,20,0,26,6
K13893,0,0,18,11,169,0,280,76
K21090,4,16,70,20,335,22,560,260
K13694,1,12,34,16,89,19,137,195
K19803,1,10,90,60,115,44,94,371
K00040,0,1,1,5,167,4,121,64
K01686,2,2,19,0,166,1,198,15
K02356,0,0,0,0,0,0,0,0
K03835,0,2,5,6,129,9,206,69
K03291,0,0,0,0,45,0,56,2
K07812,0,0,7,0,273,2,293,13
K06940,0,0,0,0,0,0,0,0
K03532,2,3,41,7,205,4,229,118
K03574,0,4,12,12,138,9,193,58
K11183,2,11,57,9,148,13,133,37
K00882,0,2,29,2,157,8,283,16
K02770,0,2,22,2,134,10,170,27
K01151,0,0,0,0,0,0,0,0
K16089,0,0,2,0,24,2,32,5
K11733,0,0,0,0,0,0,0,0
K02057,0,1,3,0,60,0,134,6
K09471,0,2,20,5,154,3,276,88
K14056,0,6,29,11,118,19,158,103
K09470,14,30,249,68,375,118,558,835
K14052,0,0,0,0,0,0,1,0
K01141,0,0,3,1,20,3,42,19
K02345,0,1,11,4,56,8,114,53
K07345,0,0,6,2,59,2,49,14
K15540,0,0,2,0,81,1,187,11
K07347,0,0,4,2,457,0,611,14
K07345,0,4,6,4,283,6,350,30
K06077,1,9,140,23,367,36,486,385
K07803,0,4,37,2,24,4,22,40
K07709,0,0,0,0,0,0,0,0
K07713,0,0,0,0,0,0,0,0
K18030,0,0,0,0,0,0,0,0
K18030,0,0,0,0,0,0,0,0
K18029,0,0,0,0,0,0,0,0
K01673,0,0,0,0,0,0,0,0
K08305,0,0,0,0,0,0,0,0
K12542,0,0,0,0,0,0,0,0
K12541,0,0,0,0,0,0,0,0
K12543,0,0,0,0,0,0,0,0
K00252,218,132,1498,468,2475,155,3372,771
K03566,20,30,349,160,1394,67,1649,454
K00324,143,173,1246,426,2665,289,3290,1905
K00325,116,78,1009,242,1872,164,2382,732
K18118,212,57,2090,122,3621,86,4806,700
K03300,21,11,92,28,1688,18,2368,89
K03324,216,131,1442,423,2301,281,2921,1428
K02066,142,74,1017,324,1609,97,1955,672
K02065,162,78,1142,202,852,116,1137,375
K02067,31,25,359,68,519,54,593,218
K06373,0,0,0,0,2,0,1,2
K18480,0,0,0,0,0,0,0,0
K11102,106,103,711,203,1809,108,2563,710
K11384,253,582,2535,1322,3339,807,4145,6259
K11383,3,5,39,11,121,7,148,58
K21090,0,0,1,0,10,1,11,1
K13590,59,39,441,138,2210,76,2955,410
K11066,0,0,0,0,0,0,0,0
K03673,147,113,1516,377,1727,165,2073,1219
K17230,1,0,13,0,8,1,9,8
K02335,539,641,6563,1400,5919,837,7662,7267
K03978,0,0,0,0,0,0,0,0
K02204,170,80,1643,310,2201,119,2657,1212
K09472,0,0,1,0,47,0,59,2
K01438,12,10,45,37,1024,12,1319,80
K07222,5,6,74,10,870,14,1281,36
K09022,0,0,0,0,0,0,0,0
K13747,116,76,849,273,1965,119,2237,849
K00290,155,123,1869,381,3099,132,3416,1015
K11904,12,8,97,12,2361,10,2926,65
K02030,70,86,370,177,849,219,1154,800
K02028,0,3,10,5,25,3,57,49
K22551,39,291,332,779,1819,762,2620,5011
K03704,0,58,94,88,102,143,96,682
K09927,0,6,17,4,289,34,336,80
K09791,0,1,0,1,37,1,38,4
K00979,0,4,28,8,115,19,184,100
K06219,4,10,90,23,199,25,211,265
K03633,4,6,101,35,283,22,233,308
K03804,3,0,67,6,108,23,115,129
K03632,24,19,347,70,776,77,928,523
K21470,19,62,464,64,751,135,896,1677
K00813,0,0,11,0,13,2,11,18
K01069,0,0,0,0,0,0,0,0
K14062,4,16,276,28,258,60,320,384
K01893,75,205,7011,619,3439,771,4059,5960
K00763,4,0,132,36,241,51,318,320
K01256,2,8,121,14,344,25,427,311
K15555,0,0,0,0,0,0,0,0
K15554,0,0,0,2,43,1,59,3
K04091,0,0,0,0,161,0,230,8
K15553,0,0,2,0,192,0,204,5
K00299,0,0,0,0,73,0,115,5
K00254,0,0,14,4,181,6,302,33
K07140,0,0,0,0,4,0,6,4
K18657,0,0,0,0,0,0,0,0
K12297,2,10,79,19,351,50,466,270
K15738,8,10,126,14,301,35,406,257
K03808,1,4,29,13,221,13,340,67
K06192,0,0,63,10,229,13,314,51
K09458,133,158,6946,1023,3432,715,3677,5522
K09857,0,0,0,0,0,0,0,0
K04770,2,7,57,17,120,25,112,212
K01716,0,0,0,0,0,0,0,0
K03286,0,1,19,4,79,9,68,59
K09911,0,0,0,0,0,0,0,0
K13053,0,0,0,0,0,0,0,0
K07343,0,0,0,0,0,0,0,0
K03658,2,12,56,12,272,36,391,81
K01734,0,0,0,0,0,0,0,0
K09909,0,2,38,14,98,14,116,84
K06969,39,86,801,66,849,213,806,1739
K06929,0,0,0,0,0,0,0,0
K11940,0,0,0,0,0,0,0,0
K11179,0,0,1,0,9,0,8,11
K01512,0,0,0,0,0,0,0,0
K19416,0,6,33,17,98,17,117,121
K07345,0,0,0,0,48,0,57,4
K07346,0,0,2,0,107,0,176,2
K07347,0,4,4,2,511,0,721,10
K07349,0,0,4,0,46,0,59,0
K07349,0,0,0,0,0,0,0,0
K14057,0,2,1,6,108,2,98,32
K21966,0,0,6,0,150,2,235,41
K22468,14,9,122,33,324,14,403,310
K01358,0,6,82,13,263,19,349,160
K01989,23,33,288,76,266,103,351,948
K05832,0,2,17,16,122,6,151,53
K05833,1,0,16,25,170,19,225,72
K12368,0,0,2,3,66,9,79,59
K02847,0,0,0,0,0,0,1,0
K02849,0,1,0,4,183,2,258,21
K22015,0,0,8,0,396,2,625,27
K08315,0,1,82,0,214,7,228,29
K12145,0,0,0,0,0,0,0,0
K12144,0,0,0,0,0,0,0,0
K12142,0,0,0,0,143,4,201,11
K12143,0,0,0,0,0,0,0,0
K12141,0,0,10,2,366,4,557,11
K12139,0,0,2,0,96,0,151,1
K12140,0,0,0,0,0,0,0,0
K12137,0,0,4,0,243,0,304,2
K12138,0,0,0,0,0,0,0,0
K12136,0,0,0,0,145,0,206,0
K05796,0,0,0,0,101,0,131,3
K04651,0,0,0,0,37,0,57,2
K04653,0,0,1,0,95,0,89,4
K15836,2,2,47,1,432,12,674,84
K07677,0,2,93,30,550,43,666,232
K07687,0,1,22,5,125,3,160,41
K11903,0,0,0,0,4,0,4,0
K11901,2,3,106,10,175,17,289,205
K11900,4,2,125,32,293,35,341,165
K11905,0,1,16,2,89,5,84,29
K11896,2,0,10,6,274,3,416,53
K11895,0,0,11,2,135,3,152,12
K11894,0,0,11,2,219,0,231,0
K11906,0,0,9,0,94,0,132,3
K11893,0,1,9,4,169,1,158,16
K11892,0,1,15,0,138,0,116,8
K11907,5,0,72,0,345,12,472,51
K11909,2,0,7,0,71,3,86,5
K11910,0,0,37,4,273,7,278,29
K11891,10,0,120,6,610,17,725,79
K11911,0,0,13,0,153,4,131,4
K11904,2,0,17,2,396,4,667,6
K19048,0,0,0,0,0,0,0,0
K07746,0,0,0,0,0,0,0,0
K01751,2,0,10,0,204,1,279,19
K01464,0,2,3,1,139,3,207,11
K07402,0,0,0,0,15,0,30,0
K00926,0,0,0,0,0,0,0,0
K12527,4,2,50,4,646,11,669,72
K12529,3,1,32,3,137,2,196,8
K12528,10,0,94,4,548,8,877,29
K16346,0,0,10,0,342,4,404,12
K01487,2,0,16,0,378,4,408,4
K06901,1,0,15,0,247,0,443,4
K00087,2,2,4,6,161,8,192,18
K13480,0,0,0,0,0,0,0,0
K13479,0,0,0,0,0,0,0,0
K07306,3,6,20,4,457,17,475,5
K06282,4,0,152,2,324,9,414,33
K00124,4,0,28,4,171,6,216,18
K06281,8,0,105,0,325,8,466,19
K03605,2,0,85,4,170,9,193,14
K04651,2,0,16,0,31,2,60,2
K04652,0,2,38,2,221,4,294,14
K04653,2,0,18,0,51,1,52,8
K04654,0,2,32,0,160,4,285,6
K04655,4,4,44,0,202,0,269,5
K04656,2,0,57,0,435,5,637,11
K03192,0,0,5,0,112,4,122,7
K04720,0,0,1,0,29,0,37,4
K09960,0,0,2,3,136,1,215,4
K09961,0,0,0,4,213,0,314,0
K06909,0,0,4,0,281,0,302,16
K07474,0,0,8,0,168,2,199,14
K03791,0,0,1,0,71,1,68,12
K00558,0,0,2,4,108,0,110,7
K02317,0,0,0,0,66,0,79,0
K22300,0,10,45,13,132,17,100,161
K10906,0,2,0,0,406,4,508,12
K02624,46,151,903,480,1495,208,2273,2442
K08195,58,12,301,40,1734,31,2391,261
K01039,75,140,634,344,1434,322,2080,3772
K01040,73,82,335,203,685,211,865,1852
K07823,80,145,612,243,1006,320,1123,2592
K00449,24,30,233,61,1198,52,1606,659
K00448,40,27,411,58,759,67,845,891
K02625,47,63,901,178,2001,117,2830,1328
K01857,71,60,606,72,974,88,1168,725
K01055,0,0,0,0,0,0,0,0
K01607,0,0,0,0,0,0,0,0
K18138,104,83,1188,256,1954,161,2234,848
K18139,0,0,0,0,0,0,0,0
K03585,94,44,928,222,2163,88,2589,689
K03577,98,107,1022,214,1685,98,2122,1330
K10680,2,1,14,5,46,5,37,13
K15270,0,0,0,0,0,0,0,0
K19577,46,29,264,54,1099,30,1275,180
K22617,2,0,19,21,282,2,278,48
K08682,0,0,0,0,0,0,0,0
K22310,16,2,88,10,512,12,680,60
K01451,14,15,130,14,1637,37,2386,118
K03762,2,7,103,7,1801,15,2544,89
K01426,79,42,573,126,1590,107,2150,544
K05818,110,71,1073,238,1013,142,1163,590
K05349,31,6,71,28,459,13,619,42
K06131,0,0,0,0,0,0,0,0
K03744,45,30,380,97,1078,38,1383,367
K01226,26,39,200,379,1969,149,2713,1080
K02024,10,13,115,139,1388,66,2108,326
K23993,21,47,338,415,2016,186,2879,653
K15257,0,0,19,6,41,2,57,5
K11991,0,0,0,0,0,0,0,0
K15256,4,16,107,19,464,6,621,53
K01338,34,59,575,124,1482,162,1812,981
K18575,0,0,0,0,0,0,0,0
K14475,0,0,0,0,0,0,0,0
K21023,128,287,1178,654,2510,388,3081,3318
K20975,26,36,234,81,1252,27,1402,198
K00117,26,23,211,50,2830,39,3740,136
K07267,65,102,614,205,1828,173,2512,948
K05782,5,8,60,23,1446,13,1666,94
K02014,5,1,39,12,1539,7,1360,15
K07229,0,0,0,0,0,0,0,0
K10947,0,0,0,0,0,0,0,0
K03293,195,106,1528,165,1881,110,2287,843
K18622,6,0,5,3,27,0,23,2
K02055,18,19,198,79,889,54,1299,136
K23779,0,0,0,0,8,0,13,2
K21831,0,0,0,0,0,0,0,0
K03782,16,25,254,69,1517,43,1661,209
K07023,19,10,221,47,1082,32,1430,211
K20275,10,16,161,62,1776,19,2443,171
K05834,2,1,6,2,92,0,114,4
K09965,14,16,167,28,101,26,144,81
K03719,17,19,510,43,568,16,701,167
K03088,1,24,95,24,570,19,814,142
K07039,40,16,315,76,412,34,515,146
K03826,0,0,0,0,0,0,0,0
K06998,20,14,138,39,635,25,764,81
K19610,4,4,16,14,680,9,990,38
K19609,3,6,38,28,920,6,1250,32
K19611,34,28,156,62,2220,23,2981,84
K23722,14,6,75,15,507,16,687,14
K01247,12,8,39,18,393,6,518,16
K00123,131,56,992,172,2671,157,3445,769
K00126,0,0,0,0,0,0,0,0
K08738,16,26,87,21,548,22,637,61
K18093,38,24,264,52,1273,28,1652,151
K06893,54,72,482,117,394,62,439,668
K07396,20,9,266,61,711,24,927,225
K02014,4,12,111,45,2622,29,3628,118
K10536,0,0,0,0,0,0,0,0
K18201,29,74,233,292,1965,55,2209,967
K12251,0,0,0,0,0,0,0,0
K01710,40,21,425,113,2158,52,3252,389
K00973,43,29,364,100,1041,68,1475,372
K01790,5,6,91,20,575,9,697,59
K00067,26,15,204,46,893,48,1075,171
K10125,51,27,388,110,1621,67,2008,302
K10126,81,33,422,92,1053,69,1419,267
K01082,28,15,182,31,179,18,278,84
K08312,171,65,858,161,1184,158,1594,661
K20881,7,11,134,55,828,26,1458,164
K07516,0,1,8,9,316,2,277,16
K07107,0,0,0,0,0,0,0,0
K22278,16,48,213,128,1484,106,1932,463
K11904,6,12,68,6,452,13,688,103
K11073,12,2,134,33,1467,17,1899,143
K16137,1,2,21,6,193,4,190,18
K07124,4,10,68,27,748,14,876,66
K09136,42,37,258,77,1277,69,1890,290
K01426,95,56,559,167,1172,88,1708,322
K02019,8,6,61,20,369,9,506,82
K09190,0,26,53,103,799,49,1122,365
K00919,0,0,0,0,0,0,0,0
K02494,0,0,0,0,0,0,0,0
K02492,134,69,987,276,1938,132,2102,1009
K02835,166,66,962,165,1256,84,1613,374
K02493,37,15,491,107,791,27,1134,225
K21029,68,42,629,75,795,50,952,191
K01776,42,31,368,80,1057,38,1190,158
K12976,11,24,154,54,288,28,371,435
K00574,31,22,674,171,828,89,971,349
K06940,0,0,0,0,0,0,0,0
K09701,34,22,376,125,901,100,1209,301
K06954,67,41,1063,218,1422,127,2179,684
K01669,45,58,923,193,1226,140,1386,1001
K22491,104,104,1572,361,2267,268,2521,1673
K18208,316,608,4730,1604,3797,1854,4207,10869
K07071,374,311,4389,875,3283,758,3520,5552
K02824,5,7,29,9,235,3,383,33
K01772,0,0,0,0,0,0,0,0
K00761,81,59,675,154,1354,79,1809,347
K00760,44,75,822,174,1224,108,1615,765
K00116,27,27,334,55,254,42,299,222
K07286,87,212,846,488,1105,328,1432,3572
K03406,81,41,791,208,1548,95,1880,633
K23010,280,307,1393,357,1263,400,1479,1323
K23541,0,0,0,0,0,0,0,0
K00564,11,23,117,59,817,8,1034,137
K00018,44,50,427,106,1105,53,1923,251
K05835,5,0,11,3,25,4,26,21
K03566,31,23,264,68,1572,39,2074,299
K12941,8,8,73,24,995,29,1234,79
K23057,19,5,83,23,890,15,1161,57
K23056,17,6,149,29,772,12,1077,100
K23055,24,8,131,35,782,10,1148,149
K23058,183,108,2322,367,3191,190,3747,1696
K11735,149,181,1152,599,2275,400,2926,3720
K01479,39,19,208,45,727,28,1048,147
K03312,2,1,26,5,237,3,422,12
K04782,30,13,198,56,851,25,853,154
K07289,104,86,1099,210,1933,117,2514,830
K03575,0,0,0,0,0,0,0,0
K08177,124,88,1099,210,3280,170,5006,787
K01693,150,117,1689,347,1978,246,2619,1903
K02501,114,82,806,182,931,87,1165,782
K01814,67,74,792,184,1213,65,1454,571
K02500,49,38,540,107,899,65,1248,308
K02030,0,0,0,0,0,0,0,0
K09798,2,2,15,5,70,1,76,16
K03797,20,21,120,50,852,38,1161,137
K21699,6,4,25,4,35,4,33,10
K01501,10,2,53,24,385,7,577,94
K18297,23,37,199,69,560,49,761,280
K13609,62,82,670,205,731,116,906,831
K05594,0,0,0,0,0,0,0,0
K07116,159,348,1477,669,1446,355,1804,2814
K07165,0,0,0,0,0,0,0,0
K18900,20,45,221,65,454,23,514,328
K05275,2,30,50,52,595,26,713,114
K03406,30,55,247,92,1557,74,2052,441
K07233,3,8,49,8,730,9,954,28
K11073,3,1,35,3,116,5,121,21
K03975,0,0,0,0,0,0,0,0
K06995,0,0,0,0,0,0,0,0
K01835,30,46,276,91,1424,68,1616,444
K06911,0,0,0,0,0,0,0,0
K18297,2,21,108,28,221,31,224,152
K06133,0,0,2,0,12,0,33,6
K14347,37,49,475,118,1350,100,1877,694
K07052,8,11,110,44,700,9,898,148
K21959,0,2,5,0,10,2,20,8
K08324,4,12,66,45,1198,20,1555,112
K02014,4,3,92,28,2199,12,3165,48
K01153,39,14,390,96,2723,26,4158,239
K01154,42,30,650,107,1711,45,1961,346
K03427,69,51,646,150,3017,61,3424,560
K07666,6,3,46,19,513,8,641,37
K07645,9,3,52,7,501,12,609,34
K05782,0,0,3,0,17,0,26,6
K05548,29,7,143,28,956,27,1533,155
K05783,3,8,29,22,651,9,883,85
K05784,6,13,48,27,795,17,1033,196
K05549,17,28,60,55,1003,26,1328,337
K05550,0,0,0,0,0,0,0,0
K00651,4,4,34,4,290,8,312,53
K01638,20,19,433,86,457,186,635,2129
K01637,0,16,263,37,236,89,370,1882
K01690,0,1,1,0,5,3,10,50
K00906,0,0,0,0,0,0,0,0
K00851,0,0,11,0,79,2,141,175
K13641,0,0,9,0,142,1,120,128
K00548,4,4,42,16,608,28,1034,72
K02443,0,0,0,0,0,0,0,0
K00065,0,0,8,0,179,0,209,14
K00803,0,0,12,0,355,1,503,17
K08368,0,0,0,0,214,1,323,11
K03521,0,0,0,0,154,0,196,1
K00313,0,0,3,1,54,1,60,22
K03522,0,0,0,0,0,0,0,0
K03855,0,0,0,0,0,0,0,0
K03324,4,2,20,6,141,4,189,54
K03453,0,0,0,0,0,0,0,0
K00928,0,4,33,10,449,9,558,53
K01810,0,0,5,3,61,7,81,23
K10110,1,1,9,9,28,17,66,53
K10109,0,2,10,3,211,3,308,32
K13256,0,0,0,0,0,0,0,0
K10108,0,2,14,2,206,7,329,8
K10111,0,0,37,0,224,2,245,13
K02024,4,0,71,2,406,12,943,25
K05775,0,0,5,0,41,3,66,1
K00631,0,1,9,0,51,4,78,18
K03181,0,0,0,0,0,0,0,0
K03179,0,0,0,0,0,0,0,0
K01356,5,32,125,42,146,82,187,437
K03327,0,2,10,3,259,7,310,32
K09823,0,6,19,5,69,4,51,106
K00661,4,2,44,4,142,22,208,102
K05539,4,4,60,10,159,40,261,178
K00344,0,5,6,8,70,11,96,29
K02314,0,0,28,6,170,13,211,103
K01775,0,0,10,3,39,3,60,43
K01713,0,0,0,0,15,1,26,8
K03719,0,2,7,0,135,2,114,39
K03701,0,0,7,2,183,2,182,25
K00832,0,0,0,0,0,0,0,0
K00059,0,0,2,0,33,3,25,4
K03111,0,0,0,0,0,0,0,0
K12151,0,0,4,0,69,6,91,14
K01857,0,0,0,0,120,2,154,11
K03326,0,4,6,8,422,10,390,37
K00799,0,1,25,8,120,5,176,74
K07032,0,2,34,11,107,10,139,113
K06901,4,2,63,7,299,26,372,79
K24163,0,0,0,0,0,0,0,0
K06518,0,0,0,1,63,0,55,11
K01937,0,0,0,0,0,0,0,0
K12974,2,0,10,7,161,4,157,29
K07733,0,0,1,0,27,0,36,3
K06919,0,1,10,0,331,2,396,14
K06904,0,0,0,0,106,0,111,4
K05540,9,12,138,22,163,36,155,186
K03557,0,0,0,0,0,0,0,0
K01674,6,14,88,18,216,42,262,259
K02687,0,0,5,0,41,0,35,11
K14392,0,3,31,2,127,6,229,84
K21621,0,0,7,0,114,1,126,15
K08302,0,0,18,11,188,12,243,21
K10439,0,4,100,8,193,10,158,20
K10441,4,0,38,3,284,12,272,16
K10440,0,0,14,14,195,3,293,10
K21621,0,0,14,6,214,1,256,4
K01961,0,0,6,1,27,1,19,29
K16371,0,0,0,0,0,0,0,0
K02160,0,4,42,9,99,39,108,180
K03786,2,2,80,17,155,31,178,374
K17247,0,9,25,4,57,11,64,129
K07147,1,2,10,2,99,4,136,28
K19745,1,2,28,8,290,11,366,101
K18765,0,12,88,29,462,45,569,251
K03569,11,39,197,53,323,66,316,555
K03570,3,8,52,26,177,37,246,144
K03571,0,0,6,2,78,8,116,8
K06287,0,2,10,4,114,13,159,61
K08301,1,12,60,24,260,33,331,182
K11206,5,11,89,11,229,21,220,232
K03568,4,11,153,15,229,38,240,245
K02647,0,0,6,8,264,6,236,38
K02348,0,0,0,0,0,0,0,0
K00626,2,0,4,2,408,6,407,31
K01026,0,0,0,0,175,0,365,0
K00059,0,0,0,0,0,0,0,0
K00574,0,0,11,2,75,3,96,58
K09701,0,0,5,0,22,2,41,24
K06954,0,5,7,0,232,8,230,118
K07127,0,0,1,1,55,5,49,88
K21089,0,2,14,1,103,6,110,44
K25589,0,0,28,7,118,16,127,107
K14052,2,7,31,2,208,15,283,85
K21698,0,12,32,20,209,12,214,137
K21695,0,0,2,0,44,1,80,8
K15548,0,3,5,1,61,10,76,29
K03468,0,0,10,0,405,7,502,51
K01167,2,5,55,6,92,10,125,77
K09889,0,0,3,0,7,1,4,11
K03623,0,0,0,0,0,0,0,0
K03592,2,6,103,15,260,49,363,219
K15536,0,0,0,0,0,0,0,0
K07090,0,0,1,0,124,0,140,2
K06140,0,0,2,1,3,0,2,6
K01042,0,0,6,0,239,0,263,2
K17463,0,2,5,2,145,0,178,5
K07404,0,2,34,2,161,12,266,58
K03491,0,1,8,1,152,4,198,24
K09471,0,4,27,1,325,2,499,67
K06995,0,0,17,0,85,0,87,26
K06958,3,0,15,6,41,10,41,72
K08485,0,0,0,0,0,0,0,0
K02806,0,0,0,0,1,0,0,1
K03092,10,21,350,33,315,52,387,437
K05808,0,0,0,0,0,0,0,0
K06861,7,2,59,14,241,30,178,148
K09774,3,3,34,14,85,23,101,112
K11719,0,4,16,6,80,6,69,81
K03270,0,0,4,0,7,0,5,5
K06041,2,4,27,22,110,14,140,65
K07301,3,6,55,16,148,11,236,166
K02065,2,6,67,11,131,7,130,118
K02066,2,4,31,4,151,6,191,25
K02067,4,5,16,9,122,13,216,47
K07323,4,5,53,8,101,22,130,95
K07122,0,4,36,0,29,12,40,33
K00790,0,2,6,4,17,6,25,11
K04691,0,0,0,0,0,0,0,0
K04772,1,11,48,20,284,49,345,208
K09908,2,9,53,13,147,29,146,255
K06916,2,4,0,5,255,11,440,110
K02871,7,31,641,92,568,131,702,1015
K02996,6,23,388,40,387,74,420,687
K02238,17,4,104,13,570,13,888,71
K03561,23,75,421,182,953,75,1337,574
K03559,29,18,207,62,380,19,576,189
K00912,37,21,287,57,1127,56,1420,237
K09791,4,4,43,13,148,2,207,29
K00979,63,35,438,145,823,36,1102,312
K25307,119,39,366,62,352,56,400,145
K00075,88,41,537,172,1098,61,1328,307
K07302,26,25,182,87,556,64,716,511
K07303,26,14,193,81,479,62,669,276
K08300,4,2,41,4,85,3,111,37
K07402,0,0,0,0,0,0,0,0
K07141,0,0,0,0,0,0,0,0
K06179,254,185,1866,470,1448,314,1573,1883
K01091,73,103,791,343,1108,113,1249,945
K04773,101,69,568,289,644,72,668,650
K25422,0,0,13,5,62,1,68,4
K07040,142,619,2592,693,1682,390,2075,3830
K02911,52,123,852,134,476,74,538,727
K03621,78,96,780,226,1463,104,1940,675
K00645,126,147,1025,438,1830,204,2589,1217
K00059,526,261,4218,698,3406,314,3713,3224
K02078,699,1162,15071,1708,8376,838,8430,16520
K09458,133,114,1832,319,2843,208,3191,1700
K02619,136,35,491,108,783,55,846,225
K07082,60,80,682,271,1474,118,1807,717
K00943,86,31,388,86,500,68,510,188
K02341,71,34,401,128,1066,85,1313,355
K03424,83,45,454,113,869,86,1045,210
K03639,167,136,1076,257,1274,206,1645,1155
K09986,39,21,338,54,908,30,1368,153
K03457,74,18,602,100,1832,51,2540,217
K00657,59,65,663,213,923,104,1219,812
K03406,12,1,56,23,319,1,332,111
K11105,132,89,1002,267,2306,119,3477,629
K05802,162,107,1212,341,4734,184,6578,1418
K08997,76,155,688,363,1940,229,2601,929
K03496,17,21,249,40,139,41,171,285
K03672,0,0,0,0,0,0,0,0
K02078,2,11,50,9,199,5,195,99
K02078,3,10,31,9,112,3,141,42
K01745,42,32,324,70,948,36,1279,126
K07107,6,6,42,1,331,3,581,42
K00647,45,15,180,33,976,16,1210,114
K00059,20,6,78,13,521,11,812,82
K21757,3,1,14,1,41,3,63,8
K08224,0,3,45,6,425,3,454,19
K01599,0,0,0,0,0,0,0,0
K00266,55,71,646,301,1264,119,1762,1075
K00864,69,44,329,128,949,55,1060,319
K02440,98,41,620,164,1511,71,1739,540
K03976,3,11,85,30,492,16,514,71
K02010,13,13,51,14,94,20,81,37
K06998,0,0,0,0,0,0,0,0
K00611,84,88,987,229,1872,150,2999,704
K07390,1,3,37,11,33,3,46,145
K03594,32,50,453,102,388,37,437,774
K02192,134,303,2180,854,1280,236,1065,3971
K03386,1,1,17,0,6,2,13,2
K03683,0,0,0,0,0,0,0,0
K21218,487,797,2711,1305,2690,1081,3439,9639
K01940,391,358,4919,928,4883,672,5880,5519
K07690,5,10,58,62,1253,9,1314,124
K10773,30,68,269,236,339,51,356,363
K03612,0,1,13,2,88,1,93,8
K03614,4,2,70,18,221,12,241,45
K03616,11,7,124,30,675,16,1023,51
K01874,30,32,210,71,960,31,1379,164
K03593,87,33,569,79,763,69,785,601
K00059,1,2,20,13,60,5,61,45
K07226,58,94,515,172,1491,94,2148,778
K07113,543,1882,3299,2832,1616,2608,1626,14658
K04078,242,878,3848,1220,3219,691,3426,9134
K04077,0,0,0,0,0,0,0,0
K09947,2,3,9,3,78,0,101,19
K00865,18,6,142,19,278,14,318,37
K02510,6,2,47,4,622,0,690,21
K02509,0,1,36,6,147,5,192,54
K01826,0,0,3,2,32,2,42,16
K00455,0,0,0,0,0,0,0,0
K00151,19,36,201,79,1095,45,1727,1658
K05921,24,11,87,36,902,25,1324,1112
K05921,13,17,80,54,1143,22,1590,1007
K02508,1,4,37,0,619,6,749,74
K07267,14,14,52,14,1192,18,1229,54
K00004,6,2,63,6,767,14,1069,33
K05913,0,3,18,6,853,0,1109,20
K14063,21,7,107,46,790,17,1049,386
K00483,14,10,139,23,533,24,715,122
K00484,0,0,0,0,0,0,0,0
K06996,0,0,0,0,0,0,0,0
K03406,171,207,1113,449,1773,354,2199,1940
K12252,23,17,224,49,633,71,842,310
K03324,4,0,14,10,235,4,356,22
K01531,12,16,67,19,923,9,1284,57
K03639,7,18,95,71,1382,58,1735,1446
K08994,4,7,33,28,732,5,962,148
K03637,2,6,7,13,147,8,234,110
K02379,0,0,0,0,1,0,0,0
K03636,0,0,0,0,0,0,0,0
K03635,0,0,0,0,0,0,0,0
K03752,25,38,159,157,1478,61,1772,596
K03638,125,132,572,519,699,465,827,7388
K03750,1,0,8,7,4,3,7,52
K00131,34,44,337,162,1223,92,1667,773
K01083,12,10,80,12,1005,16,1313,41
K03562,0,0,3,4,786,0,1050,8
K03560,0,2,14,5,370,2,547,11
K03832,0,2,34,7,767,2,1089,17
K07223,96,54,638,196,884,94,1061,394
K19181,1,1,8,2,15,1,26,8
K01356,69,282,333,675,450,395,617,2232
K14160,107,367,414,346,327,564,429,1224
K14161,36,111,197,154,730,160,954,719
K08219,0,0,16,2,333,4,384,43
K03743,2,8,44,16,108,18,79,80
K03553,2,29,215,73,309,131,334,861
K03565,0,2,10,3,152,9,144,51
K01872,11,8,174,38,410,80,457,312
K03563,8,22,185,33,294,86,494,429
K01919,3,5,84,9,241,12,282,191
K03699,0,1,6,2,33,6,50,29
K07173,0,0,0,0,0,0,0,0
K03106,0,8,156,41,200,62,252,338
K02959,6,20,196,39,138,37,198,308
K02860,6,20,353,32,344,77,454,504
K00554,12,31,451,61,497,149,728,687
K02884,3,9,168,15,173,57,305,257
K01185,1,6,9,5,105,7,138,86
K07283,0,0,0,1,6,0,14,5
K07792,0,0,7,3,241,5,275,27
K01626,10,0,169,16,249,28,249,846
K14187,0,0,0,0,0,0,0,0
K14170,0,1,4,1,10,2,9,3
K05809,0,1,20,6,51,3,56,29
K05807,17,123,985,132,987,280,1007,1901
K06180,0,3,44,7,250,22,383,183
K05810,0,0,19,9,100,11,84,47
K03695,189,541,5617,621,5795,1220,6081,5747
K06890,3,11,107,11,120,35,147,226
K03635,8,30,361,32,463,83,585,796
K03636,0,0,7,1,9,0,8,8
K03637,0,0,3,0,12,1,9,19
K03638,0,0,0,0,0,0,0,0
K03639,0,1,51,6,146,14,189,114
K03702,13,18,201,23,319,27,341,327
K11963,0,0,0,0,12,0,17,1
K01935,0,0,0,0,0,0,0,0
K02169,0,0,1,0,33,0,53,2
K00652,0,0,7,1,143,0,196,6
K01012,0,0,12,2,153,0,193,8
K00833,0,0,0,0,150,1,234,16
K07404,1,1,3,3,8,1,12,7
K02017,0,0,5,2,54,1,72,7
K21064,0,0,0,0,0,0,0,0
K02018,1,0,22,2,66,4,143,16
K02020,8,4,68,10,223,4,301,41
K25859,1,2,24,1,99,4,107,39
K02019,2,2,29,5,119,4,101,76
K05776,4,4,15,2,212,2,322,115
K07052,0,4,46,7,264,20,457,87
K00965,0,2,8,14,239,8,294,29
K00849,0,7,15,17,146,12,173,49
K01785,7,10,40,16,202,31,254,49
K01834,0,0,0,0,0,0,0,0
K01626,0,8,23,13,351,16,658,113
K16264,0,0,9,0,44,2,79,46
K03811,0,0,0,0,0,0,0,0
K03517,2,23,66,73,215,66,247,962
K19813,0,0,9,2,84,0,113,11
K02045,17,27,153,136,1524,24,2402,78
K02047,111,110,898,430,1851,150,2312,656
K02046,79,83,630,218,1126,63,1304,401
K23163,52,111,315,239,1290,139,1645,428
K21023,388,979,3273,2194,5827,1210,6405,4607
K00507,125,300,1444,769,3076,364,3962,3264
K14268,118,68,588,169,1309,143,1451,506
K00135,338,258,3315,855,5020,495,6479,7908
K07114,26,46,211,196,693,144,947,729
K03088,0,0,0,0,0,0,0,0
K09803,37,38,515,141,552,46,985,517
K11936,0,0,0,0,1,0,0,0
K11937,0,0,0,0,0,0,0,0
K11931,15,7,212,47,1008,24,1480,121
K11935,84,31,625,122,2613,92,3979,390
K01491,128,139,1777,380,1911,195,2356,1852
K07262,18,46,348,119,582,67,653,486
K03717,0,0,0,0,0,0,0,0
K07862,16,10,120,56,981,18,1508,118
K09983,0,0,0,0,0,0,0,0
K14731,43,72,833,198,3041,166,4286,613
K09915,0,0,0,0,0,0,0,0
K03406,46,29,414,90,514,63,714,467
K08303,0,0,0,0,0,0,0,0
K07084,173,479,1577,668,1829,914,2319,3389
K03406,26,135,283,322,1205,222,1653,2560
K07637,9,10,106,16,252,12,302,56
K02483,15,6,169,39,566,19,674,103
K01737,9,13,101,78,449,18,590,123
K08641,27,18,258,60,979,64,1393,203
K02035,37,12,485,80,2320,22,3401,197
K02033,9,4,116,24,921,16,1590,44
K02034,18,6,118,15,568,7,759,41
K08688,0,0,0,0,0,0,0,0
K02035,11,4,102,15,1448,2,2118,62
K02032,45,39,686,200,2011,59,3227,544
K02031,26,25,301,85,2052,25,2531,314
K02034,8,13,176,13,1136,11,1416,146
K02033,15,27,269,78,2119,12,3036,330
K07782,86,72,383,309,1031,57,1011,360
K03885,3,6,30,8,73,1,86,13
K18457,0,0,0,0,0,0,0,0
K00859,0,0,0,0,1,0,0,0
K09862,0,0,0,0,0,0,0,0
K02654,44,20,503,53,514,42,548,339
K02653,21,1,141,38,825,14,1451,100
K02650,0,0,0,0,0,0,0,0
K04065,0,0,0,0,0,0,0,0
K06969,71,57,561,203,2082,87,2563,565
K01895,44,35,371,157,965,75,1072,343
K01810,111,83,1846,434,3454,326,4772,1517
K01579,0,2,8,7,15,5,21,39
K01918,15,16,148,50,503,17,654,164
K00606,62,43,361,119,979,61,1098,268
K00970,134,65,980,296,1305,146,1715,926
K00950,0,0,0,0,0,0,0,0
K06211,0,0,0,0,0,0,1,0
K04485,8,14,72,20,287,36,378,286
K01079,0,0,35,14,136,13,216,83
K07186,0,1,10,7,32,1,25,41
K03784,0,0,0,0,0,0,0,0
K01839,0,3,90,2,214,16,275,185
K00758,0,39,116,38,328,44,381,357
K01619,2,4,49,0,153,14,216,116
K03317,2,21,71,26,198,27,258,290
K03424,0,1,4,0,98,2,103,11
K04065,0,9,51,6,79,20,101,136
K02837,3,15,683,75,685,76,783,1070
K03789,4,1,12,7,69,7,72,39
K02344,0,4,9,2,41,9,70,38
K00564,0,2,21,7,32,4,56,31
K05275,0,0,2,0,56,0,92,2
K18900,0,0,10,5,195,2,304,63
K18988,0,1,4,0,35,0,58,11
K02508,0,0,0,0,0,0,0,0
K02511,6,1,289,12,442,24,500,357
K02510,5,0,179,0,357,10,511,240
K02509,10,0,182,9,318,14,393,290
K00455,1,0,15,2,19,1,29,22
K01826,0,0,0,0,0,0,0,0
K00151,22,9,670,12,1184,30,1303,953
K05921,1,4,196,2,374,15,487,530
K05921,0,0,43,2,171,10,249,223
K00059,0,2,0,0,54,0,47,9
K24118,0,0,4,0,131,0,146,39
K15524,0,0,1,0,9,0,16,7
K11200,0,0,5,2,345,2,449,31
K19235,0,1,1,0,29,0,60,1
K11922,0,0,0,0,0,0,0,0
K05804,2,6,15,2,234,6,322,47
K25495,0,2,3,6,90,5,147,46
K07454,0,0,0,0,0,0,0,0
K07074,0,0,1,0,63,0,74,11
K14415,0,2,0,0,104,4,196,27
K14414,0,4,14,8,337,11,493,45
K01823,0,2,4,6,149,8,207,48
K23676,2,4,14,3,447,4,684,130
K07821,0,4,29,2,255,10,383,22
K07812,2,2,125,8,718,27,1152,76
K02083,2,8,50,12,190,22,262,91
K21967,0,0,0,0,0,0,0,0
K21968,0,0,0,0,0,0,0,0
K21966,0,0,26,7,440,6,551,72
K21965,0,0,0,0,212,0,171,5
K21964,0,0,1,0,173,0,203,18
K19734,0,0,4,0,117,0,71,10
K07114,0,8,22,5,273,6,315,70
K19734,0,0,0,1,14,0,13,4
K22956,0,0,0,0,0,0,0,0
K00986,0,2,2,3,322,4,378,22
K12518,0,0,1,0,183,0,316,0
K12519,0,0,0,0,0,0,0,0
K07345,0,0,0,1,185,0,233,11
K01673,0,0,2,0,53,3,23,6
K07345,0,0,0,4,94,0,122,9
K15540,0,0,2,0,166,0,175,19
K07347,2,2,18,0,472,10,812,82
K07345,0,9,33,7,293,7,385,158
K22025,0,0,0,0,93,2,104,4
K03299,0,0,4,0,265,0,469,13
K04027,0,0,0,0,89,0,101,1
K04027,0,0,0,4,27,0,56,9
K04027,0,0,0,0,52,0,100,0
K00132,0,0,2,0,212,0,212,7
K04028,0,0,0,0,11,0,6,1
K13921,0,0,3,0,136,2,260,31
K20038,2,0,2,0,437,2,557,29
K20037,0,0,0,0,120,0,140,8
K15024,0,0,0,0,74,8,129,13
K03297,0,0,2,0,127,0,219,7
K11720,0,0,0,0,0,0,0,1
K07091,0,2,26,8,197,17,212,64
K01255,2,22,139,35,403,52,478,509
K02339,0,0,6,3,36,6,70,20
K01873,3,4,102,22,450,42,522,292
K03828,2,2,58,22,169,22,235,215
K06169,0,0,1,0,26,1,49,19
K09893,0,2,16,4,127,4,195,29
K00611,14,8,316,84,354,64,458,608
K02035,2,14,55,64,265,54,355,279
K02033,1,4,20,8,100,18,110,66
K02034,0,0,4,2,59,0,92,23
K00609,2,0,8,6,184,0,270,51
K00610,0,0,1,0,33,1,47,13
K12373,2,3,62,19,204,28,319,117
K09022,0,0,0,0,0,0,0,0
K01531,1,0,8,6,510,14,659,58
K03485,0,0,34,2,307,8,274,84
K02819,0,18,134,141,248,140,428,647
K01226,0,37,177,133,263,256,380,943
K05349,0,6,16,60,269,34,270,84
K11748,0,0,0,1,20,0,30,8
K03566,0,0,4,2,165,9,219,30
K21636,19,20,392,56,677,85,851,1324
K04068,0,0,2,0,18,1,23,21
K06887,0,0,0,0,7,0,1,2
K02043,0,0,0,0,134,0,181,2
K06166,0,0,0,0,29,0,47,1
K06165,0,0,0,0,92,1,134,4
K06164,0,0,0,0,183,0,295,8
K06163,0,0,2,0,157,1,220,1
K05781,0,0,0,0,148,0,174,7
K05780,0,0,2,0,95,0,112,8
K06162,0,0,24,2,161,0,200,17
K05774,2,0,8,1,56,3,92,17
K06167,0,0,0,0,0,0,0,0
K17290,0,0,0,0,0,0,0,0
K09979,0,0,14,0,119,4,173,22
K01223,0,0,0,1,26,0,20,1
K03756,0,0,0,0,0,0,0,0
K02753,0,4,5,4,185,5,243,38
K03487,0,8,35,4,279,4,364,64
K07345,0,0,0,2,104,0,85,3
K15540,0,0,0,2,116,0,209,0
K07347,0,4,12,2,650,6,887,44
K02014,5,0,34,7,683,7,772,26
K03811,1,3,5,1,617,6,1230,8
K00558,41,10,186,130,674,36,689,137
K07458,0,0,0,0,0,0,0,0
K03978,0,0,0,0,0,0,0,0
K22736,9,11,125,34,325,26,373,35
K01919,55,38,518,168,943,167,943,363
K00799,0,0,0,0,0,0,0,0
K15738,89,46,495,214,810,103,883,289
K01167,3,1,49,25,108,3,142,24
K04564,0,0,0,0,0,0,0,0
K03305,14,4,80,24,808,4,1021,37
K06975,5,5,35,8,102,12,125,2
K00574,26,19,218,44,695,39,813,33
K15974,2,5,39,20,220,17,201,29
K21695,0,1,2,0,70,2,59,1
K02455,0,0,0,0,0,0,0,0
K02454,0,0,0,0,0,0,0,0
K14645,0,0,0,0,0,0,0,0
K21023,10,7,86,44,795,31,935,52
K18900,0,0,0,0,6,0,2,0
K15777,2,8,40,14,563,7,730,26
K24163,10,11,60,23,748,24,961,40
K02557,9,7,88,15,397,19,478,74
K02556,11,3,71,11,468,12,565,31
K03719,3,3,24,15,116,7,124,33
K00285,41,16,308,70,616,73,752,136
K01775,44,27,235,72,454,108,417,90
K01322,5,2,44,11,319,15,384,18
K03098,0,0,0,0,0,0,0,0
K07283,6,2,41,6,179,18,255,41
K01749,21,19,94,29,501,19,543,59
K08083,23,15,224,46,293,41,344,70
K03669,34,16,214,48,564,56,614,142
K06999,0,0,0,0,0,0,0,0
K03284,2,1,30,5,594,12,845,7
K22474,0,1,5,0,11,0,11,0
K00117,4,4,107,13,1180,24,1460,17
K01935,0,0,0,0,0,0,0,0
K00833,16,0,37,11,290,9,261,38
K04034,0,1,3,1,413,3,524,0
K05275,0,0,0,0,0,0,0,0
K13979,31,22,194,57,676,63,620,140
K02014,52,61,651,46,1388,81,1811,153
K03286,12,8,227,36,717,53,788,27
K01087,0,2,17,3,353,10,463,8
K00697,3,4,22,9,654,16,816,13
K05810,4,0,6,0,83,1,121,2
K06180,67,20,256,55,195,56,289,37
K05807,0,0,0,0,0,0,0,0
K21023,2,2,23,5,79,1,71,4
K22522,0,0,0,0,0,0,0,0
K03088,10,22,49,13,295,31,263,88
K06147,13,9,134,55,365,21,410,68
K00868,40,12,318,108,570,86,490,145
K03686,137,73,634,301,664,132,590,330
K02014,6,7,145,23,1330,45,1525,61
K01878,31,14,340,49,607,29,646,56
K02454,39,24,295,58,1158,73,1384,80
K01951,15,18,200,39,539,33,788,57
K02488,8,1,5,9,112,4,159,5
K02676,0,0,0,0,0,0,0,0
K07082,35,16,95,19,199,30,183,28
K25578,58,20,235,111,541,53,704,101
K09458,74,11,133,38,554,39,691,52
K00059,18,40,513,203,471,80,504,285
K02078,0,0,0,0,0,0,0,0
K00645,113,25,388,98,458,101,525,137
K00648,120,15,335,125,696,36,840,168
K02911,0,0,0,0,0,0,0,0
K07040,0,0,0,0,0,0,0,0
K25422,0,0,0,0,0,0,0,0
K03924,13,10,92,16,496,32,618,56
K22452,4,1,50,3,624,11,821,19
K07285,66,116,446,48,482,102,502,269
K02343,30,29,415,166,473,91,587,199
K02503,0,0,0,0,0,0,0,0
K06187,0,0,0,0,0,0,0,0
K09747,0,0,0,0,0,0,0,0
K11741,0,0,0,0,0,0,0,0
K11211,10,17,144,35,377,28,429,86
K12982,20,7,120,45,308,11,338,65
K20074,6,7,68,8,170,9,207,36
K02342,12,4,57,11,214,9,211,27
K03469,17,7,83,14,155,14,160,28
K01069,17,9,84,31,183,44,247,61
K03770,0,1,6,1,141,3,143,3
K08307,0,0,0,0,0,0,0,0
K01338,147,85,1603,470,1715,314,1821,963
K03530,0,0,0,0,0,0,0,0
K03544,252,368,2822,775,2205,695,2304,2126
K01358,6,1,42,7,27,5,28,21
K03545,163,274,2286,567,1646,464,1731,2091
K00030,5,2,42,34,246,7,237,50
K01607,18,23,273,98,574,65,639,269
K03676,25,62,343,64,452,97,440,198
K01423,43,60,330,140,775,126,956,304
K07657,23,7,106,18,327,28,367,102
K07636,22,19,123,23,753,25,759,118
K00937,12,24,190,23,917,26,1081,68
K01524,12,20,228,60,637,78,689,96
K19302,0,0,4,0,179,0,279,0
K03269,0,5,17,3,65,3,44,13
K06445,62,171,993,327,1737,539,1917,529
K03301,0,0,30,5,293,10,474,13
K08987,0,0,0,0,0,0,0,0
K03799,2,0,7,1,80,1,78,0
K03744,9,6,38,18,313,18,367,21
K06194,147,84,1071,242,985,170,1013,256
K09008,2,0,11,0,21,0,26,4
K07574,10,24,435,43,324,45,383,231
K02427,20,45,207,80,488,93,628,250
K03798,773,516,4465,1916,2587,1036,2564,2348
K00796,28,10,150,39,331,52,444,80
K00791,24,6,68,35,282,20,289,41
K03666,18,15,178,18,298,45,353,51
K03665,47,34,282,56,664,78,632,144
K03743,15,4,39,6,126,15,138,17
K01356,19,151,165,269,456,107,430,516
K03553,265,439,2283,1026,1691,778,1754,2490
K03565,33,55,229,62,433,116,485,275
K01872,28,22,307,74,635,54,703,147
K06978,8,0,57,25,796,13,889,30
K18893,1,4,5,4,63,1,89,2
K06878,0,0,0,0,0,0,0,0
K09983,0,0,0,0,0,0,0,0
K02662,0,0,6,0,18,0,14,2
K05366,50,20,359,95,1062,125,1167,207
K01647,2,1,30,7,101,3,105,28
K03655,70,52,761,153,1038,106,1085,452
K02909,0,0,0,0,0,0,0,0
K02014,34,30,287,101,889,62,1040,60
K02458,2,1,21,0,71,4,97,5
K02459,3,3,13,6,196,13,140,3
K02460,3,0,40,12,256,8,336,11
K02461,37,10,107,47,336,31,436,25
K02462,9,0,41,4,166,6,137,11
K02453,77,20,313,47,1027,52,1117,66
K16870,12,7,92,8,329,24,421,40
K00763,13,14,266,28,729,26,809,118
K06596,52,4,143,70,390,45,455,15
K06597,0,0,0,0,0,0,0,0
K02660,47,6,341,64,858,74,816,54
K02659,91,3,237,48,261,30,346,16
K02658,28,2,109,36,211,20,206,18
K02657,17,3,132,34,329,20,382,57
K01920,21,13,138,33,444,33,540,56
K03568,26,2,269,29,864,67,934,75
K03568,43,19,400,63,1264,82,1473,82
K07154,0,0,0,0,0,0,0,0
K04090,5,2,86,18,749,22,896,26
K15773,0,0,0,0,0,0,0,0
K03088,18,33,166,60,578,81,668,76
K02477,3,2,25,5,144,8,179,6
K02495,57,25,321,81,575,61,597,101
K01519,6,0,33,19,220,8,238,17
K00989,9,1,19,14,118,6,134,15
K00942,37,8,131,52,411,32,404,97
K03060,35,18,277,514,326,33,298,331
K01139,63,50,564,270,878,141,1050,317
K09022,0,0,0,0,0,0,0,0
K01703,21,12,379,89,371,113,390,62
K01704,0,0,0,0,0,0,0,0
K01649,98,35,972,144,1608,328,1497,227
K01754,74,51,898,102,1513,291,1510,189
K01652,31,31,426,105,807,186,780,151
K11258,0,0,0,0,0,0,0,0
K00053,96,49,646,118,1349,238,1106,334
K00681,19,13,103,39,1014,22,1168,40
K00852,4,3,24,6,304,2,399,11
K09955,10,4,63,43,883,17,884,19
K00616,2,0,33,4,342,0,506,5
K00154,6,4,15,4,148,3,145,6
K09474,0,0,0,0,0,0,0,0
K02014,162,6,1306,61,2909,92,3245,147
K02014,63,9,187,17,553,11,515,21
K17836,0,0,0,0,0,0,0,0
K14393,45,6,284,16,635,18,732,25
K01895,49,82,482,100,1122,127,1198,153
K03406,9,4,33,8,633,6,999,11
K20975,0,0,1,0,69,2,98,0
K23242,0,0,0,0,0,0,0,0
K09800,54,31,386,83,1271,70,1378,127
K02837,10,16,249,21,1140,64,1328,119
K11068,2,8,70,4,422,9,485,44
K07290,2,2,67,11,556,22,546,12
K20534,10,54,350,41,242,107,281,90
K03814,63,43,206,60,384,83,468,62
K04083,17,42,135,85,414,44,439,68
K02014,369,293,3396,422,7122,1000,6577,759
K00845,35,0,150,14,617,18,540,31
K02429,7,4,152,14,817,7,1064,30
K02529,13,11,87,12,473,12,561,23
K00820,18,5,163,23,336,11,289,15
K01443,31,4,136,21,353,22,371,16
K10532,3,1,37,19,489,6,495,19
K00974,4,0,6,1,81,6,59,5
K03775,80,51,592,205,675,117,719,409
K07148,0,4,15,10,505,3,600,9
K00285,12,0,65,27,366,9,310,29
K00383,43,4,189,63,650,37,759,41
K07443,6,8,41,5,71,15,78,12
K23169,0,0,0,0,0,0,0,0
K23170,0,0,0,0,0,0,0,0
K12526,31,25,220,57,647,58,647,86
K06998,12,6,98,11,451,19,426,28
K06998,2,2,62,4,322,7,411,5
K01826,0,0,0,0,0,0,0,0
K03832,0,0,0,0,0,0,0,0
K00906,31,15,150,42,552,31,615,28
K07131,0,0,7,0,51,1,60,3
K06945,0,0,0,0,0,0,0,0
K06879,23,57,1338,319,715,308,837,277
K00163,0,2,24,3,203,0,132,16
K10947,4,16,10,16,302,18,373,134
K07229,0,0,3,0,70,5,57,18
K09946,18,20,190,27,201,34,283,51
K07461,12,8,154,23,107,19,85,31
K01626,53,25,535,63,766,84,784,105
K00549,0,0,6,0,10,2,13,0
K03297,77,14,459,66,702,62,662,55
K05539,32,17,134,49,431,33,481,102
K07660,407,359,3897,863,2163,556,2228,2705
K15011,24,26,284,83,465,71,576,206
K09933,0,0,1,0,122,2,135,7
K03524,22,2,64,37,516,19,581,22
K03525,27,2,83,34,294,31,290,30
K00605,73,32,573,213,595,154,705,218
K02437,0,0,0,0,0,0,0,0
K07340,4,4,46,13,263,11,269,22
K07340,0,0,0,0,0,0,0,0
K04765,14,0,20,10,86,4,152,6
K09771,0,0,0,0,0,0,0,0
K01082,35,2,131,54,390,33,409,26
K08312,21,13,224,37,384,54,383,72
K09761,12,2,89,32,242,19,265,26
K06598,3,0,24,7,220,10,280,13
K21639,12,4,32,12,710,4,820,8
K00252,51,9,347,55,808,52,885,55
K07178,26,5,140,30,526,29,586,38
K03566,11,16,95,37,613,15,789,51
K03817,0,0,0,0,0,0,0,0
K16088,8,1,442,30,822,9,913,54
K12254,32,10,99,30,302,18,329,31
K10254,0,15,207,26,288,53,292,32
K02488,54,9,289,63,486,25,458,45
K07216,0,0,0,0,0,0,0,0
K09471,42,49,287,84,558,81,696,222
K07010,2,12,94,43,479,13,657,34
K01915,5,3,164,26,665,26,934,44
K11073,63,44,542,102,1125,136,1319,258
K11076,28,7,197,106,464,30,540,86
K11075,8,0,66,9,359,20,435,35
K11074,26,6,117,34,443,25,454,28
K01271,3,1,15,7,182,4,230,13
K03284,36,6,181,38,460,27,450,41
K06189,29,12,120,27,354,26,327,44
K07042,7,7,97,19,159,7,180,36
K06217,2,23,115,14,420,26,468,161
K09017,55,19,188,65,516,52,645,192
K01990,38,10,209,51,382,34,444,152
K01992,0,0,0,0,0,0,0,0
K06168,15,5,60,5,375,7,394,24
K08309,20,9,85,34,541,29,707,38
K00411,76,39,596,98,547,177,588,110
K00412,33,21,615,101,1087,95,1683,71
K00413,65,19,634,115,732,118,915,70
K03599,136,61,1530,356,1175,193,1435,377
K03600,44,37,295,97,260,70,287,281
K00767,6,6,47,6,411,7,459,22
K09791,12,2,29,3,111,9,172,17
K01588,19,25,233,27,362,42,379,78
K01589,80,24,336,89,485,61,476,99
K04564,1,1,12,1,79,1,69,5
K01607,0,0,0,0,0,0,0,0
K07390,36,14,155,26,381,13,424,63
K05595,14,7,56,17,542,19,621,40
K03269,0,9,68,13,103,18,115,40
K00764,32,6,79,29,452,12,558,48
K03558,24,5,121,21,241,23,251,81
K03749,33,9,113,46,341,28,388,80
K11754,81,27,415,95,605,131,840,203
K22305,5,2,66,8,375,15,315,30
K07391,72,64,500,170,1030,52,995,316
K09806,8,6,43,11,93,11,109,41
K04752,25,6,150,46,196,22,244,63
K05982,1,0,1,1,14,0,9,0
K01834,20,4,177,33,723,36,838,71
K07017,29,11,150,36,498,32,561,35
K08223,0,0,9,1,216,1,329,6
K03325,0,0,0,0,12,0,14,0
K03741,6,7,36,8,347,7,374,44
K03924,6,2,48,11,476,15,533,20
K01447,1,4,17,6,962,10,1184,4
K02172,43,59,255,120,454,83,507,141
K06877,19,14,70,37,553,65,709,46
K07502,0,0,0,0,0,0,0,0
K00943,0,0,0,0,0,0,0,0
K22719,50,30,215,96,664,67,693,94
K03797,37,30,459,135,654,101,757,270
K06076,413,740,4749,743,7640,1504,7681,3560
K03832,2,1,13,6,307,1,241,3
K11209,14,14,171,35,737,30,1073,88
K01278,78,24,439,88,1385,108,1655,124
K08994,16,17,102,51,304,35,365,51
K12262,0,8,68,23,241,22,312,23
K20975,16,12,188,44,398,59,489,167
K07112,0,0,0,0,0,0,0,0
K07112,0,0,0,0,0,0,0,0
K22042,0,0,0,0,0,0,0,0
K04754,1,3,40,14,148,18,157,20
K09760,26,17,153,16,643,47,796,91
K00432,0,0,0,0,0,0,0,0
K11250,7,2,24,6,434,8,530,15
K03294,15,6,102,19,296,15,393,44
K01273,2,0,23,12,368,4,475,3
K01262,0,0,23,9,312,2,232,4
K09895,33,29,283,94,470,80,471,114
K09892,4,9,62,12,192,3,258,22
K09888,13,14,126,32,214,22,215,64
K01934,13,6,41,11,194,13,203,41
K01807,24,11,222,28,549,33,655,63
K09005,0,0,7,2,185,3,194,9
K00761,16,7,111,23,296,22,369,48
K00681,21,27,233,81,624,118,707,89
K00954,216,73,1266,169,720,185,693,249
K08316,6,12,148,37,344,26,442,65
K04079,107,443,2730,530,3528,1178,3781,2496
K03110,24,28,270,108,573,79,678,120
K03575,9,5,100,13,537,18,602,71
K09810,0,0,2,0,2,0,2,0
K09808,54,26,366,78,388,71,421,175
K19168,11,11,100,24,143,7,172,28
K00239,37,68,835,139,949,177,975,464
K00240,0,0,0,0,0,0,0,0
K09159,0,0,0,0,0,0,0,0
K00242,36,28,321,50,417,90,436,159
K00241,20,17,331,69,413,59,433,205
K10112,31,22,85,35,182,41,190,78
K00036,75,15,590,90,812,79,875,276
K00845,33,5,125,39,259,17,265,35
K01057,13,3,90,17,182,18,172,24
K01690,0,0,0,0,0,0,0,0
K01625,0,0,0,0,0,0,0,0
K02026,16,7,92,27,394,36,454,44
K02025,1,0,13,11,179,4,127,13
K02027,3,0,24,14,338,3,438,6
K02529,18,11,188,76,637,60,669,88
K05527,24,19,96,76,119,35,99,51
K09780,47,17,201,62,236,37,228,76
K05896,7,19,122,43,357,31,455,173
K06024,11,24,81,23,376,31,527,102
K06178,200,41,806,145,1165,157,1107,323
K14287,25,5,111,18,533,32,588,49
K02193,0,6,30,13,309,4,365,40
K02194,5,0,24,2,202,4,252,7
K02195,5,0,40,12,382,13,422,32
K02196,0,1,5,1,20,0,23,1
K02197,7,5,16,8,148,10,215,9
K01682,2,4,68,29,1033,10,1184,40
K19156,33,19,178,72,177,25,211,72
K04066,0,0,1,2,43,2,53,3
K01286,0,0,0,0,0,0,0,0
K03327,14,7,100,19,746,15,816,62
K03648,0,0,0,0,0,0,0,0
K09811,63,44,379,152,576,93,552,118
K09812,0,1,20,2,38,2,31,8
K03732,62,34,429,132,701,66,871,148
K03671,23,56,536,72,600,111,545,251
K03628,88,69,762,124,1444,198,1425,617
K18118,0,1,6,2,96,2,111,5
K00982,42,18,234,52,952,61,1160,51
K09125,1,0,8,0,25,0,41,1
K01443,0,0,0,0,1,0,3,0
K02081,2,2,15,13,71,13,77,16
K16371,6,32,57,82,385,69,480,188
K02082,19,42,17,102,275,125,245,281
K03406,7,9,103,42,595,9,640,27
K03412,0,0,0,0,0,0,0,0
K00575,0,0,0,0,0,0,0,0
K03118,25,13,136,26,444,23,560,48
K03117,5,8,42,3,384,18,518,40
K20523,53,35,395,136,402,62,397,187
K03116,0,0,0,0,0,0,0,0
K07277,6,6,30,13,206,15,170,22
K11749,77,60,852,174,1565,163,1612,762
K00099,36,17,196,45,594,64,811,103
K00981,21,16,163,41,405,59,524,36
K23676,3,37,96,15,109,36,133,19
K06911,6,27,95,19,310,23,489,54
K06188,16,21,293,31,520,41,607,56
K06911,33,9,220,56,649,40,788,36
K00052,0,0,0,0,0,0,0,0
K00262,0,0,0,0,0,0,0,0
K18302,6,38,272,204,569,198,777,193
K18301,43,77,360,261,677,156,831,338
K00573,84,32,532,86,689,95,626,247
K12340,7,5,56,12,104,12,79,48
K02527,1,0,6,1,68,5,68,6
K02517,0,0,0,0,0,0,0,0
K13409,2,0,18,8,293,11,352,22
K07263,21,1,34,10,1127,4,1231,9
K13408,21,6,52,8,854,4,997,20
K00029,0,8,66,11,1008,15,1085,67
K11103,162,81,1158,229,1858,247,1934,1006
K10819,0,0,28,10,859,4,1195,19
K07221,4,1,43,4,473,2,459,8
K07221,3,1,15,2,550,2,610,2
K01753,18,6,120,22,603,16,569,24
K03299,2,0,20,8,482,4,668,9
K19337,2,5,54,4,371,5,342,4
K06015,3,6,40,16,498,4,431,23
K09022,32,2,50,29,325,12,512,30
K03312,51,9,320,79,1086,70,1387,165
K00285,0,0,0,0,1,0,3,0
K06949,9,5,80,24,725,21,889,34
K14260,17,9,234,35,1028,56,1475,104
K22278,5,5,39,21,404,13,490,33
K07390,19,22,338,85,755,40,846,191
K25232,30,7,256,30,761,77,794,61
K06927,0,0,0,0,0,1,0,0
K01070,2,3,12,6,61,2,64,5
K00121,27,7,160,23,387,11,447,41
K23239,16,8,107,22,304,21,413,40
K08309,0,0,3,0,6,2,9,0
K03719,6,2,25,1,39,3,36,5
K03559,0,0,0,0,0,0,0,0
K11939,1,0,6,3,76,0,54,4
K03673,23,28,195,60,626,60,714,187
K03673,38,43,372,60,701,112,909,199
K01752,9,1,48,3,396,12,449,10
K01952,6,1,20,4,205,4,222,13
K01183,2,2,5,4,766,4,941,2
K04750,2,6,35,11,249,18,256,2
K01467,60,19,368,86,947,70,1186,83
K12132,44,12,190,50,814,24,802,24
K01838,52,44,317,128,463,66,443,150
K17686,1266,1018,10490,2302,11517,2127,11195,2345
K19591,40,82,540,114,799,183,898,176
K12685,10,24,186,37,460,21,431,144
K00564,0,0,0,0,0,0,0,0
K07386,39,25,336,42,988,50,1025,91
K03147,4,6,35,19,817,5,971,21
K02014,227,22,911,67,1967,122,2209,610
K01507,15,11,115,42,445,19,548,47
K15987,32,6,81,16,197,26,204,6
K21071,11,2,53,29,1193,12,1465,22
K00939,136,211,1401,140,959,317,904,737
K02558,60,42,301,63,602,104,792,155
K01821,2,0,2,0,37,1,40,1
K18364,5,5,34,4,384,9,461,18
K04073,3,2,32,7,322,6,423,14
K01666,4,6,48,8,378,9,468,14
K01617,3,5,26,11,390,3,476,8
K03975,7,0,18,10,75,12,90,13
K07157,0,0,0,0,0,0,0,0
K13775,1,0,4,1,75,0,84,14
K10716,0,1,7,6,99,5,95,7
K00821,0,0,0,0,0,0,0,0
K20866,1,0,3,0,277,1,363,7
K01845,4,0,33,3,474,12,514,3
K00788,9,3,119,16,395,13,484,16
K09005,9,18,103,15,243,11,320,84
K08641,4,0,33,2,212,4,229,14
K13282,106,58,690,234,688,187,709,353
K13051,79,31,441,98,640,76,843,163
K02421,8,4,18,28,259,5,291,7
K02419,1,1,5,3,466,1,488,1
K02418,2,6,21,8,36,4,51,5
K02416,4,0,35,3,142,8,132,7
K02417,0,0,0,0,0,0,0,0
K02415,0,4,29,9,190,10,266,4
K03294,18,26,373,50,969,53,1098,116
K09164,16,2,34,12,122,15,158,6
K01447,3,0,3,0,9,1,10,1
K12297,49,30,327,55,854,56,816,180
K00019,0,0,0,0,7,0,4,0
K07518,47,16,673,60,833,71,987,73
K09975,4,1,42,13,199,7,242,29
K01266,6,1,23,12,412,10,549,5
K03683,0,0,0,0,0,0,0,0
K09929,6,10,107,19,370,19,446,50
K09930,0,4,38,15,256,12,324,21
K02274,23,6,180,34,194,40,247,17
K02258,0,0,0,0,0,0,0,0
K02275,85,26,668,140,835,131,1038,63
K01778,0,0,0,0,0,0,0,0
K01354,52,11,214,64,448,83,465,114
K09790,0,0,0,0,0,0,0,0
K02836,84,28,323,143,580,93,590,260
K04567,3,0,2,3,19,3,31,5
K01897,5,1,47,6,120,9,82,14
K00058,22,28,471,51,696,65,688,224
K18143,4,0,9,2,42,0,48,0
K18144,14,4,79,22,323,7,376,19
K18145,2,1,38,10,444,17,557,23
K18138,20,8,66,17,1163,9,1496,44
K21023,26,8,105,28,481,40,617,44
K02356,0,0,0,0,0,0,0,0
K08683,0,0,0,0,0,0,0,0
K01640,47,11,171,41,560,29,595,51
K13766,15,0,70,15,381,5,436,13
K04758,3,6,10,5,139,3,174,10
K04759,43,15,344,65,676,43,849,102
K00215,29,28,176,47,335,40,400,61
K01956,47,43,332,63,705,72,725,178
K01955,88,62,661,110,1535,133,1713,232
K03624,45,6,223,50,223,37,252,68
K07462,6,2,21,14,579,11,738,44
K01007,0,0,35,5,94,3,143,28
K11991,0,0,0,0,0,0,0,0
K13288,0,0,0,0,0,0,0,0
K09773,34,17,218,60,577,47,626,139
K09920,15,17,170,67,288,23,274,123
K17103,50,11,122,26,242,20,252,67
K22881,96,32,364,100,463,74,444,87
K03821,38,3,165,51,492,20,519,59
K13821,3,0,7,7,129,6,98,7
K04750,4,1,26,11,216,6,286,3
K07032,3,5,20,5,198,10,329,2
K09019,0,2,23,7,222,4,257,4
K07276,22,12,125,39,677,34,716,41
K12373,0,0,1,0,3,0,3,0
K00575,5,3,42,14,168,14,257,19
K03411,11,5,77,23,137,4,172,9
K03412,5,4,80,19,191,29,278,33
K03672,0,0,0,0,0,0,0,0
K24217,24,4,93,29,329,22,316,40
K02298,199,91,1029,193,1106,317,993,491
K02300,0,0,0,0,0,0,0,0
K02299,0,0,0,0,0,0,0,0
K02297,204,128,1463,404,1999,429,2148,684
K06940,1,1,7,0,89,2,102,10
K18900,8,5,19,11,267,9,307,34
K09965,0,10,49,15,501,16,546,34
K06078,6,19,194,40,235,63,195,231
K09760,145,710,4118,748,3192,1348,3273,3364
K10680,2,15,33,9,576,4,651,80
K04084,13,12,191,43,701,64,851,92
K03926,4,8,46,16,207,19,225,70
K02655,6,1,56,2,398,4,535,10
K04078,113,413,1837,492,1382,867,1452,1816
K04077,171,492,2945,510,4609,1303,5025,2849
K03566,1,0,1,0,39,1,39,6
K00799,4,0,5,0,235,0,265,2
K02198,8,4,70,18,640,23,957,23
K02199,3,5,41,7,237,9,274,8
K02200,2,4,18,2,122,12,137,7
K00641,28,11,157,33,659,34,756,51
K16012,0,0,2,0,29,1,43,2
K16013,47,20,176,42,448,43,543,45
K00425,87,26,860,58,1762,160,1683,91
K00426,76,22,698,74,1180,86,1374,197
K00424,1,5,98,4,123,16,152,25
K03449,0,0,0,0,58,0,106,0
K00147,1,2,10,5,41,5,56,8
K00931,22,7,147,42,486,32,516,46
K01755,8,11,88,49,469,34,517,92
K09780,0,0,0,0,0,0,0,0
K00145,14,55,280,134,634,103,577,247
K22478,9,36,208,104,395,79,450,222
K22479,0,0,0,0,0,0,0,0
K01940,32,86,212,108,558,276,608,252
K09065,64,142,464,231,776,355,940,491
K01883,26,22,183,56,599,59,714,85
K02426,5,2,9,2,245,1,270,8
K08225,1,2,3,3,84,2,81,4
K06204,1,0,28,2,63,6,53,8
K01465,39,37,492,29,842,71,956,213
K22292,35,1,78,13,200,24,218,32
K00568,0,0,0,0,1,0,0,0
K12960,44,7,244,66,401,44,352,53
K02356,1,0,11,0,60,1,69,6
K21023,33,28,498,92,640,60,679,190
K19810,0,0,0,0,0,0,0,0
K02533,21,4,116,57,371,29,478,19
K01092,9,8,83,13,329,15,320,64
K03799,15,7,86,31,277,40,229,103
K01894,2,25,82,18,285,18,284,25
K00023,15,8,123,38,545,35,573,69
K02014,4,6,15,2,570,2,592,19
K13639,0,0,0,0,25,0,23,0
K00286,13,14,98,10,233,29,191,23
K06997,67,20,154,45,301,31,320,86
K02669,47,33,763,102,1005,71,1054,281
K02670,40,12,295,66,565,30,551,94
K01246,1,0,7,5,244,1,286,4
K07735,45,30,143,34,311,24,365,62
K07447,5,5,21,13,160,13,175,23
K00609,2,1,19,7,51,2,47,7
K07234,0,0,4,4,59,1,88,5
K06213,5,0,59,3,434,5,629,2
K02784,6,2,56,9,56,13,68,12
K06958,28,10,105,39,199,36,249,51
K06023,8,10,172,27,412,45,471,61
K03092,84,241,2379,216,1551,261,1939,795
K05808,0,0,0,0,0,0,0,0
K06861,25,14,160,54,477,35,485,129
K09774,17,18,170,56,240,41,292,85
K11719,6,15,100,32,362,16,367,88
K03270,0,0,1,1,22,0,24,2
K06041,27,26,191,37,350,45,394,115
K00790,38,18,340,63,552,54,632,103
K11175,40,81,234,97,348,122,403,605
K08984,0,1,0,2,39,0,33,1
K01933,13,6,90,36,375,14,397,52
K09938,192,146,716,322,681,160,527,313
K10763,2,2,21,13,60,15,109,15
K00992,0,0,1,1,11,0,12,0
K07102,2,3,50,18,161,11,190,12
K02237,0,0,0,0,0,0,0,0
K02014,50,17,1739,160,1965,192,2486,103
K01874,39,8,324,62,789,52,954,133
K18697,5,5,78,31,234,22,252,40
K03616,0,0,0,0,0,0,0,0
K09022,0,0,0,0,0,0,0,0
K14205,2,2,24,12,340,7,335,32
K22278,0,1,0,0,63,0,80,3
K01975,13,2,62,34,266,6,287,46
K06193,1,1,15,0,115,6,166,1
K04046,3,3,12,7,298,1,410,19
K11621,18,25,90,39,200,70,241,106
K03088,89,176,468,420,362,397,439,627
K08159,20,3,89,37,435,16,538,57
K06204,0,0,0,0,0,0,0,0
K09912,23,31,263,58,237,47,208,228
K07043,6,0,12,8,245,6,266,8
K07862,21,0,49,8,210,15,275,10
K06132,4,2,10,6,286,3,255,12
K06895,7,3,19,16,48,9,52,41
K05596,0,3,24,13,507,4,556,19
K06077,0,0,0,0,0,0,0,0
K02298,32,24,205,56,742,82,822,109
K02300,0,0,0,0,0,0,0,0
K02299,0,0,0,0,0,0,0,0
K02297,10,14,173,30,777,68,919,88
K01870,54,26,289,110,527,65,687,152
K03527,0,0,0,0,0,0,0,0
K03101,0,0,0,0,0,0,0,0
K11753,44,18,206,30,207,56,229,99
K03980,61,24,243,79,448,83,491,139
K03979,6,7,65,56,571,9,638,60
K02968,0,0,0,0,0,0,0,0
K02899,23,3,45,26,127,15,81,43
K02888,80,95,1114,123,965,277,772,865
K03701,87,68,714,169,1725,149,1985,642
K07107,0,0,0,1,0,1,0,0
K09796,0,0,5,2,6,0,11,2
K13238,50,16,331,47,397,52,374,89
K10805,4,7,87,34,445,28,440,47
K03088,5,2,51,20,249,9,254,18
K21420,8,6,87,23,334,17,447,110
K01083,0,0,0,0,0,0,0,0
K08289,13,7,117,41,787,22,840,45
K06889,13,8,58,9,343,22,430,24
K07260,2,0,25,3,306,4,364,7
K01247,0,0,0,0,0,0,0,0
K07778,17,32,221,46,548,84,805,108
K06977,33,25,294,62,515,69,631,186
K03610,29,39,276,42,358,99,457,128
K03609,33,38,414,62,629,77,665,206
K03608,4,2,28,4,48,5,61,3
K07165,0,0,0,0,0,0,0,0
K03088,0,0,0,0,0,0,0,0
K02379,14,4,133,38,707,26,867,63
K16138,20,6,191,25,580,21,700,113
K19595,18,16,129,25,605,18,606,39
K19594,10,13,94,31,1383,31,1826,33
K19593,1,7,39,4,595,19,677,12
K19591,4,2,90,13,287,2,304,23
K01286,6,6,93,19,813,23,805,48
K07345,4,9,44,6,290,10,380,22
K15540,4,9,58,8,733,10,1044,45
K07347,6,2,29,8,721,6,1000,10
K07677,33,14,167,62,905,47,1102,35
K07687,1,1,3,5,23,1,24,2
K07687,21,6,120,29,409,21,364,32
K13633,54,44,192,63,516,65,528,115
K12132,5,1,71,16,307,6,376,22
K03687,107,329,1457,312,1903,710,2091,2159
K03631,29,31,236,81,639,73,711,183
K03711,8,8,49,32,134,9,112,40
K06186,0,1,24,10,162,7,201,36
K09801,0,0,0,0,0,0,0,0
K18588,5,7,37,22,91,14,61,28
K03664,2,24,231,52,443,44,543,230
K01358,0,0,2,0,129,0,194,2
K02278,1,0,6,2,193,3,279,1
K02651,0,3,35,7,121,14,203,1
K04033,2,2,16,12,453,8,499,2
K03286,5,0,20,12,337,4,352,9
K01869,131,40,1008,202,1570,193,1583,380
K03643,32,33,369,98,582,86,673,288
K02340,67,36,311,109,396,81,419,145
K00969,13,4,50,21,244,26,228,43
K09710,24,19,237,46,293,50,355,295
K00783,6,2,33,9,237,7,274,39
K08084,0,0,2,4,287,3,297,6
K03702,45,20,255,98,1040,58,1167,159
K02495,118,34,944,87,1217,121,1353,96
K02474,19,20,154,33,505,35,604,74
K22083,11,16,59,23,219,13,159,106
K07146,22,8,200,58,372,25,472,78
K07496,9,8,135,24,308,33,337,88
K03699,21,7,114,54,339,33,391,92
K07220,0,0,0,0,47,0,48,1
K03306,0,0,0,0,0,0,0,0
K01937,290,251,2394,615,2056,532,2244,1089
K01689,55,38,650,75,1091,139,1190,250
K05589,24,3,74,22,110,25,99,28
K00991,54,18,169,59,281,57,267,36
K01770,7,1,62,12,141,10,116,14
K06176,8,2,112,39,185,16,182,33
K03787,79,23,289,173,539,89,526,145
K00573,27,8,208,42,341,29,441,69
K02390,1,2,22,17,331,16,336,6
K02389,3,4,44,8,335,18,357,20
K02388,0,4,56,7,134,19,122,20
K02387,0,0,1,0,1,0,3,1
K03415,7,10,33,20,277,25,273,49
K02386,4,0,29,16,229,19,188,9
K02398,83,95,597,217,339,151,278,396
K21023,1,0,12,0,54,1,55,7
K02482,0,0,0,0,0,0,0,0
K07675,8,3,133,34,412,12,451,69
K21023,154,51,484,205,1167,139,1151,290
K03406,4,2,20,5,642,6,715,24
K07153,1,5,38,10,52,15,43,36
K00566,14,6,125,21,253,23,233,34
K12152,11,5,56,17,251,12,262,30
K06891,4,10,31,18,283,11,411,40
K03694,350,387,2679,741,2979,1227,3187,1674
K00684,0,0,0,0,2,0,2,0
K02518,0,0,0,0,0,0,0,0
K09919,4,5,36,6,279,11,296,21
K07098,2,0,18,17,293,13,270,29
K00384,7,16,142,33,491,31,641,101
K03466,108,85,441,244,1196,148,1295,305
K03634,30,97,517,107,721,119,763,509
K07478,28,27,301,70,580,65,762,141
K06199,2,1,86,14,148,9,167,23
K00845,22,1,146,65,342,45,400,70
K01444,11,3,35,12,72,7,76,4
K06201,0,0,0,0,0,0,0,0
K10954,3,2,20,6,296,1,306,8
K01061,16,7,88,20,277,25,280,42
K02523,20,3,60,19,89,14,101,13
K01187,22,4,77,9,647,0,778,15
K16211,10,2,47,4,596,8,731,12
K00701,19,4,134,7,682,6,925,16
K02529,2,1,14,7,317,2,417,7
K03111,74,29,377,98,573,78,683,125
K03305,3,1,8,1,69,0,99,1
K01303,141,26,825,138,1544,160,1596,254
K03596,28,23,160,42,661,52,859,113
K03100,0,0,0,0,0,0,0,0
K04771,72,49,590,257,1073,138,1233,523
K03597,80,144,949,245,1274,413,1466,818
K03088,164,345,1262,527,907,600,993,1890
K01782,54,46,439,113,875,134,1013,201
K16264,23,26,121,81,387,38,359,147
K03805,59,115,660,173,765,224,801,837
K02199,5,13,263,25,489,53,600,117
K13069,0,1,14,2,100,2,139,9
K03759,8,0,241,78,1043,47,1460,21
K01584,16,19,746,88,1265,105,1673,29
K03759,2,4,34,13,492,7,644,8
K03555,27,10,321,59,770,50,854,117
K00799,0,0,2,0,104,1,135,0
K03781,16,20,344,53,954,70,1149,46
K04762,2,1,19,0,262,4,230,8
K03327,0,1,6,6,109,0,140,4
K02014,9,37,133,170,854,283,860,93
K03977,69,33,482,193,573,95,496,235
K21147,48,32,200,59,597,45,711,52
K11747,13,4,120,30,989,27,1284,67
K01491,47,21,165,59,533,52,615,45
K00088,93,85,1121,280,1305,238,1582,966
K01951,60,23,415,107,766,91,899,208
K01662,2,2,12,2,85,3,80,11
K20035,18,13,112,47,730,53,995,63
K02014,38,54,298,94,1606,138,1937,96
K03088,19,15,40,20,148,17,155,10
K07165,33,12,61,26,235,26,324,12
K12941,26,16,159,32,606,40,558,25
K07733,0,0,0,0,151,0,194,1
K01872,34,20,184,91,704,68,899,89
K03563,50,51,254,423,394,75,441,365
K00941,18,8,70,24,205,13,286,33
K07175,11,14,167,21,287,71,315,49
K03564,6,1,111,6,330,14,389,32
K03567,3,8,143,18,343,39,351,41
K01714,16,0,189,36,505,24,664,127
K07287,13,4,65,12,67,20,94,44
K05524,0,1,21,0,33,1,28,38
K00970,42,30,520,102,605,71,578,305
K00950,50,10,110,61,244,30,334,68
K00606,20,11,179,41,430,60,477,123
K01918,34,4,215,44,490,31,581,191
K01579,2,3,44,9,329,12,383,37
K01810,59,17,278,69,478,85,447,119
K15011,10,9,85,12,280,15,264,31
K15012,0,0,0,0,0,0,0,0
K08300,1,4,21,15,235,8,278,15
K03526,0,0,0,0,0,0,0,0
K19302,0,0,0,0,0,0,0,0
K07689,0,0,0,0,0,0,0,0
K06179,11,12,143,34,213,35,265,62
K07238,1,1,13,2,116,2,199,13
K03832,4,6,42,6,240,23,393,39
K01724,28,30,217,30,348,35,430,114
K07400,37,57,431,111,508,76,673,248
K03585,35,11,108,59,405,73,374,44
K03296,48,15,285,127,1229,160,1374,153
K06911,10,14,66,13,727,18,860,33
K02106,1,2,4,4,233,2,337,2
K03656,17,8,92,44,332,12,399,25
K03790,0,0,0,0,0,0,0,0
K03670,3,10,40,22,615,14,687,34
K00857,0,0,0,0,0,0,0,0
K10563,15,12,65,36,837,20,807,39
K00507,17,17,141,53,433,56,541,69
K09474,1,1,4,4,330,5,379,12
K02014,8,2,34,15,968,12,1212,22
K01183,0,0,0,0,0,0,0,0
K07001,47,25,153,43,292,39,323,68
K03719,0,3,22,7,98,4,134,13
K00500,0,0,0,0,0,0,1,0
K23240,0,0,0,0,0,0,0,0
K02014,3,5,398,22,362,12,553,36
K06911,2,2,3,0,74,1,81,0
K01626,18,3,96,24,351,31,412,67
K06207,11,7,88,11,496,20,620,66
K03767,44,35,432,105,811,107,964,261
K00024,74,55,863,87,1330,201,1466,344
K06177,4,2,0,4,460,0,683,0
K01908,9,65,101,103,683,82,780,25
K02483,4,2,34,11,331,10,371,3
K07305,0,0,17,4,291,5,303,6
K07304,0,0,6,1,31,0,58,2
K00799,0,0,0,0,0,0,0,0
K00219,62,96,585,255,949,118,1074,1697
K01449,0,0,0,0,0,0,0,0
K07149,0,0,0,0,0,0,0,0
K03286,1123,1405,17556,2174,17193,4191,17077,10995
K06178,1,0,2,2,24,0,22,2
K00639,6,1,18,4,126,2,146,7
K07221,23,2,79,9,673,6,686,5
K23163,3,2,19,0,401,6,430,9
K02046,0,0,13,0,312,0,423,0
K02047,0,0,6,4,461,0,627,1
K02045,4,4,13,4,313,3,312,2
K00060,1,2,19,4,234,1,165,17
K00602,23,13,156,19,346,36,376,46
K01945,25,6,134,32,291,19,253,25
K05275,0,0,0,0,492,0,416,0
K03566,0,4,64,10,548,12,549,33
K08224,2,0,0,0,162,2,216,0
K05939,16,28,172,35,1186,39,1400,59
K03807,2,0,20,3,109,2,121,16
K03426,55,20,350,48,459,58,537,118
K15724,7,23,131,72,114,49,112,156
K20976,10,3,102,27,828,24,960,36
K03594,89,40,634,334,328,85,398,312
K08311,112,84,778,429,581,155,655,423
K02192,0,0,0,0,0,0,0,0
K02996,6,0,7,2,294,4,243,5
K02871,35,67,795,114,648,263,738,610
K06134,11,16,143,35,233,25,241,94
K11741,0,0,0,0,0,0,0,0
K10914,39,28,380,52,886,63,1279,389
K07090,10,1,22,3,132,10,192,30
K18697,2,1,8,1,72,2,103,0
K01609,14,13,155,29,171,35,183,63
K00766,12,5,132,15,467,33,629,34
K05834,18,4,64,27,238,16,271,13
K01658,2,0,34,2,236,2,230,6
K01657,33,14,230,39,868,22,826,121
K07029,41,15,269,74,661,44,777,196
K00657,3,7,43,7,91,9,108,20
K01783,20,4,129,12,268,10,332,35
K01923,33,13,361,45,946,53,996,238
K05559,61,34,385,94,1304,106,1455,254
K05560,4,1,23,13,101,2,135,26
K05561,6,11,135,39,566,25,760,65
K05562,2,0,17,0,193,3,247,9
K07301,1,2,15,2,67,3,93,2
K05563,0,0,0,0,0,0,0,0
K05564,0,0,0,0,0,0,0,0
K00451,14,6,81,14,250,26,318,15
K00457,31,14,182,40,348,18,442,42
K03305,56,27,305,74,695,65,754,144
K00453,46,33,381,177,807,63,912,248
K00167,48,47,415,77,658,118,763,133
K17290,11,7,42,5,82,6,99,9
K03088,0,4,20,4,197,1,262,4
K19713,79,23,357,58,560,46,671,78
K06901,0,0,0,0,0,0,0,0
K06020,0,0,0,0,0,0,0,0
K00600,89,45,988,157,1593,183,1763,453
K07738,11,4,59,25,182,9,171,23
K11752,23,7,97,27,775,16,934,26
K00793,57,19,145,151,318,52,291,133
K14652,48,20,185,54,687,40,822,72
K00794,12,6,160,35,258,41,372,92
K03625,18,10,166,22,294,25,336,96
K00946,26,4,109,12,551,10,607,12
K07131,1,0,9,3,99,0,180,1
K00104,4,2,4,1,29,0,27,4
K06945,0,0,0,0,0,0,0,0
K07121,35,8,153,34,323,22,367,36
K07038,0,0,0,0,0,0,0,0
K07460,0,0,0,0,0,0,0,0
K07056,22,6,135,20,378,18,472,44
K03925,93,16,354,137,595,79,625,128
K03438,111,31,541,100,573,96,604,142
K03586,4,2,20,4,54,5,54,9
K03587,52,11,287,107,710,57,871,104
K01928,65,6,338,83,645,90,710,93
K21757,1,0,4,3,286,3,299,4
K01638,14,387,338,95,746,173,870,55
K01637,0,306,190,90,828,115,1081,41
K01968,17,11,132,48,563,11,393,81
K01969,32,14,149,37,869,27,949,31
K00253,30,9,144,34,589,16,641,23
K07004,37,3,116,39,556,18,690,44
K07018,12,9,57,10,249,20,262,37
K06916,14,24,115,50,524,45,616,61
K00525,170,80,2323,440,3606,362,4013,484
K00526,28,28,680,86,1230,91,1477,122
K10806,15,11,133,92,261,25,362,69
K11414,21,17,188,44,661,35,949,121
K01433,1,6,60,23,208,14,245,75
K08281,15,10,46,17,242,5,307,17
K00549,0,0,20,5,106,14,121,3
K07507,0,0,0,0,0,0,0,0
K03073,69,38,410,222,537,104,592,398
K02601,38,32,568,67,652,74,611,425
K02867,203,133,2309,665,2060,374,2005,1223
K02863,208,110,1897,256,2831,486,2641,1089
K02864,337,97,3564,315,5613,732,5193,1679
K02935,133,52,2713,315,3333,413,2751,1286
K03043,891,210,6379,1115,8521,1168,7985,2722
K03046,799,204,5492,919,7471,1237,7083,2298
K02950,27,52,365,180,347,131,419,189
K02992,101,65,1331,232,1000,243,883,705
K02355,372,295,4414,711,4641,1213,4968,2567
K02358,1382,528,13583,1833,10853,2447,10176,6242
K02946,192,158,1169,694,1387,531,1231,1280
K02906,145,99,1359,276,1969,481,1776,1063
K02926,240,78,1326,331,2246,324,2302,980
K02892,17,25,205,85,540,88,561,186
K02886,232,75,1531,327,2476,404,2306,853
K02965,52,19,279,104,686,101,588,216
K02890,161,48,704,232,1036,176,983,370
K02982,282,106,1885,530,3048,529,2800,1210
K02878,139,57,804,192,1274,248,1137,382
K02904,34,7,251,70,336,62,298,116
K02961,145,38,728,229,961,167,839,332
K02874,162,55,1109,344,1771,210,1597,628
K02895,200,54,833,200,1115,279,1004,457
K02931,230,113,2056,573,2492,463,2299,985
K02954,210,64,1699,260,1628,304,1453,704
K02994,59,80,784,167,1218,207,1082,1037
K02933,56,51,743,131,1193,143,1196,848
K02881,53,60,462,80,751,135,735,386
K02988,335,92,2158,445,2059,436,1786,1037
K02907,17,4,187,16,195,33,156,89
K02876,230,45,1611,278,1690,338,1489,609
K03076,178,61,863,225,1447,156,1325,379
K02952,28,74,805,184,748,147,681,538
K02948,24,22,382,57,642,114,581,440
K02986,92,123,1500,332,1525,349,1478,1069
K03040,167,139,1588,354,2212,600,1944,1076
K02879,34,45,944,133,1014,170,1025,696
K03611,11,9,67,4,209,24,218,22
K06968,1,0,4,0,55,2,98,5
K02014,5,10,119,17,848,17,952,99
K03300,0,0,9,0,276,2,325,15
K07221,3,2,8,2,666,5,908,8
K07774,14,5,18,15,206,2,228,14
K07649,2,2,28,9,273,9,340,19
K01886,3,3,29,8,109,7,86,1
K00799,49,6,180,29,440,57,471,41
K07304,43,15,241,57,412,58,506,85
K00616,13,6,48,28,193,10,234,28
K06140,8,7,80,28,205,21,218,27
K04761,2,2,14,1,135,5,122,7
K03387,16,11,126,26,598,24,558,44
K24119,16,38,467,43,530,50,607,182
K02493,23,16,141,67,567,35,783,130
K06880,5,2,33,6,487,8,573,12
K01259,8,3,206,21,303,9,355,86
K01515,0,1,10,0,59,8,46,2
K00324,164,85,996,269,728,225,689,245
K03088,39,20,78,37,144,47,219,60
K00325,16,2,106,28,365,24,372,31
K02014,2,9,153,24,737,16,848,37
K01021,0,0,0,0,0,0,0,0
K00826,150,110,1490,193,1220,379,1153,387
K14645,4,0,9,5,464,3,552,3
K03976,0,0,1,1,6,0,7,0
K01424,10,5,60,12,223,20,224,17
K03809,7,1,45,6,92,9,127,8
K07058,8,12,94,20,502,19,673,58
K09667,16,2,89,19,481,8,497,8
K22468,0,0,0,0,0,0,0,0
K02199,0,0,0,0,0,0,0,0
K02835,4,6,33,5,479,4,466,13
K02492,9,4,106,26,488,29,573,46
K02494,48,24,193,44,270,63,299,49
K00919,22,33,145,122,836,71,1134,230
K00948,33,37,410,99,850,96,794,376
K02897,170,98,2397,256,1672,243,1729,1015
K01056,40,9,119,21,245,24,305,53
K06942,2,0,7,0,39,2,40,3
K07677,14,3,31,8,247,0,283,12
K07687,0,0,0,0,0,0,0,0
K08968,8,0,33,11,112,4,148,19
K02233,1,0,11,7,143,3,213,4
K00768,19,1,44,15,223,8,211,28
K16092,37,17,233,53,1175,82,1251,293
K10834,0,0,0,0,68,2,64,0
K19611,14,42,1313,100,780,31,1139,118
K07017,0,0,0,0,0,0,0,0
K01091,2,5,211,13,435,4,652,25
K02346,26,13,95,30,989,30,994,57
K01716,12,10,52,18,282,11,276,46
K01414,18,22,260,74,267,63,293,98
K00647,0,0,0,0,0,0,0,0
K07233,2,0,19,19,226,5,228,32
K00351,6,2,9,1,30,4,58,4
K02014,9,26,103,93,757,55,828,69
K01759,16,92,392,99,623,129,749,417
K09953,0,2,5,2,161,1,199,4
K07258,19,4,39,26,464,8,340,16
K03642,224,60,545,177,899,151,775,381
K08305,57,54,248,91,546,100,635,160
K05837,8,9,46,33,52,15,51,33
K05515,15,0,27,8,536,8,614,18
K03570,7,2,25,8,254,4,277,17
K03571,0,0,0,0,0,0,0,0
K03569,13,7,104,22,682,33,738,66
K00856,12,2,116,17,432,11,573,63
K13985,41,32,284,66,715,87,718,181
K19736,3,9,36,16,179,9,205,26
K01254,2,5,29,3,188,6,166,13
K18138,138,96,814,266,911,177,1055,266
K03183,0,0,0,0,0,0,0,0
K03365,0,0,0,0,0,0,0,0
K03585,32,18,310,60,810,47,960,149
K03667,46,40,318,160,551,79,479,228
K01419,52,57,715,133,717,224,723,505
K03733,9,0,27,12,459,7,519,11
K09921,16,12,244,51,325,59,358,89
K06966,86,14,148,74,223,42,288,33
K08082,0,0,3,0,35,2,17,0
K08084,4,4,26,44,273,16,333,11
K02671,5,6,32,21,199,9,216,5
K02672,6,4,78,21,561,22,684,12
K02673,4,4,106,15,282,11,372,27
K02674,55,78,737,255,2876,206,3625,153
K02655,0,0,0,0,0,0,0,0
K03832,0,1,25,4,236,10,230,12
K09807,14,3,83,26,681,31,685,31
K06287,11,3,21,41,459,20,582,31
K08301,58,22,290,105,720,50,735,162
K03568,46,42,238,72,469,87,547,135
K09889,21,7,62,35,182,15,173,32
K03592,32,22,180,33,411,15,408,30
K00795,0,1,0,0,3,0,5,0
K09940,0,0,0,0,0,0,0,0
K04075,0,2,54,5,149,13,168,21
K03602,0,0,0,0,0,0,0,0
K01077,22,13,104,28,600,27,650,53
K06956,34,12,218,46,861,64,871,87
K06992,2,0,2,0,252,3,277,4
K18290,2,0,5,3,107,2,137,2
K01644,0,0,3,2,357,1,340,11
K16842,2,0,6,6,297,8,333,2
K00059,2,2,16,13,620,10,642,9
K13995,0,1,11,1,246,3,273,3
K16842,4,4,7,12,499,3,561,2
K16842,0,0,19,2,440,10,478,10
K00311,36,24,263,50,917,66,1172,68
K03417,37,15,162,45,492,49,626,51
K00076,0,0,0,0,0,0,0,0
K08738,0,0,0,0,0,0,0,0
K03710,7,4,81,18,638,19,647,57
K02014,30,30,98,58,1140,37,1209,97
K01703,2,2,23,5,486,2,511,8
K03832,0,1,48,0,69,0,121,2
K03559,0,1,51,3,40,0,56,7
K03561,8,5,439,15,350,3,374,46
K09790,0,2,48,0,59,1,85,3
K07280,4,6,647,21,453,6,512,51
K07215,0,0,0,0,0,0,0,0
K00425,6,4,43,16,958,9,1093,7
K00426,2,8,92,12,563,14,735,11
K18240,1,1,5,3,25,2,33,10
K02078,18,9,120,60,260,21,302,68
K00059,0,0,0,0,0,0,0,0
K00647,0,4,71,28,426,15,528,22
K09902,1,9,37,5,257,19,308,31
K03455,0,2,2,5,132,2,103,2
K06213,16,6,62,29,744,28,756,156
K09181,45,17,357,61,1587,51,1893,71
K06222,0,0,0,0,0,0,0,0
K19577,0,3,41,6,406,5,501,12
K05882,13,19,76,31,306,21,333,58
K06181,2,8,60,24,218,12,200,14
K08963,33,39,311,63,683,68,752,114
K01972,14,4,66,31,243,21,310,16
K04568,0,0,0,0,0,0,0,0
K03529,96,74,875,243,1552,160,1480,329
K03528,0,0,0,0,0,0,0,0
K02939,14,19,263,60,540,54,580,271
K02963,14,9,164,19,98,27,110,92
K02990,44,46,443,72,699,171,616,836
K19577,20,4,51,42,335,12,442,45
K01893,97,77,771,147,1356,192,1468,442
K07734,3,5,80,10,294,8,456,34
K01673,13,6,169,45,369,35,445,46
K00452,4,10,45,7,292,8,364,6
K01556,44,21,257,28,739,34,780,76
K00486,16,3,113,20,419,21,493,45
K01141,4,12,124,22,541,36,557,59
K18277,0,0,0,0,30,0,23,0
K15371,34,22,248,40,880,55,1087,153
K00858,0,0,0,0,0,0,0,0
K03585,33,13,229,93,595,71,634,123
K18138,43,60,546,151,1184,273,1465,431
K00249,0,1,7,2,70,0,67,6
K00548,44,42,430,107,678,71,657,202
K00548,113,64,1006,179,1445,170,1678,278
K05820,2,0,3,2,174,0,222,1
K09912,0,0,0,0,0,0,0,0
K00012,3,12,106,34,274,12,320,53
K03745,0,0,0,0,0,0,0,0
K03772,107,28,426,159,715,144,644,189
K00432,112,36,563,189,879,175,913,290
K11621,8,17,100,29,415,57,526,73
K01679,6,6,65,6,162,1,214,15
K01756,30,8,219,32,809,40,893,121
K18850,20,25,220,36,737,79,774,155
K02348,30,20,112,22,355,33,471,41
K00164,214,262,2816,648,3732,673,3744,1999
K00658,117,85,841,119,1707,238,1702,521
K08234,4,3,15,5,180,14,231,23
K06134,0,2,59,11,388,7,454,11
K01687,37,20,218,78,730,27,688,113
K03924,5,0,14,1,467,4,469,6
K06384,14,0,43,12,528,6,590,2
K01726,5,3,35,17,387,7,417,18
K07729,1,1,18,3,134,4,159,3
K09697,6,8,63,9,347,6,314,2
K09696,28,13,215,22,619,21,602,32
K00820,86,66,631,262,573,170,546,503
K02005,10,8,24,12,687,34,757,16
K02003,1,4,17,8,524,12,640,12
K02004,10,3,36,23,566,14,648,42
K02004,4,8,13,2,459,11,509,11
K02004,10,2,40,20,801,24,1076,25
K02004,0,0,32,20,592,5,586,8
K02004,4,2,41,21,619,13,617,19
K02004,4,0,14,9,699,4,875,6
K02004,7,4,50,24,386,4,424,12
K02004,7,4,33,0,470,20,562,24
K13598,4,2,10,9,182,5,144,19
K04042,27,4,63,18,239,15,235,18
K02112,94,36,576,69,867,115,787,260
K02114,0,0,0,0,0,0,0,0
K02115,10,23,250,37,504,59,465,137
K02111,112,35,606,169,981,115,897,270
K02113,323,51,838,193,653,168,562,229
K02109,67,17,208,66,405,71,406,127
K02108,33,33,573,60,901,147,994,269
K02110,0,0,0,0,0,0,0,0
K02005,111,35,256,89,446,173,387,41
K01990,2,1,11,10,467,3,491,9
K01992,1,0,10,0,320,0,337,8
K07778,0,0,32,7,249,4,278,15
K01255,25,4,72,15,73,12,62,13
K07693,0,0,0,0,0,0,0,0
K20862,13,9,106,19,291,26,241,33
K04771,32,34,511,69,605,93,718,213
K00525,130,61,1816,191,2519,182,2992,482
K07788,46,40,250,177,1338,67,1461,209
K07799,28,23,213,80,751,57,1213,245
K05782,0,0,0,0,12,0,22,0
K01792,4,3,22,3,577,2,601,14
K09858,1,3,9,2,446,0,534,2
K07090,6,0,2,4,574,1,633,7
K02014,3,3,12,1,164,3,187,2
K01495,8,3,47,17,180,6,135,35
K03581,13,4,51,16,835,8,1049,17
K03582,7,2,18,12,179,13,250,5
K03583,49,19,177,89,1157,83,1226,52
K02065,59,41,521,296,818,89,764,410
K02066,15,28,129,44,396,39,465,99
K02067,16,16,235,81,546,65,671,123
K07323,9,33,189,37,317,52,435,152
K07122,6,4,30,14,99,12,131,25
K19802,13,0,48,2,144,4,156,6
K05349,5,4,43,6,448,10,590,14
K21430,0,0,0,0,0,0,0,0
K16053,28,18,160,47,578,36,637,102
K25706,18,6,68,20,634,26,766,36
K01633,0,0,0,0,0,0,0,0
K02970,27,81,490,348,496,145,611,854
K09117,4,35,423,39,507,45,519,301
K07058,0,1,33,16,466,9,553,13
K02316,18,18,151,34,719,29,745,88
K14347,1,0,6,1,145,5,209,12
K02257,0,0,1,0,0,0,1,0
K02259,18,4,81,47,495,18,569,41
K14998,10,5,83,36,961,10,1142,39
K02276,21,14,234,43,397,26,437,28
K02258,29,11,266,71,376,37,439,29
K00382,12,6,79,28,441,38,507,25
K00627,73,42,274,73,433,64,458,111
K07275,36,208,766,129,710,269,725,1371
K02073,14,6,72,10,586,15,671,29
K02072,10,7,60,10,214,9,261,17
K02071,5,0,65,14,306,25,316,49
K15270,10,5,92,32,380,10,468,32
K09767,0,0,0,0,0,0,0,0
K00055,56,34,322,67,470,36,418,86
K00141,12,10,63,17,695,27,896,38
K09781,4,6,17,8,241,8,282,5
K09941,0,0,0,0,0,0,0,0
K03688,4,4,116,42,829,38,910,21
K05802,2,0,15,9,114,2,91,4
K01002,0,0,0,0,0,0,0,0
K03098,0,1,18,0,356,6,492,11
K01866,31,9,117,108,263,23,256,65
K19304,60,72,684,253,737,221,840,227
K09001,0,0,0,0,0,0,2,0
K08218,4,2,79,17,198,12,282,12
K01142,10,9,96,10,506,16,662,61
K00762,24,18,273,62,469,51,528,127
K01546,0,4,16,4,1003,0,1190,6
K01547,4,2,18,12,738,8,892,19
K01548,1,0,5,2,195,0,224,3
K07646,12,14,38,19,357,18,333,14
K15778,3,0,31,14,421,5,427,11
K07667,0,0,0,0,0,0,0,0
K13038,24,12,195,37,441,29,466,47
K01520,0,0,0,0,0,0,0,0
K03630,5,2,9,3,516,8,537,10
K01887,81,51,607,139,1238,100,1142,483
K03591,38,7,49,22,85,14,71,23
K05886,0,0,0,0,0,0,0,0
K00797,1,0,2,0,113,1,200,1
K12979,1,2,9,6,35,1,31,6
K00432,0,0,0,0,0,0,0,0
K03088,4,4,49,14,149,8,169,13
K01676,120,33,546,133,1056,135,1153,238
K00799,0,0,0,0,0,0,0,0
K01058,6,6,75,12,247,13,283,64
K00537,0,0,0,0,0,0,0,0
K09793,7,6,50,5,362,26,492,35
K06077,20,60,619,67,560,139,513,604
K03704,0,0,0,0,0,0,0,0
K22132,5,2,53,11,292,14,291,29
K03424,11,6,61,23,96,11,116,37
K06077,207,618,1725,713,1422,747,1640,2572
K00799,11,3,109,18,381,17,466,39
K11381,41,13,279,62,978,83,1054,58
K19784,21,15,316,52,364,47,388,35
K02314,53,34,374,133,705,91,856,435
K01669,53,22,234,115,420,58,438,111
K03286,0,0,0,0,0,0,0,0
K01902,0,0,0,0,0,0,0,0
K01903,135,70,1321,206,1765,255,1641,549
K02668,15,13,84,16,601,6,722,22
K02652,9,0,50,21,122,13,241,9
K02667,0,0,0,0,0,0,0,0
K23424,23,14,164,55,702,34,608,72
K02650,23,54,697,135,668,178,505,151
K02653,129,69,781,283,1026,155,1077,148
K02654,78,21,281,98,261,37,251,134
K00859,0,0,0,0,0,0,0,0
K05844,1,2,30,3,44,6,20,14
K12686,18,17,240,49,786,48,791,86
K03154,7,2,37,29,211,2,256,3
K03149,13,17,144,43,413,30,511,52
K03439,22,9,125,20,351,54,351,60
K01089,2,1,7,7,16,5,28,5
K00817,3,11,133,94,332,65,361,152
K00013,23,31,237,125,405,114,520,204
K00765,76,58,308,272,398,187,464,158
K01892,36,68,325,245,494,162,500,207
K01733,10,13,97,17,257,18,383,85
K01420,0,0,0,0,0,0,0,0
K12524,14,6,88,33,331,32,402,100
K00872,0,0,0,0,0,0,0,0
K01991,2,0,2,2,466,0,545,11
K16692,0,0,0,0,44,0,54,2
K25307,2,3,0,54,275,9,245,77
K13656,0,8,37,68,694,26,732,84
K01271,29,1,365,29,997,51,997,36
K21062,131,1,768,88,892,120,854,66
K22549,85,6,3021,154,4671,412,4294,233
K21061,146,6,848,119,636,85,495,84
K12658,63,2,303,32,369,24,302,25
K01734,0,0,0,0,0,0,0,0
K02014,10,0,126,18,807,6,855,16
K02014,8,2,167,18,1918,16,2395,25
K00874,5,2,13,4,206,4,210,7
K21405,6,8,59,21,485,14,569,12
K01625,0,0,0,0,0,0,0,0
K00138,7,54,184,99,852,82,926,26
K02014,10,13,211,91,557,36,743,23
K13953,0,0,0,0,0,0,0,0
K00832,47,20,497,108,1254,86,1317,151
K03841,44,7,199,35,898,25,1118,108
K06131,12,10,110,28,946,21,1142,47
K03474,7,9,78,13,409,20,535,30
K03559,0,0,3,0,426,0,485,3
K03559,0,1,7,0,10,1,19,8
K03561,160,105,1655,291,2064,310,2139,816
K03832,65,63,1125,141,1503,221,1499,542
K23010,42,39,586,45,544,86,533,212
K02470,40,12,183,23,667,22,743,49
K07052,0,0,0,0,0,0,0,0
K03629,240,169,1651,487,1626,272,1823,930
K02338,6,18,106,30,1734,28,1732,84
K02313,127,74,1112,157,1644,232,1815,386
K02914,560,92,1346,347,1262,173,1223,699
K03217,141,24,593,172,1331,115,1417,288
K22278,45,24,351,53,1269,70,1203,146
K03650,43,13,181,70,556,56,611,53
K01126,1,2,4,10,333,2,435,4
K05794,58,28,306,64,537,66,555,110
K06969,69,47,649,101,1273,165,1787,320
K07733,0,0,3,0,102,1,91,2
K02314,10,4,38,16,446,5,643,26
K01868,121,74,712,284,1158,158,1243,473
K02520,427,101,1089,1083,840,209,857,786
K02916,118,143,1246,525,1312,231,1412,1355
K02887,43,113,1106,447,887,167,865,1543
K01889,26,21,453,86,536,64,594,175
K01890,173,45,876,185,1209,153,1230,258
K04764,48,29,225,131,258,45,224,165
K15270,1,0,7,5,83,2,56,3
K09712,0,0,0,0,0,0,0,0
K00075,2,2,13,2,273,3,478,4
K00254,13,5,135,31,517,19,582,57
K01627,0,0,3,0,28,0,43,1
K01784,1,0,18,6,116,7,102,4
K02279,0,2,18,11,234,1,288,5
K02280,0,7,24,6,630,11,801,16
K02282,0,2,16,2,338,5,381,6
K02283,4,2,32,6,439,8,440,12
K12510,2,0,15,2,254,3,313,10
K12511,0,2,23,3,230,5,256,6
K05838,12,65,463,64,868,203,947,375
K01286,7,3,49,4,365,1,347,26
K08234,0,2,9,11,236,2,333,1
K01990,4,3,86,11,342,6,267,14
K01874,6,6,78,14,381,33,497,44
K01876,66,12,385,91,653,76,680,146
K22441,22,9,107,11,334,17,313,12
K18189,86,35,412,125,517,115,613,239
K01159,16,6,71,53,211,17,240,45
K03550,23,18,173,43,509,35,513,98
K03549,23,10,202,50,922,40,1118,71
K03551,29,18,170,60,473,46,549,104
K07107,14,21,96,86,253,20,343,92
K03562,49,50,423,54,640,80,571,341
K03560,5,4,57,10,114,9,131,31
K03646,6,9,118,46,485,41,521,75
K03641,69,85,870,204,1406,294,1484,551
K03640,253,430,5024,578,3594,814,3981,3098
K05807,64,44,532,129,627,174,667,305
K10026,23,4,100,28,241,17,228,41
K06920,0,0,0,0,0,0,0,0
K12132,18,6,97,43,1128,15,1151,13
K03286,54,172,558,888,491,160,493,283
K02651,0,0,0,0,0,0,0,0
K01990,11,1,93,4,519,12,664,25
K07677,26,10,116,32,746,15,973,37
K07345,2,0,16,2,427,0,547,13
K15540,11,8,37,16,364,13,532,28
K07347,7,4,38,6,1044,4,1127,12
K07687,10,10,165,21,600,27,840,55
K07687,0,0,4,0,101,0,96,3
K00587,0,0,0,0,0,0,0,0
K02014,6,3,37,20,949,14,1098,18
K00845,2,0,4,2,531,0,516,6
K02014,5,4,52,4,1453,9,1431,26
K02014,0,2,18,4,1696,0,1879,27
K12373,8,6,70,25,1157,16,1212,26
K03793,0,0,0,0,0,0,0,0
K00950,0,0,0,0,0,0,0,0
K00033,27,9,119,29,160,25,184,59
K03797,42,38,408,92,721,99,801,274
K03644,115,53,718,266,1073,152,987,495
K03801,21,48,578,89,711,147,717,449
K09158,0,0,0,0,0,0,0,0
K07568,20,2,157,26,430,22,439,45
K02012,8,10,413,40,507,16,605,34
K02011,0,2,118,4,515,6,780,19
K00773,36,29,214,44,590,83,624,152
K03210,11,40,304,90,368,71,373,491
K21025,0,0,4,2,254,0,284,0
K00209,0,0,0,0,0,0,0,0
K06177,10,0,49,11,239,4,286,14
K09768,0,0,0,0,7,0,7,1
K03704,73,306,1080,584,1088,334,1030,6189
K00799,3,10,78,18,297,16,334,41
K08997,16,6,98,28,649,26,839,32
K00759,2,0,18,7,77,5,121,7
K05591,3,2,37,13,341,13,445,15
K03406,0,0,2,0,2,0,3,0
K03406,11,49,261,105,823,88,778,200
K03408,0,0,0,0,0,0,0,0
K03406,6,6,78,17,553,16,635,60
K21087,0,0,0,0,0,0,0,0
K03406,0,14,36,18,881,24,839,17
K03407,21,16,121,47,920,27,1116,231
K03413,22,13,193,26,129,49,148,103
K03408,7,34,109,48,705,36,901,120
K03496,4,4,71,12,219,25,252,30
K02557,3,1,59,8,190,17,273,27
K03407,14,17,105,40,453,37,518,100
K02556,0,0,0,0,0,0,0,0
K03414,33,15,176,52,259,44,317,76
K03413,6,1,42,22,29,8,25,11
K02405,11,3,41,15,51,7,38,27
K04562,0,0,0,0,0,0,0,0
K02404,6,10,30,32,114,15,145,23
K02400,12,11,64,34,583,42,868,38
K07497,11,5,140,42,741,10,825,91
K07391,0,0,8,0,346,2,429,8
K03179,7,6,34,8,125,4,191,21
K21908,0,0,0,0,0,0,0,0
K02242,28,14,148,34,519,21,692,36
K01012,31,9,250,41,880,53,1081,182
K00652,48,16,379,102,665,61,662,182
K02170,16,0,56,12,289,2,347,36
K02169,0,1,18,3,204,4,229,15
K01754,4,0,47,18,612,23,728,26
K03495,88,69,789,133,1273,136,1321,364
K05916,34,10,375,18,1065,74,1080,31
K03722,10,7,41,14,759,19,800,20
K00014,27,9,127,18,186,24,248,32
K01698,13,1,91,13,275,20,376,31
K04773,54,40,584,102,1116,102,1304,225
K08081,1,1,9,2,61,1,83,4
K03168,31,11,145,32,493,20,602,45
K07566,0,0,0,0,0,0,0,0
K04096,104,79,670,248,690,181,792,314
K03747,0,0,0,0,0,0,0,0
K01462,17,17,205,39,569,40,686,149
K00604,96,37,404,153,452,51,519,132
K03500,15,0,23,14,69,9,53,18
K16567,17,6,108,18,470,33,479,58
K08981,33,7,43,18,306,37,277,15
K09167,0,0,6,2,61,7,37,5
K02517,76,113,712,186,534,217,506,366
K07560,0,0,25,4,457,14,672,13
K10536,12,15,162,31,349,40,337,110
K02919,10,11,60,19,122,9,108,41
K00945,29,65,483,182,550,162,647,385
K02945,675,422,6868,1243,4939,1505,4821,3965
K05788,39,16,66,43,189,30,189,48
K08992,4,8,55,15,91,11,131,45
K19804,75,31,410,103,461,69,529,183
K00963,0,0,0,0,0,0,0,0
K03684,2,0,11,2,106,7,117,4
K23010,21,21,141,43,427,27,604,74
K03601,0,0,0,0,0,0,0,0
K22278,0,0,1,0,3,0,4,3
K18979,20,5,90,35,320,25,313,58
K23997,99,29,234,83,396,67,439,74
K06925,11,14,108,22,314,19,327,30
K01448,101,111,533,275,807,219,861,463
K03572,57,35,407,101,642,102,729,166
K09164,30,6,106,39,347,39,437,17
K09973,26,4,116,16,332,27,427,11
K16165,17,3,74,23,336,15,353,60
K03282,14,21,246,35,421,31,360,101
K01302,29,17,92,23,376,34,380,24
K03214,0,0,0,0,0,0,0,0
K03310,0,0,0,0,0,0,0,0
K03296,33,9,237,95,901,40,1014,68
K03790,0,0,0,0,0,0,0,0
K03585,4,0,24,9,221,4,301,9
K00955,25,4,52,18,940,36,1140,33
K00957,10,2,109,35,580,23,573,34
K00380,20,0,84,1,859,15,1182,27
K00381,4,0,38,3,436,1,463,17
K02014,8,1,46,20,160,7,186,28
K00390,0,0,0,0,0,0,0,0
K02302,24,4,64,13,651,10,696,32
K01738,32,8,280,25,695,28,705,19
K23518,0,1,2,1,16,1,10,2
K01623,4,0,26,10,503,2,646,19
K00873,96,174,1909,223,1967,291,1915,1090
K01091,0,0,11,4,70,1,55,4
K00927,30,10,144,35,375,31,369,39
K03790,0,0,0,0,0,0,0,0
K00134,26,8,57,20,688,13,818,32
K07275,155,86,2129,86,2169,371,1998,275
K02172,13,1,57,25,216,11,247,6
K05986,0,0,0,0,0,0,0,0
K02171,4,6,46,14,251,0,235,11
K01406,6,14,56,19,1539,8,1915,40
K11004,3,4,2,2,713,2,808,2
K00615,2,0,22,1,89,2,71,6
K11003,0,0,0,0,0,0,0,0
K03309,44,36,437,74,872,98,923,203
K07114,9,16,64,59,509,15,612,46
K03924,4,2,16,9,32,3,28,14
K02666,21,30,288,124,649,90,804,249
K02665,57,17,280,73,299,50,312,52
K02664,25,9,114,33,252,17,292,19
K02663,36,23,161,43,372,24,343,33
K02392,0,4,85,24,390,36,416,18
K02393,2,4,40,19,257,19,283,9
K02394,11,15,99,30,310,29,344,38
K02395,8,19,67,38,415,43,473,34
K02396,16,26,251,77,748,70,682,81
K02397,8,15,134,61,479,58,527,35
K02406,44,36,460,174,1030,237,1033,167
K02406,104,198,2068,447,3115,768,3362,1482
K02407,30,51,432,148,872,102,990,241
K02422,6,30,110,45,240,58,273,89
K03092,8,6,135,23,498,36,541,47
K10941,19,27,203,69,670,90,738,44
K02408,0,0,17,5,221,7,202,6
K02409,2,6,56,9,447,38,521,14
K02410,6,5,74,31,431,28,505,29
K02411,13,3,48,31,160,9,151,6
K02412,0,2,62,22,397,22,502,29
K02413,4,0,34,15,73,3,64,10
K02414,2,4,44,18,440,21,593,18
K02415,1,1,5,2,161,6,156,0
K08224,0,0,0,0,0,0,0,0
K03777,4,2,44,39,1006,50,1442,54
K00101,8,6,58,13,449,11,517,5
K00427,21,5,69,20,442,17,569,45
K14348,0,0,0,0,0,0,0,0
K03100,0,3,11,1,468,4,489,26
K01284,21,8,163,33,414,30,548,97
K15034,0,0,0,0,0,0,0,0
K11936,97,8,885,115,1112,108,1194,142
K09924,0,0,0,0,82,0,122,0
K03688,47,14,181,66,529,32,473,91
K06175,0,0,0,0,0,0,0,0
K03690,9,22,134,38,506,32,561,55
K01921,57,67,759,85,1019,153,1204,391
K03722,24,18,116,45,213,29,235,61
K03832,0,0,0,0,0,0,0,0
K14742,0,0,0,0,0,0,0,0
K05365,43,14,227,88,739,70,895,100
K21001,10,2,43,6,232,28,258,30
K03578,72,24,413,125,965,137,1128,131
K04047,34,90,903,77,1110,154,1429,238
K03654,0,1,2,4,98,4,175,5
K02014,0,0,5,2,311,0,441,4
K05782,0,4,15,4,267,2,316,7
K00375,4,2,11,6,316,9,345,10
K02014,2,2,37,2,528,15,619,14
K02536,111,40,436,137,547,108,648,162
K02372,36,20,292,62,290,33,366,111
K00677,90,30,400,100,453,91,561,170
K00748,17,4,70,21,79,26,113,41
K03470,0,0,0,0,0,0,0,0
K02337,54,14,320,89,1445,48,1759,191
K01962,43,21,342,108,442,41,416,158
K08973,15,5,29,3,158,6,130,19
K05973,8,90,242,279,609,118,592,422
K18924,0,0,4,1,7,2,4,1
K10947,0,0,0,0,0,0,0,0
K03892,0,11,42,10,174,9,160,83
K07397,9,15,109,30,179,7,188,76
K22320,0,0,2,0,112,0,130,3
K22319,23,12,116,51,1278,36,1526,24
K16862,2,3,20,8,146,7,144,34
K06940,0,0,0,0,0,0,0,0
K22318,21,8,135,12,638,9,668,62
K22317,1,0,0,0,16,0,19,1
K07263,57,47,484,82,1112,79,1172,366
K18702,0,0,0,0,88,0,90,0
K03216,0,0,0,0,0,0,0,0
K01426,4,6,62,12,436,17,437,12
K01912,14,3,77,37,530,15,498,33
K01192,12,26,756,72,1530,178,1750,204
K00847,53,32,567,67,779,95,828,176
K02429,117,49,482,99,640,122,685,127
K02529,0,0,0,0,0,0,0,0
K02014,208,201,2694,280,5195,524,4990,1463
K00799,2,4,18,3,108,7,103,7
K03885,2,9,74,16,392,24,513,27
K03089,55,49,428,108,667,112,559,416
K02401,0,0,0,0,0,0,0,0
K01712,10,4,36,16,515,25,549,16
K01458,10,21,79,23,231,58,283,43
K01745,21,51,139,38,902,78,989,128
K01468,130,82,620,247,718,188,738,282
K05603,94,93,397,156,628,121,712,419
K07448,2,3,13,9,98,8,89,17
K05836,0,0,0,0,0,0,0,0
K06997,8,16,168,41,364,28,378,107
K00831,17,37,356,87,595,95,674,252
K14170,15,21,412,82,818,74,1090,188
K00800,17,5,128,10,336,32,379,56
K03832,0,0,0,0,0,0,0,0
K03832,22,85,135,104,285,84,313,216
K01875,98,74,680,131,769,122,838,287
K21023,3,2,20,9,242,7,216,32
K02171,0,0,0,0,0,0,0,0
K00265,204,156,1661,435,3185,463,3128,908
K00266,11,10,96,13,364,41,359,47
K09955,20,1,89,5,503,17,526,10
K13609,0,0,0,0,0,0,0,0
K02014,214,3,1047,65,1841,99,1910,65
K04090,0,0,1,0,14,0,9,3
K24180,0,4,22,2,327,8,468,25
K08296,42,23,404,41,336,67,326,51
K06132,2,2,38,13,239,28,185,18
K13243,4,0,25,4,1138,10,950,1
K19222,0,0,0,0,0,0,0,0
K03668,13,6,33,11,389,13,346,8
K06153,33,34,208,79,829,124,1054,246
K01915,30,46,434,41,1479,102,1566,128
K04752,1,2,60,6,430,6,439,12
K03320,16,14,108,18,565,30,669,88
K01613,0,0,2,0,7,0,4,0
K07152,10,4,31,10,307,9,421,11
K07320,39,16,324,44,573,62,589,121
K01736,81,22,445,106,637,98,685,144
K00090,22,4,160,61,471,26,464,63
K00133,17,6,365,26,997,54,1070,124
K08086,66,35,302,78,682,110,682,97
K06996,11,4,81,19,212,14,219,35
K06173,20,10,125,45,257,16,326,34
K01817,75,17,315,78,387,40,414,47
K03566,2,0,12,1,53,0,45,4
K01696,171,33,1268,153,2739,135,2635,398
K01695,109,12,610,30,1140,57,1010,75
K01963,88,43,419,121,476,103,404,146
K03431,173,32,538,203,639,107,719,198
K01803,18,18,230,101,420,62,423,110
K03075,36,49,280,89,430,128,528,343
K00330,12,27,173,83,504,81,573,282
K00331,55,28,199,98,455,57,450,150
K00332,194,27,670,157,578,147,602,232
K00333,79,54,738,175,864,189,980,453
K00334,68,26,291,83,389,76,354,160
K00335,123,40,481,171,739,133,673,203
K00336,263,50,1061,271,1543,276,1273,424
K00337,36,10,384,102,675,115,798,143
K00338,9,3,70,17,168,23,123,68
K00339,11,4,128,17,308,47,420,71
K00340,3,2,46,10,140,13,152,21
K00341,108,59,867,328,1705,231,1760,366
K00342,144,21,532,129,750,154,935,199
K00343,42,28,406,105,956,74,1147,184
K09748,38,51,285,309,426,131,525,461
K02600,453,124,2123,818,1849,500,1563,1266
K02519,655,246,3358,995,3390,913,3078,2552
K02834,9,10,79,61,213,46,282,127
K03177,8,3,72,4,339,10,362,31
K02956,20,73,652,95,592,117,812,541
K00962,323,200,2780,301,3316,506,3579,1174
K02238,18,1,30,12,1013,4,1221,12
K03561,19,8,103,22,183,23,235,37
K03559,2,1,41,8,107,2,111,17
K11085,52,10,224,46,668,40,799,84
K00912,33,10,94,40,267,44,281,31
K00979,40,7,153,21,237,27,322,28
K25307,13,0,26,6,180,3,215,5
K03703,54,22,277,115,545,62,661,79
K00995,10,9,96,47,390,27,297,41
K07152,1,3,39,13,136,30,223,20
K03746,0,0,0,0,0,0,0,0
K00986,16,7,81,46,949,8,957,58
K14581,6,18,51,33,889,8,770,36
K04063,13,9,98,19,142,13,145,56
K16137,14,35,253,39,403,57,445,247
K03786,6,1,47,22,283,3,302,25
K02160,17,3,41,7,121,17,98,26
K21023,7,1,3,9,420,7,499,6
K01961,0,0,0,0,0,0,0,0
K02687,24,15,212,28,535,32,492,85
K03557,9,4,49,5,274,4,304,42
K00602,30,10,226,26,532,42,611,103
K02838,0,0,0,0,0,0,0,0
K09903,0,0,0,0,0,0,0,0
K02357,41,90,766,157,772,232,783,330
K02967,31,35,866,141,1121,161,1051,372
K01265,58,86,745,142,959,116,1020,493
K00990,44,25,320,130,1019,71,1162,73
K00674,36,22,275,49,735,65,795,85
K01439,15,7,157,24,403,27,455,28
K01953,38,36,385,66,1057,62,1137,142
K07386,32,27,270,59,1137,50,1287,67
K02014,8,19,265,78,1426,48,1600,122
K03593,60,18,258,79,771,46,956,88
K01494,4,7,63,18,230,9,336,71
K01061,22,8,174,20,195,30,234,26
K14441,41,13,163,52,701,37,842,163
K06915,4,4,45,13,231,6,252,16
K04760,0,0,0,0,0,0,0,0
K08307,54,18,212,60,1162,52,1245,128
K03734,6,13,74,20,476,8,508,28
K10094,5,4,110,14,513,8,572,29
K09939,0,0,4,0,4,0,8,2
K16089,4,0,29,14,542,4,665,20
K16568,0,0,0,0,0,0,0,0
K16090,11,10,69,7,541,16,723,58
K07336,0,0,0,0,0,0,0,0
K05710,0,1,7,0,68,0,64,3
K11717,42,29,238,27,285,45,338,156
K09015,40,52,286,117,563,88,590,224
K09013,18,11,59,37,174,29,168,122
K09014,12,18,155,24,335,49,445,197
K07117,0,0,0,0,82,0,158,1
K04063,6,21,246,34,441,36,572,25
K15725,8,6,6,4,312,11,340,40
K15726,2,6,66,30,1627,26,2093,59
K02902,58,164,1364,373,1222,299,1084,1713
K02913,5,32,236,62,365,44,323,290
K03657,14,11,169,27,511,48,506,103
K14414,0,2,9,7,68,3,63,13
K11089,8,10,84,16,811,19,965,50
K14415,10,6,106,35,758,25,663,58
K01974,14,14,66,16,671,9,723,27
K02004,16,8,128,40,830,20,1083,29
K02014,12,6,113,28,1684,13,1935,74
K05786,0,0,0,1,36,0,41,1
K03761,0,0,0,0,0,0,0,0
K01867,8,11,114,15,640,21,655,42
K01476,20,20,649,214,348,50,420,30
K16347,0,0,0,0,0,0,0,0
K16347,0,0,0,0,0,0,0,0
K03892,2,12,86,18,211,12,302,48
K11811,10,20,58,6,492,21,567,60
K07386,27,8,314,50,1019,43,1083,89
K03594,2,0,39,11,78,6,103,4
K24138,21,19,413,87,596,58,717,87
K13993,147,721,2776,945,1610,1349,1537,4117
K05516,0,0,0,0,0,0,0,0
K13529,4,2,102,26,497,23,702,44
K00567,0,0,0,0,0,0,0,0
K14761,0,3,17,8,131,3,176,8
K05592,85,80,807,151,1257,202,1315,600
K06182,15,17,174,21,367,27,387,96
K17836,9,1,41,27,345,4,372,2
K06158,18,7,133,16,512,20,591,32
K17850,0,0,0,0,0,0,0,0
K02014,154,80,1282,117,3691,287,3490,443
K03455,16,13,77,32,613,25,675,106
K13652,4,0,19,5,119,1,77,8
K21698,14,6,45,20,437,25,451,26
K01740,41,8,55,19,79,15,78,22
K03695,32,35,315,78,1060,195,1280,266
K07118,0,0,0,0,0,0,0,0
K06901,117,188,1025,260,731,405,857,408
K03320,0,0,6,9,330,6,421,6
K01447,4,0,43,0,367,8,462,23
K07708,30,10,100,32,443,34,533,28
K07712,23,18,168,44,639,49,656,39
K04565,9,0,52,7,231,17,265,4
K04565,0,0,0,0,0,0,3,0
K00626,28,42,483,123,775,86,852,159
K02498,3,3,94,17,372,11,445,25
K01719,8,13,100,14,468,28,578,44
K03071,66,86,1454,159,1245,247,1340,583
K00057,74,57,626,135,617,168,527,244
K03088,3,4,30,14,274,6,350,21
K07165,19,5,322,14,596,19,641,30
K03086,164,199,2231,427,2204,414,2306,1607
K05358,0,1,48,6,827,10,970,18
K06983,4,1,11,3,241,6,325,0
K00249,1,0,6,3,364,5,365,1
K03321,0,0,0,0,0,0,0,0
K01737,7,21,94,28,393,30,387,75
K02014,3,6,52,12,1289,11,1740,28
K11927,0,0,2,3,146,6,206,14
K16171,27,4,194,34,542,32,674,73
K02670,12,2,60,10,192,11,146,16
K01801,0,0,0,0,0,0,0,0
K09794,121,186,2708,105,1178,388,1475,279
K01697,55,38,892,148,1383,117,1641,439
K01758,50,63,814,182,1030,136,1128,695
K01784,19,4,154,40,1097,32,1116,21
K01711,32,6,296,118,1034,64,1032,105
K02377,69,30,702,204,1184,152,1230,212
K16870,97,58,755,170,2124,179,2700,266
K03522,10,7,199,50,846,43,1014,134
K03521,23,27,251,43,622,102,768,115
K01710,49,63,820,119,1499,115,1621,492
K00973,35,33,558,106,952,64,1002,258
K01790,0,0,2,0,5,0,2,0
K16011,0,0,5,1,11,0,17,4
K00067,0,0,0,0,0,0,0,0
K01840,58,45,591,90,931,121,1019,359
K01028,0,0,0,0,0,0,0,0
K01029,0,0,0,0,1,0,0,0
K18480,2,3,8,3,116,2,158,10
K02067,3,6,57,7,279,19,417,17
K00721,2,0,44,18,195,6,248,18
K08679,0,2,10,3,137,3,148,2
K03497,8,0,96,6,352,11,455,37
K03496,49,19,314,78,493,55,551,70
K03501,20,4,52,22,751,24,913,48
K06133,8,6,38,2,573,22,741,21
K01142,35,23,77,11,244,36,342,60
K01644,12,9,139,25,680,23,723,65
K03307,17,16,124,28,1297,23,1483,66
K02014,16,30,216,22,1562,70,2126,130
K02575,23,12,269,23,853,41,949,42
K03752,21,12,100,12,148,18,211,20
K03635,0,0,0,0,0,0,0,0
K03750,22,7,127,22,226,26,257,28
K03636,0,0,0,0,0,0,0,0
K03637,86,13,276,33,390,72,503,44
K03639,25,4,92,12,108,12,89,13
K14162,62,45,475,65,1125,70,1158,132
K14161,4,0,2,4,493,6,692,13
K14160,11,2,19,2,116,2,141,6
K01356,10,1,27,12,204,7,252,6
K00799,0,0,6,6,205,4,247,5
K06959,16,10,130,37,725,26,789,78
K01659,18,12,138,46,759,12,955,38
K03417,8,7,244,36,679,42,786,55
K02016,2,0,8,3,75,3,58,2
K00275,49,10,178,44,269,24,304,39
K15918,11,7,152,43,471,36,451,65
K09165,1,4,72,22,135,21,148,7
K00891,18,6,53,18,383,22,406,43
K01735,65,10,274,60,571,42,623,112
K01599,0,0,0,0,0,0,0,0
K18326,0,0,0,0,0,0,0,0
K03981,1,0,0,0,50,0,39,1
K01183,0,0,0,0,0,0,0,0
K04763,23,11,167,54,514,25,610,65
K11720,11,0,41,16,200,17,171,19
K07091,30,31,195,141,619,63,739,258
K01255,126,52,702,197,1464,173,1521,315
K02339,3,3,57,7,207,13,285,19
K01873,73,43,774,89,1879,171,2061,269
K03789,0,0,0,0,0,0,0,0
K17103,72,17,397,105,281,87,236,82
K01881,39,15,209,67,586,44,615,95
K03746,0,0,0,0,0,0,0,0
K02066,15,13,146,35,662,26,736,40
K01434,1,1,12,4,49,2,49,1
K09788,0,0,0,0,0,0,0,0
K02621,8,5,112,27,694,15,781,21
K00569,0,0,0,0,0,0,0,0
K03594,0,0,0,0,0,0,0,0
K03543,21,17,174,64,496,86,549,128
K03446,21,13,108,47,633,54,756,108
K12573,112,75,1432,199,1807,282,2001,441
K03218,39,4,185,28,401,37,513,86
K01266,11,5,31,16,115,2,144,10
K03827,8,2,25,10,582,12,829,9
K01993,2,0,79,7,237,14,237,4
K12542,0,0,0,0,0,0,0,0
K12541,4,4,29,10,781,12,775,4
K12543,0,4,6,4,603,0,710,16
K03286,0,0,0,0,0,0,0,0
K16087,11,58,1308,107,1046,73,1603,182
K09922,0,0,0,0,0,0,0,0
K03317,22,15,255,50,774,22,840,94
K00852,33,10,117,26,250,20,189,34
K03762,2,1,2,0,30,2,46,7
K05540,0,0,0,0,0,0,0,0
K00297,29,9,318,39,734,27,720,47
K07679,2,3,11,2,263,5,291,11
K07687,0,0,8,2,94,1,101,0
K02018,8,4,34,8,195,1,184,4
K02020,4,2,24,8,174,6,212,4
K01420,24,2,77,10,309,19,286,29
K02575,42,25,303,29,490,52,410,26
K03769,24,5,180,41,738,32,789,29
K00374,7,1,69,19,264,7,290,20
K00371,0,0,0,0,0,0,0,0
K00373,0,0,0,0,0,0,0,0
K00370,49,18,327,59,1082,84,1128,75
K07518,9,3,28,13,272,2,327,13
K20975,7,2,74,17,686,2,761,16
K02014,13,2,64,15,424,30,483,26
K03932,0,0,19,3,472,0,498,6
K02014,4,6,45,4,783,10,1036,12
K03185,61,32,323,116,546,84,617,102
K00798,45,5,199,34,279,40,315,67
K04744,48,30,577,150,1875,119,2302,390
K03771,86,46,901,154,1062,150,1125,422
K00097,10,0,44,13,386,6,499,17
K02528,24,14,233,55,416,43,484,125
K06195,3,9,69,28,98,15,133,34
K01525,23,5,101,29,359,39,415,58
K09974,0,4,11,5,94,2,76,12
K00287,0,0,0,0,8,0,7,0
K00560,3,5,25,19,316,9,276,8
K13292,28,8,288,43,571,32,531,88
K06872,5,4,44,20,254,13,381,5
K02039,0,1,23,5,456,9,515,16
K02036,8,4,8,4,137,0,136,2
K02038,0,1,8,1,357,0,419,5
K02037,0,0,6,1,290,1,344,4
K02040,2,1,7,1,773,2,924,1
K02040,3,3,28,3,410,8,448,22
K07221,4,0,22,3,852,6,940,12
K10773,0,1,5,2,554,1,649,2
K01715,2,4,28,15,139,15,159,11
K06894,156,58,967,307,2258,224,2556,255
K05367,2,0,20,12,341,3,331,21
K03723,8,2,251,30,619,13,838,47
K01265,0,0,0,0,0,0,0,0
K07115,34,55,262,50,565,146,591,299
K07663,22,15,135,44,355,40,446,42
K07641,18,8,114,32,451,27,572,38
K06143,6,0,12,8,588,4,685,18
K01302,38,12,165,38,933,50,1071,74
K01885,5,7,74,17,228,15,266,44
K09823,0,0,0,0,0,0,0,0
K03543,1,9,29,13,334,4,402,24
K02014,14,36,90,94,1120,46,1331,277
K19745,2,18,115,19,365,18,484,37
K02658,0,0,0,0,0,0,0,0
K19033,0,0,0,0,0,0,0,0
K04088,209,114,1088,320,1114,318,1197,751
K04087,87,42,817,217,912,168,877,534
K01939,88,36,894,147,1235,150,1392,442
K04485,89,47,377,143,435,117,452,263
K03106,88,34,728,159,948,152,931,271
K00459,36,10,282,80,497,37,592,76
K02959,54,131,873,145,685,146,600,771
K02860,2,9,73,31,214,20,265,163
K00554,0,0,0,0,0,0,0,0
K02884,0,0,0,0,0,0,0,0
K01929,69,9,262,60,485,53,525,50
K01000,20,3,210,49,566,55,685,28
K03588,15,6,199,48,631,29,810,45
K02563,40,6,327,66,443,53,430,35
K01924,34,14,342,44,671,50,637,46
K03589,5,4,55,24,286,9,385,4
K03590,25,12,281,24,647,58,823,33
K03531,140,16,1024,140,1419,159,1553,151
K02535,8,8,87,18,528,10,716,68
K19304,88,135,712,297,915,291,1126,641
K03070,311,334,3825,1417,3217,753,3028,2586
K03574,43,8,143,42,358,32,379,60
K17713,6,1,24,6,20,7,37,11
K15539,141,22,510,325,428,96,366,265
K02656,33,10,206,71,271,34,248,109
K06941,23,14,193,88,342,70,367,133
K00940,19,45,295,65,468,61,519,202
K07516,69,308,1136,461,2293,1015,2649,866
K00632,20,97,405,204,1013,274,1152,353
K11755,2,2,26,8,167,1,216,2
K02500,2,1,58,17,403,13,494,32
K01814,12,4,89,88,262,35,329,65
K18300,0,0,0,0,0,0,0,0
K19585,1,0,21,4,566,1,631,13
K19586,0,2,26,4,538,6,678,9
K18900,32,57,246,149,614,59,677,350
K22390,2,2,18,0,216,0,266,2
K01507,0,0,0,0,0,0,0,0
K01083,2,0,14,0,355,0,420,6
K09915,0,0,3,1,16,0,19,2
K01591,67,22,186,47,525,42,690,65
K00631,39,25,364,100,1435,84,1667,189
K14623,14,4,135,39,460,34,450,39
K09794,4,6,16,7,196,10,239,39
K14058,3,10,69,24,528,11,607,48
K03406,3,4,6,3,191,3,255,12
K03554,0,0,0,0,0,0,0,0
K01772,18,0,134,48,387,20,372,48
K20523,19,31,146,58,322,33,375,260
K03579,6,2,30,10,876,3,1051,24
K00077,1,0,5,2,129,2,244,3
K03424,0,0,0,0,0,0,0,0
K12511,1,1,7,4,368,3,425,3
K09005,0,0,0,0,0,0,0,0
K12510,0,0,0,0,0,0,0,0
K02283,0,1,28,6,405,15,449,9
K02280,9,21,110,54,802,41,842,21
K02279,3,12,82,25,536,6,602,18
K21023,0,2,6,1,416,1,583,3
K02014,2,0,8,4,172,3,191,8
K12373,0,0,0,0,0,0,0,0
K02429,0,2,7,5,418,2,470,4
K03406,8,6,92,19,421,10,538,34
K01113,0,0,20,4,877,4,1063,9
K04065,2,2,314,34,288,69,308,9
K06889,1,0,7,3,397,1,460,0
K09927,1,0,8,0,261,1,333,8
K08964,6,14,45,9,325,32,505,38
K08967,6,12,171,7,552,28,618,69
K09880,4,4,48,5,153,5,168,17
K07098,0,0,0,0,73,0,56,0
K07507,0,0,0,0,0,0,0,0
K22769,0,1,9,12,37,2,34,30
K22770,30,64,324,396,683,170,739,795
K22105,0,0,0,0,0,0,0,0
K03824,0,4,25,1,339,1,378,3
K13688,0,0,1,0,15,0,15,0
K07168,1,0,3,0,307,2,468,5
K00799,4,5,26,28,116,12,156,18
K00065,22,4,361,88,605,41,532,109
K02529,17,2,237,46,505,16,517,89
K01198,71,77,636,95,916,102,1123,319
K11690,16,4,99,15,1000,42,1161,53
K21395,7,0,47,9,427,7,517,14
K24700,10,8,75,15,492,18,476,24
K03595,33,28,311,26,458,53,544,106
K03584,1,1,6,0,14,1,14,2
K03215,14,0,107,26,491,24,467,73
K01207,26,8,245,59,526,76,668,111
K00760,17,4,222,29,344,43,337,69
K19696,11,10,94,24,352,12,339,29
K03704,3,10,264,105,268,37,248,154
K09456,0,0,0,0,0,0,0,0
K00626,3,2,246,17,231,21,248,22
K00263,2,0,30,5,80,7,111,5
K11942,184,60,1615,264,2511,214,2781,264
K01297,3,0,16,3,20,2,15,2
K00984,2,0,16,3,140,2,162,12
K01251,7,7,80,17,529,21,554,32
K01595,51,25,363,128,891,80,986,137
K10806,0,0,0,0,0,0,0,0
K00981,5,7,122,18,472,7,654,56
K00789,4,0,46,10,528,8,617,23
K07038,4,2,9,0,106,3,126,2
K07078,16,30,176,61,297,20,292,56
K00281,1,2,22,7,160,5,184,10
K07552,4,5,58,53,518,21,719,61
K01283,13,14,231,97,893,42,1005,99
K03760,17,7,87,29,724,13,739,37
K08978,0,0,0,0,0,0,0,0