KO,Bsal_1_15,Bsal_1_29,Bsal_2_15,Bsal_2_29,Bsal_3_15,Bsal_4_15,Bsal_4_29,
K02650,0,0,0,0,0,0,0,
K06872,0,0,0,0,0,0,0,
K00265,0,0,1,0,7,0,0,
K03744,0,0,0,0,0,0,0,
K07044,0,0,0,0,0,0,0,
K00266,0,0,0,0,0,0,0,
K01735,0,4,0,0,0,0,2,
K07665,0,0,1,0,0,0,0,
K07644,0,0,0,0,0,0,0,
K07156,2,0,0,0,0,0,0,
K05834,0,0,0,0,0,0,0,
K04093,0,0,0,0,0,0,0,
K00799,0,0,0,0,1,0,0,
K03624,0,0,0,0,0,0,0,
K00638,2,0,0,0,0,0,0,
K07090,0,0,0,0,0,0,0,
K07443,0,0,0,0,0,0,0,
K00799,0,0,0,0,0,0,0,
K03308,0,0,0,0,0,0,0,
K03500,0,0,0,0,0,0,0,
K00604,0,0,0,0,0,0,0,
K01687,0,2,1,0,2,0,0,
K07090,0,0,0,0,0,0,0,
K02660,0,0,0,0,2,0,0,
K02659,1,0,0,0,0,0,0,
K02658,0,0,1,0,0,0,0,
K02657,0,0,7,0,0,0,0,
K03296,0,0,0,0,2,0,0,
K01881,0,2,0,0,2,0,0,
K03544,0,0,0,0,0,0,0,
K01358,0,0,0,0,1,0,0,
K03545,0,0,0,0,2,0,0,
K16090,0,0,0,0,0,0,0,
K07336,0,0,0,0,0,0,0,
K01649,0,1,2,2,8,6,0,
K00641,2,0,0,0,2,0,0,
K07126,2,0,4,0,0,0,0,
K01519,0,0,0,0,0,0,0,
K15727,0,0,0,0,0,0,0,
K15726,0,0,0,0,0,0,0,
K16264,0,0,2,0,0,0,0,
K04565,0,0,0,0,0,0,0,
K16235,0,0,0,0,0,0,0,
K00261,0,4,0,0,2,0,0,
K00673,0,0,0,0,2,0,0,
K06447,0,0,0,0,0,0,0,
K01484,0,0,0,2,0,0,0,
K05526,0,0,1,0,0,0,0,
K21645,0,0,0,0,0,0,0,
K01779,0,0,0,0,0,0,0,
K07661,3,6,3,0,2,1,0,
K07639,0,0,0,0,1,0,0,
K00330,0,0,0,0,0,0,0,
K00331,2,0,1,0,0,0,0,
K13378,0,2,0,0,2,1,2,
K00334,0,0,0,0,0,0,0,
K00335,0,0,0,0,2,0,0,
K08484,0,0,0,0,0,0,0,
K08311,0,0,0,0,2,0,0,
K06377,0,0,0,0,0,0,0,
K01703,0,0,2,0,0,0,0,
K01704,0,0,0,0,0,0,0,
K00052,0,0,0,0,0,0,0,
K02518,0,0,0,0,0,0,0,
K06173,0,0,0,0,0,0,0,
K01424,0,0,0,0,0,0,0,
K08086,0,0,0,0,2,0,0,
K00133,0,0,0,0,0,0,0,
K11102,0,0,0,0,0,0,0,
K02517,2,0,2,0,0,0,0,
K15738,0,0,0,0,2,3,0,
K03745,0,0,0,0,0,0,0,
K03168,4,0,0,0,2,2,0,
K21908,2,0,4,0,0,0,0,
K03657,0,0,0,0,2,0,0,
K03455,0,0,0,0,0,0,0,
K00154,2,5,0,0,1,3,0,
K02913,0,0,0,0,0,0,0,
K02902,0,0,0,0,0,0,0,
K01433,0,0,0,0,0,0,0,
K03832,0,2,0,0,0,0,0,
K03561,0,0,0,0,0,0,0,
K07304,0,0,0,0,0,0,0,
K03559,0,0,0,0,0,0,0,
K00287,0,0,0,0,0,0,0,
K00560,0,0,0,0,0,0,1,
K13292,0,0,0,0,0,0,0,
K07093,0,0,0,0,1,0,0,
K07093,2,0,0,0,0,0,0,
K03118,2,0,0,0,0,0,0,
K03117,0,0,0,0,0,0,0,
K03116,0,0,0,0,0,0,0,
K00878,0,0,0,0,0,0,0,
K13652,0,0,0,0,0,0,0,
K15255,0,0,0,0,0,0,0,
K01826,0,0,0,0,0,0,0,
K13954,2,0,2,0,5,0,0,
K00138,0,0,0,0,0,2,0,
K16238,2,0,0,0,0,0,0,
K03979,2,0,0,0,1,0,0,
K00931,0,0,0,0,0,2,0,
K18697,0,0,0,0,0,0,0,
K05540,0,0,0,0,0,0,0,
K00459,0,0,0,0,0,0,0,
K22736,0,0,0,0,0,0,0,
K06204,0,2,2,0,1,0,0,
K03588,0,0,0,0,0,0,0,
K01894,0,0,0,0,0,0,0,
K01925,1,0,0,0,0,0,0,
K04759,0,0,0,0,0,0,0,
K04758,0,0,0,0,1,0,0,
K04763,0,0,0,0,0,0,0,
K03981,0,2,0,0,0,0,0,
K00003,0,4,0,0,4,0,0,
K05366,0,0,0,0,0,0,0,
K01000,0,0,0,0,0,0,0,
K00563,0,0,0,0,0,0,0,
K02662,2,0,0,0,0,0,0,
K02663,0,0,0,0,0,0,0,
K02664,0,0,0,0,4,0,0,
K02665,0,0,0,0,0,0,0,
K02666,2,0,0,0,4,0,0,
K00891,0,0,0,0,0,0,0,
K01595,0,0,0,0,1,2,0,
K18301,0,0,0,0,0,0,0,
K18302,0,0,0,0,0,0,0,
K18303,0,0,0,0,4,0,0,
K03686,0,0,2,0,0,0,0,
K07107,0,0,0,0,0,0,0,
K03746,0,0,2,0,0,0,0,
K02463,0,0,0,0,0,0,0,
K02452,0,0,0,0,0,0,0,
K02453,0,0,0,0,0,0,0,
K01091,0,0,0,0,2,0,0,
K01657,0,0,0,0,0,2,0,
K00764,0,1,0,0,0,0,0,
K03558,0,0,0,0,0,0,0,
K00254,0,0,0,0,0,0,0,
K02461,0,0,0,0,1,0,0,
K02462,0,0,0,0,0,0,0,
K00057,0,1,0,0,0,0,0,
K08296,0,0,0,0,0,0,0,
K03732,0,0,0,0,2,0,0,
K03704,0,0,1,0,0,1,0,
K04085,0,0,0,0,0,0,0,
K07084,2,2,2,0,0,0,0,
K07275,0,0,4,0,0,0,0,
K04079,0,2,0,0,0,4,0,
K01627,0,0,0,0,0,0,0,
K01689,0,0,0,0,0,0,0,
K16088,0,0,0,0,0,0,0,
K03566,0,0,0,0,0,0,0,
K07090,0,0,0,0,0,0,0,
K02073,0,0,0,0,0,0,0,
K00215,0,0,0,0,0,0,0,
K19577,0,0,0,0,0,0,0,
K06222,0,2,0,0,0,0,0,
K12957,0,0,0,0,0,0,0,
K01246,0,1,6,0,0,0,0,
K21472,0,0,0,0,0,0,0,
K03575,0,0,0,0,0,0,0,
K01061,0,0,0,0,0,0,0,
K09160,0,0,0,0,0,0,0,
K21430,0,0,6,0,4,0,0,
K07478,2,0,0,0,0,0,0,
K21990,0,0,0,0,0,0,0,
K01923,0,0,0,0,0,0,0,
K07287,0,0,0,0,0,0,0,
K01714,0,1,0,0,0,0,0,
K08281,0,0,0,0,2,0,0,
K03453,0,0,0,0,2,0,0,
K03327,0,0,0,0,0,0,0,
K00457,2,0,0,0,2,0,0,
K08234,0,2,0,0,0,0,0,
K01555,0,0,0,0,1,0,0,
K01801,0,0,0,0,0,0,0,
K11734,0,2,0,0,2,0,0,
K16568,0,0,0,0,0,0,0,
K05836,0,4,0,0,0,0,0,
K09975,1,0,0,0,0,0,0,
K01712,2,6,2,0,10,0,0,
K01745,0,0,0,0,2,0,0,
K16234,2,0,0,0,1,0,0,
K01468,0,0,0,0,3,0,0,
K01479,0,0,0,0,4,0,0,
K00820,0,0,0,0,0,0,0,
K01091,0,0,0,0,0,0,0,
K01776,0,0,0,0,0,0,0,
K04042,0,0,0,0,6,0,0,
K01095,0,0,0,0,0,0,0,
K00946,0,0,0,0,0,0,0,
K03625,0,0,0,0,0,0,0,
K14652,0,0,0,0,2,0,0,
K00794,0,0,0,0,0,0,0,
K01079,0,0,0,0,0,0,0,
K07560,0,0,0,0,0,0,0,
K03086,0,10,0,0,0,0,0,
K09158,0,2,5,0,0,0,2,
K03801,0,2,3,0,0,0,0,
K14052,0,0,0,0,2,0,0,
K03809,0,0,0,0,0,0,0,
K02892,1,2,2,0,0,0,1,
K02886,2,4,0,1,2,2,1,
K02965,0,0,0,0,0,1,0,
K02890,0,0,3,0,0,2,0,
K02982,2,2,1,0,3,3,0,
K02878,1,0,0,0,4,4,1,
K02904,0,0,0,0,0,1,0,
K02961,2,1,0,0,0,3,0,
K02874,2,4,2,1,2,2,0,
K02895,0,1,0,0,4,0,1,
K02931,0,0,2,0,0,0,0,
K02954,0,1,0,0,2,0,0,
K02994,0,2,0,0,2,0,0,
K02933,0,0,4,0,2,4,2,
K02881,0,0,0,3,0,1,1,
K02988,1,1,0,0,0,0,1,
K02907,0,0,0,0,0,0,0,
K02876,0,2,0,0,0,0,0,
K03076,2,18,0,0,2,5,0,
K02919,0,1,0,0,0,0,0,
K02952,0,2,0,1,0,2,0,
K01878,0,2,0,0,0,0,0,
K01879,0,0,0,0,0,0,0,
K09780,0,0,0,0,0,0,0,
K21959,0,0,0,0,2,0,0,
K01775,0,0,0,0,1,0,0,
K00285,0,0,0,0,0,2,0,
K03719,0,0,0,0,0,0,0,
K02014,0,0,0,0,0,0,0,
K09893,0,0,0,0,0,0,0,
K06177,2,2,0,0,0,0,0,
K08218,0,0,0,0,3,0,0,
K01759,0,0,0,0,0,0,0,
K14347,0,0,0,0,0,0,0,
K02909,0,0,0,0,0,0,0,
K23127,0,0,0,0,0,0,0,
K19810,0,0,0,0,0,0,0,
K02356,0,0,0,0,0,0,0,
K05297,0,0,0,0,0,0,0,
K04567,2,4,2,0,0,0,0,
K00957,0,0,0,0,0,0,0,
K00956,0,4,0,0,2,0,0,
K03634,0,0,0,2,0,0,0,
K01745,0,0,0,0,0,0,0,
K03641,1,4,0,0,0,0,0,
K03640,0,0,0,0,0,0,0,
K03841,0,0,4,0,2,0,0,
K03437,0,0,0,0,0,0,0,
K03088,0,0,0,0,0,0,0,
K03594,0,0,0,0,0,0,0,
K02192,0,0,0,0,0,0,0,
K09022,0,0,0,0,0,0,0,
K03060,0,0,0,0,0,0,0,
K00942,0,0,0,0,0,0,0,
K03527,0,0,0,0,0,0,0,
K11904,0,0,0,0,3,0,0,
K07262,0,0,0,0,0,0,0,
K07689,0,0,2,0,4,0,0,
K02668,0,0,0,0,0,0,0,
K02667,0,0,0,0,0,0,0,
K03797,0,0,0,0,0,0,0,
K15633,0,0,8,0,0,0,0,
K11720,4,0,1,0,6,0,0,
K07091,0,0,0,0,0,0,0,
K01255,0,0,0,0,0,0,0,
K02339,0,0,0,0,0,0,0,
K00793,0,0,0,0,0,0,0,
K07318,0,3,0,0,2,0,0,
K11752,0,2,0,0,2,0,0,
K03320,0,2,0,0,0,0,1,
K07738,0,0,0,0,0,0,0,
K04752,1,0,0,0,2,0,0,
K09806,0,0,0,0,0,0,0,
K07391,0,0,0,0,0,0,0,
K00375,0,0,0,0,0,0,0,
K19784,0,0,0,0,0,0,0,
K01714,0,0,0,0,0,0,0,
K01507,0,0,0,0,0,0,0,
K01897,0,0,0,0,1,0,0,
K02621,2,0,0,0,4,2,0,
K08369,0,0,2,0,0,0,0,
K09858,0,0,0,0,0,0,0,
K22522,0,0,0,0,0,0,0,
K18326,1,0,0,0,0,0,0,
K07273,0,0,2,0,0,0,0,
K02346,0,0,0,0,0,0,0,
K09022,0,0,0,0,0,0,0,
K03809,0,0,0,0,0,0,0,
K01738,0,0,0,0,0,0,0,
K01955,0,0,0,0,0,0,0,
K01956,0,0,0,0,2,0,0,
K07574,0,0,0,0,0,0,0,
K02427,4,5,4,0,2,0,0,
K01243,0,0,0,0,0,0,0,
K11753,0,0,0,0,0,0,0,
K01870,0,2,2,0,0,0,0,
K03101,0,2,0,0,1,1,0,
K03774,0,0,0,0,0,0,0,
K03073,0,5,4,0,0,0,0,
K02601,0,1,1,0,2,0,0,
K02867,0,5,2,0,0,1,0,
K02863,0,8,2,0,2,1,0,
K02864,0,3,0,2,6,2,1,
K02935,2,1,0,2,2,1,2,
K03043,4,11,14,0,4,0,0,
K01840,0,0,0,0,0,0,0,
K01784,0,0,0,0,0,0,0,
K01810,0,1,0,0,0,0,0,
K00963,0,0,1,0,4,0,0,
K00027,0,2,0,0,2,0,0,
K00974,0,0,0,0,0,0,0,
K04691,0,0,0,0,0,0,0,
K04564,2,0,0,0,2,0,0,
K00325,0,0,0,0,0,0,0,
K00324,2,0,0,0,1,0,0,
K05539,0,0,0,0,0,0,0,
K03782,0,2,0,0,2,0,0,
K13985,0,0,0,0,0,0,0,
K05817,0,0,4,0,0,0,0,
K01972,0,4,9,0,0,0,0,
K03594,0,0,0,0,0,0,0,
K03528,0,0,0,0,0,0,0,
K02014,0,0,0,0,3,0,0,
K01462,0,0,0,0,2,0,2,
K01825,2,0,0,0,5,0,0,
K12979,0,0,0,0,0,0,0,
K10763,0,0,0,0,0,0,0,
K01933,0,8,0,0,0,0,0,
K11175,0,0,0,0,0,0,0,
K04773,0,0,0,0,0,0,0,
K02238,4,0,0,0,2,0,0,
K02517,0,0,0,0,0,0,0,
K09810,0,0,0,0,0,0,0,
K09808,0,0,0,0,1,0,0,
K09768,0,0,0,0,0,0,0,
K00831,0,0,0,0,0,0,0,
K01993,0,1,4,0,2,0,0,
K20534,0,0,0,0,0,0,0,
K02469,0,0,0,0,0,0,0,
K03522,2,6,0,0,0,0,0,
K03521,2,6,8,0,4,2,0,
K03733,0,0,0,0,0,0,0,
K05834,0,0,0,0,0,0,0,
K01778,1,0,0,0,0,0,0,
K01586,0,0,2,0,0,0,0,
K11737,0,0,2,0,0,0,0,
K03310,4,0,0,0,4,0,0,
K04485,1,0,0,0,0,0,0,
K04568,0,0,0,0,0,0,0,
K03473,0,0,0,0,0,0,0,
K02379,0,0,0,0,0,0,0,
K00865,0,0,0,0,0,0,0,
K15976,0,0,0,0,1,0,0,
K06915,2,2,0,0,0,0,0,
K02946,0,0,2,0,2,0,0,
K02906,1,0,2,0,0,0,2,
K02926,0,3,0,0,0,0,0,
K03702,0,2,0,0,0,2,2,
K03098,6,4,2,0,4,0,0,
K05786,1,0,0,0,0,0,0,
K11747,0,0,0,0,0,0,0,
K03312,0,0,0,0,0,0,0,
K03821,0,0,2,0,0,0,0,
K01256,0,0,10,0,0,0,0,
K05520,0,0,0,0,0,0,0,
K02434,0,1,0,0,2,0,0,
K01753,0,0,0,0,0,0,0,
K13444,0,0,0,0,0,0,0,
K05708,0,0,0,0,2,0,0,
K05709,0,0,0,0,0,0,0,
K05710,0,0,0,0,2,0,0,
K05711,0,0,0,0,0,0,0,
K05713,0,0,0,0,0,0,0,
K06998,0,0,0,0,0,0,0,
K08303,0,0,0,0,2,0,0,
K00615,0,0,0,0,0,0,0,
K07397,0,0,0,0,0,0,0,
K11901,0,0,0,0,0,0,0,
K02355,1,0,0,0,2,2,0,
K02992,0,2,0,0,2,2,0,
K02950,0,0,0,0,0,0,0,
K08973,4,2,0,0,0,0,0,
K01950,2,4,0,0,4,4,0,
K00954,0,0,0,0,0,0,0,
K03664,0,0,0,0,0,0,0,
K03809,0,0,0,0,0,0,0,
K05810,0,0,0,0,0,0,0,
K06180,0,0,0,0,0,0,0,
K05807,0,0,2,0,2,0,0,
K02316,0,0,0,0,0,0,2,
K02492,0,0,0,0,0,0,0,
K02494,0,0,0,0,0,0,0,
K00919,0,0,0,0,0,0,0,
K00948,2,2,2,1,8,0,0,
K02897,0,0,1,0,0,0,0,
K01056,0,0,0,0,0,0,0,
K01579,0,0,0,0,0,0,0,
K02858,0,0,0,0,2,0,0,
K01091,0,0,0,0,0,0,0,
K00059,3,0,3,0,0,0,0,
K02078,0,0,0,0,0,0,0,
K00645,0,0,2,0,0,0,0,
K07040,0,1,2,0,2,0,1,
K02911,0,0,0,0,0,0,0,
K09906,0,3,1,0,0,3,0,
K07566,2,0,0,0,0,0,0,
K05896,0,0,0,0,2,0,0,
K06024,0,0,0,0,0,2,0,
K06178,0,0,0,0,4,0,0,
K01935,0,0,0,0,0,0,0,
K02169,0,0,0,0,0,0,0,
K00833,2,0,2,0,0,0,0,
K02170,0,0,0,0,0,0,0,
K01087,0,0,2,0,0,1,0,
K00697,0,0,0,0,0,0,0,
K01495,0,1,0,0,0,0,0,
K01467,0,0,0,0,0,0,0,
K00297,0,0,0,0,0,0,0,
K09761,0,0,0,0,0,0,0,
K21023,0,0,0,0,4,0,0,
K11936,0,0,0,0,0,2,0,
K18691,1,0,0,0,0,0,0,
K04760,0,0,0,0,0,0,0,
K08369,0,0,0,0,2,0,0,
K03046,0,6,13,0,10,4,0,
K07044,0,0,0,0,0,0,0,
K07044,0,0,2,0,2,0,2,
K21420,0,0,0,0,0,0,0,
K03789,0,0,0,0,0,0,0,
K12542,0,0,0,0,2,0,0,
K03530,0,0,0,0,0,0,0,
K13643,0,3,0,0,1,0,0,
K04096,1,0,0,0,3,0,0,
K07566,0,0,6,0,1,0,0,
K08196,0,0,1,0,0,0,0,
K01031,0,0,0,0,0,0,0,
K01032,0,0,0,0,0,0,0,
K04090,0,0,0,0,0,0,0,
K20035,0,0,0,0,0,0,0,
K01968,0,0,0,0,0,0,0,
K01640,0,0,0,0,0,0,0,
K13766,0,0,0,0,0,0,0,
K01969,0,0,0,0,0,0,0,
K00253,0,0,0,0,0,0,0,
K00666,2,0,0,0,0,0,0,
K15256,0,0,0,0,0,0,0,
K05548,0,0,0,0,0,0,0,
K03781,0,0,1,0,0,0,0,
K03503,0,0,0,0,0,0,0,
K03719,0,0,0,0,0,0,0,
K06889,0,0,0,0,0,0,0,
K01406,0,0,0,0,0,0,0,
K00384,0,1,0,0,0,0,0,
K00684,0,0,0,0,0,0,0,
K00626,0,0,0,0,0,0,0,
K07002,1,0,11,0,0,0,0,
K09470,0,0,0,0,0,0,0,
K07667,0,0,0,0,0,0,0,
K03736,0,0,0,0,0,0,0,
K03735,0,0,0,0,0,0,0,
K07126,0,0,2,0,0,0,0,
K07263,0,0,0,0,0,0,0,
K00337,0,0,2,0,0,0,0,
K00338,0,0,0,0,0,0,0,
K00339,0,0,0,0,2,0,0,
K00340,0,0,0,0,1,0,0,
K00341,0,0,0,0,2,0,0,
K00342,2,0,4,0,2,0,0,
K00343,2,0,0,0,0,2,0,
K00761,0,0,0,0,0,0,0,
K01505,0,0,0,0,3,0,0,
K03543,0,0,0,0,2,0,0,
K01874,0,0,0,0,0,0,0,
K05835,0,0,0,0,0,0,0,
K03593,0,0,1,0,1,0,0,
K01243,0,0,0,0,0,0,0,
K09928,0,0,0,0,0,0,0,
K01494,0,0,0,0,2,0,0,
K05541,0,0,0,0,0,0,0,
K03106,0,0,0,0,0,0,0,
K03525,0,0,0,0,0,0,0,
K03524,0,0,0,0,0,0,0,
K07090,0,0,0,0,2,0,0,
K20035,0,0,0,0,0,0,0,
K13256,0,0,0,0,0,0,0,
K23243,0,0,0,0,0,0,0,
K20035,0,0,10,0,0,2,0,
K07642,0,0,2,0,0,0,0,
K08997,2,0,2,0,0,0,0,
K07664,0,0,0,0,0,0,0,
K00507,0,2,0,0,0,0,0,
K01126,0,0,0,0,0,0,0,
K03668,0,0,0,0,0,0,0,
K02014,0,0,0,0,1,0,0,
K00798,0,0,0,0,0,0,0,
K01817,0,0,0,0,5,0,0,
K01696,0,0,0,0,2,0,0,
K07044,0,0,0,0,0,0,0,
K01695,0,0,10,0,0,2,0,
K01963,0,0,0,0,0,0,0,
K11754,0,0,0,0,0,0,0,
K13075,0,0,0,0,1,0,0,
K24158,0,0,0,0,1,0,0,
K03070,0,2,0,0,11,2,0,
K11068,0,0,0,0,2,0,0,
K01782,1,0,3,0,0,0,0,
K02348,0,0,0,0,0,0,0,
K00626,0,0,0,0,0,0,0,
K03208,0,0,0,0,0,0,0,
K02472,0,0,0,0,0,0,0,
K01791,0,0,2,0,2,0,0,
K02474,4,0,0,0,0,0,0,
K01991,0,0,2,0,0,2,0,
K25307,0,0,0,0,0,0,0,
K16692,0,0,2,0,0,0,0,
K03980,0,0,0,0,0,0,0,
K03772,0,0,0,0,0,0,0,
K03772,0,0,0,0,0,0,0,
K03806,0,0,0,0,1,0,0,
K01114,0,0,0,0,0,0,0,
K00767,0,0,0,0,0,0,0,
K00989,0,0,0,0,0,0,0,
K22769,0,0,0,0,2,0,0,
K22770,0,4,2,2,2,0,6,
K22105,0,0,0,0,0,0,0,
K03673,0,0,0,0,0,0,0,
K00568,2,4,0,0,1,0,0,
K22292,4,0,0,0,0,0,0,
K23243,2,10,6,2,0,5,6,
K23243,0,6,12,2,2,0,0,
K14682,0,0,0,0,2,0,0,
K15553,0,0,0,0,0,0,0,
K15553,0,0,0,0,0,0,0,
K04091,7,2,0,0,6,0,0,
K15554,1,0,0,0,0,0,0,
K15555,0,0,0,0,0,0,0,
K09017,0,0,0,0,0,0,0,
K02031,0,0,0,0,0,0,0,
K02034,0,0,0,0,4,0,0,
K02035,0,0,0,0,0,0,0,
K02014,0,0,0,0,0,0,0,
K03832,0,0,0,0,0,0,0,
K03561,0,0,0,0,0,0,0,
K03559,0,0,0,0,0,0,0,
K03559,0,0,0,0,0,0,0,
K06916,0,2,1,0,0,0,0,
K01591,0,0,0,0,0,0,0,
K02945,2,2,6,0,0,1,0,
K08992,0,0,0,0,0,0,0,
K05788,0,0,0,0,0,0,0,
K00945,0,12,13,0,3,0,2,
K11991,0,0,0,0,0,0,0,
K03648,0,2,0,0,0,0,0,
K01737,0,0,0,0,0,0,0,
K02460,0,0,0,0,0,0,0,
K02459,0,0,0,0,0,0,0,
K02458,0,0,0,0,0,0,0,
K03424,0,0,0,0,0,0,0,
K02341,0,0,0,0,0,2,0,
K02676,0,0,0,0,0,0,0,
K00979,0,0,0,0,0,0,0,
K00912,0,0,0,0,0,0,0,
K11085,0,0,0,0,0,0,0,
K03559,0,0,0,0,0,0,0,
K03561,0,0,0,0,0,0,0,
K03497,0,0,0,0,0,0,0,
K03791,0,0,0,0,0,0,0,
K05820,0,0,0,0,1,0,2,
K01961,0,0,0,0,0,0,0,
K02160,0,0,0,0,0,0,0,
K03502,0,0,0,0,0,0,0,
K03786,0,0,0,0,0,0,0,
K02014,0,0,0,0,0,0,0,
K23374,0,0,0,0,0,2,0,
K23376,0,0,0,0,0,0,0,
K23361,0,0,0,0,0,0,0,
K23375,0,0,0,0,0,0,0,
K21721,1,0,0,0,4,0,0,
K21949,0,0,0,0,0,0,0,
K07183,0,0,0,0,0,0,0,
K00362,0,0,0,0,2,0,0,
K00362,0,0,0,0,0,0,0,
K00372,0,0,0,0,0,0,0,
K03752,0,0,0,0,0,0,0,
K03639,0,0,0,0,0,0,0,
K03635,0,0,0,0,0,0,0,
K03637,0,0,2,0,0,0,0,
K03750,0,0,0,0,0,0,0,
K07235,0,0,0,0,0,0,0,
K01679,4,1,2,0,6,2,0,
K00285,0,0,1,0,2,0,0,
K01770,0,0,0,0,0,0,0,
K00611,0,0,0,0,0,0,0,
K18137,0,0,0,0,0,0,0,
K07712,0,0,0,0,2,0,0,
K07708,0,0,0,0,0,0,0,
K14441,0,0,2,0,0,0,2,
K09903,0,2,0,0,0,0,2,
K02838,0,0,0,0,0,0,2,
K00806,0,0,0,0,0,0,0,
K00981,0,0,0,0,0,0,2,
K00099,0,0,2,0,0,0,0,
K11749,0,0,2,0,2,0,0,
K07277,0,0,0,0,4,0,0,
K06142,0,0,0,0,0,0,0,
K02536,0,0,3,0,0,0,0,
K02372,0,0,0,0,0,0,0,
K00677,0,0,0,0,0,0,0,
K03553,0,0,0,0,0,0,0,
K03565,0,0,0,0,0,0,0,
K04762,0,2,0,0,0,0,0,
K20881,0,0,0,0,0,0,0,
K03790,0,0,0,0,0,0,0,
K03719,0,8,0,0,0,0,0,
K01556,0,0,0,0,0,0,0,
K01432,0,0,0,0,0,0,0,
K03321,0,0,0,0,0,0,0,
K21023,2,0,6,0,1,0,0,
K21430,0,0,0,0,0,0,0,
K07090,0,0,0,0,0,0,0,
K02770,0,0,0,0,3,0,0,
K23993,0,0,0,0,0,0,0,
K00882,0,0,0,0,0,0,0,
K03311,0,0,0,0,0,0,0,
K11477,0,0,0,0,0,0,0,
K01265,0,0,0,0,0,0,0,
K07390,0,0,0,0,0,0,0,
K00821,0,0,0,0,0,0,0,
K03110,0,0,0,0,0,0,0,
K07078,0,0,0,0,0,0,0,
K09909,0,0,0,0,0,0,0,
K00426,0,0,0,0,0,0,0,
K00425,0,0,2,0,0,0,0,
K00856,0,0,1,0,0,0,0,
K16090,0,0,0,0,2,0,0,
K06972,2,0,4,0,0,2,0,
K03498,0,0,0,0,0,0,0,
K01058,0,0,0,0,0,0,0,
K02517,0,0,1,0,2,0,0,
K03704,0,0,0,0,0,0,0,
K05834,0,0,0,0,0,0,0,
K03601,0,2,0,0,0,0,0,
K03602,0,0,0,0,0,0,0,
K17686,0,0,0,0,0,0,0,
K19591,0,0,0,0,0,0,0,
K21757,0,2,0,0,0,0,2,
K05549,0,0,0,0,2,0,0,
K05550,0,0,0,0,0,0,0,
K05784,2,2,0,0,0,0,0,
K05783,0,0,0,0,0,0,0,
K05782,0,0,0,0,1,0,0,
K05548,0,0,0,0,0,0,0,
K03578,0,0,0,0,0,0,2,
K21758,0,0,0,0,0,0,0,
K16872,0,0,0,0,0,0,0,
K00496,0,0,0,0,0,0,0,
K24119,0,0,0,0,0,0,0,
K03387,0,0,0,0,0,0,0,
K07004,4,0,0,0,0,0,0,
K00799,0,0,0,0,0,0,0,
K01406,0,0,0,0,0,0,0,
K03439,0,0,0,0,0,0,0,
K05539,0,0,0,0,0,0,0,
K01681,0,0,3,0,2,0,0,
K22132,0,0,0,0,0,0,0,
K03424,2,0,0,0,4,0,0,
K02837,0,0,0,0,0,0,0,
K21023,0,0,0,0,4,0,2,
K00053,2,2,4,0,0,0,0,
K01652,0,0,0,0,1,0,0,
K01653,0,0,0,0,0,0,0,
K01869,0,6,0,0,2,2,0,
K03643,0,0,4,0,0,0,0,
K02340,0,0,0,0,0,0,0,
K13888,2,4,0,0,5,0,0,
K05685,4,2,0,0,2,4,0,
K00208,0,0,0,0,1,0,0,
K13288,2,0,0,0,0,0,0,
K06949,0,0,0,0,0,0,0,
K03676,0,0,0,0,0,0,0,
K06133,0,0,0,0,0,0,0,
K03071,0,0,0,0,0,0,0,
K00059,2,0,0,0,0,0,0,
K00647,0,0,0,0,0,0,0,
K00375,0,0,0,0,0,0,0,
K07734,0,0,0,0,0,0,0,
K22479,0,0,0,0,0,0,0,
K13929,2,6,0,0,0,0,0,
K13930,0,0,2,0,1,0,0,
K13931,0,0,0,0,1,0,0,
K13932,0,0,0,0,0,0,0,
K13933,0,0,0,0,0,0,0,
K13934,0,0,0,0,0,0,0,
K13935,0,0,0,0,0,0,0,
K13928,0,0,0,0,0,0,0,
K00426,2,0,0,0,1,0,0,
K00425,0,10,2,0,2,2,2,
K20938,0,0,0,0,2,0,0,
K15551,0,0,0,0,0,0,0,
K10831,0,0,0,0,4,0,0,
K15552,0,0,0,0,0,0,0,
K03119,0,0,0,0,0,0,0,
K16841,0,0,0,0,0,0,0,
K03457,0,0,0,0,0,0,0,
K00537,0,0,0,0,0,0,0,
K03892,0,0,0,0,0,0,0,
K03325,0,0,0,0,0,0,0,
K11811,0,0,0,0,0,0,0,
K07240,0,0,0,0,0,0,0,
K07240,0,0,0,0,0,0,0,
K03387,0,0,0,0,0,2,0,
K02433,0,0,0,0,0,0,0,
K02435,0,0,0,0,0,0,0,
K03569,0,2,0,0,0,0,0,
K03570,0,1,4,0,0,0,0,
K03571,0,0,0,0,0,0,0,
K06287,0,0,0,0,0,0,0,
K08301,0,0,0,0,0,0,0,
K00635,0,0,0,0,0,0,0,
K00390,0,0,2,0,2,0,0,
K06076,0,0,0,0,0,0,0,
K02203,0,0,0,0,0,0,0,
K00355,0,0,4,0,0,0,0,
K02616,0,0,0,0,0,0,0,
K06153,0,0,0,0,0,0,0,
K00344,2,0,0,0,0,0,0,
K05523,0,0,0,0,0,0,0,
K09788,0,0,0,0,2,0,0,
K07340,0,0,0,0,1,0,0,
K07001,0,0,0,0,0,0,0,
K08218,2,0,0,0,1,0,0,
K03760,2,0,2,0,0,0,0,
K03320,0,1,0,0,2,0,0,
K02948,0,2,0,1,1,3,0,
K02986,0,3,2,0,1,3,0,
K03040,0,9,2,0,2,8,0,
K02879,0,1,0,0,0,1,0,
K10215,0,0,0,0,0,2,0,
K00249,0,0,0,0,0,0,0,
K01414,0,0,0,0,0,0,0,
K07070,0,0,0,0,0,0,0,
K12573,0,6,10,0,6,0,0,
K18697,0,0,0,0,0,0,0,
K07078,0,0,0,0,0,0,0,
K07058,0,0,0,0,0,0,0,
K03809,0,0,0,0,0,0,0,
K03816,0,0,0,0,0,0,0,
K03832,0,0,0,0,0,0,0,
K06217,0,0,0,0,0,0,0,
K07042,0,0,0,0,0,0,0,
K06168,0,0,2,0,6,6,0,
K08309,0,0,14,0,0,2,0,
K00024,0,4,0,2,2,0,0,
K07394,0,0,2,0,0,6,0,
K07115,0,0,0,0,2,0,0,
K17103,0,0,0,0,1,0,0,
K06134,0,0,0,0,0,0,0,
K07278,0,2,0,0,4,0,0,
K09800,0,0,0,0,0,0,0,
K07404,2,0,0,0,4,0,0,
K01682,2,4,4,0,6,2,0,
K03319,0,0,0,0,0,0,0,
K19577,0,0,0,0,0,0,0,
K10716,0,0,0,0,0,0,0,
K03576,0,2,0,0,0,0,0,
K06177,0,0,2,0,0,0,0,
K07473,0,0,0,0,0,0,0,
K06925,0,0,0,0,0,0,0,
K03572,0,0,0,0,0,0,0,
K00791,0,2,10,0,0,2,0,
K03666,0,0,0,0,0,0,0,
K10679,0,0,0,0,0,0,0,
K03269,0,0,0,0,0,0,0,
K03767,0,0,0,0,0,0,0,
K01886,2,2,0,0,0,0,0,
K01951,0,0,0,0,0,0,0,
K15270,0,0,0,0,0,0,0,
K00154,0,0,0,0,0,0,0,
K11737,0,0,0,0,0,0,0,
K00673,0,0,0,0,0,0,0,
K00840,0,0,0,0,1,0,0,
K14052,0,0,0,0,0,0,0,
K09471,0,0,0,0,0,0,0,
K10676,0,0,0,0,2,0,0,
K00219,0,0,0,0,0,0,0,
K01940,0,0,0,0,0,0,0,
K03683,0,0,0,0,4,0,0,
K07267,3,0,2,0,0,0,0,
K00117,0,0,0,0,0,2,0,
K00381,0,0,2,0,0,0,0,
K00626,0,0,14,0,0,0,0,
K04750,0,0,0,0,0,0,0,
K08084,0,0,0,0,0,0,0,
K03286,0,2,2,0,1,1,1,
K14415,0,0,0,0,0,0,0,
K11733,0,6,0,0,0,0,0,
K00564,0,0,0,0,0,0,0,
K16345,0,0,0,0,0,0,0,
K06207,0,6,4,0,4,2,0,
K03282,0,0,0,0,0,0,0,
K10563,0,0,0,0,0,0,0,
K03652,0,0,0,0,0,0,0,
K02014,1,0,0,0,0,2,0,
K13936,0,0,0,0,2,0,0,
K07126,0,0,0,0,0,0,0,
K03981,0,0,4,0,0,0,0,
K09016,0,0,0,0,0,0,0,
K09024,0,0,0,0,3,0,0,
K09021,0,0,0,0,0,0,0,
K09020,0,0,0,0,0,0,0,
K09018,0,0,0,0,2,0,0,
K09019,0,0,0,0,0,0,0,
K09023,2,0,0,0,2,0,0,
K06193,0,0,0,0,0,0,0,
K09946,0,4,6,0,0,2,0,
K00796,0,0,0,0,0,0,0,
K01113,0,0,0,0,0,0,0,
K01491,0,0,4,0,0,0,0,
K03761,0,0,0,0,0,0,0,
K00864,0,0,0,0,0,0,0,
K01596,0,0,0,0,0,0,0,
K00111,0,0,0,0,0,0,0,
K07029,0,2,0,0,3,0,0,
K04078,0,0,0,0,0,0,0,
K04077,2,2,1,2,0,0,0,
K01126,0,0,0,0,0,0,0,
K18138,2,0,0,0,2,0,0,
K03799,0,0,0,0,0,0,0,
K08309,2,8,0,0,0,4,0,
K14058,6,0,0,2,0,0,0,
K02018,0,0,0,0,0,0,0,
K02020,0,0,1,0,0,0,0,
K02019,0,0,0,0,0,0,0,
K05599,0,0,0,0,2,0,0,
K05600,0,0,0,0,0,0,0,
K11311,0,0,0,0,0,0,0,
K04033,0,0,0,0,0,0,0,
K01061,0,0,0,0,0,0,0,
K21758,2,0,0,0,0,0,0,
K08195,1,0,0,0,0,0,0,
K00019,0,0,0,0,0,0,0,
K17737,0,0,0,0,1,0,0,
K01028,0,0,0,0,0,0,0,
K01029,0,0,0,0,0,4,0,
K02106,0,0,0,0,0,2,0,
K00626,0,0,0,0,0,1,0,
K21645,0,2,0,0,0,0,0,
K01744,0,0,0,0,0,0,0,
K07646,0,0,0,0,0,0,0,
K01547,0,0,0,0,6,0,0,
K01548,0,0,0,0,0,0,0,
K01546,0,0,0,0,0,0,0,
K00950,0,0,0,0,0,0,0,
K01633,0,0,0,0,0,0,0,
K00248,0,0,0,0,2,0,0,
K08683,2,0,0,0,0,0,0,
K15553,0,0,0,0,0,0,0,
K15554,0,0,0,0,0,0,0,
K02493,0,0,0,0,0,0,0,
K02835,0,0,0,0,0,0,0,
K07496,0,0,0,0,0,0,0,
K11936,0,0,0,0,0,0,0,
K11937,0,0,0,0,0,0,0,
K11931,0,0,0,0,0,0,0,
K11935,0,0,0,0,0,0,0,
K09773,0,0,0,0,0,0,0,
K01007,0,10,4,0,0,2,0,
K02297,0,0,2,0,0,5,0,
K02298,2,2,2,0,5,2,0,
K02299,0,0,0,0,2,0,0,
K02300,0,0,0,0,0,0,0,
K02257,0,0,0,0,0,0,0,
K02990,0,4,2,0,0,0,0,
K02963,0,3,1,0,3,0,0,
K02939,0,4,0,2,1,2,0,
K02314,0,0,0,0,0,0,0,
K01775,0,0,0,0,0,0,0,
K07395,0,0,0,0,0,0,0,
K03495,0,0,0,0,0,0,0,
K02687,0,0,0,0,0,0,0,
K03557,0,0,0,0,4,0,0,
K00602,0,2,0,0,2,2,0,
K01945,0,2,0,0,2,0,0,
K02073,0,2,0,0,0,0,0,
K02071,0,0,0,0,4,0,0,
K02072,0,0,0,0,0,0,0,
K01069,0,0,0,0,0,0,0,
K11103,0,1,0,0,0,0,0,
K00799,0,0,0,0,0,0,0,
K05548,0,0,0,0,0,0,0,
K00480,0,0,0,2,2,0,0,
K07002,2,0,0,0,0,0,0,
K18013,0,0,0,0,0,0,0,
K03119,0,0,0,0,0,0,0,
K00344,0,0,0,0,0,0,0,
K25316,0,0,0,0,0,0,0,
K00574,0,2,6,0,0,0,0,
K00574,1,0,0,0,0,0,0,
K09701,0,0,0,0,0,0,0,
K06954,0,0,0,0,0,0,0,
K00507,0,0,0,0,1,6,0,
K03098,0,0,0,0,0,0,0,
K02483,0,0,0,0,0,0,0,
K06192,0,0,0,0,0,0,0,
K11477,0,0,0,0,0,0,0,
K09857,0,0,0,0,0,0,0,
K07127,0,0,0,0,0,0,0,
K03808,0,4,0,0,3,0,0,
K03808,0,0,0,0,0,0,0,
K01607,0,0,0,0,0,0,0,
K03762,0,0,0,0,0,0,0,
K02078,0,0,0,0,0,0,0,
K02078,0,0,0,0,0,0,0,
K03977,0,0,0,0,0,0,0,
K17713,0,0,0,0,2,5,2,
K01892,0,0,0,0,0,0,0,
K03526,0,2,0,0,0,0,0,
K15539,0,0,0,0,0,0,0,
K02656,0,0,0,0,0,0,0,
K06941,0,0,0,0,2,0,0,
K00940,0,2,0,2,0,0,1,
K19002,0,0,0,0,0,0,0,
K19302,0,0,0,0,0,0,0,
K03797,0,0,0,0,2,0,0,
K01207,0,0,0,0,0,0,0,
K00131,0,0,0,0,0,0,0,
K00147,0,0,0,0,0,0,0,
K03299,0,0,0,0,0,0,0,
K00851,0,0,0,0,0,0,0,
K01690,0,0,0,0,7,0,0,
K01625,0,0,0,0,0,0,0,
K00925,2,1,2,0,0,0,0,
K13788,0,0,0,0,0,2,0,
K01676,0,2,0,0,2,0,1,
K09924,0,0,0,0,0,0,0,
K03544,0,0,0,0,0,0,0,
K02454,0,0,0,0,8,0,0,
K02483,0,2,4,0,0,0,0,
K05365,0,2,0,0,0,0,0,
K03574,0,0,0,0,0,0,0,
K00858,0,0,0,0,0,0,0,
K00766,0,0,0,0,0,0,0,
K09916,0,0,0,0,0,0,0,
K11103,0,0,0,0,0,0,0,
K07017,0,0,0,0,0,0,0,
K14170,0,0,0,0,0,2,0,
K24018,0,2,2,0,2,0,0,
K01270,0,0,0,0,0,0,0,
K01974,0,0,0,0,0,0,0,
K14415,0,0,0,0,0,0,0,
K00784,0,0,0,0,0,0,0,
K14414,0,0,0,0,0,0,0,
K07018,0,0,0,0,0,0,0,
K09861,0,0,0,0,0,0,0,
K03149,0,0,0,0,0,0,0,
K03154,0,0,0,0,0,0,0,
K11903,0,0,0,0,0,0,0,
K11897,8,0,2,0,0,0,0,
K11896,0,0,0,0,0,0,0,
K11895,0,0,0,0,0,0,0,
K11891,0,0,0,0,0,0,0,
K11890,0,0,0,0,6,0,0,
K03286,0,0,0,0,0,0,0,
K11907,0,0,0,0,0,2,0,
K11902,0,0,0,0,0,0,0,
K11893,0,0,0,0,0,0,0,
K11892,0,0,0,0,0,0,0,
K17733,0,0,0,0,0,0,0,
K09927,0,0,0,0,0,0,0,
K00375,0,0,0,0,0,0,0,
K09765,0,0,0,0,0,0,0,
K13639,0,0,0,0,0,0,0,
K09712,0,0,0,0,0,0,0,
K01752,0,0,0,0,2,0,0,
K06988,0,0,0,0,0,0,0,
K06076,0,0,0,0,0,0,0,
K07506,0,0,0,0,2,0,0,
K03704,0,0,0,0,0,0,0,
K14674,0,0,0,0,0,0,0,
K06923,0,0,0,0,2,0,0,
K25706,0,0,0,0,0,0,0,
K01423,0,0,0,0,0,0,0,
K02970,0,0,0,0,0,0,0,
K09117,0,0,0,0,0,0,0,
K00090,0,0,4,0,0,0,0,
K09965,0,0,0,0,0,0,0,
K03300,0,0,0,0,0,0,0,
K03699,0,0,2,0,0,0,0,
K18297,0,0,0,0,0,0,0,
K01637,0,10,0,0,8,2,0,
K06079,0,0,0,0,0,0,0,
K03190,4,0,0,0,2,0,0,
K01430,0,0,0,0,0,0,0,
K01429,0,0,0,0,0,0,0,
K01428,0,0,0,0,0,0,0,
K03187,0,0,0,0,0,0,0,
K03188,0,0,0,0,0,0,0,
K03189,0,0,0,0,0,1,0,
K05515,0,0,0,0,0,0,0,
K03192,0,0,0,0,0,0,0,
K08316,0,0,0,0,0,0,0,
K00939,0,0,0,0,1,0,0,
K10773,0,0,0,0,0,0,0,
K03616,0,2,0,0,2,0,0,
K00262,0,0,0,0,0,0,0,
K03668,0,0,0,0,0,0,0,
K15777,0,0,0,0,0,1,0,
K01338,0,3,0,2,0,0,0,
K00783,0,0,0,0,0,0,0,
K01934,0,6,7,0,0,0,0,
K09888,0,0,0,0,0,0,0,
K03564,0,0,0,0,0,0,0,
K06927,0,0,0,0,0,0,0,
K06920,0,7,8,0,3,2,1,
K10026,0,0,0,0,0,0,0,
K00674,2,0,0,0,0,0,0,
K13635,0,0,1,0,0,0,0,
K02045,0,0,0,0,0,0,0,
K02047,0,0,0,0,0,0,0,
K02046,0,0,0,0,0,0,0,
K07002,0,0,0,0,0,0,0,
K23163,0,0,0,0,0,0,0,
K07082,0,0,0,0,0,0,0,
K00278,0,0,0,0,0,0,0,
K00943,0,0,0,0,0,0,0,
K04771,0,0,2,0,0,0,0,
K07107,0,0,0,0,0,0,0,
K03596,0,0,2,0,0,0,0,
K03100,0,2,0,0,0,0,0,
K03685,0,0,0,0,0,0,0,
K03595,0,2,1,0,1,0,0,
K03584,0,0,1,0,0,0,0,
K03474,0,0,0,0,0,0,0,
K06169,0,0,0,0,0,0,0,
K16066,0,0,0,0,2,0,0,
K00812,0,0,0,0,0,0,0,
K04754,0,0,0,0,2,0,0,
K07315,0,0,0,0,0,0,0,
K11206,0,0,0,0,0,0,0,
K02454,0,0,0,0,0,0,0,
K23775,0,0,0,0,0,0,0,
K04063,0,0,0,0,0,0,0,
K02335,0,0,0,0,0,0,0,
K02221,0,0,0,0,0,0,0,
K00286,0,0,0,0,0,0,0,
K04075,0,0,1,0,0,0,0,
K01962,0,0,0,0,0,0,0,
K01524,0,0,0,0,6,0,0,
K03671,0,2,0,0,0,0,0,
K01890,2,0,8,0,1,1,0,
K03628,0,0,0,0,0,0,0,
K04764,0,0,0,0,0,0,0,
K01889,0,0,0,0,0,0,0,
K02887,0,1,0,0,0,0,0,
K02916,0,3,0,0,2,0,1,
K19113,0,0,0,0,0,0,0,
K15554,0,0,0,0,0,0,0,
K15555,0,0,0,0,0,0,0,
K03832,0,0,0,0,0,0,0,
K03561,0,0,0,0,0,0,0,
K03559,0,0,0,0,0,0,0,
K22303,0,0,0,0,0,0,0,
K15553,0,0,0,0,4,0,0,
K02014,0,0,0,0,0,0,0,
K02014,0,0,0,0,0,0,0,
K24116,0,0,0,0,0,0,0,
K19265,0,0,0,0,0,0,0,
K22303,0,0,0,0,0,0,0,
K03790,0,0,0,0,0,0,0,
K22108,0,0,0,0,0,0,0,
K13774,0,0,0,0,0,0,0,
K13778,0,0,2,0,4,0,0,
K11731,1,0,0,0,2,0,0,
K13779,0,0,0,0,0,0,0,
K13777,0,4,0,0,0,0,0,
K07131,0,0,0,0,0,0,0,
K06945,0,0,0,0,0,0,0,
K03600,0,0,2,0,0,0,0,
K03599,0,0,0,0,0,0,0,
K02996,0,0,0,0,0,0,0,
K02871,2,5,10,0,0,0,0,
K00097,0,0,0,0,0,0,0,
K02528,0,0,0,0,0,0,0,
K01525,0,0,0,0,0,0,0,
K03665,0,0,0,0,0,0,0,
K06132,0,0,0,0,0,1,0,
K22617,0,0,0,0,0,0,0,
K07098,0,0,0,0,0,0,0,
K21021,0,0,0,0,0,0,0,
K03286,0,0,0,0,0,0,0,
K09895,0,2,0,0,0,0,0,
K01262,0,6,0,0,0,0,0,
K03185,0,0,0,0,0,0,0,
K06895,0,0,0,0,0,0,0,
K05596,0,0,0,0,0,0,0,
K07056,0,0,0,0,0,0,0,
K07460,0,0,0,0,0,0,0,
K03426,0,0,0,0,0,0,0,
K14159,0,0,0,0,0,0,0,
K08307,0,0,4,0,1,2,0,
K13893,0,0,0,0,0,0,0,
K13894,0,2,0,0,0,0,0,
K13895,0,0,0,0,0,0,0,
K02031,0,0,0,0,0,0,0,
K02014,0,0,0,0,0,0,0,
K00799,0,0,0,0,0,0,0,
K01740,0,0,0,0,0,0,0,
K01673,0,0,0,0,0,0,0,
K06959,3,0,0,0,2,0,0,
K07659,2,4,0,0,8,6,0,
K07638,3,2,0,0,2,0,2,
K18118,2,0,10,0,0,2,0,
K01693,0,0,0,0,0,0,0,
K02501,0,0,0,0,0,0,0,
K01814,0,0,0,0,0,0,0,
K23779,0,0,0,0,0,0,0,
K02204,0,0,0,0,0,0,0,
K02500,0,0,0,0,0,0,0,
K06188,0,0,0,0,2,0,0,
K11249,0,0,0,0,0,0,0,
K01173,0,0,0,0,0,0,0,
K03549,0,0,0,0,0,0,0,
K07126,0,0,0,0,0,0,0,
K18954,0,0,0,0,0,0,0,
K05275,0,0,0,0,0,0,0,
K08224,0,0,0,0,0,0,0,
K06911,2,0,0,0,0,0,0,
K00135,0,0,0,0,0,0,0,
K00823,0,0,0,0,0,0,0,
K00375,0,0,0,0,0,0,0,
K23779,2,0,0,0,0,0,0,
K03111,0,0,0,0,0,0,0,
K09799,1,0,2,0,0,0,0,
K03707,0,0,0,0,0,0,0,
K07124,0,0,0,0,0,0,2,
K02442,0,0,0,0,0,0,0,
K08987,0,0,0,0,0,0,0,
K16137,0,0,1,0,4,0,0,
K03701,2,0,0,0,3,0,0,
K02168,0,0,1,0,0,0,0,
K14393,4,0,1,0,1,0,0,
K20975,0,0,0,0,4,0,0,
K01736,0,0,2,0,0,0,0,
K07320,0,0,0,2,0,0,0,
K01696,0,0,0,0,0,0,0,
K09989,0,0,0,0,0,0,0,
K09902,0,2,0,0,2,0,0,
K01118,0,0,0,0,0,0,0,
K03684,0,0,0,0,0,0,0,
K06187,0,0,0,0,0,0,0,
K09747,0,0,0,0,0,0,0,
K10764,0,0,0,0,1,0,0,
K03821,2,0,0,0,0,0,0,
K02503,0,0,4,2,0,0,0,
K25187,0,0,0,0,0,0,0,
K25188,0,0,0,0,0,0,0,
K25182,0,0,0,0,0,0,0,
K03457,2,0,2,0,0,0,0,
K07347,0,0,0,0,2,0,0,
K15540,0,1,0,0,0,0,0,
K07345,0,0,0,0,4,0,0,
K01012,0,0,0,0,0,0,0,
K18979,0,0,0,0,2,0,0,
K23997,0,0,4,0,0,0,0,
K01159,0,0,0,0,0,0,0,
K23779,0,0,0,0,0,0,0,
K19318,0,0,0,0,0,0,0,
K24217,0,0,0,0,0,0,0,
K07113,0,5,0,0,0,0,0,
K00789,0,0,0,0,0,0,1,
K00615,0,0,6,0,0,0,0,
K07025,0,0,0,0,0,0,0,
K05589,0,0,0,0,1,0,0,
K00991,0,0,0,0,0,0,0,
K01031,0,0,0,0,2,0,0,
K01032,0,0,0,0,0,0,0,
K00632,0,0,0,0,2,0,0,
K01857,0,0,0,0,0,0,0,
K01055,0,0,0,0,0,0,0,
K08195,0,0,0,0,2,0,0,
K01607,0,0,0,0,0,0,0,
K00449,0,0,0,0,0,0,0,
K00448,2,0,0,0,2,0,0,
K03785,0,0,0,0,2,0,0,
K09483,2,2,0,0,0,0,0,
K07267,0,0,0,0,0,0,0,
K05358,4,0,4,0,2,0,0,
K07112,0,0,0,0,0,0,0,
K07112,0,0,0,0,0,2,0,
K02624,0,0,0,0,0,0,0,
K00249,0,0,2,0,2,0,0,
K21758,0,0,0,0,0,0,0,
K01887,0,0,2,0,0,2,0,
K00799,2,0,0,0,0,0,0,
K06911,0,0,4,0,0,0,0,
K07397,0,0,0,0,0,0,0,
K01951,0,0,0,0,2,0,0,
K10947,0,0,0,0,0,0,0,
K15977,0,0,0,0,0,0,0,
K03975,0,0,0,0,0,0,0,
K03496,1,0,1,0,2,0,0,
K05527,0,0,0,0,0,0,0,
K06133,0,0,0,0,0,0,0,
K07003,1,0,0,0,3,0,0,
K00059,0,6,0,0,0,0,0,
K00626,0,0,2,0,4,4,0,
K00616,0,0,0,0,0,0,2,
K11250,0,0,0,0,0,0,0,
K03719,0,0,0,0,0,0,0,
K05782,0,0,0,0,0,0,0,
K07090,0,0,8,0,4,2,2,
K07275,0,0,0,0,0,0,0,
K03824,0,0,0,0,0,0,0,
K01185,0,0,0,0,0,0,0,
K07044,0,0,0,0,1,0,0,
K06911,0,0,0,0,0,0,0,
K06901,0,0,0,0,0,0,0,
K21053,0,0,0,0,0,0,0,
K12262,0,0,0,0,0,0,0,
K01872,0,0,1,0,2,0,0,
K00928,0,0,0,0,0,0,0,
K03470,0,0,0,0,0,0,0,
K03563,0,0,0,0,0,0,0,
K02502,0,0,0,0,0,0,0,
K01939,0,0,0,0,4,0,0,
K23010,0,0,0,0,0,0,0,
K10914,0,0,0,0,0,0,0,
K07397,0,0,3,0,0,0,1,
K14731,0,1,0,0,0,0,0,
K09136,0,0,0,0,0,0,0,
K03333,0,0,0,0,0,0,0,
K13444,0,0,0,0,0,0,0,
K21758,0,0,0,0,0,0,0,
K03862,0,0,0,0,0,0,0,
K03863,0,0,0,0,0,0,0,
K11475,0,0,0,0,0,0,0,
K05819,0,0,0,0,0,0,0,
K18383,0,4,0,0,0,0,0,
K21802,0,0,0,0,0,0,0,
K12508,0,0,2,0,2,0,0,
K00249,0,0,0,0,0,0,0,
K13936,0,2,0,0,0,0,0,
K01873,0,0,0,0,0,0,0,
K18138,2,0,2,0,4,1,0,
K18139,0,0,0,0,0,0,0,
K03585,0,2,0,0,2,0,0,
K19302,0,0,0,0,0,0,0,
K02523,0,0,0,0,0,0,0,
K02888,0,1,0,0,0,0,0,
K02899,0,0,1,0,0,0,0,
K03634,2,7,4,0,8,2,0,
K01875,0,0,0,0,2,2,0,
K02302,0,2,0,0,0,0,0,
K03216,0,0,0,0,0,0,0,
K00990,0,0,0,0,0,0,0,
K08289,3,0,0,0,1,2,0,
K01821,0,0,0,0,0,0,0,
K10914,0,0,0,0,0,0,0,
K06942,0,0,0,0,0,0,0,
K02072,0,0,0,0,0,0,0,
K02071,0,0,0,0,0,0,0,
K02073,0,0,0,0,0,0,0,
K02073,0,0,0,0,0,0,0,
K20938,0,0,0,0,0,0,0,
K10001,0,3,14,0,0,2,0,
K10003,0,0,0,0,2,0,0,
K10002,0,0,0,0,0,0,0,
K10004,0,0,0,0,0,0,0,
K18189,0,0,0,0,0,0,0,
K18446,0,0,1,0,0,0,0,
K00788,1,0,0,0,0,0,0,
K01845,2,0,0,0,0,0,0,
K06177,0,0,0,0,0,0,0,
K03580,2,2,0,2,5,0,0,
K22105,0,0,0,0,0,0,0,
K22770,2,4,0,0,4,2,0,
K22769,0,12,2,0,4,4,0,
K00836,2,5,0,0,11,2,2,
K13745,5,0,2,2,0,2,2,
K03719,0,0,0,0,0,0,0,
K01568,0,0,0,0,0,0,0,
K02040,4,0,6,0,0,0,0,
K05819,0,0,0,0,0,0,0,
K05712,0,0,0,0,0,0,0,
K05817,0,0,0,0,0,0,0,
K09913,0,0,0,0,0,0,0,
K00433,0,0,0,0,1,2,0,
K13985,0,0,0,0,0,0,0,
K23164,0,0,0,0,0,0,0,
K00019,0,2,0,0,2,0,0,
K19267,0,0,0,0,0,0,0,
K07124,0,0,0,0,0,0,0,
K01574,2,2,0,0,0,0,0,
K07044,0,0,0,0,0,0,0,
K07044,0,0,0,0,0,0,0,
K06889,1,0,0,0,0,0,0,
K03923,0,0,0,0,1,0,0,
K21822,0,0,0,0,0,0,0,
K21699,0,0,0,0,1,0,0,
K00822,0,0,0,0,0,0,0,
K00140,0,2,4,0,0,0,0,
K11735,0,0,0,0,0,0,0,
K13021,0,0,0,0,0,0,0,
K03543,0,0,0,0,0,0,0,
K03446,0,0,0,0,0,0,0,
K18301,0,0,0,0,0,0,0,
K03704,0,0,0,0,0,0,0,
K01821,0,0,0,0,0,0,0,
K13979,0,0,0,0,0,0,0,
K02014,0,0,0,0,0,0,0,
K02016,0,0,0,0,2,0,0,
K02013,0,0,0,0,0,0,0,
K00064,0,0,0,0,0,0,0,
K01457,0,0,0,0,1,0,0,
K01941,0,0,0,0,0,0,0,
K07722,0,0,0,0,0,0,0,
K09967,0,0,0,0,0,0,0,
K17735,0,0,0,0,2,0,0,
K22210,0,0,0,0,0,0,0,
K07160,0,0,0,0,0,0,0,
K25190,0,0,0,0,0,0,0,
K00748,0,2,0,0,2,0,0,
K23777,0,0,0,0,0,0,0,
K16088,2,0,0,0,0,0,0,
K07090,0,0,0,0,0,0,0,
K01626,0,1,2,0,0,0,0,
K02233,0,0,0,0,0,0,0,
K00768,0,0,1,0,0,0,0,
K02231,0,0,0,0,0,0,0,
K03976,0,0,4,0,2,0,0,
K00496,0,0,1,0,0,0,0,
K03770,0,0,0,0,0,0,0,
K21747,0,0,0,0,0,0,0,
K06596,0,0,0,0,0,0,0,
K01439,0,0,0,0,0,0,0,
K09977,0,0,0,0,0,0,0,
K16347,0,0,0,0,0,0,0,
K09790,0,0,0,0,0,0,2,
K07552,0,0,1,0,0,2,0,
K03310,0,0,0,0,2,0,0,
K07001,0,0,0,0,0,0,0,
K01754,4,2,2,0,2,0,0,
K17938,0,0,0,0,0,0,0,
K24101,0,0,0,0,0,0,0,
K08225,0,0,0,0,0,0,0,
K07214,0,0,0,0,0,0,0,
K05375,0,0,0,0,0,0,0,
K00216,0,0,0,0,0,0,0,
K02361,0,0,0,0,2,0,0,
K02363,0,0,0,0,0,0,0,
K01252,0,0,0,0,0,0,0,
K16089,0,0,0,0,0,0,0,
K01081,0,0,0,0,0,0,0,
K06136,0,0,0,0,0,0,0,
K06137,0,0,0,0,1,0,0,
K06138,0,0,0,0,0,0,0,
K06139,0,0,0,0,4,0,0,
K23541,0,0,0,0,0,0,0,
K00163,2,2,5,0,4,0,0,
K19304,0,2,0,0,4,0,0,
K02535,0,0,2,0,0,0,0,
K03531,0,0,0,0,0,0,0,
K03590,4,0,4,0,2,8,0,
K03589,2,0,1,0,0,0,0,
K01921,0,0,0,0,0,0,0,
K01924,0,6,2,0,6,0,0,
K02563,0,0,0,0,0,6,0,
K01920,0,1,0,0,0,0,0,
K02014,2,0,0,0,0,0,0,
K00762,0,0,0,0,0,0,0,
K01142,0,0,0,0,2,0,0,
K10017,0,0,0,0,0,0,0,
K03297,0,0,0,0,0,0,0,
K10015,0,0,0,0,0,0,0,
K10016,0,0,0,0,0,0,0,
K10013,0,0,0,0,0,0,0,
K18900,0,0,0,0,0,0,0,
K18901,0,0,0,0,0,0,0,
K18902,2,0,0,0,2,0,0,
K18903,1,0,0,0,0,0,0,
K00600,0,0,0,0,0,0,0,
K10857,0,0,0,0,2,0,0,
K01990,0,0,0,0,0,2,0,
K06879,2,0,0,0,2,0,0,
K05837,2,0,0,0,0,0,0,
K08305,0,0,6,0,0,0,0,
K03642,2,0,2,2,0,0,0,
K07506,0,0,0,0,0,0,0,
K03527,0,0,0,0,0,0,0,
K08084,0,0,0,0,0,0,0,
K02671,2,0,0,0,0,0,0,
K02672,0,0,0,0,0,0,0,
K02673,0,0,0,0,2,0,0,
K02674,0,0,0,0,0,0,0,
K02655,0,1,0,0,0,0,0,
K02655,0,1,0,0,0,0,0,
K02959,0,1,0,0,0,1,0,
K02860,2,0,0,0,0,2,0,
K00554,0,0,0,0,2,2,0,
K01046,0,0,0,0,0,0,0,
K02884,0,0,0,0,0,0,0,
K03177,0,4,0,0,4,0,0,
K07090,0,0,0,0,0,0,0,
K11939,0,0,0,0,0,0,0,
K11939,0,0,0,0,0,0,0,
K00058,0,0,0,0,0,0,0,
K03923,0,0,0,0,0,0,0,
K08160,0,0,0,0,2,0,0,
K03981,0,0,0,0,0,0,0,
K03650,0,0,0,0,0,0,0,
K03217,0,0,2,0,0,0,0,
K08998,0,0,0,1,0,0,0,
K03536,0,0,0,0,0,0,0,
K02914,1,2,2,0,0,0,0,
K02313,0,0,5,0,4,2,0,
K02338,2,0,2,0,0,0,0,
K03629,0,0,3,0,2,0,2,
K02470,0,0,6,0,2,0,2,
K06158,0,0,0,0,0,0,0,
K15536,0,0,0,0,0,0,0,
K15724,0,0,0,0,0,0,0,
K09001,0,0,0,0,2,0,0,
K01866,0,0,0,0,0,0,0,
K03690,0,0,0,0,0,0,0,
K03688,0,0,2,0,0,0,0,
K11755,0,0,0,0,0,0,0,
K10300,0,2,0,0,0,0,0,
K05559,0,0,0,0,0,2,0,
K05560,0,0,0,0,2,0,0,
K05561,0,0,0,0,4,0,0,
K02519,0,2,2,0,0,0,0,
K05562,0,0,0,0,0,0,0,
K05563,0,0,0,0,0,0,0,
K05564,0,0,0,0,0,0,0,
K02834,0,0,0,0,0,0,0,
K02600,0,4,0,0,8,7,0,
K09748,0,4,0,0,4,0,0,
K03075,0,0,0,0,0,0,0,
K02652,2,0,0,0,0,0,0,
K11209,0,0,0,0,0,0,0,
K01868,2,5,0,0,0,0,0,
K02520,0,0,0,0,0,0,0,
K20034,0,0,0,0,0,0,0,
K09889,0,0,0,0,0,0,0,
K06958,0,0,0,0,0,0,0,
K08485,0,0,0,0,0,0,0,
K01918,0,0,1,0,0,0,0,
K00606,0,0,0,0,0,0,0,
K00970,0,0,0,0,0,0,0,
K00950,0,0,0,0,0,0,0,
K02237,0,0,0,0,0,0,0,
K03215,0,0,4,0,2,0,0,
K07501,0,0,0,0,0,0,0,
K12339,2,0,0,0,1,0,0,
K07678,0,0,2,0,2,0,0,
K01816,0,0,0,0,1,2,0,
K01066,0,0,0,0,0,0,0,
K15977,0,0,0,0,0,0,0,
K03088,0,0,0,0,0,0,0,
K07165,0,0,0,0,0,0,0,
K16088,0,0,0,0,6,0,0,
K09936,0,0,0,0,0,0,0,
K18900,0,0,0,0,0,0,0,
K07459,0,0,0,0,0,0,0,
K16238,0,0,0,0,0,0,0,
K02614,0,0,0,0,0,0,0,
K02617,0,0,0,0,0,0,0,
K02616,0,0,0,0,0,0,0,
K01912,0,0,0,0,2,0,0,
K00632,0,0,0,0,0,0,0,
K00074,0,0,0,0,0,4,0,
K15866,0,0,0,0,0,0,0,
K01692,0,0,0,0,0,0,0,
K02613,0,0,0,0,0,0,0,
K02612,0,0,0,0,1,0,0,
K02611,0,1,2,0,0,0,0,
K02609,0,1,0,0,0,0,0,
K02610,0,0,0,0,0,0,0,
K02618,0,0,2,0,0,0,0,
K03555,0,0,0,0,0,2,0,
K05524,0,4,0,0,0,0,0,
K18815,0,0,0,0,0,0,0,
K00588,0,0,0,0,0,0,0,
K12542,0,0,0,0,2,0,0,
K07568,0,0,0,0,0,0,0,
K03744,0,0,0,0,0,0,0,
K00773,0,0,0,0,0,0,0,
K03210,0,0,0,0,0,0,0,
K03072,0,0,0,0,0,0,0,
K13038,0,0,0,0,0,0,0,
K03074,0,0,0,0,0,0,0,
K03630,0,0,0,0,0,0,0,
K08994,0,0,0,0,0,0,0,
K07053,0,0,0,0,0,0,0,
K06190,0,0,0,0,0,0,0,
K09780,0,0,0,0,0,0,0,
K15461,0,0,0,0,0,0,0,
K09767,0,0,0,0,0,0,0,
K10806,0,0,0,0,0,0,0,
K06889,0,0,2,0,2,0,0,
K03672,0,0,0,0,0,0,0,
K07054,0,0,0,0,4,0,0,
K09781,0,0,0,0,2,0,0,
K01867,0,0,0,0,0,0,0,
K01902,0,0,0,0,0,0,0,
K01903,0,1,2,0,0,0,0,
K00382,1,0,5,0,1,2,0,
K00164,0,0,6,0,1,5,0,
K00658,0,0,0,0,0,0,0,
K00239,1,0,0,0,4,1,0,
K00240,0,0,0,0,0,0,0,
K00242,0,0,0,2,1,0,0,
K00241,2,0,2,0,0,0,0,
K01647,2,0,0,0,7,0,0,
K06938,0,0,0,0,0,0,0,
K07146,0,0,0,0,0,0,0,
K07039,0,0,0,0,0,0,0,
K22083,0,0,0,0,0,0,0,
K00075,1,1,0,0,0,2,0,
K25307,0,0,0,0,0,0,0,
K16568,0,0,0,0,0,0,0,
K01114,0,0,2,0,0,0,0,
K07107,0,0,0,0,0,0,0,
K02343,8,0,0,0,0,0,0,
K03687,0,8,7,0,3,0,0,
K04043,0,47,26,0,8,4,4,
K08305,0,0,0,0,0,0,0,
K01589,0,0,0,0,2,0,0,
K01588,0,0,0,0,0,0,0,
K09922,0,0,0,0,0,0,0,
K02558,0,0,0,0,0,0,0,
K05794,4,2,0,0,2,0,0,
K01487,0,0,0,0,0,0,0,
K00760,0,2,0,0,0,0,0,
K12543,0,0,0,0,2,0,0,
K06861,1,1,0,0,2,0,0,
K09774,0,1,0,0,1,0,0,
K11719,1,0,1,0,0,0,0,
K03270,0,0,0,0,0,0,0,
K06041,0,0,0,0,0,0,0,
K01883,0,0,0,0,0,0,2,
K08224,0,0,0,0,0,0,0,
K16053,0,0,0,0,0,0,0,
K07044,0,0,0,0,0,0,0,
K00286,3,1,3,1,0,0,2,
K03719,0,0,0,0,0,0,0,
K00681,138,251,351,8,255,198,26,
K03446,0,0,2,0,4,0,0,
K03543,0,0,0,0,3,2,0,
K01698,0,6,0,0,0,0,0,
K03153,0,0,0,0,0,0,0,
K07071,0,0,0,0,0,0,0,
K06996,0,0,0,0,0,0,0,
K03547,0,0,0,0,2,0,0,
K03546,0,0,0,0,0,0,0,
K06997,0,0,0,0,0,0,0,
K02669,0,0,0,0,0,0,0,
K02670,0,0,0,0,0,0,0,
K03711,0,0,0,0,0,0,0,
K03695,0,12,0,0,0,4,2,
K12297,0,0,0,0,0,0,0,
K00609,0,0,2,0,0,0,0,
K03286,2,0,0,0,8,2,0,
K00799,0,0,0,0,0,0,0,
K01406,0,0,0,0,0,0,0,
K03761,0,0,0,0,0,0,0,
K07240,0,0,0,0,0,0,0,
K07506,0,0,0,0,0,0,0,
K07090,0,0,0,0,0,0,0,
K17218,0,0,0,0,0,0,0,
K17725,0,0,0,0,0,0,0,
K00004,3,0,0,0,0,0,0,
K08994,0,0,0,0,0,0,0,
K03366,0,0,0,0,0,0,0,
K00382,0,0,0,0,0,0,0,
K21417,0,0,0,0,0,0,0,
K21416,0,0,0,0,0,0,0,
K03644,0,0,0,0,0,0,0,
K02037,0,0,0,0,0,0,0,
K02038,0,0,0,0,0,0,0,
K02036,0,0,2,0,0,0,0,
K04774,0,4,0,0,0,0,0,
K01756,0,0,4,0,0,0,0,
K08984,0,0,0,0,0,0,0,
K07153,0,0,0,0,0,0,0,
K00566,0,0,0,0,0,0,0,
K12152,0,0,0,0,0,0,0,
K01726,0,0,0,0,0,0,0,
K07258,0,0,0,0,0,0,0,
K03787,0,0,0,0,0,0,0,
K04770,0,0,0,0,0,0,0,
K06194,0,0,0,0,0,0,0,
K21698,0,0,0,0,0,0,0,
K08218,0,4,0,0,2,0,0,
K00763,0,0,0,0,0,0,0,
K01011,0,0,0,0,2,0,0,
K01613,0,0,0,0,0,0,0,
K10938,0,0,0,0,0,0,0,
K07636,1,0,1,0,0,0,0,
K07657,2,0,0,0,0,0,0,
K03327,0,0,0,0,0,0,0,
K14287,0,0,0,0,2,0,0,
K01919,0,0,0,0,0,0,0,
K03611,0,0,0,0,0,0,0,
K11904,0,0,0,0,4,0,0,
K23514,0,0,0,0,2,0,0,
K07165,0,0,0,0,2,0,0,
K16087,4,0,0,0,0,0,0,
K07280,2,0,0,0,0,0,0,
K03832,0,0,0,0,0,0,0,
K07215,2,0,0,0,0,0,0,
K09790,0,0,0,0,0,0,0,
K03758,0,0,0,0,0,0,0,
K00116,0,0,0,0,0,0,0,
K00108,2,0,0,0,0,0,0,
K00130,3,0,0,0,0,0,0,
K02167,0,1,0,0,0,0,0,
K02168,0,0,0,0,2,2,0,
K05595,0,0,0,0,0,0,0,
K10806,0,0,0,0,1,0,0,
K11103,0,0,0,0,0,0,0,
K11931,0,0,0,0,0,0,0,
K11936,0,0,0,0,0,0,0,
K16137,0,0,0,0,0,0,0,
K11937,0,0,0,0,0,0,0,
K03811,0,0,0,0,0,0,0,
K05710,0,0,0,0,0,0,0,
K00529,0,0,0,0,0,0,0,
K06989,0,0,0,0,0,0,0,
K01462,2,0,2,0,1,0,0,
K01425,0,0,0,0,0,0,0,
K08223,2,0,0,0,0,0,0,
K01785,0,0,0,0,0,0,0,
K03566,0,0,0,0,0,0,0,
K00059,0,0,0,0,6,0,0,
K13021,0,0,0,0,0,0,0,
K00548,0,0,0,0,0,0,0,
K00615,0,0,0,0,0,0,0,
K00615,0,0,0,0,0,0,0,
K03306,0,0,2,0,2,2,0,
K17228,0,0,0,0,0,0,0,
K01895,0,0,0,0,0,0,0,
K03442,0,2,0,0,0,0,0,
K09761,0,0,0,0,0,0,0,
K02527,0,0,0,0,0,0,0,
K10680,0,0,0,0,0,0,0,
K02836,0,0,0,0,0,0,0,
K07462,0,0,0,0,0,0,0,
K00558,0,0,0,0,4,4,0,
K03431,0,0,0,1,0,0,0,
K00275,0,0,0,0,0,0,0,
K00088,0,9,12,0,4,2,0,
K01754,0,0,0,0,0,0,0,
K03499,0,0,0,0,0,0,0,
K01807,0,0,0,0,0,0,0,
K00145,0,0,0,0,0,0,0,
K06891,0,0,0,0,0,0,0,
K03694,0,6,6,0,20,0,2,
K09771,0,0,0,0,0,0,0,
K01626,0,0,2,0,0,0,0,
K00219,0,6,0,0,3,0,0,
K07044,0,0,0,0,0,0,0,
K01937,0,2,2,0,0,0,0,
K05834,0,0,0,0,0,0,0,
K06991,0,0,0,0,0,0,0,
K11102,2,0,0,0,0,0,0,
K00948,0,0,0,0,0,0,0,
K03462,1,2,0,0,0,0,0,
K21801,0,0,2,0,0,0,0,
K03543,0,2,0,0,0,0,0,
K03446,0,0,0,0,0,0,0,
K00982,2,0,2,0,0,0,0,
K00826,0,0,0,0,0,6,0,
K07276,0,0,0,0,0,0,0,
K06320,0,0,0,0,2,0,0,
K01876,0,0,2,0,0,0,0,
K06975,0,0,6,0,0,0,0,
K02029,0,0,0,0,0,0,0,
K02028,0,0,0,0,0,0,0,
K02030,0,0,0,0,0,0,0,
K02030,0,0,0,0,0,0,0,
K11717,0,0,0,0,0,0,0,
K05835,0,0,0,0,0,0,0,
K00640,0,0,0,0,0,0,0,
K11249,0,0,0,0,0,0,0,
K11209,0,0,0,0,0,0,0,
K00799,0,0,0,0,0,0,0,
K06518,0,0,0,0,0,0,0,
K03703,1,0,0,0,0,0,0,
K08744,0,0,0,0,0,0,0,
K10778,0,0,4,0,0,0,0,
K03631,0,0,0,0,0,0,0,
K07447,0,0,0,0,0,0,0,
K07735,0,0,0,0,0,0,0,
K09913,0,0,0,0,0,0,0,
K03218,0,0,0,0,0,0,0,
K00859,0,0,0,0,0,0,0,
K02654,0,0,0,0,7,0,0,
K07323,0,0,0,0,0,0,0,
K02067,2,5,14,0,1,1,1,
K02066,0,3,0,0,1,0,0,
K02065,0,0,0,0,0,0,0,
K01662,0,1,7,2,4,1,0,
K01092,0,0,0,0,0,0,0,
K00228,0,0,0,0,0,0,0,
K00014,0,0,0,0,0,0,0,
K20035,0,2,0,0,0,0,0,
K07168,0,0,2,0,0,0,0,
K03973,0,0,0,0,0,0,0,
K16842,0,0,0,0,2,0,0,
K16840,0,0,0,0,0,0,0,
K07127,0,0,0,0,2,0,0,
K24206,0,0,0,0,0,0,0,
K16839,0,0,0,0,0,0,0,
K01477,0,0,0,0,0,0,0,
K01483,0,0,0,0,0,0,0,
K07000,0,0,0,0,0,0,0,
K18697,2,0,0,0,0,0,0,
K01185,0,0,0,0,2,0,0,
K06200,0,2,0,0,7,0,0,
K03704,0,0,0,0,0,0,0,
K22589,4,0,0,0,0,0,0,
K06911,0,0,0,0,0,0,0,
K01599,0,0,0,0,0,0,0,
K02050,0,0,0,0,0,0,0,
K11904,2,0,0,0,4,0,0,
K11904,0,0,0,0,2,0,0,
K18138,0,0,2,0,0,0,0,
K01273,0,0,0,0,0,0,0,
K18145,0,0,0,0,4,0,0,
K18144,0,0,0,0,0,0,0,
K18143,0,0,0,0,0,0,0,
K06132,0,0,0,0,0,0,0,
K00121,0,0,0,0,0,0,0,
K07347,0,1,0,0,0,0,0,
K15540,0,0,0,0,0,0,0,
K07345,0,0,0,0,0,0,0,
K04091,2,0,0,0,0,0,0,
K02035,1,0,0,0,0,0,0,
K02033,0,0,0,0,0,0,0,
K02034,0,0,0,0,6,0,0,
K02031,0,0,0,0,4,0,0,
K02014,10,0,0,0,0,0,0,
K04091,0,0,0,0,0,0,0,
K03118,1,0,0,0,0,0,0,
K03117,0,0,0,0,1,0,0,
K15555,0,0,0,0,1,0,0,
K03116,0,0,0,0,0,0,0,
K15554,0,0,0,0,0,0,0,
K15554,0,0,0,0,4,0,0,
K04091,1,0,0,0,2,0,0,
K03832,0,0,0,0,0,0,0,
K02035,0,0,0,0,0,0,0,
K03561,0,0,0,0,0,0,0,
K03559,0,0,0,0,0,0,0,
K02014,0,0,0,0,2,0,0,
K02014,0,0,0,0,2,0,0,
K04091,0,0,0,0,0,0,0,
K05913,0,0,0,0,0,0,0,
K00005,0,0,0,0,0,0,0,
K00059,0,0,0,0,0,0,0,
K03761,0,0,0,0,0,0,0,
K00525,0,2,0,0,0,0,0,
K00526,0,4,1,0,2,0,0,
K14060,0,0,0,0,0,0,0,
K00712,0,0,0,0,0,0,0,
K07400,2,0,2,0,0,0,0,
K19611,0,0,0,0,4,0,0,
K13700,0,0,0,0,0,0,0,
K01673,0,0,0,0,0,0,0,
K10804,0,0,0,0,0,0,0,
K02003,0,0,0,0,0,0,0,
K02004,0,0,0,0,0,0,0,
K19225,0,0,0,0,0,0,0,
K03814,0,0,0,0,0,0,0,
K00937,0,0,0,0,0,0,0,
K04761,0,0,0,0,0,0,0,
K06186,0,0,0,0,0,0,0,
K09801,0,0,0,0,0,0,0,
K07216,0,0,0,0,0,0,0,
K00930,0,0,0,0,0,0,0,
K15778,0,2,1,0,0,0,0,
K03656,0,0,0,0,0,1,0,
K01520,0,0,0,0,0,0,0,
K03286,0,0,0,0,0,0,0,
K03610,0,0,1,0,2,0,0,
K03466,0,2,0,0,0,0,0,
K03609,0,0,0,0,0,0,0,
K03608,0,0,0,0,0,0,0,
K05835,0,0,0,0,0,0,0,
K06956,0,0,0,0,0,0,0,
K21959,1,2,0,0,0,0,0,
K00031,0,0,0,0,0,0,0,
K06181,0,0,0,0,0,0,0,
K07258,0,2,0,0,0,0,0,
K03885,4,2,0,0,2,0,0,
K03775,0,2,2,0,0,0,0,
K01669,0,0,0,0,2,0,0,
K22027,0,0,0,0,0,0,0,
K03863,0,2,0,0,0,0,0,
K23470,0,2,2,0,0,0,0,
K14063,0,0,0,0,2,0,0,
K00276,0,0,0,0,0,0,0,
K01055,0,0,0,0,0,0,0,
K00632,0,0,0,0,0,0,0,
K00432,0,0,4,0,0,0,0,
K02112,5,4,0,0,0,0,0,
K02114,0,0,0,0,0,0,0,
K02115,4,2,1,0,0,0,0,
K02111,0,2,0,0,0,0,0,
K02113,0,0,0,0,0,0,0,
K02109,0,0,0,1,0,2,0,
K02108,0,0,0,0,1,1,0,
K02110,0,0,0,0,0,0,0,
K09823,1,0,0,0,0,0,0,
K09817,0,0,0,0,0,0,0,
K05834,0,0,0,0,0,0,0,
K00029,0,0,0,0,0,0,0,
K07223,0,0,0,0,0,0,0,
K02624,0,0,0,0,0,0,0,
K00799,0,0,0,0,0,0,0,
K00481,0,0,0,0,0,0,0,
K08196,0,0,0,0,0,0,0,
K06446,2,0,0,0,0,0,0,
K20329,0,0,0,0,0,0,0,
K23948,0,0,0,0,0,0,0,
K20329,1,0,0,0,0,0,0,
K00632,0,0,0,0,0,0,0,
K00074,0,0,0,0,2,0,0,
K02337,0,0,0,0,2,0,0,
K00640,0,0,0,0,0,0,0,
K15396,0,0,0,0,0,0,0,
K05597,0,0,0,0,3,0,0,
K14260,0,0,0,0,0,0,0,
K07305,0,0,0,0,1,0,0,
K00432,0,0,0,0,4,0,0,
K14267,0,0,0,0,0,0,0,
K19666,0,0,0,0,0,0,0,
K08172,0,0,0,0,0,0,0,
K13061,0,0,0,0,0,0,0,
K01692,0,0,0,0,2,0,0,
K00248,0,0,0,0,0,0,0,
K00020,0,0,0,0,2,0,0,
K00140,0,0,0,0,1,0,0,
K11737,0,0,0,0,0,0,0,
K02357,0,0,1,0,0,0,0,
K02967,0,1,5,0,2,0,0,
K01265,0,0,2,0,4,0,0,
K07275,0,3,2,0,6,0,0,
K02575,0,0,0,0,4,0,0,
K00322,0,0,0,0,0,0,0,
K03644,0,0,0,0,0,0,0,
K06445,0,2,2,0,0,0,0,
K01607,0,0,0,0,0,0,0,
K01251,0,0,0,0,0,0,0,
K03092,0,0,0,0,2,0,0,
K05808,2,4,29,0,3,2,0,
K00790,2,0,0,0,0,6,0,
K00765,0,0,0,0,0,0,0,
K00013,0,0,0,0,0,4,0,
K00817,0,0,0,0,0,0,0,
K06992,0,0,0,0,2,0,0,
K06076,0,3,0,0,0,0,0,
K18453,0,0,0,0,0,0,0,
K01726,0,0,4,0,0,0,0,
K14742,0,0,0,0,0,0,0,
K15984,0,0,0,0,0,0,0,
K01070,0,0,2,0,0,0,0,
K09956,0,0,0,0,0,0,0,
K01783,0,0,0,0,0,0,0,
K07233,0,0,0,0,0,0,0,
K11741,0,0,0,0,0,0,0,
K00567,1,0,0,0,0,0,0,
K00620,3,0,0,0,2,0,0,
K03517,0,2,0,0,0,0,0,
K01488,0,0,0,0,0,0,0,
K03566,0,0,0,0,0,0,0,
K00252,0,0,0,0,0,2,0,
K08196,2,0,0,0,2,0,0,
K13795,0,2,0,0,0,0,0,
K07168,0,0,0,0,0,0,0,
K13796,0,0,0,0,7,0,0,
K13794,0,0,0,0,0,0,0,
K02020,0,0,0,0,0,0,0,
K03288,0,0,0,0,0,0,0,
K13794,0,0,0,0,0,0,0,
K06076,0,0,0,0,2,0,0,
K03453,0,0,0,0,0,0,0,
K00549,0,0,2,0,0,0,0,
K09024,0,0,0,0,0,0,0,
K07459,0,0,6,0,0,0,0,
K06998,0,0,2,0,0,0,0,
K12543,2,0,0,0,0,0,0,
K00427,0,0,0,0,0,0,0,
K14348,0,0,0,0,0,0,0,
K00101,0,0,0,0,2,0,0,
K03777,0,0,0,0,0,0,0,
K00832,0,0,0,0,0,0,0,
K05799,0,0,0,0,0,0,0,
K03417,0,6,0,0,0,0,0,
K01659,0,0,0,0,0,0,0,
K20455,0,0,0,0,2,0,0,
K03560,0,0,0,0,0,0,0,
K03562,0,0,0,0,0,0,0,
K07107,0,0,0,0,0,0,0,
K03551,0,0,2,0,0,0,0,
K01129,0,0,0,0,0,0,0,
K03550,0,0,0,0,0,0,0,
K01952,2,2,0,2,4,6,0,
K07552,0,0,0,0,4,0,0,
K13522,0,0,0,0,0,0,0,
K03179,0,0,0,0,0,0,0,
K01915,1,0,2,0,0,0,0,
K03181,0,0,0,0,0,0,0,
K03305,2,0,4,0,2,0,0,
K01262,0,0,0,0,0,0,0,
K01658,0,0,0,0,4,0,0,
K00766,2,0,0,0,2,0,0,
K01609,0,0,0,0,0,0,0,
K13482,0,0,0,0,2,0,0,
K07402,0,0,0,0,0,0,0,
K13481,0,0,0,0,0,0,0,
K03147,0,0,0,0,1,0,0,
K03651,0,0,0,0,0,0,0,
K01515,0,0,0,0,0,0,0,
K03298,0,1,0,0,0,0,0,
K12340,0,0,0,0,0,2,0,
K01755,0,2,0,0,0,0,0,
K02039,0,0,0,0,0,0,0,
K08082,0,0,0,0,4,0,0,
K08083,0,0,0,0,0,0,0,
K01749,4,0,0,0,0,0,0,
K01719,1,0,0,0,4,0,0,
K09912,0,0,0,0,0,0,0,
K07862,0,0,0,0,2,0,0,
K22042,0,0,0,0,0,0,0,
K18850,0,0,6,0,4,0,0,
K25422,0,0,0,0,0,0,0,
K09966,0,0,0,0,0,0,0,
K00927,0,0,0,0,0,0,0,
K03771,0,0,0,0,0,0,0,
K01624,0,0,0,0,0,0,0,
K04744,0,0,2,0,0,0,0,
K07102,0,0,0,0,0,0,0,
K04044,0,0,0,0,0,0,0,
K01768,0,0,0,0,0,0,0,
K03723,0,0,0,0,0,0,0,
K07223,0,0,0,0,0,0,0,
K02553,0,0,0,0,0,0,0,
K17290,0,0,0,0,0,0,0,
K02968,0,0,0,0,0,0,0,
K01082,2,0,0,0,0,0,0,
K16235,0,0,4,0,0,0,0,
K01885,2,0,0,0,0,0,0,
K23163,0,0,0,0,0,0,0,
K00355,0,0,0,0,2,0,0,
K03438,2,0,0,0,2,0,0,
K03586,0,0,0,0,0,0,0,
K03587,0,2,0,0,3,0,0,
K01928,0,0,0,0,2,0,0,
K01929,0,0,0,0,2,0,0,
K01032,0,0,0,0,0,0,0,
K01031,0,0,0,0,0,0,0,
K03381,0,0,0,0,0,0,0,
K01856,0,0,0,0,0,0,0,
K03464,0,0,0,0,0,0,0,
K21756,0,0,0,0,0,0,0,
K02554,4,0,0,0,0,0,0,
K18366,0,0,0,0,0,0,0,
K18365,0,0,0,0,0,0,0,
K21758,0,0,0,0,0,0,0,
K10216,0,0,0,0,0,0,0,
K05817,0,0,0,0,0,0,0,
K03978,0,0,0,0,0,0,0,
K07044,0,0,0,0,0,0,0,
K10805,0,0,0,0,0,0,0,
K00631,2,2,0,0,0,0,0,
K03655,0,0,0,0,2,0,0,
K02242,0,0,0,0,0,0,0,
K22522,0,0,0,0,0,0,0,
K03284,0,0,0,0,0,0,0,
K13821,2,0,0,0,0,0,0,
K00557,0,0,0,0,0,0,0,
K11928,0,0,4,0,0,0,0,
K03719,0,0,0,0,0,0,0,
K12410,0,0,0,0,0,0,0,
K02437,0,0,0,0,0,0,0,
K18893,0,0,0,0,0,0,0,
K00799,0,0,0,0,0,0,0,
K01091,0,0,0,0,0,0,0,
K06179,0,0,0,0,0,0,0,
K08300,1,3,2,0,4,0,2,
K13776,0,0,0,0,4,0,0,
K18900,0,0,0,0,1,0,0,
K02495,0,0,0,0,0,0,0,
K09936,0,0,0,0,0,0,0,
K03327,0,0,0,0,0,0,0,
K02909,0,0,0,0,0,0,0,
K06199,0,0,0,0,0,1,0,
K01069,0,0,0,0,0,0,0,
K01772,0,2,0,0,0,0,0,
K09862,0,0,0,0,0,0,0,
K01776,0,0,0,0,0,0,0,
K09986,0,0,0,0,0,0,0,
K00311,0,7,0,0,2,0,0,
K04085,0,0,0,0,0,0,0,
K03820,1,0,0,0,0,0,0,
K06878,0,0,0,0,0,0,0,
K02455,0,2,0,0,0,0,0,
K02456,0,0,0,0,0,0,0,
K04066,0,0,0,0,4,0,0,
K11747,0,0,2,0,1,0,0,
K04083,0,10,4,0,4,0,0,
K05516,0,0,0,0,0,0,0,
K03284,0,0,0,0,0,0,0,
K00962,0,1,0,0,2,0,0,
K18997,0,0,0,0,0,0,0,
K02956,1,2,8,0,1,0,1,
K03582,0,0,0,0,7,0,0,
K03581,0,0,0,0,0,0,0,
K03583,2,2,0,0,4,0,0,
K23753,1,0,0,0,0,0,0,
K03183,0,4,0,0,2,0,0,
K05837,198,30,25,15,160,34,2,
K14445,857,214,193,205,770,875,106,
K05501,364,101,89,41,296,275,25,
K07025,39,54,81,25,49,31,23,
K00930,142,39,29,26,126,20,22,
K02073,71,104,25,46,97,53,33,
K04065,183,288,44,138,178,72,70,
K03271,266,266,53,129,273,113,64,
K07460,64,50,31,36,97,23,32,
K07056,113,25,37,34,116,59,26,
K03642,1,0,0,0,2,1,0,
K00567,0,0,0,0,0,0,0,
K06958,219,79,48,29,250,64,26,
K03285,79,34,21,23,83,39,10,
K16012,80,52,81,28,89,45,14,
K00759,0,0,0,0,0,0,0,
K16013,293,82,91,57,249,226,39,
K00426,155,35,62,24,166,88,24,
K00425,434,126,213,113,477,606,95,
K00424,0,0,0,0,0,0,0,
K08289,300,359,232,155,268,181,99,
K06041,251,120,47,83,231,86,54,
K03270,155,136,29,58,226,80,40,
K11719,115,93,19,57,87,34,31,
K09774,139,80,12,37,164,35,19,
K06861,150,81,15,39,140,50,37,
K05808,4392,1756,2362,488,4478,2485,545,
K22917,136,2,4,4,103,0,0,
K01728,208,4,10,4,159,0,4,
K05782,203,10,5,7,152,10,2,
K07588,130,10,8,11,67,0,4,
K07795,146,3,0,2,116,1,4,
K01999,318,2,6,0,349,4,3,
K00059,212,5,4,2,191,6,2,
K00798,33,2,1,1,47,0,0,
K07795,110,45,21,15,62,88,7,
K01458,125,41,42,27,104,91,26,
K00324,139,116,50,57,218,94,30,
K00325,115,11,10,2,111,28,10,
K11473,71,42,32,3,71,14,12,
K11472,114,63,34,12,71,27,21,
K00104,216,70,16,34,275,50,51,
K00102,301,403,127,102,255,80,132,
K01626,105,51,13,46,102,32,24,
K03568,293,174,62,217,192,141,149,
K03746,0,0,0,0,0,0,0,
K07315,340,144,85,78,305,67,54,
K21020,145,57,78,21,101,85,37,
K13243,400,106,156,40,362,184,58,
K09461,433,420,164,233,319,225,176,
K00059,124,103,98,40,98,69,72,
K00249,168,118,87,17,121,122,64,
K08295,332,289,100,32,274,190,105,
K01075,53,34,12,5,43,19,7,
K09022,160,83,24,0,177,55,27,
K09474,51,1,0,4,71,0,0,
K03808,57,6,4,2,60,0,0,
K03808,104,5,0,2,95,0,1,
K06192,235,8,0,4,233,2,6,
K09857,86,4,5,3,79,7,0,
K02033,106,97,7,32,101,16,31,
K02034,77,25,0,10,62,8,25,
K02031,154,12,2,14,141,8,12,
K02032,136,33,13,22,100,8,13,
K22293,10,4,2,1,16,0,0,
K07795,16,33,0,29,26,1,18,
K03556,69,22,3,14,47,5,9,
K01265,0,0,0,0,0,0,0,
K01999,197,6,2,12,168,4,2,
K07666,139,207,22,89,184,43,76,
K07645,184,109,27,52,156,29,48,
K04771,99,19,6,44,117,4,10,
K01801,0,0,0,0,0,0,0,
K03527,206,219,121,59,224,192,85,
K03774,68,105,82,95,69,91,51,
K03630,128,8,25,8,98,4,1,
K07130,130,38,39,36,116,30,9,
K00453,128,29,27,17,120,33,22,
K02909,243,441,90,395,146,160,211,
K03327,63,9,3,3,80,6,3,
K01912,22,36,7,4,13,8,20,
K03976,0,0,0,0,0,0,0,
K04763,87,18,10,12,63,10,14,
K03566,226,64,25,37,159,37,23,
K01652,356,217,107,71,295,272,84,
K00252,547,842,150,214,446,736,249,
K21395,63,20,2,9,106,16,10,
K15511,139,32,56,21,188,55,21,
K15512,177,60,35,14,368,103,24,
K15513,637,376,208,155,849,360,141,
K15546,318,405,182,248,252,154,115,
K06894,56,8,12,4,54,8,7,
K06891,126,21,24,27,120,19,19,
K00632,108,37,13,12,93,34,10,
K03704,0,0,0,0,0,0,0,
K09005,0,0,0,0,0,0,0,
K03406,230,123,44,59,292,65,42,
K22042,71,129,53,78,45,37,57,
K03601,817,1464,248,373,813,559,363,
K04564,0,0,0,0,0,0,0,
K03561,133,201,104,111,138,128,73,
K03559,45,22,12,11,51,11,7,
K00912,156,28,4,20,123,14,12,
K00979,100,44,26,73,110,39,22,
K00939,279,420,128,193,292,292,154,
K08683,185,135,49,61,124,165,57,
K03980,198,39,12,21,162,20,9,
K07165,264,154,116,69,234,106,57,
K01630,9,19,4,14,16,5,9,
K02968,0,0,0,0,0,0,0,
K07795,97,44,9,42,131,31,16,
K05799,102,14,6,13,68,9,4,
K07795,185,17,13,3,175,29,3,
K00821,213,143,66,114,222,111,73,
K07644,0,1,0,0,0,0,0,
K00611,0,0,0,0,0,0,0,
K07665,0,0,0,0,0,0,0,
K07799,95,0,4,0,93,4,0,
K18903,156,8,7,6,169,4,1,
K01940,333,412,112,174,333,289,123,
K03549,10,0,1,3,8,1,1,
K07774,149,55,41,42,126,34,19,
K03561,95,24,30,23,112,20,15,
K03559,0,0,0,0,0,0,0,
K03832,104,21,20,4,82,23,0,
K02035,165,12,13,6,131,18,9,
K02031,284,8,42,4,208,97,8,
K02034,91,8,11,0,111,46,0,
K02033,160,7,7,2,86,20,2,
K07795,43,5,3,1,72,2,0,
K07795,116,7,2,3,91,2,0,
K01066,0,0,0,0,0,0,0,
K08137,193,25,32,5,162,39,16,
K03530,38,26,8,8,30,18,16,
K07336,26,40,58,11,54,47,8,
K01740,119,53,36,13,122,85,17,
K12573,172,168,101,89,177,110,55,
K03218,0,0,0,0,0,0,0,
K05812,127,103,109,59,104,86,29,
K02348,103,15,17,2,74,24,7,
K13936,101,12,4,8,115,24,8,
K07112,216,135,27,44,283,34,48,
K22083,190,81,62,43,204,51,19,
K05594,26,27,23,8,37,60,8,
K18911,147,20,28,15,157,31,16,
K18912,235,14,16,14,182,8,9,
K01256,450,240,120,106,431,181,88,
K03841,7,3,3,0,2,2,0,
K01733,59,8,7,0,65,8,1,
K00003,308,241,162,66,244,228,77,
K14261,231,189,109,141,180,190,113,
K09008,107,151,112,120,174,68,66,
K03564,141,67,53,22,154,46,20,
K07175,413,146,97,71,522,208,92,
K16165,25,20,15,36,27,50,26,
K01507,16,10,9,12,23,13,11,
K02498,334,154,116,67,235,245,52,
K02035,0,0,0,0,0,0,0,
K18201,118,86,11,81,116,13,44,
K14058,59,10,2,5,53,1,4,
K12243,169,5,2,10,217,3,0,
K16088,339,17,6,7,298,17,2,
K01692,271,171,192,103,321,259,96,
K14287,264,27,6,29,269,10,15,
K03704,281,1096,773,268,339,183,292,
K03495,607,584,136,280,578,260,122,
K03501,79,75,37,52,77,23,21,
K03496,146,96,62,70,131,105,34,
K22476,165,147,100,71,186,88,47,
K03497,159,116,64,74,133,88,53,
K01424,121,72,21,43,126,50,21,
K02844,91,23,3,10,57,3,2,
K11747,307,19,15,15,239,24,9,
K01692,0,0,0,0,0,0,0,
K00059,10,5,0,5,21,3,1,
K05799,75,84,17,25,81,32,18,
K00382,2,2,3,1,10,1,2,
K24116,0,0,0,0,0,0,0,
K18446,133,83,36,37,105,60,44,
K03110,22,2,5,2,21,2,2,
K08316,172,53,38,39,141,28,27,
K07289,85,22,17,7,84,30,18,
K00954,0,0,0,0,0,0,0,
K05782,0,0,0,0,0,0,0,
K12942,8,1,4,0,5,3,0,
K04066,3,0,0,1,3,2,0,
K01599,293,33,27,42,282,49,26,
K02112,574,708,404,247,525,808,262,
K02114,0,0,0,0,0,0,0,
K02115,537,665,202,146,436,651,158,
K02111,748,1051,552,366,738,1107,362,
K02113,542,541,254,216,369,692,217,
K02109,400,383,150,321,270,487,202,
K02108,912,1425,1392,477,567,934,478,
K02110,0,0,0,0,0,0,0,
K12685,24,7,7,8,24,2,3,
K09019,4,2,2,2,8,2,0,
K06024,242,315,120,245,279,139,111,
K06178,472,403,351,420,426,643,248,
K01473,50,9,6,2,86,4,3,
K01474,201,27,26,7,179,37,12,
K01703,100,15,18,0,71,11,8,
K01996,82,7,11,8,64,14,10,
K01995,55,13,12,2,55,4,4,
K01998,75,3,2,7,95,5,0,
K01997,68,2,4,1,67,3,6,
K01999,106,38,15,8,127,28,8,
K03710,249,56,37,13,367,72,36,
K01999,181,9,6,6,144,24,8,
K01061,226,16,7,7,206,15,0,
K21965,202,4,0,2,162,5,4,
K09749,266,9,17,16,283,16,3,
K06902,164,50,44,43,163,54,46,
K01895,544,233,178,93,472,895,125,
K01620,95,13,15,12,83,45,9,
K00311,99,24,16,22,70,30,12,
K07107,112,110,73,36,104,18,28,
K01028,266,340,118,120,322,247,190,
K01029,63,41,23,15,66,57,17,
K02348,21,6,3,2,10,0,2,
K13051,230,818,199,313,159,474,402,
K13892,420,1505,361,530,345,568,931,
K13889,992,3086,315,368,862,1174,873,
K02033,144,257,34,50,134,84,97,
K13891,166,435,97,65,226,116,117,
K01266,207,76,64,47,164,91,41,
K16203,166,145,93,45,130,109,57,
K01262,143,108,85,44,152,137,62,
K01937,400,390,317,404,441,383,189,
K01689,620,533,358,255,547,746,179,
K05589,0,0,0,0,0,0,0,
K04083,69,2,10,10,33,0,8,
K03269,141,127,62,56,201,44,32,
K25137,564,236,589,318,286,357,103,
K01720,187,70,60,19,159,68,14,
K08973,0,0,0,0,0,0,0,
K01659,431,142,74,49,382,476,56,
K03417,529,266,79,69,459,451,85,
K00024,338,162,57,80,281,192,62,
K03710,248,146,68,136,272,70,65,
K00241,123,213,50,129,150,127,81,
K00242,83,82,36,72,63,55,37,
K00239,868,730,258,484,714,777,331,
K00240,409,359,54,190,333,280,130,
K09159,130,163,27,84,110,102,71,
K01647,573,716,226,270,480,617,203,
K00029,57,31,8,12,72,6,10,
K08983,0,0,0,0,0,0,0,
K00163,523,544,196,208,613,404,203,
K00164,1716,864,596,406,1604,1721,240,
K00658,617,230,205,152,567,607,73,
K00382,503,173,172,142,512,664,89,
K06916,213,27,30,13,223,69,11,
K23514,77,2,0,4,34,2,2,
K07165,137,0,0,4,143,0,0,
K02014,304,12,12,7,221,0,12,
K06959,233,115,118,30,231,104,35,
K01867,0,0,0,0,0,0,0,
K03722,188,34,68,42,156,31,12,
K05807,14,18,2,3,12,1,2,
K06180,156,63,26,68,174,33,40,
K05810,113,34,38,18,102,50,15,
K03821,411,615,380,111,644,252,154,
K01915,253,11,17,7,243,49,3,
K18649,181,9,33,5,131,48,5,
K02012,347,61,40,11,402,119,41,
K02010,152,13,5,4,170,17,17,
K02011,295,27,24,6,260,22,9,
K02030,13,0,1,1,11,1,0,
K02031,0,0,0,0,0,0,0,
K02034,85,8,2,2,97,5,2,
K02033,41,4,2,1,29,0,1,
K02035,123,8,0,1,92,1,3,
K01753,134,30,9,2,146,28,0,
K07478,181,106,108,58,212,90,52,
K01875,267,325,165,109,295,221,109,
K17733,27,0,0,0,17,0,0,
K00799,67,7,1,1,66,6,6,
K06194,60,22,63,17,55,20,6,
K15011,227,175,60,161,264,72,93,
K15012,121,172,44,100,114,56,59,
K02297,228,55,39,38,231,70,31,
K02298,145,71,26,35,64,59,18,
K02299,0,0,0,0,0,0,0,
K02300,0,0,0,0,0,0,0,
K01995,94,7,3,1,64,15,2,
K01997,202,15,7,2,223,9,0,
K01998,125,12,9,4,181,2,2,
K02961,4,14,2,3,9,2,2,
K02878,1,3,0,0,1,1,0,
K02904,0,0,0,0,0,0,0,
K02982,507,650,146,320,376,731,286,
K02890,107,202,45,64,123,228,60,
K02886,287,298,99,230,228,472,150,
K02965,0,0,0,0,0,0,0,
K02926,103,144,36,68,55,199,57,
K02892,0,0,0,0,0,0,0,
K02906,725,1099,220,513,556,1135,394,
K02946,253,663,357,251,220,370,190,
K13821,3,3,0,0,0,3,0,
K06192,142,206,72,120,187,202,163,
K09857,0,0,0,0,0,0,0,
K03808,40,16,16,8,50,9,9,
K03694,321,367,209,160,344,190,141,
K05367,933,1862,615,997,1192,1187,670,
K01114,80,5,6,0,70,0,0,
K00681,220,45,44,34,146,78,15,
K02035,229,92,52,32,296,157,36,
K02033,120,24,17,12,85,21,11,
K02034,116,17,10,5,84,15,1,
K00111,37,12,9,22,19,12,12,
K02444,118,158,41,119,103,55,54,
K07448,145,211,75,137,132,34,80,
K14761,0,0,0,0,0,0,0,
K03719,66,20,4,15,46,4,2,
K00285,377,251,317,111,217,354,168,
K00023,420,227,282,70,794,570,100,
K07230,154,22,20,12,98,63,4,
K07243,143,4,20,3,179,26,7,
K06998,136,188,88,70,129,63,54,
K04065,0,0,0,0,0,0,0,
K03802,159,56,44,32,232,50,24,
K02011,45,0,3,0,43,0,0,
K02012,129,4,3,5,123,1,2,
K03719,100,8,2,2,115,0,6,
K01997,167,146,48,26,153,60,70,
K01998,168,147,66,23,197,110,71,
K01995,61,92,64,15,83,59,33,
K01996,0,0,0,0,0,1,0,
K01779,23,6,3,0,20,1,1,
K00799,197,41,29,39,138,31,30,
K15270,41,49,30,21,33,28,11,
K11208,0,0,0,0,0,0,0,
K01476,9,20,11,17,27,4,3,
K02073,0,0,0,0,0,0,0,
K07098,100,21,2,39,73,3,15,
K03719,0,0,0,0,0,0,0,
K01613,48,10,7,0,39,7,3,
K06158,134,46,26,35,145,28,18,
K01644,86,45,14,45,134,21,20,
K22479,3,0,0,1,3,0,0,
K02032,1,0,0,0,0,0,0,
K02031,234,0,2,3,207,4,1,
K15582,146,4,0,4,163,0,0,
K02033,28,0,0,0,43,0,0,
K15580,144,10,0,8,107,0,8,
K01626,181,8,13,7,187,7,2,
K02403,66,20,1,7,45,7,7,
K08995,19,10,5,9,44,5,5,
K04062,5,4,0,1,2,0,0,
K01935,0,0,0,0,0,1,0,
K00652,45,13,8,2,43,6,2,
K00833,99,16,4,5,76,6,20,
K00023,43,10,7,9,43,4,4,
K13926,213,84,50,43,253,122,32,
K01992,0,0,0,0,0,0,0,
K01993,199,108,114,44,181,142,42,
K18139,164,71,58,50,130,147,42,
K03821,427,187,155,148,291,243,104,
K06182,171,178,156,59,136,75,44,
K01673,286,204,101,70,415,216,90,
K01425,286,342,97,115,570,161,112,
K09983,18,11,6,5,9,8,6,
K23242,80,40,27,24,68,26,14,
K06996,2,0,2,2,4,1,2,
K14060,153,38,27,21,175,37,6,
K09945,404,501,216,457,411,423,224,
K10844,97,17,1,9,81,1,8,
K00681,7,6,0,6,5,1,2,
K07795,144,285,23,177,116,53,161,
K06199,17,3,3,0,22,0,1,
K06199,0,0,0,0,0,0,0,
K23779,62,17,4,15,59,7,8,
K02400,10,1,7,0,3,5,1,
K02401,135,26,101,11,153,118,26,
K03406,166,44,34,25,152,112,26,
K03414,108,17,44,7,90,70,12,
K03412,263,104,263,31,228,283,30,
K03413,0,0,0,0,0,0,0,
K00575,165,37,116,21,123,237,42,
K12685,257,87,51,51,248,57,34,
K07795,0,0,0,0,0,0,0,
K00626,271,58,17,3,191,25,29,
K18555,0,0,0,0,0,0,0,
K03975,3,0,0,0,2,1,0,
K00097,147,84,43,56,164,55,49,
K14347,98,37,8,27,117,13,25,
K07156,56,14,9,3,57,5,1,
K07245,118,6,14,0,86,16,3,
K07302,89,12,12,4,93,14,8,
K07303,226,41,58,20,254,50,16,
K06168,3,0,0,0,3,0,1,
K03074,2,0,0,0,3,1,0,
K03072,237,202,100,76,208,138,52,
K03210,173,141,32,83,121,87,49,
K03569,10,6,5,2,5,14,2,
K02435,105,37,17,36,138,6,16,
K02433,269,188,148,85,261,229,74,
K02434,153,36,25,18,106,71,32,
K00762,20,32,24,31,33,26,12,
K01142,231,83,48,46,252,68,31,
K03790,36,0,6,3,25,3,3,
K05835,30,4,4,4,12,3,0,
K11068,15,7,10,6,23,2,3,
K03719,5,2,0,0,3,0,0,
K01556,156,65,20,185,143,231,73,
K03704,0,0,0,0,0,0,0,
K03442,100,1,5,3,128,7,1,
K03088,0,0,0,0,0,0,0,
K08995,36,5,0,3,59,3,2,
K03719,139,30,28,21,84,15,19,
K05834,111,44,16,59,97,20,8,
K11939,25,6,2,6,21,5,1,
K07799,200,21,5,13,202,5,8,
K07788,577,12,0,17,509,2,15,
K07789,499,24,4,10,488,9,4,
K07795,0,0,0,0,0,0,0,
K05712,384,6,10,10,399,2,3,
K07795,188,36,11,13,152,38,6,
K02523,86,77,144,40,102,35,27,
K18829,0,0,0,0,0,0,0,
K18828,0,0,0,0,0,0,0,
K02888,191,244,83,233,161,293,146,
K02899,128,140,112,94,88,153,63,
K03979,276,165,105,101,228,121,57,
K00931,41,2,3,7,27,9,6,
K03147,96,13,6,19,73,0,7,
K22187,44,9,12,11,36,20,18,
K05799,164,88,106,95,104,139,47,
K21029,0,2,0,2,2,3,4,
K03797,48,61,43,48,33,28,18,
K22719,663,1597,886,1330,611,796,821,
K01834,155,77,121,80,128,62,60,
K03676,91,66,30,27,92,37,20,
K03071,292,201,48,62,295,128,48,
K00057,156,68,25,47,134,37,32,
K07795,124,22,12,25,97,23,12,
K03216,0,0,0,0,0,0,0,
K02242,86,65,23,44,125,29,45,
K02169,76,1,0,1,82,0,1,
K06048,98,39,18,3,136,23,13,
K03498,399,383,177,89,734,221,120,
K03499,301,20,13,19,312,9,10,
K13598,319,433,414,305,364,277,188,
K03500,192,78,36,37,243,72,34,
K14441,371,183,94,101,297,139,58,
K22522,141,29,16,40,120,30,44,
K01091,49,13,2,8,48,4,3,
K00604,7,3,4,3,9,5,3,
K07006,0,0,0,0,0,0,0,
K01462,102,105,61,88,80,53,40,
K04096,192,16,17,13,172,30,7,
K01640,117,14,10,14,73,36,10,
K09969,1,0,0,0,1,0,0,
K05825,256,111,63,71,225,132,43,
K06997,0,0,0,0,0,0,0,
K00167,90,46,48,18,80,59,16,
K00166,197,40,43,31,214,109,37,
K00569,107,55,22,21,91,36,25,
K00878,67,8,8,9,55,6,8,
K00788,51,3,7,10,47,14,2,
K07114,45,10,7,0,48,13,2,
K17989,85,104,97,34,100,17,18,
K09990,122,6,11,4,86,2,7,
K03919,123,11,6,4,96,0,3,
K13409,0,1,1,0,0,0,0,
K20975,0,0,0,0,0,0,0,
K13408,196,0,3,2,148,8,0,
K21395,58,19,18,10,49,14,4,
K21394,0,0,0,0,0,0,0,
K02529,218,222,79,115,189,91,73,
K11444,92,9,11,3,66,13,7,
K03412,128,45,58,31,130,25,27,
K02035,260,3,4,1,235,10,4,
K01754,148,25,12,18,119,19,7,
K02806,142,124,25,57,212,70,38,
K06023,106,146,63,57,151,80,28,
K08301,260,85,79,47,228,75,38,
K12685,190,69,63,76,172,27,44,
K22041,0,0,0,0,0,0,0,
K00059,0,0,0,0,0,0,0,
K11959,261,5,4,2,200,0,3,
K11960,175,1,0,4,127,4,1,
K11961,241,2,0,2,244,2,0,
K11962,127,10,14,6,55,5,4,
K11963,176,27,28,32,133,35,22,
K01455,63,14,19,13,54,40,6,
K01995,46,2,0,2,55,0,0,
K01998,96,8,0,0,94,2,4,
K01997,68,0,4,0,61,3,1,
K01999,138,8,2,6,103,0,0,
K18702,214,2,2,12,190,2,4,
K18028,27,0,0,2,20,1,0,
K07250,79,13,8,4,68,11,2,
K03286,133,2,4,27,150,70,11,
K01724,0,0,0,0,0,0,0,
K00992,63,76,31,28,66,26,34,
K07102,113,49,29,10,100,17,26,
K04744,462,343,255,144,366,201,140,
K03771,210,171,111,87,219,191,71,
K00865,8,0,0,0,7,3,0,
K02528,0,0,0,0,0,0,0,
K00873,105,53,52,43,94,60,28,
K06373,50,2,2,7,40,6,3,
K01462,51,10,4,4,33,8,4,
K03430,117,42,20,15,121,28,10,
K01759,0,0,0,0,0,0,0,
K01879,100,48,16,21,59,26,20,
K00655,0,0,0,0,0,0,0,
K03273,0,0,0,0,0,0,0,
K01878,159,52,24,36,158,60,20,
K19113,146,38,14,44,109,26,18,
K01692,241,98,38,48,195,70,34,
K01676,108,38,11,38,86,37,22,
K07795,12,1,2,2,16,1,2,
K00459,0,0,0,0,0,0,0,
K07795,23,1,2,0,16,2,0,
K07068,80,0,2,0,44,2,0,
K15866,0,0,0,0,0,0,0,
K18291,185,0,19,2,195,15,0,
K18289,117,1,8,2,73,5,2,
K18292,150,28,52,26,116,63,17,
K01483,0,0,0,0,0,0,0,
K01998,70,4,6,1,57,3,1,
K01997,80,0,0,2,88,6,0,
K01999,135,3,4,2,123,1,0,
K01426,256,18,14,8,296,14,13,
K05799,145,12,12,9,113,12,4,
K01759,0,0,0,0,0,0,0,
K08177,32,1,0,1,24,7,0,
K01426,297,20,4,17,322,13,14,
K03566,0,0,0,0,0,0,0,
K18900,60,8,2,1,66,2,4,
K07795,152,20,9,28,99,4,6,
K01640,86,42,11,13,98,24,23,
K07749,85,67,38,21,96,35,34,
K03439,208,37,9,19,160,8,9,
K01259,93,81,29,31,109,40,30,
K03154,59,36,67,9,73,11,9,
K03315,137,11,6,4,119,7,8,
K03106,56,22,12,29,51,21,16,
K04079,77,54,24,62,66,101,26,
K03806,0,0,0,0,0,0,0,
K00799,0,0,0,0,0,0,0,
K00558,221,249,145,123,246,43,89,
K02529,34,4,3,8,40,1,5,
K18981,109,29,7,7,127,4,10,
K10112,116,25,6,6,125,13,11,
K02025,200,9,6,2,168,2,6,
K17737,99,6,2,4,80,1,8,
K01714,127,12,2,7,120,2,1,
K07795,0,0,0,0,0,0,0,
K18013,246,16,8,3,186,8,7,
K01999,166,9,6,9,164,3,6,
K01580,623,101,142,21,977,714,36,
K20265,275,12,7,2,333,138,7,
K18308,187,18,27,7,185,12,4,
K09012,103,26,15,23,72,31,19,
K02035,283,184,59,101,270,129,69,
K03285,19123,27785,14847,12620,17258,48629,12251,
K00330,225,331,78,226,149,196,101,
K00331,196,268,76,171,131,164,94,
K00332,215,240,126,120,97,171,90,
K00333,347,366,81,213,256,333,156,
K00334,130,159,92,86,114,106,56,
K00335,367,375,283,129,322,350,180,
K00336,565,677,311,228,473,622,241,
K00337,372,334,148,82,312,233,105,
K00338,102,116,86,46,90,122,56,
K00339,189,161,41,51,166,134,37,
K00340,68,65,6,17,49,60,27,
K00341,452,486,209,130,433,315,138,
K00342,364,379,199,106,297,242,106,
K00343,264,240,107,74,231,234,84,
K16090,18,0,3,0,11,0,1,
K03723,144,29,31,16,131,42,13,
K01079,0,0,0,0,0,0,0,
K01770,34,14,19,15,52,16,8,
K04756,2,0,0,0,1,0,0,
K07638,1083,1491,573,271,1105,871,320,
K24126,0,0,0,0,0,0,0,
K07659,279,231,162,145,313,188,64,
K14742,220,182,118,95,247,142,105,
K08227,17,0,3,3,10,1,2,
K21929,0,0,0,0,0,0,0,
K03529,566,457,422,229,494,388,140,
K01972,180,51,64,59,174,73,34,
K03769,27,53,12,34,37,18,18,
K05527,14,27,4,15,3,16,6,
K06190,112,132,24,91,147,18,52,
K07305,125,213,33,128,172,55,74,
K16784,83,13,4,19,79,12,9,
K16783,54,22,8,5,57,10,2,
K03523,176,34,7,19,189,30,14,
K01999,566,1582,439,174,520,706,689,
K01997,254,299,78,47,244,129,118,
K01995,176,120,46,16,147,85,28,
K01114,43,9,0,0,42,0,0,
K01996,0,0,0,0,0,0,0,
K04343,208,13,6,13,220,13,2,
K00826,131,33,11,14,119,11,14,
K01998,187,96,31,27,188,65,32,
K01997,118,82,94,11,116,13,24,
K01999,286,237,91,23,295,141,86,
K01996,263,330,176,14,346,235,146,
K10773,107,206,158,36,149,21,52,
K03616,42,7,10,6,37,1,3,
K05973,107,25,13,20,84,5,2,
K12543,179,124,31,45,130,99,35,
K19113,11,3,7,0,29,3,3,
K13444,0,0,0,0,0,0,0,
K02297,221,38,33,15,221,22,18,
K02298,508,21,36,7,541,27,8,
K02299,104,5,7,3,95,9,2,
K02300,65,2,5,0,62,3,1,
K14998,179,6,23,8,134,8,2,
K07178,39,46,20,10,24,6,7,
K05835,0,0,0,0,0,0,0,
K00076,165,26,18,20,112,12,6,
K05794,214,74,37,35,171,72,7,
K03717,189,29,12,11,170,10,10,
K00790,157,67,12,25,110,31,26,
K06996,120,28,24,15,123,13,17,
K06950,0,0,0,0,0,0,0,
K01458,12,9,2,4,19,4,1,
K07795,257,83,2,123,183,2,43,
K03762,22,14,4,7,16,1,8,
K03566,0,0,0,0,0,0,0,
K01474,122,25,9,8,81,2,2,
K01473,212,15,16,5,218,10,5,
K18622,130,4,8,0,141,6,0,
K03650,94,112,109,59,134,48,27,
K02035,568,496,313,130,839,495,273,
K02033,220,52,37,16,303,32,15,
K02034,166,22,4,7,174,23,3,
K02031,152,22,43,4,164,36,14,
K02032,304,9,20,4,299,19,10,
K01451,347,133,111,75,379,139,86,
K03119,200,11,2,1,179,6,8,
K15555,40,7,2,1,31,0,6,
K03781,0,0,1,0,0,0,0,
K15554,0,0,0,0,0,0,0,
K03217,400,80,46,44,422,52,18,
K03536,83,63,13,37,75,17,19,
K02914,301,369,234,109,227,370,122,
K02313,304,292,173,332,296,140,166,
K02338,439,408,197,249,360,372,173,
K02470,360,365,258,233,365,415,185,
K03928,101,2,4,2,107,2,0,
K01999,237,50,51,20,202,45,13,
K15268,174,31,23,25,118,28,20,
K01512,18,1,3,0,8,0,3,
K00101,462,729,254,107,325,482,281,
K13652,169,28,9,17,198,19,4,
K01485,280,10,10,3,172,12,9,
K23536,121,35,4,15,129,32,7,
K23535,26,3,4,2,71,1,6,
K23537,147,31,10,4,127,6,0,
K07335,131,43,29,10,112,24,18,
K03975,202,25,17,23,139,24,10,
K00077,156,103,110,76,171,187,71,
K07118,229,58,61,18,289,82,15,
K02858,144,56,47,47,96,22,26,
K07117,195,113,14,102,185,51,54,
K08994,93,31,13,10,86,12,9,
K03719,0,5,0,0,3,0,0,
K01652,176,73,50,72,172,115,40,
K00046,0,0,0,0,0,0,0,
K02050,67,37,35,13,61,40,23,
K03169,183,77,25,37,207,60,42,
K09748,172,216,70,201,136,117,123,
K02600,593,1161,829,588,544,860,410,
K02519,1015,1589,1025,637,873,1249,479,
K02834,87,160,149,110,103,82,106,
K03177,153,221,85,174,122,80,86,
K06207,544,680,237,545,434,755,312,
K02335,104,64,56,18,92,20,19,
K07347,18,0,0,0,16,0,0,
K15540,23,0,0,1,30,0,3,
K07677,187,32,4,13,149,13,10,
K07345,0,0,0,0,0,0,0,
K07687,0,0,0,0,0,0,0,
K07677,154,12,12,9,175,10,6,
K07347,317,0,4,9,309,0,0,
K16267,10,0,1,1,5,2,1,
K03324,8,3,6,6,10,0,4,
K01061,0,0,0,0,0,0,0,
K01752,208,38,49,31,185,72,30,
K03799,44,71,27,36,62,21,27,
K15270,206,36,16,43,163,48,19,
K01011,57,18,28,7,64,60,15,
K21703,90,10,0,4,96,7,2,
K02010,129,19,9,4,130,0,2,
K02011,208,26,6,10,290,4,2,
K05306,160,1,2,2,123,4,0,
K02012,120,2,4,4,110,0,0,
K00499,15,3,9,2,13,1,1,
K07795,225,11,15,15,240,7,16,
K03602,23,42,10,22,44,30,17,
K00795,141,84,131,140,149,128,63,
K01662,330,286,124,174,359,220,131,
K09007,172,274,133,183,160,105,75,
K02990,411,1355,191,563,264,569,455,
K02686,235,722,59,304,187,290,231,
K02963,362,826,77,366,259,312,259,
K02939,267,733,138,293,178,415,270,
K02314,136,93,62,41,152,65,31,
K21090,10,4,3,7,6,3,0,
K00598,0,0,0,0,0,0,0,
K03088,195,3,2,11,191,2,0,
K07032,43,8,13,2,55,5,6,
K02557,87,11,4,8,61,13,7,
K02556,108,33,39,20,134,46,12,
K07795,27,5,2,0,20,1,0,
K23773,72,16,17,13,59,10,5,
K06193,0,0,0,0,0,0,0,
K07168,135,35,20,29,119,17,10,
K13075,6,0,0,0,5,2,0,
K01999,67,2,12,1,35,4,0,
K00135,157,2,0,6,145,12,0,
K07795,77,8,7,3,77,0,4,
K24012,216,27,22,5,192,10,10,
K07795,171,1,4,5,140,6,8,
K01607,21,6,3,3,12,2,1,
K08172,5,4,0,5,2,0,1,
K04750,135,11,17,5,122,3,12,
K01607,123,8,7,2,58,25,12,
K07157,137,24,7,21,135,33,17,
K04762,8,3,1,2,9,0,1,
K07402,48,7,8,15,45,3,8,
K07141,101,11,16,4,84,10,6,
K14333,144,11,0,15,108,3,2,
K01799,95,5,0,0,79,0,0,
K15357,90,4,0,6,84,6,6,
K18028,89,19,4,5,87,6,2,
K13995,26,1,0,3,21,0,2,
K16319,55,15,4,0,45,3,0,
K16320,0,0,0,0,0,0,0,
K00529,154,24,6,11,127,4,8,
K05710,54,8,8,9,57,0,13,
K21395,144,26,4,4,152,8,18,
K03520,285,14,8,25,228,8,4,
K03518,143,16,5,2,85,6,4,
K02049,69,12,5,2,54,4,4,
K02050,63,8,1,0,48,2,0,
K11068,208,63,40,17,101,72,10,
K23463,190,4,4,14,150,7,7,
K07795,116,6,6,0,91,2,2,
K21757,0,0,0,0,0,0,0,
K13075,96,11,8,1,103,8,0,
K01996,28,1,0,3,26,2,0,
K01995,44,2,0,0,42,0,4,
K01998,115,2,2,4,105,4,0,
K01997,95,8,0,0,79,0,0,
K01999,153,3,0,0,118,0,0,
K07793,39,6,10,0,28,4,0,
K14162,257,29,16,17,304,21,16,
K14161,148,2,5,6,118,0,3,
K02035,294,132,102,10,302,197,64,
K02033,121,27,51,6,144,75,7,
K02034,77,7,22,0,90,33,2,
K02031,111,9,30,2,128,18,6,
K02032,137,2,24,4,129,24,2,
K06987,65,26,20,6,76,31,8,
K18199,92,1,0,0,101,0,0,
K01458,88,30,23,25,60,14,13,
K06999,69,67,41,38,57,40,33,
K17224,2,2,3,0,1,0,0,
K09004,1,0,4,0,8,3,1,
K17223,64,1,6,0,63,11,0,
K17223,178,14,25,3,103,63,1,
K17227,15,3,0,0,6,4,2,
K22622,40,8,32,0,42,63,4,
K17226,0,0,0,0,0,0,0,
K17225,130,38,39,3,191,40,6,
K17229,330,91,207,20,257,206,25,
K17230,0,0,0,0,0,0,0,
K21695,0,0,0,0,0,0,0,
K06075,56,12,4,5,56,2,3,
K01737,26,5,7,1,47,3,0,
K10026,60,45,2,12,45,8,8,
K01816,48,35,5,22,60,11,10,
K15034,0,0,0,0,0,0,0,
K07052,99,31,13,23,88,22,21,
K19055,85,7,0,3,69,4,2,
K01992,119,14,5,19,71,14,4,
K01990,106,23,7,16,109,5,2,
K01993,124,29,32,25,146,16,7,
K09017,58,17,14,16,59,8,7,
K03631,131,53,23,30,134,71,15,
K03711,70,73,143,42,49,26,35,
K06186,118,84,26,32,78,38,26,
K00075,9,2,0,0,6,0,0,
K00215,0,0,0,0,0,0,0,
K15977,12,0,0,3,4,0,2,
K18900,160,17,4,17,121,23,5,
K18453,137,96,83,77,144,120,69,
K00684,145,37,23,23,177,22,14,
K21420,129,23,7,14,107,27,10,
K00254,109,50,13,8,98,39,14,
K07795,174,475,78,78,271,99,154,
K11927,178,63,64,53,212,37,22,
K00826,265,254,176,112,256,128,67,
K01423,4,3,0,1,7,0,2,
K07019,0,0,0,0,0,0,0,
K00963,15,2,1,1,8,3,1,
K02351,0,0,0,0,0,0,0,
K01531,289,43,16,35,242,66,25,
K07301,213,320,125,215,134,158,98,
K01262,219,45,32,25,231,33,15,
K05540,281,282,120,144,294,175,86,
K03557,78,30,41,28,107,11,15,
K00602,382,254,163,107,322,275,87,
K01159,12,5,3,10,19,15,4,
K03551,27,7,2,8,22,4,10,
K03550,0,0,0,0,0,0,0,
K22589,51,4,2,6,47,3,6,
K03654,2,3,5,2,0,0,0,
K07659,115,41,8,33,86,38,10,
K07638,79,11,0,7,60,0,0,
K00426,0,0,0,0,0,0,0,
K00425,202,25,23,24,218,29,10,
K01886,394,210,68,189,283,151,90,
K03610,157,85,44,56,144,57,31,
K03609,174,134,110,67,162,72,42,
K03608,0,0,0,0,0,0,0,
K06020,96,29,32,21,73,59,15,
K04062,0,0,0,0,0,0,0,
K02032,34,11,1,5,21,2,4,
K02031,144,27,13,4,144,8,22,
K02034,121,20,22,14,132,12,8,
K08218,9,0,4,1,8,1,0,
K14055,0,0,0,0,0,0,0,
K00641,110,62,13,31,138,39,12,
K16844,45,3,2,4,19,3,3,
K01054,293,31,23,20,294,46,12,
K01919,213,158,83,66,242,105,32,
K03098,0,0,0,0,0,0,0,
K07795,88,15,0,6,82,6,9,
K21645,201,8,5,3,152,14,3,
K15735,124,16,12,23,160,22,14,
K01799,42,72,34,22,71,44,27,
K01501,110,64,7,12,109,16,42,
K01996,115,57,9,5,87,11,28,
K01995,81,15,1,5,89,0,13,
K01998,99,24,8,15,77,16,34,
K01997,106,27,6,10,101,13,32,
K01999,172,24,0,15,194,12,32,
K00450,158,196,7,71,166,10,116,
K08970,169,295,7,421,195,23,243,
K07240,339,41,30,32,260,26,14,
K13283,43,19,9,10,59,26,1,
K07637,113,32,41,17,122,31,7,
K02483,151,23,6,26,262,7,4,
K00074,71,4,12,4,55,3,5,
K18703,216,74,81,83,236,158,71,
K06446,220,129,68,70,218,109,48,
K22108,124,49,5,45,109,36,29,
K00459,428,124,31,81,450,61,47,
K02035,312,154,54,51,246,194,62,
K02035,278,85,78,18,200,67,16,
K02033,193,43,31,10,147,32,16,
K02034,190,8,15,12,195,31,8,
K02031,144,11,34,5,121,58,12,
K02032,118,18,9,7,119,41,5,
K01295,162,24,50,6,122,73,13,
K03656,303,74,70,21,282,99,37,
K00674,0,0,0,0,0,0,0,
K18802,0,0,0,0,0,0,0,
K06217,116,34,20,23,82,28,12,
K07042,61,14,39,11,47,13,6,
K06189,197,132,41,144,200,51,44,
K03820,252,69,20,66,242,37,21,
K01012,68,4,7,12,89,13,6,
K08219,7,3,0,2,3,2,1,
K24138,0,0,0,0,0,0,0,
K01061,0,0,0,0,0,0,0,
K03637,105,69,37,56,131,63,44,
K03636,9,16,17,7,21,12,10,
K03635,64,15,22,24,52,23,6,
K03638,90,15,11,19,106,30,5,
K03750,54,23,4,15,57,27,5,
K03752,0,0,0,0,0,0,0,
K03639,90,31,15,55,89,31,22,
K00123,483,626,76,69,496,119,163,
K02379,122,97,12,28,87,21,27,
K00126,46,17,2,8,44,0,7,
K07240,92,17,6,15,74,3,4,
K07240,79,0,12,5,90,8,0,
K21757,225,20,18,6,234,9,5,
K01776,119,71,34,39,96,34,14,
K01458,0,0,0,0,0,0,0,
K03088,85,14,12,9,97,9,9,
K02014,284,8,12,6,266,2,10,
K00537,107,10,7,7,77,12,4,
K19302,125,14,7,22,90,8,6,
K09767,0,0,0,0,0,0,0,
K10834,28,30,15,13,10,18,7,
K25133,79,0,0,7,77,1,1,
K25132,20,0,0,1,32,1,0,
K16087,133,10,7,8,100,6,4,
K07225,0,0,0,0,0,0,0,
K07165,113,4,4,0,122,0,0,
K23514,78,0,0,1,83,0,4,
K07795,16,1,0,0,11,1,1,
K09712,129,55,38,47,139,31,28,
K02651,27,1,4,0,44,0,1,
K02279,100,0,2,0,85,0,0,
K02280,197,0,10,2,209,0,4,
K02283,294,8,4,2,349,4,2,
K12510,73,5,6,4,87,0,2,
K12511,19,1,0,4,25,0,0,
K09005,0,0,0,0,0,0,0,
K02204,95,38,13,20,63,37,10,
K05539,26,18,4,21,29,18,16,
K07058,128,149,96,46,148,128,48,
K08997,0,0,0,0,0,0,0,
K21023,0,0,0,0,0,0,0,
K01736,0,0,0,0,0,0,0,
K12542,0,0,0,0,0,0,0,
K12541,318,156,255,50,260,238,79,
K12543,247,162,166,34,211,176,45,
K01703,269,244,95,108,292,296,92,
K01704,121,89,40,36,119,109,33,
K00052,226,179,75,74,163,188,74,
K00133,368,584,355,344,320,397,266,
K08086,416,532,343,313,387,503,222,
K06173,172,115,60,41,154,53,36,
K21395,230,78,52,32,200,43,20,
K01817,138,159,251,82,96,43,39,
K02034,128,4,0,0,98,0,0,
K02031,129,4,0,0,85,0,0,
K02032,78,0,2,2,69,0,0,
K07255,24,0,4,0,25,1,4,
K00375,1,0,0,0,5,0,0,
K07256,0,0,0,0,0,0,0,
K15552,98,122,51,32,178,12,52,
K10831,66,2,2,2,70,6,0,
K15551,117,3,6,4,85,0,0,
K05820,65,18,12,17,99,14,4,
K01495,0,0,0,0,0,0,0,
K03704,180,938,339,415,332,101,283,
K02517,14,22,4,24,12,2,16,
K04047,306,244,83,62,559,213,81,
K07304,80,32,50,14,83,10,20,
K07305,107,25,10,18,118,9,14,
K07147,55,13,3,3,82,2,1,
K02483,125,17,11,6,129,2,1,
K00459,3,0,0,0,0,0,0,
K22477,0,0,0,0,0,0,0,
K13444,237,30,89,37,254,152,23,
K03924,119,17,30,7,140,75,4,
K12972,0,0,0,0,0,0,0,
K02031,72,52,13,19,84,32,7,
K02034,45,13,4,8,50,14,16,
K02033,37,3,2,0,9,0,2,
K02035,95,59,6,8,105,28,21,
K18622,124,192,24,52,161,22,69,
K05799,134,113,72,73,131,24,39,
K07154,36,134,35,111,41,9,42,
K07795,11,3,0,3,2,0,5,
K01032,94,16,5,4,98,6,2,
K01031,17,2,0,4,23,1,0,
K07795,43,4,4,0,41,2,0,
K02510,19,2,2,2,32,1,0,
K00135,65,4,0,0,52,0,2,
K01685,118,13,3,12,161,3,0,
K07795,121,4,5,5,138,4,2,
K03566,0,0,0,0,0,0,0,
K18622,97,139,19,34,98,26,61,
K07137,249,91,64,59,267,105,54,
K02042,0,0,0,0,0,0,0,
K02042,163,64,29,16,120,23,39,
K02041,60,58,25,7,63,24,27,
K02044,133,116,57,40,180,66,72,
K14652,311,179,133,118,323,110,50,
K00794,92,111,58,82,84,101,52,
K03625,158,163,217,66,132,172,50,
K00946,176,25,57,18,191,47,22,
K01095,48,0,4,1,31,2,2,
K01591,0,0,0,0,0,0,0,
K03743,0,0,0,0,0,0,0,
K03885,151,106,48,84,112,73,41,
K01996,44,16,10,6,27,16,1,
K01995,62,0,0,0,52,0,0,
K01998,57,4,11,0,63,0,6,
K01997,140,0,4,0,169,2,0,
K01999,143,0,1,4,146,8,2,
K03392,208,4,2,5,232,10,4,
K00452,33,0,2,0,45,0,1,
K10217,204,13,3,8,166,9,2,
K15067,0,0,0,0,0,0,0,
K07058,56,0,1,0,50,0,4,
K04077,436,585,113,389,382,295,257,
K22489,0,0,0,0,0,0,0,
K04078,3207,4877,856,2613,2675,3308,1743,
K07154,0,0,0,0,0,0,0,
K07493,41,6,7,5,26,16,4,
K12685,722,280,265,120,611,142,107,
K22468,160,47,87,37,145,130,24,
K02471,176,168,63,133,167,78,88,
K06989,7,2,0,2,7,3,0,
K21053,14,1,1,1,14,2,5,
K08305,103,23,45,20,100,45,17,
K03827,0,0,0,0,0,0,0,
K02034,171,93,26,34,143,104,60,
K02033,28,16,7,4,39,10,5,
K02035,89,37,40,5,102,31,22,
K02031,421,290,120,35,318,378,108,
K06079,97,12,11,9,84,17,8,
K00799,188,15,20,13,253,36,10,
K03088,82,13,3,5,52,7,3,
K09954,0,0,0,0,0,0,0,
K13633,33,16,10,22,30,1,14,
K01627,9,2,2,2,6,4,6,
K04046,187,88,57,63,189,40,53,
K01515,76,35,10,13,64,16,18,
K03761,80,40,13,33,62,15,30,
K01420,145,43,19,54,119,19,16,
K03695,2779,7444,1392,4265,3194,3392,2502,
K01461,191,16,16,99,213,34,0,
K07795,0,0,0,0,0,0,0,
K03734,111,0,0,2,78,0,0,
K10094,82,0,9,0,70,1,4,
K09939,96,4,4,1,68,8,0,
K21677,84,3,4,2,48,10,3,
K21908,0,0,0,0,0,0,0,
K06199,0,0,0,0,0,0,0,
K02291,65,61,30,27,46,21,24,
K21679,142,83,72,51,102,66,29,
K01775,202,62,59,30,185,54,29,
K02510,47,13,48,21,50,18,20,
K04485,195,85,60,40,219,44,45,
K03566,0,3,5,0,2,2,1,
K07795,264,1,17,9,192,54,3,
K01458,63,16,11,12,38,16,8,
K24821,77,13,8,4,56,6,4,
K14347,0,0,0,0,0,0,0,
K06221,152,74,245,68,131,120,76,
K05366,127,44,15,30,130,14,25,
K09788,0,0,0,0,0,0,0,
K07313,0,0,0,0,0,0,0,
K08223,200,70,13,62,211,11,18,
K11936,0,0,0,0,0,0,0,
K11937,0,0,0,0,0,0,0,
K11931,105,14,4,2,116,4,0,
K11935,287,0,0,3,293,0,2,
K01303,77,0,0,1,70,3,5,
K02346,104,66,56,32,86,38,31,
K09117,6,17,15,9,8,9,13,
K06133,91,8,24,6,91,11,6,
K05916,374,229,43,27,242,91,56,
K13771,75,35,26,17,69,19,13,
K00285,0,0,0,0,0,0,0,
K00799,88,2,3,3,72,7,7,
K07006,39,0,2,2,51,3,2,
K15555,17,3,0,2,24,4,2,
K09004,0,0,0,0,0,0,0,
K20035,222,544,42,300,243,35,226,
K20034,253,13,21,5,242,37,5,
K00135,152,44,14,9,147,17,11,
K14063,0,0,0,0,0,0,0,
K22616,206,31,21,30,195,15,8,
K02874,456,927,254,707,293,630,382,
K02895,346,564,218,462,251,427,264,
K02931,630,1205,288,549,414,884,349,
K02954,330,596,203,242,264,440,152,
K02994,541,910,300,542,404,676,368,
K02933,753,1415,558,777,575,976,490,
K02881,480,848,480,423,358,719,307,
K02988,1158,1453,960,788,712,1557,591,
K02907,136,174,92,82,107,236,67,
K02876,753,838,622,524,489,1074,396,
K03076,1957,2917,1856,1429,1561,2282,1131,
K02919,401,643,428,218,312,425,180,
K02952,585,905,395,415,525,909,283,
K02948,606,1042,303,308,524,758,296,
K02986,1141,2149,924,664,854,1667,617,
K03040,559,749,247,307,527,838,317,
K02879,24,40,10,8,13,25,13,
K02503,7,1,1,1,4,0,0,
K03926,164,147,48,101,165,40,62,
K04084,394,214,133,302,427,180,170,
K01698,28,15,10,5,32,18,3,
K03978,235,97,30,95,231,111,54,
K07399,408,184,101,173,354,134,91,
K13796,235,28,17,33,262,36,16,
K01586,0,0,0,0,0,0,0,
K13795,0,0,0,0,0,0,0,
K05366,267,84,45,65,256,94,48,
K06202,0,0,0,0,0,0,0,
K00891,134,43,34,27,136,40,11,
K01735,0,0,0,0,1,1,0,
K03701,158,73,63,27,105,63,28,
K01129,0,0,0,0,0,0,0,
K00799,0,0,0,0,0,0,0,
K03111,226,335,90,235,231,111,110,
K01153,790,236,111,147,753,166,104,
K01154,477,296,91,128,452,137,112,
K03427,428,211,102,78,487,134,61,
K20035,156,15,3,9,134,6,3,
K00059,0,0,0,0,0,0,0,
K07795,102,3,2,2,69,4,3,
K07507,75,7,1,9,73,0,6,
K07795,272,40,23,36,290,91,37,
K23239,81,34,2,9,76,7,12,
K00121,136,127,27,73,141,102,50,
K03566,94,22,19,23,90,11,13,
K07795,175,180,8,21,149,21,54,
K03585,140,9,7,9,132,27,10,
K02012,35,17,4,11,65,14,7,
K02011,264,342,54,59,202,172,77,
K03566,200,41,25,9,177,13,18,
K01079,131,27,29,14,81,14,7,
K00425,769,2905,769,1162,663,734,1122,
K00426,230,456,46,182,225,264,219,
K06131,43,77,10,17,38,19,15,
K07734,0,0,0,0,0,0,0,
K07054,93,44,45,24,108,24,19,
K07566,300,296,82,140,327,183,101,
K01714,224,340,74,164,301,147,111,
K07287,98,88,14,43,87,36,41,
K03555,136,55,32,60,173,48,15,
K18850,0,0,0,0,0,0,0,
K07234,75,5,15,7,55,15,8,
K09943,0,0,0,0,0,0,0,
K09760,46,37,26,10,47,20,8,
K09165,194,121,310,22,277,71,22,
K19784,175,73,25,17,119,24,20,
K09932,76,14,1,7,99,5,2,
K07231,58,5,19,12,64,2,5,
K03747,0,0,0,0,0,0,0,
K07080,254,52,42,14,214,38,35,
K19967,48,34,31,12,39,28,15,
K07795,5,5,1,2,7,1,0,
K00821,47,3,0,2,34,0,2,
K08225,0,0,0,0,0,0,0,
K01968,310,23,28,8,258,38,9,
K01969,439,125,88,20,389,167,38,
K00626,110,35,26,14,79,44,10,
K00906,967,396,260,175,872,1016,193,
K00253,260,129,51,47,277,180,50,
K01451,232,97,65,81,183,71,45,
K07795,97,84,102,50,79,115,68,
K09771,0,0,0,0,2,0,0,
K05834,3,5,6,2,14,7,1,
K03673,0,0,0,0,0,0,0,
K01887,112,39,69,37,103,78,20,
K05815,0,1,0,0,0,0,0,
K05814,40,6,0,0,32,0,0,
K05813,133,12,7,4,144,16,11,
K03651,63,27,14,18,70,19,16,
K02529,184,29,28,15,155,9,8,
K01649,66,102,26,67,61,27,60,
K01426,0,0,0,0,0,0,0,
K07795,273,772,54,518,381,165,264,
K03092,258,71,49,51,257,58,29,
K15269,169,13,10,9,153,8,8,
K03594,0,0,0,0,0,0,0,
K02837,264,428,142,290,282,192,191,
K11927,139,77,35,64,161,54,24,
K05834,0,0,0,0,0,0,0,
K03744,58,63,54,22,79,56,49,
K06872,0,0,0,0,0,0,0,
K02031,261,54,56,14,272,103,37,
K02034,148,62,31,8,135,38,21,
K02033,63,6,8,0,58,4,1,
K02035,192,31,11,11,207,27,14,
K07506,86,65,12,16,80,23,12,
K03600,128,11,5,4,103,4,0,
K03599,70,52,96,37,63,96,36,
K00413,41,39,21,18,30,64,9,
K00412,268,414,221,133,279,412,106,
K00411,309,247,135,104,253,240,68,
K03282,0,0,0,0,0,0,0,
K04771,206,57,46,54,224,37,23,
K03118,117,14,31,7,111,7,10,
K03117,101,18,17,5,70,12,5,
K03116,23,2,6,5,15,4,1,
K02503,84,68,81,39,62,35,18,
K01523,85,55,56,41,49,38,20,
K02500,94,82,24,24,87,28,18,
K01496,0,0,0,0,0,0,0,
K01814,187,136,58,62,206,89,53,
K02501,268,291,72,112,241,144,111,
K01693,34,8,8,1,25,4,5,
K00817,105,87,29,24,106,66,15,
K00013,212,103,34,55,159,66,15,
K00765,14,10,6,7,15,10,3,
K00790,159,57,28,24,126,67,19,
K05527,0,0,0,0,0,0,0,
K01990,234,36,18,21,228,38,16,
K07323,80,59,56,46,61,27,31,
K04754,257,97,50,58,246,84,36,
K02067,68,24,21,9,70,51,18,
K02066,81,36,23,20,87,46,13,
K02065,132,35,9,27,140,25,13,
K00459,263,269,49,132,296,118,61,
K07795,147,21,11,24,190,40,12,
K00265,390,259,152,91,422,339,138,
K21959,0,0,0,0,0,0,0,
K07275,0,0,0,0,0,0,0,
K07240,0,0,0,0,0,0,0,
K00266,0,0,0,0,0,0,0,
K07240,0,0,0,0,0,0,0,
K07491,174,96,25,203,167,43,64,
K01070,201,144,60,122,234,92,54,
K03089,885,2310,689,1197,846,1076,820,
K03651,95,137,8,70,109,26,36,
K03316,413,55,55,43,370,18,35,
K02275,599,508,251,348,534,542,310,
K02274,652,444,323,115,546,584,134,
K02276,320,144,207,53,236,240,76,
K14998,92,129,78,97,141,55,42,
K02259,235,84,41,70,215,30,38,
K02257,149,93,34,67,156,70,57,
K07152,0,0,0,0,0,0,0,
K00812,134,47,41,40,97,70,22,
K01432,109,42,54,22,84,32,22,
K07795,32,4,8,6,29,4,1,
K00074,200,4,15,8,170,1,2,
K00632,115,14,8,14,77,11,0,
K07068,0,0,0,0,0,0,0,
K08309,0,0,0,0,0,0,0,
K01845,200,9,12,5,191,13,5,
K00788,85,24,23,12,82,43,14,
K07735,163,152,124,146,181,94,76,
K07447,77,38,42,56,82,29,25,
K00609,112,67,84,77,86,52,37,
K01525,0,0,0,0,0,0,0,
K00655,0,0,0,0,0,0,0,
K11720,136,58,16,45,137,31,25,
K03814,133,22,14,22,77,6,8,
K00014,108,51,97,36,110,27,28,
K03832,80,51,37,31,71,59,27,
K02011,227,98,60,21,225,84,58,
K07649,520,660,120,140,529,194,225,
K02012,0,0,0,0,0,0,0,
K01147,152,35,14,16,181,22,11,
K02558,186,79,106,43,184,59,51,
K07000,0,0,0,0,0,0,0,
K03786,100,106,39,38,110,29,35,
K02160,102,70,19,38,99,24,7,
K01961,327,273,169,165,230,237,115,
K02687,118,52,66,18,108,70,19,
K00856,141,69,60,41,140,101,26,
K06077,525,910,395,561,482,654,360,
K14188,109,105,51,71,81,17,33,
K03740,149,134,48,47,84,53,39,
K03739,226,60,11,20,172,21,28,
K02221,0,0,0,0,0,0,0,
K00525,274,384,162,115,349,147,95,
K00526,0,0,0,0,0,0,0,
K04090,895,810,196,316,964,593,211,
K03719,265,84,36,30,200,30,33,
K01885,45,15,32,24,47,29,6,
K09181,491,155,121,104,499,161,55,
K15223,49,15,8,30,62,33,21,
K01451,113,80,88,25,99,69,27,
K15738,21,3,1,0,20,3,1,
K03925,202,394,297,237,227,325,200,
K03438,314,174,274,211,270,304,119,
K03586,30,41,25,16,57,16,9,
K03587,294,114,87,61,221,83,54,
K15792,376,152,284,75,343,215,73,
K01000,254,51,29,15,249,40,22,
K01925,220,122,139,40,200,143,62,
K03588,176,63,72,22,174,45,25,
K02563,116,18,55,21,116,41,25,
K01924,158,71,85,24,132,96,23,
K01921,200,48,61,21,182,94,23,
K03589,127,11,47,10,112,19,21,
K03590,217,38,62,15,169,86,10,
K03531,865,360,778,54,742,1108,179,
K02535,165,286,116,229,216,94,99,
K19304,238,476,157,295,238,135,192,
K03070,846,1366,701,604,629,699,406,
K07795,379,184,112,105,383,293,90,
K06213,24,5,5,3,21,4,2,
K05800,0,0,0,0,0,0,0,
K07232,0,0,0,0,0,0,0,
K10806,0,0,0,0,0,0,0,
K01451,67,8,6,21,47,8,6,
K01897,143,50,33,11,188,33,17,
K01092,12,6,13,6,8,14,3,
K15461,415,29,28,32,323,35,20,
K02071,175,631,83,392,199,49,223,
K02072,128,183,14,142,175,22,100,
K02073,9,14,1,7,9,0,3,
K13285,182,0,2,6,196,0,0,
K02029,107,115,52,29,189,101,49,
K02028,0,0,0,0,0,0,0,
K01139,142,43,12,24,153,25,18,
K07795,0,0,0,0,0,0,0,
K00942,153,287,69,131,162,113,83,
K03060,0,0,0,0,0,0,0,
K01241,117,90,40,65,136,70,39,
K19666,169,31,8,19,216,24,27,
K00989,0,0,0,0,0,0,0,
K03406,161,12,4,2,138,2,8,
K01519,145,97,40,21,167,34,26,
K02495,170,87,76,54,154,72,33,
K01915,505,358,141,201,515,471,132,
K07708,163,64,15,35,94,75,12,
K07712,49,16,16,6,68,15,10,
K06911,92,7,6,6,70,4,4,
K06911,134,8,13,18,159,13,14,
K07795,31,9,6,8,37,1,4,
K02011,134,13,14,10,112,10,7,
K02012,156,15,6,10,120,23,8,
K07795,25,4,3,0,8,5,1,
K17737,227,551,142,390,253,190,236,
K09022,254,398,171,182,219,203,97,
K03655,252,152,65,125,213,111,80,
K04761,93,58,43,37,115,61,23,
K07002,24,13,4,2,9,11,3,
K04047,0,0,0,0,0,0,0,
K01999,341,414,144,110,530,269,151,
K10112,51,7,5,4,14,10,5,
K05815,142,82,69,35,89,84,17,
K05814,99,24,9,10,100,22,7,
K05813,172,158,76,54,153,93,37,
K00286,101,65,61,69,89,71,51,
K09125,98,42,39,34,91,37,26,
K01999,391,1137,261,138,531,408,223,
K02614,11,18,4,0,8,11,5,
K15866,0,0,0,0,0,0,0,
K02613,559,922,171,66,476,616,380,
K02612,92,225,37,13,46,124,59,
K02611,139,213,58,46,108,113,96,
K02609,276,440,144,151,273,400,278,
K02610,0,0,0,0,0,0,0,
K02616,76,62,39,37,60,49,38,
K13288,85,62,49,56,88,49,44,
K06013,251,113,61,58,272,45,40,
K06949,11,8,0,1,10,0,4,
K02884,157,238,145,107,139,93,87,
K00956,272,187,39,117,302,38,84,
K00957,132,29,17,12,107,9,29,
K00390,75,13,4,0,48,1,17,
K02045,58,15,6,2,78,4,11,
K02047,108,17,4,0,105,6,16,
K02046,96,6,1,0,56,0,12,
K23163,169,7,0,0,182,0,3,
K20035,279,280,54,64,473,71,127,
K24158,0,0,0,0,0,0,0,
K07085,289,58,49,41,285,92,39,
K09758,255,37,50,18,220,60,9,
K07085,361,108,96,22,508,293,55,
K03522,290,115,112,54,360,221,49,
K03521,285,413,82,138,208,355,159,
K08305,54,34,14,20,122,10,9,
K12339,11,36,14,8,8,10,13,
K02237,90,199,78,88,91,48,96,
K03274,89,3,30,1,83,14,3,
K21344,157,90,65,31,122,134,35,
K19804,154,112,113,64,120,141,58,
K02945,288,497,421,247,339,563,271,
K08992,0,0,0,0,0,0,0,
K05788,0,0,0,0,0,0,0,
K00945,59,75,32,42,58,118,30,
K00800,193,114,62,51,115,82,37,
K04517,138,13,7,23,111,59,13,
K00817,102,25,31,16,60,36,10,
K14170,112,86,71,33,85,106,28,
K02469,269,157,211,154,240,246,128,
K00831,0,0,0,0,0,0,0,
K03286,9992,13414,3445,3836,7906,9703,3222,
K00568,141,83,15,47,192,42,13,
K00523,157,105,41,66,154,89,41,
K00285,320,177,118,142,342,185,97,
K01872,625,765,496,381,481,625,269,
K04085,0,0,0,0,0,0,0,
K01873,272,252,106,99,373,264,64,
K02959,0,0,0,0,0,0,0,
K02860,0,0,0,0,0,0,0,
K00554,0,0,0,0,0,0,0,
K00940,291,570,89,212,223,264,200,
K06941,250,620,214,270,222,263,143,
K15539,79,92,68,60,56,29,27,
K03526,222,145,151,109,193,119,76,
K01892,152,178,141,90,171,142,102,
K17713,155,92,114,84,143,108,41,
K03977,211,227,146,106,131,148,104,
K00817,177,81,75,42,197,71,27,
K03666,144,69,37,53,163,79,40,
K03665,109,35,33,38,105,49,19,
K04088,547,695,377,298,475,464,279,
K04087,285,446,192,127,333,256,120,
K02502,264,480,250,309,261,245,137,
K01939,406,587,313,434,434,671,259,
K07101,180,123,40,81,169,86,80,
K02970,299,831,206,325,266,316,258,
K02316,434,606,326,366,367,257,243,
K03086,844,1617,654,902,1089,867,571,
K09144,41,7,0,0,30,0,8,
K17733,81,0,2,0,74,0,1,
K07795,94,2,0,4,80,4,2,
K07068,24,1,1,0,23,0,1,
K01031,80,2,0,0,96,0,0,
K09990,0,0,0,0,0,0,0,
K10778,7,0,0,0,1,0,0,
K02014,245,15,6,10,229,7,4,
K01247,0,0,0,0,0,0,0,
K07165,129,5,0,2,125,4,4,
K23514,47,12,4,9,32,6,4,
K18900,4,0,0,0,0,0,0,
K10680,0,0,0,0,0,0,0,
K02032,114,2,9,3,102,3,2,
K02031,122,8,4,0,138,4,0,
K02034,71,6,2,0,100,1,0,
K02033,65,0,0,0,65,2,0,
K02035,160,6,12,3,175,6,4,
K05799,168,24,18,11,183,13,19,
K00830,238,18,20,17,237,10,6,
K07795,0,0,0,0,0,0,0,
K15549,108,19,38,13,79,18,11,
K15547,180,10,18,5,151,24,3,
K17837,0,1,0,0,4,0,0,
K05595,0,0,0,0,0,0,0,
K07154,79,6,7,9,76,7,6,
K07795,101,13,11,4,117,7,3,
K00059,57,2,0,0,64,2,0,
K00059,110,12,0,2,57,4,6,
K05799,0,0,0,0,0,0,0,
K18902,183,10,4,4,188,2,0,
K18903,0,0,0,0,0,0,0,
K01975,0,0,0,0,0,0,0,
K18901,182,7,0,3,227,2,2,
K18900,379,661,79,307,318,147,177,
K20275,0,0,0,0,0,0,0,
K20275,75,12,3,6,70,2,6,
K00477,188,97,67,70,167,88,52,
K10947,110,31,22,11,126,26,16,
K07229,3,0,0,0,5,1,1,
K21757,77,21,2,5,111,13,7,
K03088,146,59,24,40,98,22,14,
K01258,115,25,19,22,107,31,21,
K02032,1,0,0,0,2,0,0,
K02031,177,30,31,4,181,20,6,
K02034,168,20,3,3,159,14,13,
K02033,30,3,2,0,20,1,2,
K02035,193,23,6,0,186,11,5,
K00111,312,4,0,5,210,7,3,
K00803,176,8,6,2,98,19,4,
K02443,0,0,0,0,0,0,0,
K24163,205,40,23,24,176,78,10,
K01425,160,9,32,1,145,39,2,
K00566,210,115,125,154,116,118,83,
K07090,59,39,13,31,51,13,21,
K00799,6,4,1,4,4,1,2,
K01756,399,419,162,130,347,379,111,
K19777,0,0,0,0,0,0,0,
K15866,58,7,2,0,63,2,0,
K01796,116,13,1,3,145,9,2,
K24012,105,10,12,8,103,22,6,
K00059,59,2,2,1,34,0,4,
K07795,183,14,13,18,168,20,16,
K07795,145,12,14,4,123,10,4,
K07068,101,2,3,5,60,4,0,
K03554,77,7,6,7,72,2,6,
K02338,107,11,2,4,99,5,3,
K00773,64,15,3,6,49,3,1,
K07568,165,54,43,31,137,49,13,
K01999,251,157,79,57,244,72,88,
K07259,135,52,44,30,158,51,40,
K02302,7,21,4,2,21,4,6,
K00761,0,0,0,0,0,0,0,
K03182,26,8,3,4,24,1,9,
K05594,0,0,0,0,0,0,0,
K00029,530,226,180,259,567,306,147,
K07001,190,39,16,18,117,14,15,
K09761,0,0,0,0,0,0,0,
K03623,0,0,0,0,0,0,0,
K00615,600,492,224,285,545,499,197,
K00134,631,273,149,164,542,743,120,
K00927,239,64,36,46,228,206,31,
K00208,0,0,0,0,0,0,0,
K00925,16,3,3,4,17,7,0,
K00625,0,0,0,0,0,0,0,
K00799,223,212,82,191,278,154,122,
K05516,374,557,218,702,403,602,409,
K18997,134,231,126,228,248,197,124,
K16322,148,19,14,16,120,16,5,
K00799,0,0,0,0,0,0,0,
K07396,0,0,0,0,0,0,0,
K03740,216,21,4,10,250,26,14,
K03831,152,70,37,47,192,46,26,
K02518,273,471,358,388,272,303,223,
K01624,118,94,19,52,150,56,39,
K00858,2,0,1,0,1,0,0,
K03705,389,268,109,106,418,125,63,
K01772,230,86,32,60,253,65,39,
K03687,1167,1955,423,1092,1190,894,485,
K04043,2678,4482,626,2149,2422,2408,1198,
K07263,30,10,12,9,25,10,9,
K03686,0,0,0,0,0,0,0,
K03790,166,40,20,11,133,27,7,
K09989,35,14,6,4,32,3,3,
K24217,0,0,0,0,0,0,0,
K00031,557,417,370,173,555,418,181,
K02847,246,67,42,47,190,59,34,
K03406,135,14,49,17,132,37,4,
K01714,0,0,0,0,0,0,0,
K07646,94,8,7,6,72,8,2,
K12262,0,0,0,0,0,0,0,
K07667,0,0,0,0,0,0,0,
K01547,206,9,10,3,176,7,7,
K01548,0,0,0,0,0,0,0,
K01546,203,21,8,3,156,2,6,
K01545,3,0,0,0,9,0,0,
K14393,279,59,32,41,303,29,25,
K03297,0,0,0,0,0,0,0,
K00384,95,61,87,47,76,50,16,
K03466,533,230,151,119,464,205,81,
K03634,141,70,67,35,155,51,19,
K06015,56,16,3,3,67,5,0,
K09022,0,0,0,0,0,0,0,
K19337,108,10,4,4,109,11,1,
K02032,78,6,2,12,72,6,2,
K03205,229,2,2,3,264,0,0,
K03196,32,2,0,2,35,1,1,
K03195,210,27,6,7,173,4,1,
K03204,202,4,2,6,204,4,2,
K03203,74,0,0,7,97,0,0,
K03201,79,0,0,0,89,0,0,
K03199,86,8,3,3,71,4,2,
K03200,0,0,0,0,0,0,0,
K03194,31,2,6,2,36,0,0,
K16899,373,82,55,47,316,63,45,
K16898,467,70,82,24,329,110,30,
K02343,408,290,194,186,394,312,123,
K09747,126,97,214,46,123,162,52,
K06187,145,59,38,29,171,72,23,
K07749,220,26,13,12,191,35,14,
K15553,262,197,155,48,215,129,83,
K15554,50,14,12,2,79,11,5,
K00616,8,4,6,1,7,4,4,
K01607,0,0,0,0,0,0,0,
K01956,514,676,184,279,394,357,208,
K01955,948,1276,422,429,656,1023,423,
K15634,0,0,0,0,0,0,0,
K02052,16,3,1,3,13,3,0,
K02011,126,10,5,4,135,20,0,
K02012,227,13,13,9,185,12,4,
K05874,101,21,9,6,82,17,3,
K09016,0,0,0,0,0,0,0,
K03624,56,45,20,49,51,25,22,
K07574,72,68,39,50,51,35,32,
K02427,283,675,226,481,340,172,262,
K03798,1464,2402,873,1376,1337,1985,893,
K00796,151,115,63,69,107,84,34,
K03431,214,133,75,82,207,185,58,
K01524,21,27,14,14,24,6,7,
K22310,0,0,0,0,0,0,0,
K00937,292,104,122,55,278,80,33,
K02040,268,52,32,25,184,52,18,
K02037,201,36,20,14,198,25,20,
K02038,109,7,25,4,125,16,6,
K02036,115,43,63,9,117,21,10,
K14063,227,14,20,6,315,19,7,
K07795,131,23,0,27,127,7,11,
K13995,99,107,11,168,84,18,58,
K06995,116,20,1,11,129,10,4,
K07165,89,18,25,21,59,29,13,
K00868,182,85,41,31,221,69,26,
K01058,4,0,0,0,5,0,0,
K02028,173,133,55,219,120,28,112,
K02030,253,236,70,155,259,248,224,
K02029,125,79,8,42,96,49,46,
K09471,278,117,74,42,233,92,98,
K03286,85,10,7,10,104,18,2,
K03719,163,96,90,49,160,80,41,
K00457,88,332,37,50,86,34,175,
K01687,134,36,18,23,153,43,19,
K07304,0,0,0,0,0,0,0,
K13292,9,1,8,7,6,4,6,
K09888,108,154,86,105,130,100,58,
K07794,316,470,252,169,321,196,157,
K07793,488,337,192,196,580,453,193,
K00681,397,147,77,104,437,164,55,
K00042,83,76,90,39,99,104,30,
K01118,28,2,0,1,19,0,0,
K12972,0,0,0,0,0,0,0,
K07793,189,52,17,25,211,55,22,
K07649,184,11,1,4,155,23,2,
K07794,0,0,0,0,0,0,0,
K07774,90,92,43,44,93,27,16,
K08311,187,345,233,200,254,201,148,
K01881,405,372,195,143,390,214,101,
K07107,85,101,39,61,103,31,28,
K03562,138,155,111,111,122,70,34,
K03559,98,53,25,32,63,26,19,
K03646,224,151,99,95,216,89,54,
K03641,539,627,274,273,542,525,158,
K03640,508,553,186,276,424,527,198,
K02015,125,10,8,15,160,13,2,
K02013,36,5,1,4,45,5,2,
K02355,97,22,7,8,81,12,9,
K12973,82,47,21,25,140,16,14,
K07090,0,0,0,0,0,0,0,
K11249,114,80,6,24,102,14,18,
K06889,60,135,32,58,69,41,39,
K20534,174,88,33,29,184,30,21,
K03312,184,60,42,29,221,43,21,
K09703,166,21,28,29,117,16,6,
K03762,5,0,0,0,4,1,0,
K03327,6,0,5,1,4,3,0,
K07795,206,24,15,25,195,30,11,
K10218,133,7,0,0,135,2,0,
K07795,140,6,2,12,166,2,0,
K01596,594,837,210,419,612,603,307,
K18013,40,2,7,4,59,3,2,
K01999,131,6,13,5,95,24,4,
K02069,6,0,0,0,10,0,0,
K06911,30,9,6,10,28,8,12,
K08358,545,266,512,42,338,434,57,
K08359,359,107,338,74,192,429,87,
K08357,1354,451,1308,235,926,1713,250,
K14051,236,249,142,147,285,241,115,
K13816,19,12,6,1,24,4,2,
K01424,124,37,25,10,152,33,5,
K07795,150,6,11,8,145,17,19,
K00606,54,5,6,6,68,17,5,
K01007,7,3,3,5,7,8,2,
K09773,6,0,3,0,4,0,1,
K03437,1,1,1,0,0,0,1,
K00748,97,26,23,23,87,15,12,
K03470,0,0,0,0,0,0,0,
K00677,137,112,48,83,114,87,58,
K02536,20,28,20,15,26,15,15,
K02372,0,0,0,0,0,0,0,
K07277,717,1119,436,449,694,705,309,
K06142,0,0,0,0,0,0,0,
K11749,456,585,286,256,386,268,197,
K00099,215,208,111,138,227,89,59,
K00981,82,72,58,57,104,86,49,
K00806,173,154,102,66,198,103,59,
K02838,101,63,26,27,78,48,18,
K09903,212,324,117,93,184,293,76,
K02357,360,497,160,158,271,236,180,
K02967,571,908,249,391,506,678,364,
K01265,117,111,40,37,151,31,22,
K00990,166,91,40,54,153,58,30,
K05595,230,65,26,28,248,33,25,
K03611,99,65,37,21,82,49,20,
K00764,18,20,9,12,26,8,7,
K09962,0,0,0,0,0,0,0,
K07043,0,0,0,0,0,0,0,
K03558,23,81,28,36,31,36,15,
K03749,0,0,0,0,0,0,0,
K11754,262,273,319,169,257,269,129,
K07795,99,1,0,6,108,9,1,
K06603,192,215,90,227,243,115,119,
K02407,1012,779,849,349,924,910,263,
K02422,157,122,237,49,151,132,26,
K02423,70,58,188,19,75,117,13,
K04061,19,4,2,6,35,3,2,
K21087,46,20,28,21,49,33,17,
K02408,73,37,144,6,86,150,23,
K02409,282,148,170,29,159,213,29,
K02410,176,76,144,26,115,238,25,
K02411,112,27,118,13,65,126,19,
K01586,84,15,18,5,111,34,0,
K01297,206,69,14,67,201,41,21,
K07795,64,0,0,3,52,0,8,
K18013,257,9,4,2,181,10,3,
K06893,101,9,11,1,79,3,4,
K03321,0,0,0,0,0,0,0,
K03449,89,8,2,0,99,12,14,
K03782,320,19,37,25,268,36,22,
K03576,39,16,5,9,18,12,8,
K00299,191,198,109,127,213,124,82,
K01857,49,53,16,16,40,47,13,
K00549,0,0,0,0,0,0,0,
K00448,36,27,15,20,22,14,23,
K00449,0,0,0,0,0,0,0,
K21393,170,28,0,6,200,8,23,
K21394,83,37,8,9,83,0,13,
K21395,49,43,5,8,43,2,25,
K03786,0,0,0,0,0,0,0,
K19338,88,43,2,46,65,13,8,
K01607,0,0,0,0,0,0,0,
K06889,224,5,10,15,259,4,8,
K07795,177,100,41,55,172,29,31,
K07497,13,1,1,5,12,0,4,
K01999,41,7,3,1,32,10,1,
K01998,206,22,28,6,295,80,10,
K01997,156,0,12,0,144,19,3,
K01995,163,3,8,6,178,2,2,
K01734,30,41,14,11,36,34,11,
K04044,216,151,80,134,192,105,87,
K04082,41,73,10,107,68,25,41,
K04487,242,979,202,664,197,283,386,
K13628,0,0,0,0,0,0,0,
K04488,0,0,0,0,0,0,0,
K13643,24,131,5,86,33,26,56,
K03702,507,1291,529,597,367,662,397,
K25307,0,0,0,0,0,0,0,
K01338,117,181,26,91,93,94,73,
K00832,0,0,0,0,0,0,0,
K01356,0,0,0,0,0,0,0,
K03544,2011,4467,1170,2061,2227,2323,1287,
K03545,354,415,227,181,352,370,170,
K01358,0,0,0,0,0,0,0,
K07387,313,469,125,324,252,343,178,
K03704,0,0,0,0,0,0,0,
K03704,77,93,44,51,55,27,24,
K01173,135,41,8,23,119,19,18,
K14267,217,143,53,77,164,69,48,
K00674,208,146,153,56,197,223,47,
K01439,160,161,101,68,198,193,90,
K07320,127,67,38,26,108,48,21,
K06158,0,0,0,1,0,2,0,
K03657,125,100,240,55,41,86,52,
K04092,0,0,0,0,0,0,0,
K00507,398,657,373,368,402,405,256,
K03500,783,1558,1001,914,857,950,552,
K05799,241,143,90,51,178,212,27,
K05301,57,24,13,2,66,28,7,
K06137,147,2,4,0,139,2,2,
K01451,121,9,12,10,78,14,6,
K07795,141,8,8,9,146,12,3,
K07001,213,67,65,55,180,111,36,
K08169,57,3,0,15,42,0,3,
K01750,0,0,0,0,0,0,0,
K20975,214,73,43,25,208,69,17,
K06077,172,17,13,15,158,19,8,
K04042,249,71,83,56,241,75,30,
K08169,184,23,38,21,144,55,12,
K00012,350,137,111,73,278,103,49,
K03719,3,0,0,1,5,0,0,
K00820,268,100,46,48,216,84,27,
K02474,286,18,5,17,269,5,6,
K01991,137,3,8,6,133,0,4,
K09688,192,8,0,0,161,0,0,
K10107,197,11,0,6,124,0,3,
K13892,211,45,56,34,169,86,36,
K03181,16,10,2,5,17,10,1,
K06182,104,30,6,25,74,26,16,
K03585,135,32,14,35,112,19,27,
K18138,443,63,39,57,352,55,38,
K18139,70,28,29,8,85,20,6,
K01414,103,103,33,84,138,55,49,
K07152,0,0,0,0,0,0,0,
K01491,166,226,46,149,200,148,109,
K14986,91,92,36,52,92,109,57,
K14987,0,0,0,0,0,0,0,
K00163,1154,1325,467,606,1154,1786,522,
K00627,551,334,255,300,510,739,268,
K00382,400,268,414,153,362,688,188,
K05275,13,9,0,0,8,0,1,
K02406,517,226,277,115,343,343,75,
K02405,136,67,38,23,143,61,15,
K02403,440,470,498,173,323,382,126,
K02402,167,177,72,100,139,144,70,
K02556,345,233,322,141,315,497,143,
K02557,146,98,231,50,130,209,41,
K03413,106,95,132,44,87,91,17,
K03407,594,366,581,147,610,741,109,
K03408,197,122,249,51,160,312,54,
K05874,224,76,192,56,237,411,31,
K03701,605,209,185,117,631,240,122,
K22132,0,0,0,0,0,0,0,
K05685,162,17,32,8,114,19,6,
K13888,204,11,4,2,195,22,4,
K07232,101,18,11,14,104,24,5,
K00275,169,134,159,102,183,121,60,
K00109,205,61,28,46,178,116,44,
K21757,0,0,0,0,0,0,1,
K01433,0,0,0,0,0,0,0,
K07795,109,2,0,0,111,6,0,
K00681,32,3,7,6,35,3,2,
K07795,48,48,41,11,55,37,21,
K01679,246,264,118,98,262,253,129,
K13936,0,0,0,0,0,0,0,
K01448,214,94,48,64,208,84,51,
K03975,12,9,5,3,11,2,3,
K03572,361,216,135,160,307,245,95,
K00791,6,7,5,2,16,5,3,
K01933,8,19,6,6,18,7,6,
K10763,141,16,5,15,92,14,5,
K00970,111,87,57,29,121,65,49,
K18478,1,0,0,0,0,0,0,
K00950,0,0,0,0,0,0,0,
K09456,187,24,22,14,202,32,11,
K04761,40,4,6,3,25,1,0,
K03782,722,105,111,45,458,406,29,
K21090,219,39,46,10,303,36,4,
K13688,1221,47,21,18,1171,37,15,
K01623,125,2,4,2,131,6,0,
K00033,82,8,2,0,85,2,0,
K00036,179,0,0,0,126,1,1,
K00616,92,2,2,0,72,0,2,
K01810,155,4,0,0,187,4,4,
K00615,141,10,2,4,122,0,4,
K15778,0,0,0,0,0,0,0,
K16692,194,8,4,4,259,26,0,
K01991,163,2,10,0,200,24,2,
K03207,68,0,0,1,69,4,1,
K16011,137,2,2,6,131,16,2,
K01711,128,3,2,4,104,43,0,
K02377,120,7,2,2,105,10,0,
K03818,32,2,8,0,34,4,0,
K03208,79,0,2,0,76,3,0,
K06445,349,601,117,149,670,112,245,
K00626,158,78,53,14,215,37,38,
K06076,494,175,78,26,716,103,113,
K07516,538,152,24,27,771,89,92,
K00632,250,86,12,8,343,98,18,
K01897,212,114,46,54,236,65,53,
K03707,84,57,8,28,102,22,5,
K18893,156,33,33,27,116,12,5,
K00574,384,233,102,100,346,260,132,
K02002,737,1079,291,759,900,628,482,
K02001,143,70,50,80,137,107,34,
K02000,227,102,89,96,252,257,58,
K07795,43,10,11,5,56,15,3,
K01821,0,0,0,0,0,0,0,
K15866,137,56,37,37,110,51,36,
K00626,139,192,96,74,136,185,100,
K01692,110,108,2,53,86,0,35,
K24012,232,32,3,36,195,10,24,
K07795,183,33,2,6,137,8,8,
K12685,888,52,24,42,748,26,11,
K21908,244,94,51,39,204,47,45,
K12685,143,9,20,8,128,2,6,
K05799,134,172,15,73,191,29,44,
K01578,184,210,80,99,147,69,126,
K01692,142,77,16,51,124,23,49,
K18661,293,134,54,60,220,140,59,
K07795,26,4,0,2,14,6,6,
K05882,6,8,1,1,3,4,1,
K01989,159,178,69,66,174,75,107,
K05832,125,7,4,25,124,23,13,
K05833,100,14,26,4,80,31,13,
K02020,225,48,53,87,213,259,32,
K02018,77,15,27,24,85,48,4,
K02019,0,0,0,0,0,0,0,
K07001,205,29,27,24,155,53,13,
K03585,446,450,190,294,467,306,138,
K18138,725,351,298,157,670,423,84,
K18139,194,118,171,74,165,220,68,
K03474,106,67,98,42,90,107,29,
K00997,64,8,27,14,39,18,5,
K01207,161,62,49,30,241,109,33,
K03703,209,41,38,17,205,83,18,
K08744,135,99,51,38,128,52,41,
K08223,182,46,27,12,151,66,32,
K06998,216,41,26,21,161,42,12,
K00588,207,24,2,12,158,26,5,
K06879,124,37,6,9,121,16,10,
K01637,102,43,38,62,163,125,6,
K07795,202,18,14,6,160,22,4,
K00404,848,242,916,90,662,1062,135,
K00405,186,28,113,10,191,396,21,
K00407,16,1,6,1,6,19,1,
K00406,284,47,178,13,225,553,16,
K09926,0,0,0,0,0,0,0,
K07795,180,18,27,4,127,18,3,
K25260,219,18,8,6,210,15,5,
K13876,139,8,2,3,98,11,4,
K01990,137,72,28,36,140,45,29,
K09970,35,9,3,5,27,0,1,
K07090,0,0,0,0,0,0,0,
K09969,155,0,6,10,133,8,4,
K01740,106,18,27,21,102,77,27,
K00156,158,28,30,22,217,27,13,
K03932,149,16,22,14,142,22,11,
K09983,34,24,7,10,33,1,10,
K04750,71,5,0,11,64,3,7,
K08973,67,3,4,12,89,12,1,
K02073,138,0,6,8,146,5,12,
K02071,94,8,4,4,102,3,19,
K02072,83,0,3,2,81,0,3,
K01761,183,12,4,0,182,0,26,
K02042,71,1,0,1,57,1,1,
K02041,65,2,0,1,50,2,0,
K02044,87,1,0,0,76,0,6,
K07491,6,2,3,0,6,0,0,
K07795,166,39,61,17,132,23,10,
K00344,108,10,4,6,80,3,2,
K15125,374,25,37,22,317,12,8,
K00799,0,0,0,0,0,0,0,
K07795,144,12,7,6,178,8,6,
K01685,85,23,11,4,92,2,9,
K09136,199,6,8,7,177,11,7,
K07795,0,0,0,0,0,0,0,
K20971,251,23,9,20,293,7,11,
K02014,228,29,28,37,255,29,21,
K03852,2,0,0,0,1,0,0,
K13641,157,28,12,24,132,16,9,
K05591,202,94,36,50,170,64,27,
K15977,120,57,48,78,120,125,34,
K01669,119,26,14,25,95,30,6,
K19577,166,32,13,52,122,22,22,
K00432,0,0,0,0,0,0,0,
K03719,7,3,2,0,9,1,0,
K11209,125,125,36,27,118,45,20,
K03800,80,42,33,26,92,22,19,
K00261,55,25,50,22,50,43,18,
K01479,424,310,155,282,428,396,153,
K02028,77,36,10,14,103,20,38,
K02029,85,16,3,19,70,10,26,
K02030,104,59,13,20,84,16,41,
K06867,137,139,26,59,90,26,55,
K03424,59,42,11,35,54,41,20,
K02341,147,51,23,42,109,28,18,
K00943,19,9,14,27,12,12,11,
K07082,74,143,39,119,115,74,93,
K06980,40,79,12,58,34,28,41,
K22736,8,5,11,4,8,6,2,
K00020,28,12,24,4,31,54,6,
K11538,312,125,151,41,271,273,40,
K09801,82,69,83,30,79,133,31,
K18588,0,0,0,0,0,0,0,
K03664,0,0,0,0,0,0,0,
K01951,77,67,13,16,62,27,14,
K07507,237,229,449,52,198,126,55,
K15270,91,35,17,17,103,9,10,
K02031,138,25,17,6,182,25,16,
K21700,0,0,0,0,0,0,0,
K02034,107,2,1,0,110,8,2,
K02033,26,3,1,0,25,3,1,
K02035,145,12,7,6,151,6,10,
K01438,289,25,15,20,329,21,22,
K05799,132,48,7,3,187,5,18,
K02495,819,431,735,69,536,651,90,
K01868,670,1379,595,631,722,537,347,
K02520,613,2301,396,842,602,665,577,
K01920,177,160,99,139,131,130,74,
K02793,29,17,50,36,29,46,9,
K02784,28,33,42,19,43,22,8,
K08483,120,29,131,34,62,89,22,
K03320,22,1,6,3,8,0,4,
K04752,107,0,4,3,65,3,2,
K09806,130,175,129,79,108,82,44,
K07391,195,27,18,18,215,33,9,
K02916,403,918,511,250,294,498,230,
K02887,354,715,166,272,177,393,244,
K01889,284,238,92,151,210,137,102,
K01890,525,457,416,195,400,682,191,
K04764,63,82,43,29,68,29,37,
K03297,0,0,0,0,0,0,0,
K20523,207,89,222,90,347,291,64,
K03719,153,136,116,46,111,107,33,
K15268,82,23,35,17,56,15,7,
K18903,28,3,2,2,23,0,0,
K07789,312,4,16,0,289,8,4,
K07788,637,29,17,22,502,40,22,
K07799,220,15,21,9,194,25,3,
K18778,185,20,29,36,157,12,10,
K00859,102,41,55,41,87,56,23,
K02654,118,27,17,13,121,19,14,
K01918,46,13,3,7,40,9,5,
K05896,149,67,46,35,163,63,12,
K00864,260,95,149,59,271,109,40,
K07795,59,30,29,41,51,52,18,
K09972,112,43,34,65,118,119,39,
K09971,235,268,106,29,345,172,62,
K09970,234,165,102,43,273,114,85,
K09969,404,447,121,112,565,131,200,
K04090,708,1557,320,264,1304,679,459,
K09812,0,0,0,0,0,0,0,
K09811,0,0,0,0,0,0,0,
K03411,0,0,0,0,0,0,0,
K03575,102,45,35,42,117,38,19,
K00262,217,271,61,75,147,206,90,
K09796,0,0,0,0,0,0,0,
K05596,553,453,188,168,857,494,141,
K06895,182,67,24,143,113,9,41,
K03566,175,47,19,32,114,14,28,
K01999,753,1236,276,70,760,654,438,
K01997,220,109,30,10,207,87,41,
K01995,322,205,118,12,309,147,107,
K01996,192,123,74,16,218,121,48,
K21965,78,5,2,6,66,2,0,
K21965,188,8,0,3,160,1,3,
K21966,425,23,5,5,344,1,4,
K04063,7,10,0,6,12,0,3,
K23775,63,88,25,56,49,41,35,
K01995,145,69,104,7,141,69,13,
K01997,281,32,55,7,284,79,18,
K01998,321,53,93,1,391,81,12,
K01996,296,76,95,9,337,234,18,
K07090,8,1,16,5,10,3,2,
K02456,80,0,0,0,82,0,0,
K02457,21,0,0,0,10,0,1,
K02458,22,0,0,1,13,0,0,
K02459,54,6,0,0,26,4,4,
K02460,73,0,3,0,42,0,4,
K02461,91,3,11,1,102,8,4,
K02462,45,2,2,0,31,2,2,
K02454,0,0,0,0,0,0,0,
K02463,0,0,0,0,0,0,0,
K02453,100,2,2,2,117,0,0,
K01950,130,55,13,42,111,36,23,
K02455,0,0,0,0,0,0,0,
K04752,0,0,0,0,0,0,0,
K16053,299,128,90,73,338,135,35,
K01755,201,228,45,88,208,167,84,
K01534,217,59,31,38,205,28,34,
K03790,2,1,1,1,3,1,0,
K04116,140,29,6,5,131,27,5,
K01995,63,4,0,3,35,0,4,
K01997,71,0,1,0,72,2,0,
K01999,179,11,0,4,154,7,0,
K15790,84,25,13,14,117,16,9,
K00029,185,128,103,64,162,96,45,
K03745,0,0,0,0,0,0,0,
K07090,173,10,9,5,140,10,7,
K06077,394,287,186,160,329,318,171,
K11744,0,0,0,0,0,0,0,
K03758,227,71,17,37,192,68,42,
K08992,144,51,77,22,154,25,23,
K06188,19,3,4,3,10,0,1,
K01093,165,35,19,12,184,29,7,
K07795,83,20,12,22,97,33,16,
K01999,204,12,10,4,164,29,8,
K06917,90,12,13,6,94,14,5,
K22479,162,10,17,10,160,33,8,
K00375,137,13,14,23,114,35,14,
K11209,11,8,1,1,5,2,0,
K00383,281,142,48,90,228,107,33,
K05834,57,6,0,8,55,8,5,
K01779,0,0,0,0,2,0,0,
K02031,237,117,123,14,205,208,30,
K02034,106,87,64,2,107,56,30,
K02033,23,7,1,0,5,6,0,
K02035,210,62,62,4,201,87,39,
K01753,278,251,112,9,246,206,70,
K03566,140,17,4,8,116,12,4,
K18988,124,2,2,15,120,17,3,
K01821,64,26,11,5,49,2,4,
K07795,109,0,0,1,88,1,2,
K07231,89,9,2,2,81,7,1,
K07338,129,3,6,0,56,1,0,
K09947,135,3,7,5,114,4,2,
K03442,30,20,11,7,22,13,8,
K07795,166,306,117,26,157,213,87,
K02533,32,9,1,9,22,5,1,
K01092,248,340,251,245,227,320,194,
K06153,0,0,0,0,0,0,0,
K03269,111,20,10,7,113,7,9,
K03767,96,178,13,90,128,155,73,
K01883,209,218,164,113,263,229,117,
K01247,86,96,75,47,68,51,25,
K01962,198,210,116,89,158,140,66,
K04075,109,41,22,22,107,47,19,
K00928,214,276,157,254,128,199,158,
K07795,46,10,12,30,60,16,10,
K12410,116,231,51,79,154,17,121,
K24700,128,103,8,89,126,21,47,
K01999,288,11,10,16,282,45,12,
K02433,115,10,7,2,122,28,7,
K01673,110,75,8,59,107,69,26,
K01055,48,8,7,4,43,12,6,
K09780,70,10,6,4,63,31,13,
K01032,26,7,4,3,20,10,4,
K03464,0,0,0,0,0,0,0,
K01031,104,44,20,11,91,24,10,
K02624,35,45,8,32,37,13,26,
K02106,85,39,13,19,57,37,16,
K01595,342,101,76,67,266,60,79,
K06920,81,3,4,2,72,5,3,
K24217,2,1,0,1,4,0,1,
K01687,229,101,44,48,160,129,37,
K12340,82,25,13,8,68,7,2,
K00573,110,45,35,30,67,40,15,
K00941,140,166,73,117,82,95,78,
K03149,121,64,43,22,100,67,13,
K16092,134,51,33,38,110,54,16,
K02016,0,0,0,0,0,0,0,
K00548,515,311,176,194,481,180,130,
K01469,674,757,409,163,1169,685,292,
K02030,0,0,0,0,0,0,0,
K21395,152,160,52,52,150,67,74,
K11690,185,129,34,29,185,45,42,
K01996,0,0,0,0,0,0,0,
K01995,32,10,19,10,38,36,5,
K01998,87,41,47,20,101,73,17,
K01997,66,16,15,9,80,40,4,
K01999,188,55,49,19,250,67,30,
K22210,194,149,87,51,299,171,32,
K15270,40,13,11,13,25,9,3,
K02003,0,0,0,0,0,0,0,
K03770,175,196,75,225,150,120,139,
K10804,0,0,0,0,0,0,0,
K01126,23,6,2,8,16,4,1,
K07115,0,0,0,0,0,0,0,
K00615,107,117,4,115,105,11,52,
K00615,157,352,8,280,136,20,98,
K00005,3,8,3,6,2,0,2,
K18013,0,0,0,0,0,0,0,
K13247,131,67,2,43,149,10,27,
K01999,131,937,18,442,124,37,389,
K01997,112,53,1,12,125,8,7,
K01995,280,102,2,30,197,6,34,
K01996,57,42,0,4,58,11,8,
K00344,21,33,2,2,41,1,10,
K00059,0,0,0,0,0,0,0,
K24136,223,467,109,397,237,158,204,
K17686,436,1305,95,1026,414,231,546,
K07496,36,2,0,2,16,0,5,
K19591,0,0,0,0,0,0,0,
K05799,116,81,29,77,78,22,45,
K01999,178,804,35,172,141,57,258,
K01997,214,229,16,20,190,17,103,
K01998,128,193,6,8,133,5,74,
K01995,54,162,2,13,80,14,40,
K01996,79,89,6,9,66,2,14,
K06016,111,201,30,31,118,41,75,
K10680,65,32,12,28,75,8,15,
K16137,86,118,60,142,88,31,46,
K03215,87,26,40,17,78,18,15,
K06006,103,7,6,5,89,6,2,
K07501,114,51,15,30,110,42,8,
K06194,183,89,43,68,110,52,27,
K00573,178,146,97,85,203,100,55,
K03787,125,50,61,37,113,37,18,
K25706,94,57,84,31,83,23,20,
K08591,0,0,0,0,0,0,0,
K06901,359,118,87,59,358,110,41,
K03671,0,0,0,0,0,0,0,
K02050,54,42,18,6,59,10,16,
K02051,92,192,40,65,179,17,73,
K06158,212,25,9,28,202,19,11,
K01297,221,231,117,140,195,161,88,
K11991,15,13,7,2,13,23,4,
K05561,21,22,11,10,17,7,6,
K05564,0,0,0,0,0,0,0,
K05563,0,0,0,0,0,0,0,
K05562,0,0,0,0,0,0,0,
K05559,201,109,82,23,159,81,43,
K05560,0,0,0,0,0,0,0,
K07795,219,215,29,43,226,95,95,
K01055,113,12,7,4,67,8,0,
K05799,108,61,46,27,93,38,15,
K09022,114,12,6,5,109,4,4,
K07795,1,0,0,0,0,0,1,
K01692,38,3,0,6,37,2,5,
K01644,79,57,0,14,63,9,8,
K03547,134,35,49,28,93,54,20,
K02413,42,14,94,6,38,20,7,
K02414,226,38,80,10,155,240,10,
K02415,175,63,64,18,143,106,16,
K02416,242,86,185,17,168,192,24,
K02417,171,40,75,25,108,170,9,
K02418,48,8,21,4,35,31,3,
K02419,63,19,18,5,55,18,7,
K02420,24,10,16,1,20,14,4,
K02421,40,10,4,10,58,6,4,
K03776,12,1,1,1,7,1,3,
K06911,0,0,0,0,0,0,0,
K05874,285,57,95,23,224,154,19,
K05874,354,76,213,42,244,380,40,
K05874,336,151,231,70,268,399,45,
K02397,207,90,69,42,108,181,27,
K02396,794,347,683,176,698,844,85,
K02395,359,280,484,150,329,331,129,
K02394,176,124,278,38,170,186,39,
K02393,99,45,106,15,106,83,33,
K02392,215,69,94,15,191,224,25,
K02390,488,278,550,39,407,842,83,
K02389,561,270,360,49,488,960,110,
K02388,203,141,340,26,188,323,42,
K02387,0,0,3,0,0,2,0,
K02404,249,194,247,34,304,230,56,
K02386,0,0,0,0,0,0,0,
K02398,0,0,0,0,0,0,0,
K02399,0,0,0,0,0,0,0,
K00647,87,21,10,1,90,13,3,
K00059,114,6,2,3,85,19,6,
K07107,93,12,8,1,68,9,0,
K19200,115,86,8,72,115,10,31,
K02035,17,28,2,10,21,2,9,
K02035,33,31,4,13,26,2,18,
K02031,183,262,87,126,193,61,89,
K02034,88,32,4,30,54,2,30,
K02033,104,38,0,24,125,2,29,
K08217,274,4,3,16,213,4,5,
K12686,39,0,1,3,35,0,0,
K13529,8,2,0,0,5,2,1,
K00567,0,0,0,0,0,0,0,
K07795,131,0,2,0,96,15,4,
K02035,0,0,0,0,0,0,0,
K19200,203,9,2,4,163,8,6,
K02035,87,6,0,2,115,2,6,
K19200,107,4,2,0,130,0,3,
K02031,94,6,2,4,98,0,2,
K02034,73,1,3,4,59,2,1,
K02033,150,2,0,1,162,0,4,
K01114,2,1,1,1,6,1,0,
K14682,235,158,49,70,165,57,51,
K03578,515,131,88,56,487,150,41,
K02050,281,6,15,5,270,8,2,
K02049,64,4,4,2,69,6,2,
K12979,7,20,4,2,7,1,2,
K02337,566,248,232,188,570,321,127,
K11690,154,14,15,6,180,9,4,
K02571,111,109,86,51,235,46,45,
K02567,514,156,198,37,1134,341,45,
K02568,30,1,4,0,45,8,2,
K21757,4,2,6,0,5,7,0,
K02569,0,0,0,0,0,0,0,
K07795,145,5,12,2,137,10,6,
K01999,173,12,26,10,95,9,4,
K01997,92,2,0,6,101,2,4,
K01998,114,0,0,0,64,0,0,
K01995,48,5,5,0,62,6,2,
K01996,19,2,1,0,10,5,0,
K04940,153,51,33,10,153,24,8,
K10001,208,29,38,2,166,51,6,
K10003,49,7,18,2,44,13,3,
K10002,112,0,4,1,69,4,2,
K02028,3,0,0,0,0,1,0,
K23779,9,1,0,2,7,3,2,
K00145,98,4,4,0,91,2,0,
K02050,100,9,2,0,98,1,0,
K06999,108,45,32,26,135,24,18,
K09889,122,134,40,67,181,59,31,
K03592,248,139,85,108,288,110,64,
K01999,1060,1684,452,233,923,850,449,
K01997,168,128,46,45,131,78,53,
K01998,115,33,37,15,123,82,29,
K01995,107,85,93,36,101,82,35,
K01996,141,75,83,37,154,49,45,
K02871,914,2573,432,764,543,994,602,
K02996,507,957,427,432,378,643,354,
K00145,237,246,137,164,267,258,94,
K09001,1,0,0,0,0,0,0,
K15724,0,0,0,0,0,0,0,
K19304,140,72,38,49,89,60,54,
K01866,372,183,59,89,336,107,47,
K05834,41,17,26,12,33,9,5,
K00600,1093,799,331,464,812,1232,297,
K07738,0,0,0,0,0,0,0,
K11752,152,42,61,26,140,41,35,
K00793,189,168,89,73,148,79,31,
K07180,1602,1219,890,656,1971,1122,400,
K09786,349,172,167,103,428,218,60,
K06415,286,159,111,53,467,118,27,
K11175,0,0,0,0,0,0,0,
K11753,94,63,23,50,98,44,39,
K01870,623,591,358,298,478,612,230,
K03101,167,79,37,34,146,57,31,
K13038,80,39,22,29,54,28,12,
K05995,0,0,0,0,0,0,0,
K07038,91,241,42,211,119,23,83,
K03975,42,25,11,27,51,16,6,
K22468,13,3,6,0,6,2,2,
K01520,0,0,0,0,0,0,0,
K01999,168,102,21,42,126,31,49,
K04063,87,26,17,24,80,33,18,
K01996,0,0,0,0,0,0,0,
K01995,55,10,14,3,71,18,6,
K01998,145,83,46,12,224,63,30,
K01997,190,69,53,1,237,36,16,
K01999,89,12,22,3,114,18,14,
K13821,791,796,339,79,1787,417,340,
K05524,98,168,20,101,110,52,51,
K00763,183,190,134,103,222,112,74,
K09022,0,0,0,0,0,0,0,
K09933,102,8,14,7,90,14,8,
K00951,180,130,229,54,161,108,73,
K03762,18,0,0,0,26,1,0,
K01438,220,248,120,113,224,124,65,
K01696,185,212,121,141,197,202,81,
K08300,41,26,15,7,32,11,7,
K01695,0,0,0,0,0,0,0,
K01963,0,0,0,0,0,0,0,
K12976,0,0,0,0,0,0,0,
K06179,152,67,32,31,141,64,23,
K01091,106,56,40,25,113,92,24,
K07147,202,56,27,45,287,58,35,
K11066,0,0,0,0,0,0,0,
K17247,0,0,0,0,0,0,0,
K07056,82,14,11,19,85,13,13,
K25422,129,21,14,21,96,31,13,
K07040,351,471,231,412,330,305,193,
K02911,306,523,158,187,240,330,132,
K03621,268,532,196,281,222,266,157,
K00648,210,312,171,170,239,226,111,
K00645,207,169,147,116,194,225,77,
K00059,188,187,79,144,160,111,99,
K02078,787,1239,2144,362,660,713,292,
K09458,577,529,389,372,505,761,292,
K03088,131,399,88,248,81,98,128,
K03597,227,608,230,529,168,297,345,
K02498,0,0,0,0,0,0,0,
K02496,129,177,112,130,79,137,69,
K01719,128,96,27,122,87,100,48,
K01749,159,104,126,74,131,80,42,
K01902,78,140,62,52,56,80,64,
K01903,0,0,0,0,0,0,0,
K06133,0,0,0,0,0,0,0,
K00549,428,499,154,324,435,291,138,
K03576,29,4,3,5,37,4,2,
K03565,0,0,0,0,0,0,0,
K03553,112,150,74,157,132,78,78,
K07774,183,182,103,69,221,74,86,
K07649,174,45,16,23,168,27,31,
K13069,54,33,57,20,45,11,12,
K03554,0,0,0,0,0,0,0,
K00609,204,139,26,71,216,31,42,
K16348,24,13,8,11,18,8,5,
K04065,38,2,5,1,31,3,0,
K00426,281,92,58,32,372,53,26,
K13953,444,77,444,36,282,687,38,
K01425,0,0,0,0,0,0,0,
K20265,185,29,40,6,238,92,7,
K01580,270,34,10,10,364,32,7,
K08172,77,9,2,23,86,4,18,
K01053,105,2,2,0,72,7,5,
K15054,34,0,0,0,30,4,0,
K00135,175,11,2,2,120,10,0,
K00020,99,0,2,1,76,4,0,
K18622,131,0,6,1,150,10,0,
K07795,38,0,0,0,27,1,2,
K01607,0,0,0,0,0,0,0,
K03893,129,4,14,10,104,5,2,
K03892,0,0,0,0,0,0,0,
K02014,151,4,4,0,119,4,8,
K07262,57,21,27,14,70,2,10,
K05520,0,0,0,0,0,0,0,
K03496,99,17,35,9,124,19,6,
K03497,300,37,15,43,337,36,26,
K04095,224,136,80,77,226,65,40,
K06194,168,31,32,19,178,11,10,
K01458,130,51,41,13,105,19,8,
K07319,114,1,2,9,57,0,2,
K03497,301,2,2,0,282,0,3,
K06942,183,57,34,31,148,32,13,
K01056,172,16,14,30,157,48,15,
K02897,89,54,10,42,51,36,26,
K00948,896,1365,483,857,587,1158,533,
K00919,280,356,350,233,223,290,122,
K02494,0,0,0,0,0,0,0,
K10563,208,25,2,17,173,24,12,
K05555,1022,1441,392,276,557,948,586,
K05712,243,215,29,59,221,115,95,
K18297,7,10,3,0,0,4,6,
K00451,256,159,146,41,275,218,34,
K01555,0,0,0,0,0,0,0,
K01707,160,33,7,53,179,41,28,
K05799,138,104,19,50,123,57,37,
K15778,340,122,65,65,387,118,26,
K01810,234,76,48,37,261,72,31,
K17249,27,15,13,3,32,10,5,
K01953,217,29,38,15,176,43,21,
K17249,153,55,23,24,143,51,27,
K02473,114,19,32,22,98,8,7,
K02474,281,251,94,104,257,208,65,
K06134,157,27,31,15,127,38,14,
K07397,175,135,114,155,217,89,69,
K00560,342,214,106,123,419,119,89,
K21023,155,50,17,9,192,8,14,
K00287,1,0,0,0,0,0,0,
K00822,454,169,128,7,339,309,43,
K00140,242,88,154,16,225,107,35,
K02035,299,115,84,28,346,175,41,
K02033,195,24,13,4,212,17,11,
K02034,107,25,10,5,113,12,3,
K02031,200,16,27,5,207,11,11,
K00281,72,38,9,16,58,22,13,
K00605,220,213,118,99,219,325,109,
K02437,0,0,0,0,0,0,0,
K03520,291,199,118,102,263,238,78,
K09386,0,0,0,0,0,0,0,
K03518,12,0,0,2,12,0,0,
K03519,54,2,2,0,50,0,0,
K04102,69,4,7,2,48,6,3,
K07795,98,31,23,7,96,19,8,
K01584,175,22,23,8,191,42,12,
K09800,694,312,386,277,599,751,178,
K01494,0,0,0,0,0,0,0,
K07278,276,18,44,33,307,30,29,
K03593,214,76,84,39,202,109,42,
K01874,325,314,111,217,276,135,105,
K01243,0,0,0,0,0,0,1,
K07146,152,33,34,26,112,8,13,
K03668,174,59,24,53,149,98,20,
K03668,203,74,57,45,158,89,33,
K16568,247,3,16,11,197,9,8,
K00570,15,5,0,1,7,0,2,
K21090,0,0,0,1,1,0,1,
K07679,283,43,26,19,297,32,4,
K07687,0,0,0,0,0,0,0,
K07001,154,13,11,10,167,3,7,
K01574,288,58,36,18,250,56,26,
K01429,407,249,94,40,812,305,70,
K01428,1102,518,382,78,2337,1161,150,
K03187,306,117,129,31,449,283,41,
K03188,56,37,28,5,93,84,8,
K07687,39,4,4,1,41,17,1,
K22505,79,0,0,2,83,0,1,
K22488,163,12,0,3,144,2,1,
K03221,0,0,0,0,0,0,0,
K03221,0,0,0,0,0,0,0,
K03230,293,4,0,0,223,3,0,
K22512,52,0,0,0,38,1,0,
K03225,129,0,0,4,109,0,3,
K22507,90,1,7,0,88,0,4,
K22508,41,2,0,1,45,1,0,
K22509,137,0,0,1,94,8,2,
K22510,124,12,6,4,94,0,2,
K03711,40,8,2,6,33,3,3,
K01246,0,0,0,0,0,0,0,
K07290,88,34,15,10,79,9,18,
K17686,120,56,29,34,138,40,13,
K03426,0,0,0,0,0,0,0,
K02570,94,42,19,15,105,22,9,
K02193,89,24,31,9,55,21,13,
K02194,65,14,3,0,68,9,2,
K02195,118,8,25,1,164,9,0,
K02196,2,0,0,0,0,0,0,
K02197,29,6,12,1,33,6,2,
K02198,310,15,24,6,235,11,10,
K02199,66,5,4,0,58,6,2,
K02200,44,1,0,1,17,0,0,
K02028,20,0,2,3,35,1,0,
K02029,71,34,39,14,83,27,3,
K02030,90,30,15,27,60,30,5,
K00797,246,72,31,26,216,58,22,
K06909,157,2,0,5,142,6,0,
K02035,86,14,6,7,84,11,3,
K00179,329,368,33,207,337,53,176,
K00180,199,157,23,27,175,19,54,
K07068,133,49,10,7,114,27,21,
K01475,113,55,6,2,112,13,31,
K01999,181,112,20,10,207,98,51,
K01997,215,83,42,3,231,51,23,
K01995,165,85,33,6,134,30,23,
K01996,66,24,18,1,41,11,9,
K00874,37,9,3,12,32,8,5,
K01625,89,39,3,66,89,20,33,
K03701,215,101,44,77,189,91,26,
K15777,19,10,2,10,8,3,3,
K02031,228,508,144,241,222,124,182,
K02356,0,0,0,0,0,0,0,
K02034,159,41,57,10,141,42,17,
K01174,104,1,6,2,133,4,5,
K03284,0,0,0,0,0,0,0,
K03657,155,88,49,72,116,33,45,
K00375,83,56,6,18,112,16,10,
K00823,217,14,2,7,138,6,4,
K00135,346,183,102,70,351,210,65,
K11414,0,0,0,0,0,0,0,
K00640,68,41,29,31,66,41,63,
K01784,106,125,73,56,99,54,52,
K01810,133,13,2,5,112,2,4,
K01008,44,19,5,27,38,19,13,
K03566,11,2,2,3,8,3,1,
K00138,103,13,2,8,115,13,4,
K09959,0,0,0,0,0,0,0,
K21405,171,123,139,44,224,77,59,
K01609,0,0,0,0,0,0,0,
K00766,122,163,38,66,100,67,52,
K01657,219,84,54,59,241,27,28,
K01658,0,0,0,0,0,0,0,
K01091,154,75,19,75,162,28,32,
K01783,158,92,30,59,126,68,27,
K06195,146,27,15,30,141,19,7,
K08304,216,62,53,35,251,87,18,
K03981,229,295,100,215,188,113,111,
K01633,0,0,0,0,0,0,0,
K02031,161,77,13,20,169,15,17,
K02034,88,42,4,20,79,4,5,
K02033,166,18,0,13,159,4,9,
K07027,0,0,0,0,0,0,0,
K16652,0,0,0,0,0,0,0,
K16653,0,0,0,0,0,0,0,
K14136,0,0,0,0,0,0,0,
K01142,170,31,11,17,199,16,7,
K10857,58,3,0,1,62,6,1,
K07455,46,0,0,2,49,0,0,
K02315,26,2,2,1,37,1,0,
K18843,191,154,87,65,145,78,32,
K07339,271,317,219,130,244,152,75,
K06904,39,5,0,0,33,0,0,
K21449,742,20,11,9,569,7,5,
K09858,26,0,0,4,17,1,4,
K06975,1,0,0,0,1,0,0,
K17735,139,29,18,20,123,31,16,
K01426,98,49,21,32,106,36,14,
K00147,156,24,23,18,165,18,3,
K02340,18,4,8,0,18,7,1,
K01869,162,77,36,40,167,47,17,
K03643,0,0,0,0,0,0,0,
K08224,187,146,99,106,192,174,75,
K03449,161,24,2,25,196,20,15,
K07258,169,66,33,69,106,27,27,
K01841,99,96,18,73,83,35,39,
K03321,89,7,10,11,61,3,2,
K01998,72,21,27,0,56,21,2,
K01995,0,0,0,0,0,0,0,
K01999,209,39,10,24,239,24,12,
K07552,345,842,164,323,282,315,239,
K02913,0,0,0,0,0,0,0,
K02902,0,0,0,0,0,0,0,
K02355,142,131,60,122,98,216,113,
K02992,613,958,273,398,393,752,294,
K02950,377,495,344,320,223,436,280,
K07165,229,106,66,48,249,116,34,
K03046,547,142,54,72,416,79,39,
K03043,1930,2133,1212,771,2013,3221,781,
K02935,155,255,97,76,191,164,88,
K02864,1366,2490,880,630,952,1761,666,
K02863,1709,2987,713,938,1180,1944,833,
K02867,282,365,142,146,235,526,163,
K02601,630,834,255,371,490,650,342,
K03073,366,464,297,322,381,307,190,
K00059,204,26,5,20,169,18,14,
K02052,150,210,111,118,161,47,100,
K02053,98,82,19,22,126,6,37,
K12972,0,0,0,0,0,0,0,
K11474,0,0,0,0,0,0,0,
K03179,147,116,85,28,193,71,24,
K05825,129,49,21,40,91,28,23,
K08968,115,57,16,24,99,40,15,
K01714,126,26,12,35,114,4,21,
K00227,203,21,9,24,180,3,8,
K00648,271,21,23,12,223,22,6,
K01876,543,425,223,176,499,419,87,
K06131,49,3,10,0,48,7,2,
K01810,706,302,254,89,737,425,101,
K09386,0,0,0,0,0,0,0,
K02841,271,203,75,106,247,145,64,
K02527,76,26,12,17,80,9,18,
K03525,1,0,0,1,0,1,1,
K03524,126,58,40,45,128,61,24,
K02066,262,91,40,45,211,65,31,
K02065,167,32,71,23,197,48,25,
K02067,124,58,49,26,105,49,33,
K18480,105,46,66,11,77,58,17,
K07018,157,36,39,20,178,51,13,
K07258,253,258,68,227,219,177,105,
K00824,139,78,29,47,123,55,23,
K03801,122,110,32,131,158,61,44,
K07126,0,0,0,0,0,0,0,
K03644,405,261,150,107,442,129,69,
K16568,148,40,37,27,125,26,22,
K15669,65,67,76,11,75,17,10,
K07031,185,164,83,62,209,66,62,
K03271,0,0,0,0,0,0,0,
K16870,766,509,298,209,855,360,129,
K09690,182,19,22,11,209,10,12,
K01790,15,22,17,7,23,14,3,
K00973,109,50,18,22,101,35,16,
K00067,212,83,40,38,236,59,27,
K01710,243,106,45,65,314,50,16,
K00798,120,110,46,101,125,56,31,
K03667,246,99,24,49,228,59,36,
K01419,406,432,108,368,423,347,225,
K06204,0,0,0,0,0,0,0,
K02074,133,20,6,15,112,6,5,
K02075,217,4,5,8,220,4,5,
K02077,0,0,0,0,0,0,0,
K03733,14,1,2,0,11,1,3,
K09921,65,15,21,14,46,14,4,
K01778,123,80,44,32,121,50,10,
K02517,173,79,65,77,146,81,45,
K02517,204,28,27,43,225,28,12,
K01426,122,132,40,73,111,74,38,
K00789,0,0,0,0,0,0,0,
K03761,201,4,3,11,150,8,6,
K03718,267,52,27,30,252,22,16,
K01251,1092,1194,276,499,1003,1011,363,
K08972,214,220,65,49,236,181,88,
K00297,128,157,64,57,127,115,45,
K07395,21,26,4,5,33,8,4,
K11381,245,20,4,4,230,21,8,
K19577,154,2,4,2,159,14,4,
K06222,58,0,2,2,53,0,1,
K21345,0,0,0,0,0,0,0,
K03688,637,756,331,747,570,727,341,
K03690,46,13,20,13,28,12,7,
K03183,664,1084,526,1440,613,1021,889,
K07657,159,48,24,27,156,15,18,
K07636,260,79,36,49,250,25,54,
K07665,58,16,4,7,69,15,6,
K07644,214,27,26,10,225,6,8,
K00058,76,65,6,39,49,8,21,
K06991,244,240,54,104,241,125,69,
K06351,210,47,26,50,266,24,43,
K06350,242,57,27,24,182,39,13,
K07160,0,0,0,0,0,0,0,
K00982,240,243,238,99,325,92,94,
K00344,0,0,0,0,0,0,0,
K09765,0,0,0,0,0,0,0,
K03628,2,2,2,6,3,1,2,
K03671,144,264,95,203,145,113,83,
K02621,334,155,193,100,387,214,46,
K07148,166,18,8,7,182,15,8,
K06718,269,666,272,314,275,276,407,
K00836,904,1258,515,454,884,1510,763,
K06720,242,225,92,92,247,256,122,
K10674,665,801,429,148,662,757,375,
K07140,82,93,66,56,119,55,69,
K11741,4,1,0,1,2,0,1,
K01579,80,30,35,38,68,42,20,
K07080,92,34,16,9,97,35,7,
K03296,141,83,56,52,146,34,45,
K09768,0,0,0,0,0,0,0,
K02342,0,0,0,0,0,0,0,
K03585,237,51,44,26,156,41,21,
K03469,15,4,0,7,22,1,1,
K01069,195,144,52,54,199,44,52,
K08307,276,218,85,113,260,121,61,
K00208,81,138,36,64,105,54,35,
K07397,11,1,1,2,6,4,1,
K07795,40,25,6,9,25,11,5,
K00767,134,52,23,56,114,12,23,
K06941,114,146,51,164,95,35,55,
K16871,141,25,17,12,133,13,7,
K07497,130,43,27,26,92,20,15,
K17218,1,0,0,0,3,0,0,
K22042,202,81,82,67,186,98,22,
K23753,293,29,30,37,233,51,13,
K01113,449,48,29,33,546,67,16,
K03313,270,41,22,20,264,28,12,
K01448,69,11,6,12,51,12,5,
K00019,196,62,49,34,219,76,28,
K03648,132,18,10,23,138,14,10,
K08309,207,79,62,23,185,69,18,
K01934,212,131,55,85,253,80,77,
K07395,31,34,6,11,65,10,17,
K03809,0,0,0,0,0,0,0,
K01754,11,0,0,0,10,0,0,
K07726,0,0,0,0,0,0,0,
K00962,139,53,61,48,130,46,27,
K02956,177,127,46,70,112,149,47,
K17103,173,281,157,241,171,129,202,
K00053,162,196,91,127,138,125,66,
K01652,496,370,326,131,497,460,76,
K01653,0,0,0,0,0,0,0,
K09861,0,1,0,0,0,0,0,
K00019,41,28,23,8,60,21,6,
K03455,201,47,46,47,148,59,28,
K03308,122,33,8,16,162,13,12,
K05306,58,4,13,14,62,1,9,
K07795,0,0,0,0,0,0,0,
K07795,57,2,4,2,40,3,3,
K18289,255,10,7,2,189,4,0,
K21645,287,67,65,23,278,45,38,
K10001,174,52,5,12,209,39,16,
K10003,185,13,4,3,140,3,3,
K10002,184,1,0,5,127,3,0,
K10004,148,6,6,5,107,9,4,
K00824,106,9,1,4,123,13,0,
K00209,423,68,70,16,442,102,26,
K07090,119,37,18,13,134,44,7,
K07795,217,28,30,24,235,9,13,
K01295,241,17,2,6,225,9,17,
K05396,67,15,5,11,56,17,5,
K09975,6,2,3,2,7,2,1,
K07223,29,0,0,1,16,2,1,
K07795,41,1,10,2,25,0,0,
K07002,153,16,22,2,128,11,2,
K07233,0,0,0,0,0,0,0,
K13021,14,2,0,0,12,0,1,
K01689,294,109,2,11,287,0,30,
K02529,154,52,6,22,130,0,42,
K21757,166,29,12,11,138,11,12,
K07795,148,12,6,2,90,8,6,
K15919,108,6,2,2,121,14,0,
K00375,216,24,0,14,187,13,12,
K05782,156,19,5,2,155,7,3,
K16839,184,0,0,5,217,0,2,
K01426,75,14,14,11,52,8,1,
K00657,0,0,0,0,0,0,0,
K07795,179,23,5,7,143,12,14,
K00375,237,44,62,78,202,105,44,
K01439,0,0,0,0,0,0,0,
K20971,398,178,134,82,392,100,62,
K21023,278,16,6,10,265,6,6,
K03406,104,5,1,6,85,2,2,
K02039,100,5,5,3,90,1,0,
K09456,167,123,38,54,153,103,49,
K01807,0,0,0,0,0,0,0,
K01426,229,37,68,26,236,77,17,
K09760,378,59,142,76,332,152,32,
K03652,100,16,7,19,90,11,6,
K11074,28,23,42,9,27,38,2,
K00537,0,0,0,0,0,0,0,
K11075,103,23,5,4,81,21,2,
K11076,170,27,25,9,124,10,11,
K11073,258,122,71,57,132,89,38,
K02004,174,103,145,83,185,158,50,
K11211,0,0,0,0,0,0,0,
K06886,0,0,0,0,0,0,0,
K21395,345,216,72,65,409,108,99,
K21394,69,15,1,3,67,7,0,
K11690,97,20,18,8,104,4,3,
K07090,221,315,63,97,268,90,86,
K03188,159,56,82,3,207,173,23,
K03189,294,76,91,10,457,215,43,
K03190,223,21,37,14,273,79,18,
K08717,341,38,45,11,516,57,16,
K10094,181,29,20,12,199,69,9,
K02007,145,7,7,0,180,16,2,
K16915,102,19,28,1,103,17,7,
K02008,111,4,5,0,116,4,0,
K06867,2,0,0,0,1,1,0,
K02182,91,8,16,15,105,23,10,
K18622,142,43,51,28,177,34,13,
K00077,156,18,2,4,124,3,2,
K07795,30,2,1,1,24,3,1,
K14520,261,20,10,8,248,18,2,
K07001,73,8,6,7,63,4,0,
K07795,39,5,3,1,42,1,3,
K01755,11,2,5,1,9,1,1,
K18306,98,0,2,0,67,0,0,
K02168,194,6,3,7,199,2,1,
K18302,158,59,20,56,101,15,30,
K18303,585,148,40,49,438,60,29,
K07687,72,3,1,1,54,0,0,
K13021,82,21,36,4,82,9,4,
K01426,376,453,102,243,367,270,211,
K22293,155,364,44,376,181,132,176,
K07795,179,10,5,8,134,2,0,
K00626,67,5,0,2,68,2,0,
K02028,0,0,0,0,0,0,0,
K02030,116,226,20,4,73,22,44,
K02029,88,309,17,6,52,22,104,
K02029,69,47,1,0,68,4,8,
K18336,109,114,3,1,132,11,29,
K18335,178,595,26,19,129,72,232,
K02032,46,0,0,2,49,7,0,
K02031,134,2,2,0,83,2,0,
K02034,116,7,3,0,130,0,2,
K02033,48,0,0,1,47,0,0,
K02035,31,0,0,0,12,0,1,
K08351,224,16,8,7,183,3,8,
K01451,183,24,21,21,184,22,18,
K02035,243,17,4,8,247,6,7,
K02033,89,4,0,5,92,2,3,
K02034,85,0,0,4,100,0,0,
K02031,131,3,6,13,113,0,3,
K07486,24,6,3,3,26,4,3,
K01046,111,10,10,5,120,5,17,
K03719,18,2,2,1,21,0,0,
K12538,7,0,1,0,3,0,0,
K12537,53,2,1,4,25,0,0,
K01406,289,6,8,6,234,5,6,
K12536,0,0,0,0,0,0,0,
K12538,0,0,0,0,0,0,0,
K03075,59,1,1,0,65,0,0,
K01803,103,143,95,67,71,97,41,
K00344,212,179,90,158,184,194,61,
K11912,380,63,105,32,284,150,32,
K02004,113,11,13,7,78,13,4,
K09969,46,29,23,23,53,15,16,
K09794,0,0,0,0,0,0,0,
K07795,82,108,42,44,60,22,40,
K19713,177,23,72,37,173,116,17,
K02078,31,11,2,2,22,7,2,
K02078,17,20,7,3,15,4,2,
K07107,31,6,5,0,13,4,0,
K10126,22,4,0,0,25,2,0,
K10125,231,84,27,56,231,67,28,
K11103,209,38,6,22,186,25,10,
K06287,9,0,6,0,5,0,0,
K00783,59,20,13,15,28,8,3,
K09710,28,16,13,14,33,16,8,
K00969,2,3,3,3,1,4,0,
K00228,2,1,2,1,0,1,1,
K01945,189,130,56,50,179,64,46,
K18189,176,92,72,48,141,69,32,
K06915,304,138,52,58,270,110,64,
K07246,179,208,54,72,161,102,61,
K03446,11,1,0,5,16,0,1,
K03543,143,12,8,13,106,8,4,
K15550,104,7,24,5,87,4,6,
K03712,29,5,1,4,26,3,1,
K15514,316,347,134,126,335,161,159,
K04110,439,209,114,81,607,130,55,
K01999,341,112,111,25,633,136,51,
K01997,160,34,26,11,216,76,9,
K01998,193,66,25,10,246,52,14,
K01995,0,0,0,0,0,0,0,
K01996,0,0,0,0,0,0,0,
K09969,193,60,32,35,189,78,39,
K07795,183,21,22,9,169,38,10,
K01031,95,13,4,8,88,16,10,
K01032,67,7,4,5,36,6,4,
K07566,0,0,0,0,0,0,0,
K02624,0,0,0,0,0,0,0,
K01589,168,46,39,33,158,69,35,
K01588,68,57,47,47,75,64,15,
K01923,207,110,58,34,227,85,33,
K03598,181,337,222,371,231,242,162,
K04771,547,744,215,649,583,566,427,
K03596,414,432,221,260,365,255,151,
K03100,187,226,149,124,203,80,73,
K03685,155,228,147,136,130,81,100,
K03595,159,211,169,108,168,116,52,
K03584,1,1,2,0,1,0,0,
K19416,53,172,28,87,62,60,51,
K01255,202,377,117,186,244,150,108,
K02339,0,0,0,0,0,0,0,
K07091,86,23,11,15,101,11,7,
K01999,531,427,216,16,486,700,201,
K00140,702,511,277,25,664,1414,268,
K01908,500,105,158,49,536,363,23,
K11477,47,30,20,28,36,77,23,
K01042,51,13,3,3,47,12,4,
K02380,171,48,53,32,153,101,26,
K00127,0,0,0,0,0,0,0,
K00124,0,0,0,0,0,0,0,
K22278,83,45,18,31,40,23,4,
K00523,31,9,5,6,40,7,4,
K22187,203,8,2,7,140,6,4,
K11477,0,0,0,0,0,0,0,
K01681,3,10,1,3,5,4,3,
K01682,528,412,113,380,515,353,197,
K07090,141,20,0,7,140,2,2,
K03406,278,116,64,20,402,85,26,
K02342,33,31,8,8,45,26,6,
K05802,67,6,2,5,32,3,0,
K16904,0,0,0,0,0,0,0,
K18118,66,0,14,32,47,30,4,
K03566,6,5,2,4,15,0,1,
K01997,177,2,1,6,132,8,2,
K01995,64,4,1,4,30,2,4,
K00381,384,271,113,130,439,111,146,
K03186,5,13,3,3,12,10,2,
K02493,232,168,107,41,206,138,49,
K07390,0,0,0,0,0,0,0,
K02835,159,64,94,42,133,91,22,
K02492,192,34,35,70,164,37,29,
K07795,39,5,2,0,39,2,0,
K15977,62,4,0,2,45,7,0,
K00433,13,0,0,0,9,0,0,
K06911,0,0,0,0,0,0,0,
K01652,266,11,9,1,222,11,6,
K02014,218,16,3,6,192,3,2,
K19338,0,0,0,0,0,0,0,
K03113,77,21,19,13,48,12,0,
K17733,104,6,0,0,104,0,4,
K05913,7,3,0,1,12,0,0,
K00059,84,1,0,0,73,1,1,
K07795,68,6,2,1,87,2,1,
K02529,226,4,4,4,124,7,2,
K07795,25,5,1,8,19,0,7,
K07795,118,16,23,2,70,17,8,
K05799,174,179,33,126,152,28,79,
K01799,96,94,7,106,83,11,36,
K03802,192,161,76,100,249,152,56,
K03802,0,0,0,0,0,0,0,
K06147,398,291,235,165,358,144,108,
K09919,19,2,2,1,16,0,1,
K08305,251,34,30,28,215,33,14,
K07345,38,6,0,5,27,4,3,
K22292,117,37,20,13,122,7,9,
K06015,189,59,9,23,196,7,11,
K03574,173,55,6,15,208,6,25,
K06923,120,8,31,12,80,55,9,
K00620,183,18,19,10,143,36,10,
K01432,120,18,6,13,100,27,7,
K01999,346,338,159,162,367,328,144,
K01997,180,55,25,33,166,22,28,
K01998,167,63,24,9,142,31,33,
K01995,82,49,31,5,75,57,37,
K13490,84,12,9,18,60,26,12,
K13489,3,0,0,1,4,1,0,
K13486,112,17,21,9,71,33,12,
K13487,138,50,28,10,107,52,9,
K13488,0,0,0,0,0,0,0,
K03762,168,9,13,9,182,11,5,
K01426,79,4,10,6,70,2,3,
K14057,0,0,0,0,0,0,0,
K01295,313,84,61,40,264,76,29,
K13979,15,2,7,7,20,3,5,
K02199,0,0,0,0,0,0,0,
K03574,69,21,17,17,50,27,8,
K23247,198,18,16,7,203,15,15,
K01559,134,13,8,6,126,9,8,
K11690,185,27,7,12,155,4,13,
K21395,155,41,15,18,145,6,12,
K00799,75,7,0,2,56,9,0,
K03566,64,10,1,2,43,0,3,
K00135,64,2,0,3,48,2,1,
K07795,141,8,0,2,111,12,0,
K16087,143,2,0,0,124,1,1,
K02013,15,0,0,0,28,0,0,
K02015,70,0,0,0,33,0,0,
K02016,102,0,0,4,71,0,0,
K00344,96,20,15,20,128,24,19,
K01951,238,308,48,286,228,85,135,
K00088,386,242,154,100,346,382,63,
K09965,69,21,6,23,63,26,14,
K03406,129,17,13,9,127,9,7,
K22879,166,493,8,299,176,14,124,
K22879,131,119,12,52,119,5,35,
K02033,119,43,3,1,88,8,11,
K02034,89,31,2,6,66,0,12,
K02031,70,14,2,11,68,4,14,
K02032,121,19,4,4,157,6,10,
K02035,241,49,2,9,223,4,16,
K01952,472,339,178,154,462,339,127,
K09941,0,0,0,0,0,0,0,
K21394,92,21,4,5,53,2,7,
K11690,161,54,29,24,182,31,25,
K21395,185,130,77,9,185,81,28,
K04760,0,0,0,0,0,0,0,
K07053,27,2,3,2,23,2,2,
K02238,301,18,8,28,235,26,10,
K05841,63,26,1,12,48,0,7,
K16089,107,46,13,28,96,19,4,
K00140,0,0,0,0,0,0,0,
K03424,85,14,6,5,66,1,4,
K09810,13,4,5,7,7,2,0,
K09808,103,113,76,100,102,72,45,
K07462,28,11,19,5,27,15,2,
K13021,26,4,0,1,27,1,0,
K02836,247,186,51,127,194,86,56,
K16216,83,36,47,26,106,59,17,
K04567,46,19,7,22,29,26,23,
K01897,154,2,11,2,126,8,4,
K22108,0,0,0,0,0,0,0,
K01996,128,15,12,4,117,30,3,
K12063,0,0,0,0,0,0,0,
K12061,0,0,0,0,0,0,0,
K11903,0,0,0,0,0,0,0,
K14060,0,0,0,0,0,0,0,
K06919,0,0,0,0,0,0,0,
K16092,0,0,0,0,0,0,0,
K01776,0,0,0,0,0,0,0,
K00557,0,0,0,0,0,0,0,
K22105,0,0,0,0,0,0,0,
K00322,0,0,0,0,0,0,0,
K04761,0,0,0,0,0,0,0,
K01755,0,0,0,0,0,0,0,
K01940,0,0,0,0,0,0,0,
K00930,0,0,0,0,0,0,0,
K00145,0,0,0,0,0,0,0,
K01438,0,0,0,0,0,0,0,
K01595,0,0,0,0,0,0,0,
K04069,0,0,0,0,0,0,0,
K11202,0,0,0,0,0,0,0,
K11203,0,0,0,0,0,0,0,
K11202,0,0,0,0,0,0,0,
K23991,0,0,0,0,0,0,0,
K03782,0,0,0,0,0,0,0,
K08314,0,0,0,0,0,0,0,
K00005,0,0,0,0,0,0,0,
K12525,0,0,0,0,0,0,0,
K00297,0,0,0,0,0,0,0,
K01760,0,0,0,0,0,0,0,
K03764,0,0,0,0,0,0,0,
K02909,0,0,0,0,0,0,0,
K04066,0,0,0,0,0,0,0,
K05499,0,0,0,0,0,0,0,
K03591,0,0,0,0,0,0,0,
K01419,0,0,0,0,0,0,0,
K03667,0,0,0,0,0,0,0,
K02548,0,0,0,0,0,0,0,
K02553,1,0,0,0,0,0,0,
K09892,0,0,0,0,0,0,0,
K02440,0,0,0,0,0,0,0,
K00864,0,0,1,0,0,0,0,
K02446,0,0,0,0,0,0,0,
K01803,0,0,0,0,0,0,0,
K01521,0,0,0,0,0,0,0,
K23163,0,0,0,0,0,0,0,
K00850,0,0,0,0,0,0,0,
K13283,0,0,0,0,0,0,0,
K06006,0,0,0,0,0,0,0,
K07662,0,0,3,0,0,0,0,
K07640,0,0,0,0,0,0,0,
K00640,0,0,0,0,0,0,0,
K03216,0,0,0,0,0,0,0,
K00057,0,0,0,0,0,0,0,
K03071,0,0,0,0,0,0,0,
K03676,0,0,0,0,0,0,0,
K15633,0,0,0,0,0,0,0,
K22719,0,0,0,0,0,0,0,
K09798,0,0,0,0,0,0,0,
K00060,0,0,0,0,0,0,0,
K00639,0,0,1,0,0,0,0,
K03274,0,0,0,0,0,0,0,
K02843,0,0,0,0,0,0,0,
K02841,0,0,0,0,0,0,0,
K02847,0,0,0,0,0,0,0,
K02849,0,0,0,0,0,0,0,
K02844,0,0,0,0,0,0,0,
K02527,0,0,0,0,0,0,0,
K12984,0,0,0,0,0,0,0,
K10563,0,0,0,0,0,0,0,
K00954,0,0,0,0,0,0,0,
K02913,0,0,0,0,0,0,0,
K02902,0,0,0,0,0,0,0,
K03630,0,0,0,0,0,0,0,
K13038,0,0,0,0,0,0,0,
K01520,0,0,0,0,0,0,0,
K00762,0,0,0,0,0,0,0,
K05501,0,0,0,0,0,0,0,
K00989,0,0,0,0,0,0,0,
K01972,0,0,0,0,0,0,0,
K00942,0,0,0,0,0,0,0,
K03060,0,0,0,0,0,0,0,
K01139,0,0,0,0,0,2,0,
K00556,0,0,0,0,0,0,0,
K03655,0,0,0,0,0,0,0,
K03312,0,0,0,0,0,0,0,
K16345,0,0,0,0,0,0,0,
K07058,0,0,0,0,0,0,0,
K07560,0,0,0,0,0,0,0,
K06207,0,0,0,0,0,0,0,
K20866,0,0,0,0,0,0,0,
K01915,0,1,0,0,0,0,0,
K07708,0,0,0,0,0,0,0,
K07712,0,0,0,0,0,0,0,
K02495,0,0,0,0,0,0,0,
K02335,1,0,0,0,0,0,0,
K09894,0,0,0,0,0,0,0,
K03978,0,0,0,0,0,0,0,
K03673,0,0,0,0,0,0,0,
K09896,0,0,0,0,0,0,0,
K03752,0,0,0,0,0,0,0,
K03753,0,0,0,0,0,0,0,
K11733,0,0,0,0,0,0,0,
K16089,0,0,0,0,0,0,0,
K01070,0,0,0,0,0,0,0,
K01495,0,0,0,0,0,0,0,
K07148,0,0,0,0,0,0,0,
K02529,0,0,0,0,0,0,0,
K10540,0,0,1,0,0,0,0,
K10542,0,0,0,0,0,0,0,
K10541,0,0,0,0,0,0,0,
K03748,0,0,0,0,0,0,0,
K01489,0,0,0,0,0,0,0,
K06518,0,0,0,0,0,0,0,
K19235,0,0,0,0,0,0,0,
K06158,0,0,0,0,0,0,0,
K08191,0,0,0,0,0,0,0,
K21029,0,0,0,0,0,0,0,
K03750,0,0,0,0,0,0,0,
K13051,0,0,0,0,0,0,0,
K13892,0,0,0,0,0,0,0,
K13889,0,0,0,0,0,0,0,
K02033,0,0,0,0,0,0,0,
K14441,0,0,0,0,0,0,0,
K13891,0,0,0,0,0,0,0,
K19688,0,0,0,0,0,0,0,
K21430,0,0,0,0,0,0,0,
K00799,0,0,0,0,0,0,0,
K07258,0,0,0,0,0,0,0,
K11534,0,0,0,0,0,0,0,
K19302,0,0,0,0,0,0,0,
K08160,0,0,0,0,0,0,0,
K22303,0,0,0,0,0,0,0,
K01874,0,0,0,0,0,0,0,
K03593,0,0,0,0,0,0,0,
K02478,0,0,0,0,0,0,0,
K02477,0,0,0,0,0,0,0,
K07402,0,0,0,0,0,0,0,
K07141,0,0,0,0,0,0,0,
K06200,0,0,0,0,0,0,0,
K05802,0,0,0,0,0,0,0,
K11903,0,0,0,0,0,0,0,
K00878,0,0,0,0,0,0,0,
K00941,0,0,0,0,0,0,0,
K11645,0,0,0,0,0,0,0,
K02035,0,0,0,0,0,0,0,
K02033,0,0,0,0,0,0,0,
K02034,0,0,0,0,0,0,0,
K07029,0,0,0,0,0,0,0,
K08303,0,0,0,0,0,0,0,
K01620,0,0,0,0,0,0,0,
K07664,0,0,0,0,0,0,0,
K07642,0,0,0,0,0,0,0,
K07789,0,0,0,0,0,0,0,
K18326,0,0,0,0,0,0,0,
K07788,0,0,0,0,0,0,0,
K07799,0,0,0,0,0,0,0,
K04046,0,0,0,0,0,0,0,
K24310,0,0,0,0,0,0,0,
K13007,0,0,0,0,0,0,0,
K21084,0,0,0,0,0,0,0,
K24300,0,0,0,0,0,0,0,
K00876,0,0,0,0,0,0,0,
K01494,0,0,0,0,0,0,0,
K07289,0,0,0,0,0,0,0,
K01991,0,0,0,0,0,0,0,
K25307,0,0,0,0,0,0,0,
K16692,0,0,0,0,0,0,0,
K03819,0,0,0,0,0,0,0,
K13684,0,0,0,0,0,0,0,
K07486,0,0,0,0,0,0,0,
K07483,0,0,0,0,0,0,0,
K07497,0,0,0,0,0,0,0,
K02002,0,0,0,0,0,0,0,
K07486,0,0,0,0,0,0,0,
K13633,0,0,0,0,0,0,0,
K13409,0,0,0,0,0,0,0,
K13408,0,0,0,0,0,0,0,
K07052,0,0,0,0,0,0,0,
K03205,0,0,0,0,0,0,0,
K12056,0,0,0,0,0,0,0,
K12072,0,0,0,0,0,0,0,
K12058,0,0,0,0,0,0,0,
K12057,0,0,0,0,0,0,0,
K12059,0,0,0,0,0,0,0,
K12060,0,0,0,0,0,0,0,
K12063,0,0,0,0,0,0,0,
K12061,0,0,0,0,0,0,0,
K12065,0,0,0,0,0,0,0,
K12064,0,0,0,0,0,0,0,
K12066,0,0,0,0,0,0,0,
K12067,0,0,0,0,0,0,0,
K12068,0,0,0,0,0,0,0,
K03497,0,0,0,0,0,0,0,
K07319,0,0,0,0,0,0,0,
K03503,0,0,0,0,0,0,0,
K03496,0,0,0,0,0,0,0,
K07497,0,0,0,0,0,0,0,
K07497,0,0,0,0,0,0,0,
K13735,0,0,0,0,0,0,0,
K06077,0,0,0,0,0,0,0,
K07497,0,0,0,0,0,0,0,
K07497,0,0,0,0,0,0,0,
K13985,0,0,0,0,0,0,0,
K03704,0,0,0,0,0,0,0,
K03587,0,0,0,0,0,0,0,
K00563,0,0,0,0,0,0,0,
K23242,0,0,0,0,0,0,0,
K02796,0,0,0,0,0,0,0,
K02795,0,0,0,0,0,0,0,
K02794,0,0,0,0,0,0,0,
K21090,0,0,0,0,0,0,0,
K01752,0,0,0,0,0,0,0,
K07592,0,0,0,0,0,0,0,
K01665,0,0,0,0,0,0,0,
K09917,0,0,0,0,0,0,0,
K03722,0,0,0,0,0,0,0,
K14742,0,0,0,0,0,0,0,
K07285,0,0,0,0,0,0,0,
K01897,0,0,0,0,0,0,0,
K03684,0,0,0,0,0,0,0,
K03609,0,0,0,0,0,0,0,
K03608,0,0,0,0,0,0,0,
K03610,0,0,0,0,0,0,0,
K09902,0,0,0,0,0,0,0,
K08305,0,0,0,0,0,0,0,
K01557,0,0,0,0,0,0,0,
K09160,0,0,0,0,0,0,0,
K03314,0,0,0,0,0,0,0,
K03611,0,0,0,0,0,0,0,
K09712,0,0,0,0,0,0,0,
K06415,0,0,0,0,0,0,0,
K03603,0,0,0,0,0,0,0,
K00285,0,0,0,0,0,0,0,
K11105,0,0,0,0,0,0,0,
K01775,0,0,0,0,0,0,0,
K01297,0,0,0,0,0,0,0,
K03931,0,0,0,0,0,0,0,
K21087,0,0,0,0,0,0,0,
K08308,0,0,0,0,0,0,0,
K12113,0,0,0,0,0,0,0,
K12111,0,0,0,0,0,0,0,
K12112,0,0,0,0,0,0,0,
K02014,0,0,0,0,0,0,0,
K20265,0,0,0,0,0,0,0,
K01194,0,0,0,0,0,0,0,
K22397,0,0,0,0,0,0,0,
K00375,0,0,0,0,0,0,0,
K00823,0,0,0,0,0,0,0,
K00135,0,0,0,0,0,0,0,
K00316,0,0,0,0,0,0,0,
K03760,0,0,0,0,0,0,0,
K02030,0,0,0,0,0,0,0,
K07806,0,0,0,0,0,0,0,
K10012,0,0,0,0,0,0,0,
K10011,0,0,0,0,0,0,0,
K13014,0,0,0,0,0,0,0,
K07264,0,0,0,0,0,0,0,
K12962,0,0,0,0,0,0,0,
K12963,0,0,0,0,0,0,0,
K11177,0,0,0,0,0,0,0,
K02073,0,0,0,0,0,0,0,
K11178,0,0,0,0,0,0,0,
K13483,0,0,0,0,0,0,0,
K23237,0,0,0,0,0,0,0,
K07406,0,0,0,0,0,0,0,
K07093,0,0,0,0,0,0,0,
K11901,0,0,0,0,0,0,0,
K11900,0,0,0,0,0,0,0,
K01624,0,0,0,0,0,0,0,
K09988,0,0,0,0,0,0,0,
K10439,0,0,0,0,0,0,0,
K10440,0,0,0,0,0,0,0,
K10441,0,0,0,0,0,0,0,
K13587,0,0,0,0,0,0,0,
K16922,0,0,0,0,0,0,0,
K06167,0,0,0,0,0,0,0,
K07491,0,0,0,0,0,0,0,
K09994,0,0,0,0,0,0,0,
K06162,0,0,0,0,0,0,0,
K05774,0,0,0,0,0,0,0,
K05780,0,0,0,0,0,0,0,
K05781,0,0,0,0,0,0,0,
K06163,0,0,0,0,0,0,0,
K06164,0,0,0,0,0,0,0,
K06165,0,0,0,0,0,0,0,
K06166,0,0,0,0,0,0,0,
K02043,0,0,0,0,0,0,0,
K02042,0,0,0,0,0,0,0,
K02044,0,0,0,0,0,0,0,
K02041,0,0,0,0,0,0,0,
K04750,0,0,0,0,0,0,0,
K07790,0,0,0,0,0,0,0,
K11209,0,0,0,0,0,0,0,
K00457,0,0,0,0,0,0,0,
K08194,0,0,0,0,0,0,0,
K03704,0,0,0,0,0,0,0,
K03829,0,0,0,0,0,0,0,
K16923,0,0,0,0,0,0,0,
K06934,0,0,0,0,0,0,0,
K04084,0,0,0,0,0,0,0,
K07791,0,0,0,0,0,0,0,
K03926,0,0,0,0,0,0,0,
K01744,0,0,0,0,0,0,0,
K07113,0,0,0,0,0,0,0,
K04078,0,0,0,0,0,0,0,
K04077,0,0,0,0,0,0,0,
K19810,0,0,0,0,0,0,0,
K02356,0,0,1,0,0,0,0,
K16347,0,0,0,0,0,0,0,
K16348,0,0,0,0,0,0,0,
K03098,0,0,0,0,0,0,0,
K11741,0,0,0,0,0,0,0,
K00247,0,0,0,0,0,0,0,
K00244,1,0,0,0,0,0,0,
K00246,0,0,0,0,0,0,0,
K00245,0,0,0,0,0,0,0,
K22051,1,0,0,0,0,0,0,
K04568,0,0,0,0,0,0,0,
K01613,0,0,0,0,0,0,0,
K06949,0,0,0,0,0,0,0,
K13288,0,0,0,0,0,0,0,
K15125,0,0,0,0,0,0,0,
K15125,0,0,0,0,0,0,0,
K19048,0,0,0,0,0,0,0,
K07326,0,0,0,0,0,0,0,
K06193,0,0,0,0,0,0,0,
K03169,0,0,0,0,0,0,0,
K08320,0,0,0,0,0,0,0,
K01008,0,0,0,0,0,0,0,
K04773,0,0,0,0,0,0,0,
K01424,0,0,0,0,0,0,0,
K08281,0,0,0,0,0,0,0,
K01183,0,0,0,0,0,0,0,
K09916,0,0,0,0,0,0,0,
K07305,0,0,0,0,0,0,0,
K00134,1,0,1,0,1,2,0,
K01792,0,0,0,0,0,0,0,
K07274,0,0,0,0,0,0,0,
K07180,5,1,0,0,6,6,0,
K09786,0,0,0,0,0,0,0,
K25495,0,0,0,0,0,0,0,
K25494,0,0,0,0,0,0,0,
K01937,0,0,0,0,0,0,0,
K03704,0,0,0,0,0,0,0,
K18691,0,0,0,0,0,0,0,
K22110,0,0,0,0,0,0,0,
K11904,0,0,0,0,0,0,0,
K03286,0,0,0,0,0,0,0,
K11903,0,0,0,0,0,0,0,
K11893,0,0,0,0,0,0,0,
K11892,0,0,0,0,0,0,0,
K11900,0,0,0,0,0,0,0,
K11901,0,0,0,0,0,0,0,
K00031,0,0,0,0,0,0,0,
K06181,0,0,0,0,0,0,0,
K01734,0,0,0,0,0,0,0,
K12152,0,0,0,0,0,0,0,
K00566,0,0,0,0,0,0,0,
K07153,0,0,0,0,0,0,0,
K01756,0,0,0,0,1,0,0,
K07660,0,0,0,0,0,0,0,
K07637,0,0,0,0,0,0,0,
K18850,0,0,0,0,0,0,0,
K03829,0,0,0,0,0,0,0,
K09780,0,0,0,0,0,0,0,
K00432,0,0,0,0,0,0,0,
K01258,0,0,0,0,0,0,0,
K11072,0,0,0,0,0,0,0,
K11071,0,0,0,0,1,0,0,
K11070,0,0,0,0,0,0,0,
K11069,0,0,0,0,0,0,0,
K03703,0,0,0,0,0,0,0,
K00995,0,0,0,0,0,0,0,
K07689,0,0,0,0,0,0,0,
K07782,0,0,0,0,0,0,0,
K02028,0,0,0,0,0,0,0,
K10009,0,0,0,0,0,0,0,
K05396,0,0,0,0,0,0,0,
K02424,0,0,0,0,0,0,0,
K02425,0,0,0,0,0,0,0,
K02406,0,0,0,0,0,0,0,
K02405,0,0,0,0,0,0,0,
K02407,0,0,0,0,0,0,0,
K02422,0,0,0,0,0,0,0,
K02423,0,0,0,0,0,0,0,
K01176,0,0,0,0,0,0,0,
K00640,0,0,0,0,0,0,0,
K21495,0,0,0,0,0,0,0,
K14059,0,0,0,0,0,0,0,
K02408,0,0,0,0,0,0,0,
K02409,0,0,0,0,0,0,0,
K02410,0,0,0,0,0,0,0,
K02411,0,0,0,0,0,0,0,
K02412,0,0,0,0,0,0,0,
K02413,0,0,0,0,0,0,0,
K02414,0,0,0,0,0,0,0,
K02415,0,0,0,0,0,0,0,
K02416,0,0,0,0,0,0,0,
K02417,0,0,0,0,0,0,0,
K02418,0,0,0,0,0,0,0,
K02419,0,0,0,0,0,0,0,
K02420,0,0,0,0,0,0,0,
K02421,0,0,0,0,0,0,0,
K07781,0,0,0,0,0,0,0,
K21085,0,0,0,0,0,0,0,
K07026,0,0,0,0,0,0,0,
K09781,0,0,0,0,0,0,0,
K07458,0,0,0,0,0,0,0,
K00558,0,0,0,0,0,0,0,
K06950,0,0,0,0,0,0,0,
K14062,0,0,0,0,0,0,0,
K09933,0,0,0,0,0,0,0,
K10679,0,0,0,0,0,0,0,
K09760,0,0,0,0,0,0,0,
K12942,0,0,0,0,0,0,0,
K03327,0,0,0,0,0,0,0,
K01996,0,0,0,0,0,0,0,
K01995,0,0,0,0,0,0,0,
K01998,0,0,0,0,0,0,0,
K01997,0,0,0,0,0,0,0,
K01999,0,0,0,0,0,0,0,
K00078,0,0,0,0,0,0,0,
K06177,0,0,0,0,0,0,0,
K08224,0,0,0,0,0,0,0,
K22213,0,0,0,0,0,0,0,
K00459,0,0,0,0,0,0,0,
K19271,0,0,0,0,0,0,0,
K21023,0,0,0,0,0,0,0,
K18138,0,0,0,0,0,0,0,
K03585,0,0,0,0,0,0,0,
K03478,0,0,0,0,0,0,0,
K18140,0,0,0,0,0,0,0,
K01222,0,0,0,0,0,0,0,
K03490,0,0,0,0,0,0,0,
K02761,0,0,0,0,0,0,0,
K02759,0,0,0,0,0,0,0,
K06217,0,0,0,0,0,0,0,
K02760,0,0,0,0,0,0,0,
K16301,0,0,0,0,0,0,0,
K07224,0,0,0,0,0,0,0,
K07243,0,0,0,0,0,0,0,
K11928,0,0,0,0,0,0,0,
K13821,0,0,0,0,0,0,0,
K09017,0,0,0,0,0,0,0,
K09018,0,0,0,0,0,0,0,
K09020,0,0,0,0,0,0,0,
K09021,0,0,0,0,0,0,0,
K09023,0,0,0,0,0,0,0,
K09019,0,0,0,0,0,0,0,
K09024,0,0,0,0,0,0,0,
K09016,0,0,0,0,0,0,0,
K06884,0,0,0,0,0,0,0,
K01085,0,0,0,0,0,0,0,
K03809,0,0,0,0,0,0,0,
K07124,0,0,0,0,0,0,0,
K15580,0,0,0,0,0,0,0,
K19416,0,0,0,0,0,0,0,
K11179,0,0,0,0,0,0,0,
K01512,0,0,0,0,0,0,0,
K06969,0,0,0,0,0,0,0,
K06929,0,0,0,0,0,0,0,
K11940,0,0,0,0,0,0,0,
K03658,0,0,0,0,0,0,0,
K09909,0,0,0,0,0,0,0,
K01734,0,0,0,0,0,0,0,
K07343,0,0,0,0,0,0,0,
K13053,0,0,0,0,0,0,0,
K03286,0,1,1,1,0,4,0,
K09911,0,0,0,0,0,0,0,
K04770,0,0,0,0,0,0,0,
K01716,0,0,0,0,0,0,0,
K06192,0,0,0,0,0,0,0,
K03812,0,0,0,0,0,0,0,
K09857,0,0,0,0,0,0,0,
K03808,0,0,0,0,0,0,0,
K15738,0,0,0,0,0,0,0,
K12297,0,0,0,0,0,0,0,
K07140,0,0,0,0,0,0,0,
K18657,0,0,0,0,0,0,0,
K00254,0,0,0,0,0,0,0,
K00299,0,0,0,0,0,0,0,
K15553,0,0,0,0,0,0,0,
K04091,0,0,0,0,0,0,0,
K01256,0,0,0,0,0,0,0,
K15554,0,0,0,0,0,0,0,
K00763,0,0,0,0,0,0,0,
K01893,0,0,0,0,0,0,0,
K09476,0,0,0,0,0,0,0,
K00813,0,0,0,0,0,0,0,
K01069,0,0,0,0,0,0,0,
K21470,0,0,0,0,0,0,0,
K03632,0,0,0,0,0,0,0,
K03475,0,0,0,0,0,0,0,
K11736,0,0,0,0,0,0,0,
K03311,0,0,0,0,0,0,0,
K07636,0,0,0,0,0,0,0,
K07657,0,0,0,0,0,0,0,
K03547,0,0,0,0,0,0,0,
K03546,0,0,0,0,0,0,0,
K03554,0,0,0,0,0,0,0,
K14591,0,0,0,0,0,0,0,
K09913,0,0,0,0,0,0,0,
K00891,0,0,0,0,0,0,0,
K09768,0,0,0,0,0,0,0,
K18968,0,0,0,0,0,0,0,
K00286,0,0,0,0,0,0,0,
K08161,0,0,0,0,0,0,0,
K01921,0,0,0,0,0,0,0,
K03712,0,0,0,0,0,0,0,
K03543,0,0,0,0,0,0,0,
K03446,0,0,0,0,0,0,0,
K17938,0,0,0,0,0,0,0,
K12974,0,0,0,0,0,0,0,
K18988,0,0,0,0,0,0,0,
K00147,0,0,0,0,0,0,0,
K00931,0,0,0,0,0,0,0,
K11929,0,0,0,0,0,0,0,
K11750,0,0,0,0,0,0,0,
K11926,0,0,0,0,0,0,0,
K00769,0,0,0,0,0,0,0,
K01270,0,0,0,0,0,0,0,
K02346,0,0,0,0,0,0,0,
K00351,0,0,0,0,0,0,0,
K05952,0,0,0,0,0,0,0,
K00350,0,0,0,0,0,0,0,
K00349,0,0,0,0,0,0,0,
K00348,0,0,0,0,0,0,0,
K00347,0,0,0,0,0,0,0,
K00346,0,0,0,0,0,0,0,
K03271,0,0,0,0,0,0,0,
K06445,0,0,0,0,0,0,0,
K21965,0,0,0,0,0,0,0,
K21966,0,0,0,0,0,0,0,
K02083,0,0,0,0,0,0,0,
K07127,0,0,0,0,0,0,0,
K00839,0,0,0,0,0,0,0,
K22602,0,0,0,0,0,0,0,
K22601,0,0,0,0,0,0,0,
K16842,0,0,0,0,0,0,0,
K16841,0,0,0,0,0,0,0,
K03457,0,0,0,0,0,0,0,
K02342,1,1,0,0,1,0,1,
K03469,0,0,0,0,0,0,0,
K01069,0,0,0,0,0,0,0,
K08307,0,0,0,0,0,0,0,
K19577,0,0,0,0,0,0,0,
K06222,0,0,0,0,0,0,0,
K19780,0,0,0,0,0,0,0,
K07245,0,0,0,0,0,0,0,
K07156,0,0,0,0,0,0,0,
K01354,0,0,0,0,0,0,0,
K02345,0,0,0,0,0,0,0,
K10857,0,0,0,0,0,0,0,
K09918,0,0,0,0,0,0,0,
K08289,0,0,0,0,0,0,0,
K01690,0,0,0,0,0,0,0,
K01625,0,0,0,0,0,0,0,
K00036,0,0,0,0,0,0,0,
K19337,0,0,0,0,0,0,0,
K00873,0,0,0,0,0,0,0,
K19304,0,0,0,0,0,0,0,
K09815,0,0,0,0,0,0,0,
K09817,0,0,0,0,0,0,0,
K03551,0,0,0,0,0,0,0,
K09816,0,0,0,0,0,0,0,
K03550,0,0,0,0,0,0,0,
K01159,0,0,0,0,0,0,0,
K18189,0,0,0,0,0,0,0,
K01876,0,0,0,0,0,0,0,
K08310,0,0,0,0,0,0,0,
K07136,0,0,0,0,0,0,0,
K15256,0,0,0,0,0,0,0,
K15257,0,0,0,0,0,0,0,
K07347,0,0,0,0,0,0,0,
K07345,0,0,0,0,0,0,0,
K14188,0,0,0,0,0,0,0,
K03739,0,0,0,0,0,0,0,
K03740,0,0,0,0,0,0,0,
K06201,0,0,0,0,0,0,0,
K14155,0,0,0,0,0,0,0,
K09907,0,0,0,0,0,0,0,
K01887,0,0,0,0,0,0,0,
K00677,0,0,0,0,0,0,0,
K15532,0,0,0,0,0,0,0,
K16210,0,0,0,0,0,0,0,
K02400,0,0,0,0,0,0,0,
K03516,0,0,0,0,0,0,0,
K02401,0,0,0,0,0,0,0,
K07345,0,0,0,0,0,0,0,
K07347,0,0,0,0,0,0,0,
K03414,0,0,0,0,0,0,0,
K03412,0,0,0,0,0,0,0,
K03413,0,0,0,0,0,0,0,
K00575,0,0,0,0,0,0,0,
K05877,0,0,0,0,0,0,0,
K05874,0,0,0,0,0,0,0,
K07346,0,0,0,0,0,0,0,
K00014,0,0,0,0,0,0,0,
K01726,0,0,0,0,0,0,0,
K07566,0,0,0,0,0,0,0,
K07479,0,0,0,0,0,0,0,
K04096,0,0,0,0,0,0,0,
K03747,0,0,0,0,0,0,0,
K01462,0,0,0,0,0,0,0,
K00604,0,0,0,0,0,0,0,
K03500,0,0,0,0,0,0,0,
K03499,0,0,0,0,0,0,0,
K03282,0,0,0,0,0,0,0,
K09890,0,0,0,0,0,0,0,
K13638,0,0,0,0,0,0,0,
K03040,52,27,4,4,49,52,5,
K02879,0,0,0,0,0,0,0,
K02986,60,38,9,19,54,67,7,
K02948,0,0,0,0,0,0,0,
K03076,5,2,1,1,3,3,0,
K02952,0,0,0,0,0,0,0,
K02919,0,0,0,0,0,0,0,
K02876,1,0,0,0,1,1,0,
K02988,0,0,0,0,0,0,0,
K02907,0,0,0,0,0,0,0,
K02881,0,0,0,0,0,1,0,
K02933,2,3,0,1,1,2,0,
K02994,0,0,0,0,0,1,0,
K02954,0,0,0,0,0,0,0,
K02931,0,0,0,0,0,1,0,
K02895,2,2,0,0,1,5,1,
K02874,0,0,0,2,0,0,0,
K02961,0,0,0,0,0,0,0,
K02878,0,0,0,0,0,0,0,
K02904,0,0,0,0,0,0,0,
K02982,2,1,0,0,5,1,0,
K02890,1,0,1,0,0,0,0,
K02886,21,3,0,2,34,43,5,
K02965,0,0,0,0,0,0,0,
K02926,0,0,0,0,2,1,0,
K02892,0,0,0,0,0,0,0,
K02906,0,0,0,0,1,1,0,
K02946,0,0,0,3,2,5,0,
K03594,0,0,0,0,0,0,0,
K02358,0,0,0,0,0,0,0,
K02355,200,81,35,55,293,335,29,
K02192,0,0,0,0,0,0,0,
K02992,0,0,0,0,1,0,0,
K02950,0,0,0,0,0,0,0,
K07237,1,0,0,0,0,1,0,
K07236,0,0,0,0,0,0,0,
K07235,0,0,0,0,0,0,0,
K03772,0,0,0,0,0,0,0,
K11747,0,0,0,0,0,0,0,
K03775,0,0,0,0,0,0,0,
K03745,0,0,0,0,0,0,0,
K07070,0,0,0,0,0,0,0,
K11748,0,0,0,0,0,0,0,
K06158,0,0,0,0,0,0,0,
K11249,0,0,0,0,0,0,0,
K07019,0,0,0,0,0,0,0,
K09898,0,0,0,0,0,0,0,
K00855,0,0,0,0,0,0,0,
K07397,0,0,0,0,0,0,0,
K10914,0,0,0,0,0,0,0,
K00821,0,0,0,0,0,0,0,
K01664,0,0,0,0,0,0,0,
K04095,0,0,0,0,0,0,0,
K03767,0,0,0,0,0,0,0,
K01485,0,0,0,0,0,0,0,
K06141,0,0,0,0,0,0,0,
K00362,1,0,0,0,0,0,1,
K00363,0,0,0,0,0,0,0,
K02598,0,0,1,0,0,0,0,
K02302,0,0,0,0,0,0,0,
K01867,0,0,0,0,0,0,0,
K01091,0,0,0,0,0,0,0,
K01783,0,0,0,0,0,0,0,
K06223,0,0,0,0,0,0,0,
K03112,0,0,0,0,0,0,0,
K01735,0,0,0,0,0,0,0,
K00891,0,0,0,0,0,0,0,
K02507,0,0,0,0,0,0,0,
K12291,0,0,0,0,0,0,0,
K12290,0,0,0,0,0,0,0,
K12289,0,0,0,0,0,0,0,
K12288,0,0,0,0,0,0,0,
K05366,0,0,0,0,0,0,0,
K08312,0,0,0,0,0,0,0,
K20881,0,0,0,0,0,0,0,
K04762,0,0,0,0,0,0,0,
K04083,0,0,0,0,0,0,0,
K01610,0,0,0,0,0,0,0,
K07638,0,0,0,0,0,0,0,
K07659,0,0,0,0,0,0,0,
K04760,0,0,0,0,0,0,0,
K06959,0,0,0,0,0,0,0,
K04758,0,0,0,0,0,0,0,
K04759,0,0,0,0,0,0,0,
K02170,0,0,0,0,0,0,0,
K07490,0,0,0,0,0,0,0,
K00705,0,0,0,0,0,0,0,
K02242,0,0,0,0,0,0,0,
K07400,0,0,0,0,0,0,0,
K00688,0,0,0,0,0,0,0,
K03556,0,0,0,0,0,0,0,
K00111,0,0,0,0,0,0,0,
K00688,0,0,0,0,0,0,0,
K02439,0,0,0,0,0,0,0,
K02441,0,0,0,0,0,0,0,
K02444,0,0,0,0,0,0,0,
K00703,0,0,0,0,0,0,0,
K00975,0,0,0,0,0,0,0,
K02438,0,0,0,0,0,0,0,
K00700,0,0,0,0,0,0,0,
K00133,0,0,0,0,0,0,0,
K01811,0,0,0,0,0,0,0,
K05595,0,0,0,0,0,0,0,
K15125,0,0,1,0,0,0,0,
K03292,0,0,0,0,0,0,0,
K18831,0,0,0,0,0,0,0,
K07326,0,0,0,0,0,0,0,
K09476,0,0,0,0,0,0,0,
K07733,0,0,0,0,0,0,0,
K03630,0,0,0,0,0,0,0,
K18838,0,0,0,0,0,0,0,
K18837,0,0,0,0,0,0,0,
K01066,0,0,0,0,0,0,0,
K03088,0,0,0,0,0,0,0,
K02380,0,0,0,0,0,0,0,
K18842,0,0,0,0,0,0,0,
K07171,0,0,0,0,0,0,0,
K00127,0,0,0,0,0,0,0,
K00124,0,0,0,0,0,0,0,
K02379,0,0,0,0,0,0,0,
K19504,0,0,0,0,0,0,0,
K02529,0,0,0,0,0,0,0,
K03415,0,0,0,0,0,0,0,
K11903,0,0,0,0,0,0,0,
K03534,0,0,0,0,0,0,0,
K10561,0,0,0,0,0,0,0,
K10560,0,0,0,0,0,0,0,
K10562,0,0,0,0,0,0,0,
K10559,0,0,0,0,0,0,0,
K01629,0,0,0,0,0,0,0,
K01813,0,0,0,0,0,0,0,
K00848,0,0,0,0,0,0,0,
K02855,0,0,0,0,0,0,0,
K02856,0,0,0,0,0,0,0,
K02854,0,0,0,0,0,0,0,
K01804,0,0,0,0,0,0,0,
K04564,0,0,0,0,0,0,0,
K03704,0,0,0,0,0,0,0,
K18138,0,0,0,0,0,0,0,
K08195,0,0,0,0,0,0,0,
K07726,0,0,0,0,0,0,0,
K03585,0,0,0,0,0,0,0,
K01879,0,0,0,0,0,0,0,
K01878,0,0,0,0,0,0,0,
K02525,0,0,0,0,0,0,0,
K00874,0,0,0,0,0,0,0,
K00090,0,0,0,0,0,0,0,
K19092,0,0,0,0,0,0,0,
K14762,0,0,0,0,0,0,0,
K00009,0,0,0,0,0,0,0,
K02562,0,0,0,0,0,0,0,
K02800,0,0,0,0,0,0,0,
K00799,0,0,0,0,0,0,0,
K01042,0,0,0,0,0,0,0,
K03833,0,0,0,0,0,0,0,
K00138,0,0,0,0,0,0,0,
K07504,0,0,0,0,0,0,0,
K18673,0,0,0,0,0,0,0,
K09955,0,0,0,0,0,0,0,
K03292,0,0,0,0,0,0,0,
K03406,0,0,0,0,0,0,0,
K03979,0,0,0,0,0,0,0,
K07643,0,0,0,0,0,0,0,
K02899,0,0,0,0,0,0,0,
K02888,0,0,0,0,0,0,0,
K02523,0,0,0,0,0,0,0,
K00790,0,0,0,0,0,0,0,
K07724,0,0,0,0,0,0,0,
K07323,0,0,0,0,0,0,0,
K07122,0,0,0,0,0,0,0,
K02067,0,0,0,0,0,0,0,
K02066,0,0,0,0,0,0,0,
K02065,0,0,0,0,0,0,0,
K07301,0,0,0,0,0,0,0,
K06041,0,0,0,0,0,0,0,
K03270,0,0,0,0,0,0,0,
K11719,0,0,0,0,0,0,0,
K09774,0,0,0,0,0,0,0,
K06861,0,0,0,0,0,0,0,
K03092,0,0,0,0,0,0,0,
K05808,0,0,0,0,0,0,0,
K02806,0,0,0,0,0,0,0,
K06958,0,0,0,0,0,0,0,
K07648,0,0,0,0,0,0,0,
K03814,0,0,0,0,0,0,0,
K08485,0,0,0,0,0,0,0,
K07139,0,0,0,0,0,0,0,
K00265,0,0,1,0,1,1,0,
K00266,0,0,0,0,0,0,0,
K19334,0,0,0,0,0,0,0,
K00885,0,0,0,0,0,0,0,
K03290,0,0,0,0,0,0,0,
K01788,0,0,0,0,0,0,0,
K01639,0,0,0,0,0,0,0,
K22104,0,0,0,0,0,0,0,
K03600,0,0,0,0,0,0,0,
K03599,0,0,0,0,0,0,0,
K02996,0,0,0,0,0,0,0,
K06916,1,1,0,0,0,0,0,
K02871,0,0,0,0,0,0,0,
K09908,0,0,0,0,0,0,0,
K04772,0,0,0,0,0,0,0,
K04691,0,0,0,0,0,0,0,
K03402,0,0,0,0,0,0,0,
K00135,0,0,0,0,0,0,0,
K03623,0,0,0,0,0,0,0,
K03468,0,0,0,0,0,0,0,
K15548,0,0,0,0,0,0,0,
K21695,0,0,0,0,0,0,0,
K03568,0,0,0,0,0,0,0,
K21698,0,0,0,0,0,0,0,
K08301,0,0,0,0,0,0,0,
K06287,0,0,0,0,0,0,0,
K03570,0,0,0,0,0,0,0,
K03571,0,0,0,0,0,0,0,
K03569,0,0,0,0,0,0,0,
K18765,0,0,0,0,1,0,0,
K07147,0,0,0,0,0,0,0,
K17247,0,0,0,0,0,0,0,
K03786,0,0,0,0,0,0,0,
K02160,0,0,0,0,0,0,0,
K01961,0,0,0,0,0,0,0,
K14392,0,0,0,0,0,0,0,
K02687,0,0,0,0,0,0,0,
K01674,0,0,0,0,0,0,0,
K05540,0,0,0,0,0,0,0,
K03557,0,0,0,0,0,0,0,
K09969,0,0,0,0,0,0,0,
K09970,0,0,0,0,0,0,0,
K09971,0,0,0,0,0,0,0,
K09972,0,0,0,0,0,0,0,
K03784,0,0,0,0,0,0,0,
K01839,0,0,0,0,0,0,0,
K00758,0,1,1,0,0,0,0,
K01619,0,0,0,0,0,0,0,
K03317,0,0,0,0,0,0,0,
K03424,0,0,0,0,0,0,0,
K02837,0,0,0,0,0,0,0,
K04065,0,0,0,0,0,0,0,
K08723,0,0,0,0,0,0,0,
K03789,0,0,0,0,0,0,0,
K02344,0,0,0,0,0,0,0,
K00564,0,0,0,0,0,0,0,
K02761,0,0,0,0,0,0,0,
K13255,0,0,0,0,0,0,0,
K18954,0,0,0,0,0,0,0,
K00481,0,0,0,0,0,0,0,
K01451,0,0,0,0,0,0,0,
K03762,0,0,0,0,0,0,0,
K01223,0,0,0,0,0,0,0,
K14057,0,0,0,0,0,0,0,
K02753,0,0,0,0,0,0,0,
K03487,0,0,0,0,0,0,0,
K23256,0,0,0,0,0,0,0,
K03762,0,0,0,0,0,0,0,
K02035,0,0,0,0,0,0,0,
K02033,0,0,0,0,0,0,0,
K02034,0,0,0,0,0,0,0,
K13069,0,0,0,0,0,0,0,
K09251,0,0,0,0,0,0,0,
K08321,0,0,0,0,0,0,0,
K11530,0,0,0,0,0,0,0,
K11216,0,0,0,0,0,0,0,
K00219,0,0,0,0,0,0,0,
K11391,0,0,0,0,0,0,0,
K00863,0,0,0,0,1,0,0,
K07043,0,0,0,0,0,0,0,
K06915,0,0,0,0,0,0,0,
K11720,0,0,0,0,0,0,0,
K07091,0,0,0,0,0,0,0,
K01255,0,0,0,0,0,0,0,
K02339,0,0,0,0,0,0,0,
K01873,1,1,1,0,1,0,0,
K07784,0,0,0,0,0,0,0,
K03828,0,0,0,0,0,0,0,
K07783,0,0,1,0,0,0,0,
K07675,0,0,0,0,0,0,0,
K07686,0,0,0,0,0,0,0,
K06169,0,0,0,0,0,0,0,
K09893,0,0,0,0,0,0,0,
K00611,0,0,0,0,0,0,0,
K19334,0,0,0,0,0,0,0,
K03756,0,0,0,0,0,0,0,
K00791,0,0,0,0,1,0,0,
K03666,0,0,0,0,0,0,0,
K03665,0,0,0,0,0,0,0,
K04088,0,0,0,0,0,1,0,
K04087,0,0,1,0,0,0,0,
K09937,0,0,0,0,0,0,0,
K01939,0,1,1,0,1,0,0,
K13771,0,0,0,0,0,0,0,
K12573,0,0,0,0,0,0,0,
K03218,0,0,0,0,0,0,0,
K09456,0,0,0,0,0,0,0,
K03477,0,0,0,0,0,0,0,
K03476,0,0,0,0,0,0,0,
K03475,0,0,0,0,0,0,0,
K03475,0,0,0,0,0,0,0,
K02822,0,0,0,0,0,0,0,
K02821,0,0,0,0,0,0,0,
K03078,0,0,0,0,0,0,0,
K03079,0,0,0,0,0,0,0,
K03077,0,0,0,0,0,0,0,
K02990,0,0,0,0,0,0,0,
K02686,0,0,0,0,0,0,0,
K02963,0,0,0,0,0,1,0,
K07269,0,0,0,0,0,0,0,
K02939,0,0,0,0,0,0,0,
K03773,0,0,0,0,0,0,0,
K11737,0,0,0,0,0,0,0,
K07322,0,0,0,0,0,0,0,
K07506,0,0,0,0,0,0,0,
K19267,0,0,0,0,0,0,0,
K01119,0,0,0,0,0,0,0,
K01082,0,0,0,0,0,0,0,
K07109,0,0,0,0,0,0,0,
K03699,0,0,0,0,0,0,0,
K07746,0,0,0,0,0,0,0,
K04088,0,0,0,0,0,0,0,
K04087,0,0,0,0,0,0,0,
K04088,0,0,0,0,0,0,0,
K07304,0,0,0,0,0,0,0,
K07278,0,0,0,0,0,0,0,
K09800,0,0,0,0,0,0,0,
K19761,0,0,0,0,0,0,0,
K01507,0,0,0,0,0,0,0,
K18841,0,0,0,0,0,0,0,
K23508,0,0,0,0,0,0,0,
K10820,0,0,0,0,0,0,0,
K23509,0,0,0,0,0,0,0,
K23509,0,1,0,0,0,0,0,
K03406,0,0,0,0,0,0,0,
K03841,0,0,0,0,0,0,0,
K02558,0,0,0,0,0,0,0,
K09889,0,0,0,0,0,0,0,
K03592,0,0,0,0,0,0,0,
K15536,0,0,0,0,0,0,0,
K19157,0,0,0,0,0,0,0,
K07473,0,0,0,0,0,0,0,
K13929,0,0,0,0,0,0,0,
K13930,0,0,0,0,0,0,0,
K13931,0,0,0,0,0,0,0,
K13932,0,0,0,0,0,0,0,
K13933,0,0,0,0,0,0,0,
K13936,0,0,0,0,0,0,0,
K13934,0,0,0,0,0,0,0,
K13928,0,0,0,0,0,0,0,
K13935,0,0,0,0,0,0,0,
K21395,0,0,0,0,0,0,0,
K21394,0,0,0,0,0,0,0,
K11690,0,0,0,0,0,0,0,
K07726,0,0,0,0,0,0,0,
K07726,0,0,0,0,0,0,0,
K07724,0,0,0,0,0,0,0,
K03582,0,0,0,0,0,0,0,
K01407,0,0,0,0,0,0,0,
K03583,0,0,0,0,0,0,0,
K02681,0,0,0,0,0,0,0,
K02680,0,0,0,0,0,0,0,
K02679,0,0,0,0,0,0,0,
K00560,0,0,0,0,0,0,0,
K08484,0,0,1,0,0,0,0,
K13292,0,0,0,0,0,0,0,
K08311,0,0,0,0,0,0,0,
K03573,0,0,0,0,0,0,0,
K08227,0,0,0,0,0,0,0,
K05939,0,0,0,0,0,0,0,
K02529,0,0,0,0,0,0,0,
K13637,0,0,0,0,0,0,0,
K01223,0,0,0,0,0,0,0,
K02761,0,0,0,0,0,0,0,
K01586,0,0,0,0,0,0,0,
K02529,0,0,0,0,0,0,0,
K19577,0,0,0,0,0,0,0,
K25316,0,0,0,0,0,0,0,
K10193,0,0,0,0,0,0,0,
K10194,0,0,0,0,0,0,0,
K10195,0,0,0,0,0,0,0,
K10192,0,0,0,0,0,0,0,
K01730,0,0,0,0,0,0,0,
K00065,0,0,0,0,0,0,0,
K01730,0,0,0,0,0,0,0,
K22110,0,0,0,0,0,0,0,
K00626,0,0,0,0,0,0,0,
K13069,0,0,0,0,0,0,0,
K02488,0,0,0,0,0,0,0,
K00575,0,0,0,0,0,0,0,
K03412,0,0,0,0,0,0,0,
K03406,0,0,0,0,0,0,0,
K21023,0,0,0,0,0,0,0,
K10001,0,0,0,0,0,0,0,
K02030,0,0,0,0,0,0,0,
K18765,0,0,0,0,0,0,0,
K25317,0,0,0,0,0,0,0,
K09912,0,0,0,0,0,0,0,
K21990,0,0,0,0,0,0,0,
K02193,0,0,0,0,0,0,0,
K02194,0,0,0,0,0,0,0,
K02195,0,0,0,0,0,0,0,
K02196,0,0,0,0,0,0,0,
K02197,0,0,0,0,0,0,0,
K02198,0,0,0,0,0,0,0,
K02199,0,0,0,0,0,0,0,
K02200,0,0,0,0,0,0,0,
K06076,0,0,0,0,0,0,0,
K04754,0,0,0,0,0,0,0,
K00626,0,0,0,0,0,0,0,
K01782,0,0,0,0,0,0,0,
K08296,1,0,0,0,0,1,0,
K07320,0,0,0,0,0,0,0,
K01736,0,0,0,0,0,0,0,
K07261,0,0,0,0,0,0,0,
K15461,0,0,0,0,0,0,0,
K07090,0,0,0,0,0,0,0,
K09906,0,0,0,0,0,0,0,
K00647,0,0,0,0,0,0,0,
K03482,0,0,0,0,0,0,0,
K01223,0,0,0,0,0,0,0,
K03473,0,0,0,0,0,0,0,
K00133,0,0,0,0,0,0,0,
K06173,0,0,0,0,0,0,0,
K03975,0,0,0,0,0,0,0,
K01963,0,0,1,0,0,0,0,
K11754,0,0,0,0,0,0,0,
K03749,0,0,0,0,0,0,0,
K03558,0,0,1,0,0,0,0,
K00764,0,0,0,0,0,0,0,
K03186,0,0,0,0,0,0,0,
K10013,0,0,0,0,0,0,0,
K10014,0,0,0,0,0,0,0,
K10016,0,0,0,0,0,0,0,
K10015,0,0,0,0,0,0,0,
K07071,0,0,0,0,0,0,0,
K10017,0,0,0,0,0,0,0,
K07589,0,0,0,0,0,0,0,
K11209,0,0,0,0,0,0,0,
K00799,0,0,0,0,0,0,0,
K00875,0,0,0,0,0,0,0,
K07095,0,0,0,0,0,0,0,
K00039,0,0,0,0,0,0,0,
K03435,0,0,0,0,0,0,0,
K00007,0,0,0,0,0,0,0,
K00854,0,0,0,0,0,0,0,
K10544,0,0,0,0,0,0,0,
K10545,0,0,0,0,0,0,0,
K10543,0,0,0,0,0,0,0,
K13788,0,0,0,0,0,0,0,
K00925,0,0,0,0,0,0,0,
K09899,0,0,0,0,0,0,0,
K09161,0,0,0,0,0,0,0,
K01011,0,0,0,0,0,0,0,
K07751,0,0,0,0,0,0,0,
K04044,0,0,0,0,0,0,0,
K04755,0,0,0,0,0,0,0,
K04082,0,0,0,0,0,0,0,
K13628,0,0,0,0,0,0,0,
K04487,0,0,0,0,0,0,0,
K04488,0,0,0,0,0,0,0,
K13643,0,0,0,0,0,0,0,
K15396,0,0,0,0,0,0,0,
K08970,0,0,0,0,0,0,0,
K01092,0,0,0,0,0,0,0,
K05820,0,0,0,0,0,0,0,
K01785,0,0,0,0,0,0,0,
K08138,0,0,0,0,0,0,0,
K00600,0,0,0,0,0,0,0,
K05916,0,0,0,0,0,0,0,
K07715,0,0,0,0,0,0,0,
K04752,0,0,0,0,0,0,0,
K01952,0,0,0,0,0,0,0,
K07711,0,0,0,0,0,0,0,
K18691,0,0,0,0,0,0,0,
K11991,0,0,0,0,0,0,0,
K18697,0,0,0,0,0,0,0,
K07106,0,0,0,0,0,0,0,
K15835,0,0,0,0,0,0,0,
K07349,0,0,0,0,0,0,0,
K07347,0,0,0,0,0,0,0,
K07346,0,0,0,0,0,0,0,
K07345,0,0,0,0,0,0,0,
K00997,0,0,0,0,0,0,0,
K03474,0,0,0,0,0,0,0,
K03584,0,0,0,0,0,0,0,
K03595,0,0,0,0,0,0,0,
K03685,0,0,0,0,0,0,0,
K03100,0,0,0,0,0,0,0,
K03596,0,0,0,0,0,0,0,
K03598,0,0,0,0,0,0,0,
K03803,0,0,0,0,0,0,0,
K03597,0,0,0,0,0,0,0,
K03088,0,0,0,0,0,0,0,
K00278,0,0,0,0,0,0,0,
K15460,0,0,0,0,0,0,0,
K05590,0,0,0,0,0,0,0,
K06866,0,0,0,0,0,0,0,
K03214,0,0,0,0,0,0,0,
K03648,0,0,0,0,0,0,0,
K03672,0,0,0,0,0,0,0,
K05812,0,0,0,0,0,0,0,
K09181,0,0,0,0,0,0,0,
K00998,0,0,0,0,0,0,0,
K03761,0,0,0,0,0,0,0,
K05811,0,0,0,0,0,0,0,
K03632,0,0,0,0,0,0,0,
K03804,0,0,0,0,0,0,0,
K03633,0,0,0,0,0,0,0,
K06219,0,0,0,0,0,0,0,
K00979,0,0,0,0,0,0,0,
K09927,0,0,0,0,0,0,0,
K09791,0,0,0,0,0,0,0,
K00912,0,0,0,0,0,0,0,
K11085,0,0,0,0,0,0,0,
K11085,0,0,0,0,0,0,0,
K02945,0,0,0,0,0,0,0,
K05788,0,0,0,0,0,0,0,
K00945,0,2,0,1,5,0,0,
K00800,0,0,0,0,0,0,0,
K00831,0,0,0,0,0,0,0,
K09136,0,0,0,0,0,0,0,
K06212,0,1,0,0,0,0,0,
K00656,1,1,0,0,0,2,0,
K08219,0,0,0,0,0,0,0,
K04069,0,0,0,0,0,0,0,
K07306,0,0,2,0,0,0,0,
K07308,0,0,0,0,0,0,0,
K07307,0,0,0,0,0,0,0,
K01875,0,0,0,1,0,0,0,
K03466,0,0,2,0,0,0,0,
K07478,0,0,0,0,0,0,0,
K03634,0,0,0,0,0,0,0,
K03719,0,0,0,0,0,0,0,
K00384,0,0,0,0,0,0,0,
K16013,0,0,0,0,0,0,0,
K16012,0,0,0,0,0,0,0,
K03694,0,0,0,0,0,0,0,
K00684,0,0,0,0,0,0,0,
K02518,0,0,0,0,0,0,0,
K05685,0,0,0,0,0,0,0,
K06891,0,0,0,0,0,0,0,
K03704,0,0,0,0,0,0,0,
K13888,0,0,0,0,0,0,0,
K07459,0,0,0,0,0,0,0,
K09824,0,0,0,0,0,0,0,
K06188,0,0,0,0,0,0,0,
K05601,0,0,0,0,0,0,0,
K11933,0,0,0,0,0,0,0,
K00156,0,0,0,0,0,0,0,
K01620,0,0,0,0,0,0,0,
K11066,0,0,0,0,0,0,0,
K06178,0,0,0,0,0,0,0,
K19221,0,0,0,0,0,0,0,
K07566,0,0,0,0,0,0,0,
K07053,0,0,0,0,0,0,0,
K01657,0,0,0,0,0,0,0,
K13497,0,0,0,0,0,0,0,
K13498,0,0,0,0,0,0,0,
K01696,0,0,0,0,0,0,0,
K01695,0,0,0,0,0,0,0,
K07275,0,0,0,0,0,0,0,
K03098,0,0,0,0,0,0,0,
K21089,0,0,0,0,0,0,0,
K06954,0,0,0,0,0,0,0,
K09701,0,0,0,0,0,0,0,
K00574,0,1,0,0,0,0,0,
K06190,0,0,0,0,0,0,0,
K10806,0,0,0,0,0,0,0,
K07349,0,0,0,0,0,0,0,
K07347,0,0,0,0,0,0,0,
K07349,0,0,0,0,0,0,0,
K07346,0,0,0,0,0,0,0,
K07345,0,0,0,0,0,0,0,
K01284,0,0,0,0,0,0,0,
K13482,0,0,0,0,0,0,0,
K07402,0,0,0,0,0,0,0,
K13481,0,0,0,0,0,0,0,
K01487,0,0,0,0,0,0,0,
K16066,0,0,0,0,0,0,0,
K22293,0,0,0,0,0,0,0,
K00040,0,0,0,0,0,0,0,
K08322,0,0,0,0,0,0,0,
K08323,0,0,0,0,0,0,0,
K09771,0,0,0,0,0,0,0,
K16044,0,0,0,0,0,0,0,
K05839,0,0,0,0,0,0,0,
K03617,0,0,0,0,0,0,0,
K03616,0,0,0,0,0,0,0,
K03615,0,0,0,0,0,0,0,
K03614,0,0,0,0,0,0,0,
K03612,0,0,0,0,0,0,0,
K03613,0,0,0,0,0,0,0,
K10773,0,0,0,0,0,0,0,
K03305,0,0,0,0,0,0,0,
K10680,0,0,0,0,0,0,0,
K01607,0,0,0,0,0,0,0,
K16137,0,0,0,0,0,0,0,
K07397,0,0,0,0,0,0,0,
K02050,0,0,0,0,0,0,0,
K02049,0,0,0,0,0,0,0,
K02051,0,0,0,0,0,0,0,
K19745,0,0,0,0,0,0,0,
K00768,0,0,0,0,0,0,0,
K02233,0,0,0,0,0,0,0,
K02232,0,0,0,0,0,0,0,
K02231,0,0,0,0,0,0,0,
K02006,0,0,0,0,0,0,0,
K02008,0,0,0,0,0,0,0,
K02007,0,0,0,0,0,0,0,
K02009,0,0,0,0,0,0,0,
K03394,0,0,0,0,0,0,0,
K02190,0,0,0,0,0,0,0,
K05895,0,0,0,0,0,0,0,
K05934,0,0,0,0,0,0,0,
K02189,0,0,0,0,0,0,0,
K05936,0,0,0,0,0,0,0,
K02191,0,0,0,0,0,0,0,
K03399,0,0,0,0,0,0,0,
K02188,0,0,0,0,0,0,0,
K06042,0,0,0,0,0,0,0,
K02227,0,0,0,0,0,0,0,
K02224,0,0,0,0,0,0,0,
K16651,0,0,0,0,0,0,0,
K09802,0,0,0,0,0,0,0,
K07258,0,0,0,0,0,0,0,
K07470,0,0,0,0,0,0,0,
K01141,0,0,0,0,0,0,0,
K14052,0,0,0,0,0,0,0,
K07250,0,0,0,0,0,0,0,
K00765,0,0,0,0,0,0,0,
K00013,0,0,0,0,0,0,0,
K00817,0,0,0,0,0,0,0,
K01089,0,0,0,0,0,0,0,
K02501,0,0,0,0,0,0,0,
K01814,0,0,0,0,0,0,0,
K02500,0,0,0,0,0,0,0,
K05789,0,0,0,0,0,0,0,
K11755,0,0,0,0,0,0,0,
K00973,0,0,0,0,0,0,0,
K01710,0,0,0,0,0,0,0,
K00033,0,0,0,0,0,0,0,
K01840,0,0,0,0,0,0,0,
K16011,0,0,0,0,0,0,0,
K02377,0,0,0,0,0,0,0,
K03207,0,0,0,0,0,0,0,
K01711,0,0,0,0,0,0,0,
K13001,0,0,0,0,0,0,0,
K07494,0,0,0,0,0,0,0,
K00661,0,0,0,0,0,0,0,
K13069,0,0,0,0,0,0,0,
K03498,0,0,0,0,0,0,0,
K07396,0,0,0,0,0,0,0,
K08349,0,0,2,0,0,0,0,
K16053,0,0,0,0,0,0,0,
K08350,0,0,0,0,0,0,0,
K06048,0,0,0,0,0,0,0,
K01607,0,0,0,0,0,0,0,
K13979,0,0,0,0,0,0,0,
K14348,0,0,0,0,0,0,0,
K00101,0,0,0,0,0,0,0,
K04063,0,0,0,0,0,0,0,
K03088,0,0,0,0,0,0,0,
K01652,0,0,0,0,0,0,0,
K18828,0,0,0,0,0,0,0,
K18829,0,0,0,0,0,0,0,
K01653,0,0,0,0,0,0,0,
K06200,0,0,0,0,0,0,0,
K01451,0,0,0,0,0,0,0,
K08170,0,0,0,0,0,0,0,
K24147,0,0,0,0,0,0,0,
K00216,0,0,0,0,0,0,0,
K01252,0,0,0,0,0,0,0,
K02363,0,0,0,0,0,0,0,
K02361,0,0,0,0,0,0,0,
K08225,0,0,0,0,0,0,0,
K23185,0,0,0,0,0,0,0,
K02364,0,0,0,0,0,0,0,
K23186,0,0,0,0,0,0,0,
K23187,0,0,0,0,0,0,0,
K23188,0,0,0,0,0,0,0,
K07214,0,0,0,0,0,0,0,
K05375,0,0,0,0,0,0,0,
K19611,0,0,0,0,0,0,0,
K15582,0,0,0,0,0,0,0,
K15583,0,0,0,0,0,0,0,
K02032,0,0,0,0,0,0,0,
K06131,0,0,0,0,0,0,0,
K10716,0,0,0,0,0,0,0,
K09901,0,0,0,0,0,0,0,
K02014,0,0,0,0,0,0,0,
K09780,0,0,0,0,0,0,0,
K03832,0,0,0,0,0,0,0,
K11738,0,0,0,0,0,0,0,
K01190,0,0,0,0,0,0,0,
K03088,0,0,0,0,0,0,0,
K02529,0,0,0,0,0,0,0,
K11744,0,0,0,0,0,0,0,
K01821,0,0,0,0,0,0,0,
K04775,0,0,0,0,0,0,0,
K11743,0,0,0,0,0,0,0,
K11742,0,0,0,0,0,0,0,
K01299,0,0,0,0,0,0,0,
K08224,0,0,0,0,0,0,0,
K21757,0,0,0,0,0,0,0,
K15545,0,0,0,0,0,0,0,
K03281,0,0,0,0,0,0,0,
K01935,0,0,0,0,0,0,0,
K05847,0,0,0,0,0,0,0,
K19780,0,0,0,0,0,0,0,
K16568,0,0,0,0,0,0,0,
K05846,0,0,0,0,0,0,0,
K05845,0,0,0,0,0,0,0,
K05846,0,0,0,0,0,0,0,
K23349,0,0,0,0,0,0,0,
K07306,0,0,0,0,0,0,0,
K07312,0,0,0,0,0,0,0,
K07307,0,0,0,0,0,0,0,
K14347,0,0,0,0,0,0,0,
K01488,0,0,0,0,0,0,0,
K05984,0,0,0,0,0,1,0,
K14155,0,0,0,0,0,0,0,
K02791,0,0,0,0,0,0,0,
K16136,0,0,0,0,0,0,0,
K11903,0,0,0,0,0,0,0,
K01809,0,0,0,0,0,0,0,
K01676,0,0,0,0,0,0,0,
K01679,0,0,0,0,0,0,0,
K10748,0,0,0,0,0,0,0,
K07639,0,0,0,0,0,0,0,
K07661,0,0,0,0,0,0,0,
K13938,0,0,0,0,0,0,0,
K03758,0,0,0,0,0,0,0,
K00324,0,0,0,0,0,0,0,
K00325,0,0,0,0,0,0,0,
K07495,0,0,0,0,0,0,0,
K14055,0,0,0,0,0,0,0,
K14059,0,0,0,0,0,0,0,
K10857,0,0,0,0,0,0,0,
K10906,0,0,0,0,0,0,0,
K22300,0,0,0,0,0,0,0,
K02314,0,0,0,0,0,0,0,
K00558,0,0,0,0,0,0,0,
K01160,0,0,0,0,0,0,0,
K07474,0,0,0,0,0,0,0,
K03502,0,0,0,0,0,0,0,
K01420,0,0,0,0,0,0,0,
K12942,0,0,0,0,0,0,0,
K00567,0,0,0,0,0,0,0,
K12941,0,0,0,0,0,0,0,
K12940,0,0,0,0,0,0,0,
K14057,0,0,0,0,0,0,0,
K02624,0,0,0,0,0,0,0,
K01031,0,0,0,0,0,0,0,
K01032,0,0,0,0,0,0,0,
K00632,0,0,0,0,0,0,0,
K01857,0,0,0,0,0,0,0,
K01055,0,0,0,0,0,0,0,
K02623,0,0,0,0,0,0,0,
K01607,0,0,0,0,0,0,0,
K11903,0,0,0,0,0,0,0,
K00448,0,0,0,0,0,0,0,
K00449,0,0,0,0,0,0,0,
K03566,0,0,0,0,0,0,0,
K14287,0,0,0,0,0,0,0,
K10013,0,0,0,0,0,0,0,
K03670,0,0,0,0,0,0,0,
K11903,0,0,0,0,0,0,0,
K16839,0,0,0,0,0,0,0,
K03817,0,0,0,0,0,0,0,
K03304,0,0,0,0,0,0,0,
K16868,0,0,0,0,0,0,0,
K05782,0,0,0,0,0,0,0,
K07506,0,0,0,0,0,0,0,
K21023,0,0,0,0,0,0,0,
K24847,0,0,0,0,0,0,0,
K00598,0,0,0,0,0,0,0,
K13633,0,0,0,0,0,0,0,
K23243,0,0,0,0,0,0,0,
K08994,0,0,0,0,0,0,0,
K09983,0,0,0,0,0,0,0,
K00549,0,0,0,0,0,0,0,
K05876,0,0,0,0,0,0,0,
K02529,0,0,0,0,0,0,0,
K10236,0,0,0,0,0,0,0,
K10237,0,0,0,0,0,0,0,
K10238,0,0,0,0,0,0,0,
K10111,0,0,0,0,0,0,0,
K01182,0,0,0,0,0,0,0,
K01118,0,0,0,0,0,0,0,
K03737,0,0,0,0,0,0,0,
K07248,0,0,0,0,0,0,0,
K03668,0,0,0,0,0,0,0,
K09712,0,0,0,0,0,0,0,
K07300,0,0,0,0,0,0,0,
K01627,0,0,0,0,0,0,0,
K02493,0,0,0,0,0,0,0,
K02835,0,0,0,0,0,0,0,
K02492,0,0,0,0,0,0,0,
K02494,0,0,0,0,0,0,0,
K00919,0,0,0,0,0,0,0,
K00948,1,0,0,0,0,2,0,
K03321,0,0,0,0,0,0,0,
K01056,0,0,0,0,0,0,0,
K06942,0,0,0,0,0,0,0,
K08363,0,0,0,0,0,0,0,
K01190,0,0,0,0,0,0,0,
K02532,0,0,0,0,0,0,0,
K21023,0,0,0,0,0,0,0,
K10001,0,0,0,0,0,0,0,
K00873,0,0,0,0,0,0,0,
K19236,0,0,0,0,0,0,0,
K06078,0,0,0,0,0,0,0,
K11717,0,0,0,0,0,0,0,
K02426,0,0,0,0,0,0,0,
K09015,0,0,0,0,0,0,0,
K09013,0,0,0,0,0,0,0,
K09014,0,0,0,0,0,0,0,
K05997,0,0,0,0,0,0,0,
K11477,0,0,0,0,0,0,0,
K12944,0,0,0,0,0,0,0,
K07345,0,0,0,0,0,0,0,
K19222,0,0,0,0,0,0,0,
K17641,0,0,0,0,0,0,0,
K01007,0,0,0,0,0,0,0,
K03292,0,0,0,0,0,0,0,
K09773,0,0,0,0,0,0,0,
K01626,0,0,0,0,0,0,0,
K11904,0,0,0,0,0,0,0,
K12410,0,0,0,0,0,0,0,
K00884,0,0,0,0,0,0,0,
K09808,0,0,0,0,0,0,0,
K09810,0,0,0,0,0,0,0,
K09808,0,0,0,0,0,0,0,
K03723,0,0,0,0,0,0,0,
K19236,0,0,0,0,0,0,0,
K12151,0,0,0,0,0,0,0,
K07229,0,0,0,0,0,0,0,
K22041,0,0,0,0,0,0,0,
K02014,0,0,0,0,0,0,0,
K03885,0,0,0,0,0,0,0,
K06077,0,0,0,0,0,0,0,
K07000,0,0,0,0,0,0,0,
K01207,0,0,0,0,0,0,0,
K07251,0,0,0,0,0,0,0,
K07337,0,0,0,0,0,0,0,
K02503,0,0,0,0,0,0,0,
K16088,0,0,0,0,0,0,0,
K02779,0,0,0,0,0,0,0,
K03424,0,0,0,0,0,0,0,
K02341,0,0,0,0,0,0,0,
K00943,0,0,0,0,0,0,0,
K07082,0,0,0,0,0,0,0,
K02619,0,0,0,0,0,0,0,
K09458,0,0,0,0,0,0,0,
K00059,3,5,2,1,3,3,1,
K02078,0,0,0,0,0,0,0,
K00645,0,0,0,0,0,0,0,
K00648,0,0,0,0,0,0,0,
K03621,0,0,0,0,0,0,0,
K07040,2,3,0,1,2,2,0,
K02911,0,0,0,0,0,0,0,
K06179,0,0,0,0,0,0,0,
K25422,0,0,0,0,0,0,0,
K08300,0,0,0,0,0,0,0,
K02397,0,0,0,0,0,0,0,
K02396,0,0,0,0,0,0,0,
K02395,0,0,0,0,0,0,0,
K02394,0,0,0,0,0,0,0,
K02393,0,0,0,0,0,0,0,
K02392,0,0,0,0,0,0,0,
K02391,0,0,0,0,0,0,0,
K02390,0,0,0,0,0,0,0,
K02389,0,0,0,0,0,0,0,
K02388,0,0,0,0,0,0,0,
K02387,0,0,0,0,0,0,0,
K02386,0,0,0,0,0,0,0,
K02398,0,0,0,0,0,0,0,
K02399,0,0,0,0,0,0,0,
K03671,0,0,0,0,0,0,0,
K03628,1,1,1,0,0,1,0,
K02851,0,0,0,0,0,0,0,
K05790,0,0,0,0,0,0,0,
K01791,0,0,0,0,0,0,0,
K02472,0,0,0,0,0,0,0,
K16704,0,0,0,0,0,0,0,
K02805,0,0,0,0,0,0,0,
K16693,0,0,0,0,0,0,0,
K12582,0,0,0,0,0,0,0,
K02853,0,0,0,0,0,0,0,
K02852,0,0,0,0,0,0,0,
K02498,2,0,1,0,3,0,0,
K02496,0,0,0,0,0,0,0,
K01719,0,0,0,0,0,0,0,
K01749,0,0,0,0,0,0,0,
K05851,0,0,0,0,0,0,0,
K06202,0,0,0,0,0,0,0,
K01778,0,0,0,0,0,0,0,
K09921,0,0,0,0,0,0,0,
K03733,0,0,0,0,0,0,0,
K20862,0,0,0,0,0,0,0,
K03657,0,0,0,1,2,0,0,
K03284,0,0,0,0,0,0,0,
K05786,0,0,0,0,0,0,0,
K01058,0,0,0,0,0,0,0,
K03654,0,0,0,0,0,0,0,
K05835,0,0,0,0,0,0,0,
K05834,0,0,0,0,0,0,0,
K01048,0,0,0,0,0,0,0,
K21064,0,0,0,0,0,0,0,
K03576,0,0,0,0,0,0,0,
K00549,0,0,0,0,0,0,0,
K07171,0,0,0,0,0,0,0,
K07172,0,0,0,0,0,0,0,
K01061,0,0,0,0,0,0,0,
K00757,0,0,0,0,0,0,0,
K09760,0,0,0,0,0,0,0,
K03183,0,0,0,0,0,0,0,
K03690,0,0,0,0,0,0,0,
K03688,0,0,0,0,0,0,0,
K03116,0,0,0,0,0,0,0,
K03117,0,0,0,0,0,0,0,
K03118,0,0,0,0,0,0,0,
K03424,0,0,0,0,0,0,0,
K01698,0,0,0,0,0,0,0,
K05785,0,0,0,0,0,0,0,
K03182,0,0,0,0,0,0,0,
K05368,0,0,0,0,0,0,0,
K00632,0,0,0,0,0,0,0,
K01825,0,0,0,0,0,0,0,
K03498,0,0,0,0,0,0,0,
K00230,0,0,0,0,0,0,0,
K04774,0,0,0,0,0,0,0,
K03168,0,0,0,0,0,0,0,
K13634,0,0,0,0,0,0,0,
K01681,0,0,0,0,0,0,0,
K01497,0,0,0,0,0,0,0,
K01096,0,0,0,0,0,0,0,
K08992,0,0,0,0,0,0,0,
K19804,0,0,0,0,0,0,0,
K01591,0,0,0,0,0,0,0,
K03113,0,0,0,0,0,0,0,
K04062,0,0,0,0,0,0,0,
K04069,0,0,0,0,0,0,0,
K21757,0,0,0,0,0,0,0,
K13816,0,0,0,0,0,0,0,
K14051,0,0,0,0,0,0,0,
K01607,0,0,0,0,0,0,0,
K01147,0,0,0,0,0,0,0,
K00208,0,0,0,0,0,0,0,
K19230,0,0,0,0,0,0,0,
K19229,0,0,0,0,0,0,0,
K19228,0,0,0,0,0,0,0,
K19227,0,0,0,0,0,0,0,
K19226,0,0,0,0,0,0,0,
K03974,0,0,0,0,0,0,0,
K03969,0,0,0,0,0,0,0,
K03970,0,0,0,0,0,0,0,
K03973,0,0,0,0,0,0,0,
K03971,0,0,0,0,0,0,0,
K06918,0,0,0,0,0,0,0,
K08990,0,0,0,0,0,0,0,
K03721,0,0,0,0,0,0,0,
K11065,0,0,0,0,0,0,0,
K19802,0,0,0,0,0,0,0,
K14054,0,0,0,0,0,0,0,
K15580,0,0,0,0,0,0,0,
K16074,0,0,0,0,0,0,0,
K14058,0,0,0,0,1,0,0,
K12151,0,0,0,0,0,0,0,
K05275,0,0,0,0,0,0,0,
K06221,0,0,0,0,0,0,0,
K18326,0,0,0,0,0,0,0,
K02529,0,0,0,0,0,0,0,
K00852,0,0,0,0,0,0,0,
K10439,0,0,0,0,0,0,0,
K10440,0,0,0,0,0,0,0,
K10441,0,0,0,0,0,0,0,
K03549,0,0,0,0,0,0,0,
K06726,0,0,0,0,0,0,0,
K03924,0,0,0,0,0,0,0,
K01914,0,0,0,0,0,0,0,
K03718,0,0,1,1,0,0,0,
K06205,0,0,0,0,0,0,0,
K03495,0,0,0,0,0,0,0,
K03501,0,0,0,0,0,0,0,
K02108,0,0,0,0,0,0,0,
K02110,1,0,0,0,1,2,0,
K02109,0,0,0,0,1,0,0,
K02113,0,0,0,0,0,1,0,
K02111,0,3,3,0,0,9,0,
K02115,0,0,0,1,0,2,1,
K22994,0,0,0,0,0,0,0,
K02112,0,0,0,0,0,0,0,
K02114,0,0,0,0,0,0,0,
K04042,0,0,0,0,0,0,0,
K00820,0,0,0,0,0,0,1,
K08191,0,0,0,0,0,0,0,
K06182,0,0,0,0,0,0,0,
K02040,0,0,0,0,0,0,0,
K02037,0,0,1,0,0,1,0,
K02038,0,0,0,0,0,0,0,
K02036,0,0,0,0,0,0,0,
K03475,0,0,0,0,0,0,0,
K02039,0,0,0,0,0,0,0,
K02822,0,0,0,0,0,0,0,
K02821,0,0,0,0,0,0,0,
K06901,0,0,0,0,0,0,0,
K13985,0,0,0,0,0,0,0,
K18325,0,0,0,0,0,0,0,
K19784,0,0,0,0,0,0,0,
K03650,0,0,0,0,0,0,0,
K03217,0,0,0,0,0,0,0,
K03536,0,0,0,0,0,0,0,
K02914,0,0,0,0,1,0,0,
K02313,1,0,1,0,1,1,0,
K02338,0,0,0,0,0,0,0,
K03629,0,0,0,0,0,0,0,
K10000,0,0,0,0,0,0,0,
K09997,0,0,0,0,0,0,0,
K09999,0,0,0,0,0,0,0,
K09998,0,0,0,0,0,0,0,
K03212,0,0,0,0,0,0,0,
K09996,0,0,0,0,0,0,0,
K11074,0,0,0,0,0,0,0,
K11075,0,0,0,0,0,0,0,
K11076,0,0,0,0,0,0,0,
K11073,0,0,0,0,0,0,0,
K05844,0,0,0,0,0,0,0,
K11537,0,0,0,0,0,0,0,
K03783,0,0,0,0,0,0,0,
K10678,0,0,0,0,0,0,0,
K03674,0,0,0,0,0,0,0,
K07085,0,0,0,0,0,0,0,
K07494,0,0,0,0,0,0,0,
K23778,0,0,0,0,0,0,0,
K20861,0,0,0,0,0,0,0,
K11924,0,0,0,0,0,0,0,
K11934,0,0,0,0,0,0,0,
K11939,0,0,0,0,0,0,0,
K04047,0,0,0,0,0,0,0,
K02030,0,0,1,0,0,0,0,
K02029,0,0,0,0,0,0,0,
K02028,0,0,0,0,0,0,0,
K22044,0,0,0,0,0,0,0,
K06970,0,0,0,0,0,0,0,
K13650,0,0,0,0,0,0,0,
K21395,0,0,0,0,0,0,0,
K21394,0,0,0,0,0,0,0,
K11690,0,0,0,0,0,0,0,
K03722,0,0,0,0,0,0,0,
K12151,0,0,0,0,0,0,0,
K18850,0,0,0,0,0,0,0,
K21089,0,0,0,0,0,0,0,
K05846,0,0,0,0,0,0,0,
K05847,0,0,0,0,0,0,0,
K05846,0,0,0,0,0,0,0,
K05845,0,0,0,0,0,0,0,
K19270,0,0,0,0,0,0,0,
K08722,0,0,0,0,0,0,0,
K14260,0,0,0,0,0,0,0,
K00330,0,0,0,0,0,0,0,
K00331,0,0,0,0,0,0,0,
K13378,0,0,0,0,2,0,0,
K00334,0,0,0,0,0,0,0,
K00335,0,0,0,0,0,0,0,
K00336,0,0,0,0,0,0,0,
K00337,0,0,0,0,0,0,0,
K00338,0,0,0,0,0,0,0,
K00339,0,0,0,0,0,0,0,
K00340,0,0,0,0,0,0,0,
K00341,0,0,0,0,0,0,0,
K00342,1,0,1,1,1,1,1,
K00343,0,0,0,1,0,0,0,
K01669,0,0,0,0,0,0,0,
K23123,0,0,0,0,0,0,0,
K23124,0,0,0,0,0,0,0,
K01647,0,0,0,0,0,0,0,
K00241,0,0,0,0,0,0,0,
K00242,0,0,0,0,0,0,0,
K00239,0,0,3,0,0,3,0,
K00240,0,0,0,0,0,0,0,
K00658,0,0,1,0,0,0,0,
K01903,0,0,1,0,0,0,0,
K01902,0,2,0,0,1,1,0,
K00425,0,0,0,0,0,0,0,
K00426,0,0,0,0,1,0,0,
K00424,0,0,0,0,0,0,0,
K07107,0,0,0,0,0,0,0,
K03562,0,0,0,0,0,0,0,
K03559,0,0,0,0,0,0,0,
K03646,0,0,0,0,0,0,0,
K03641,0,0,0,0,0,0,0,
K03640,1,0,0,1,0,0,0,
K19333,0,0,0,0,0,0,0,
K08169,0,0,0,0,0,0,0,
K03797,0,0,0,0,0,0,0,
K03799,0,0,0,0,0,0,0,
K03607,0,0,0,0,0,0,0,
K08968,0,0,0,0,0,0,0,
K03808,0,0,0,0,0,0,0,
K06192,0,0,0,0,0,0,0,
K11392,0,0,0,0,0,0,0,
K07313,0,0,0,0,0,0,0,
K03321,0,0,0,0,0,0,0,
K02030,0,0,0,0,0,0,0,
K03502,0,0,0,0,0,0,0,
K05835,0,0,0,0,0,0,0,
K03503,0,0,0,0,0,0,0,
K21512,0,0,0,0,0,0,0,
K22014,0,0,0,0,0,0,0,
K19171,0,0,0,0,0,0,0,
K04487,0,0,0,0,0,0,0,
K22230,0,0,0,0,0,0,0,
K05794,0,0,0,0,0,0,0,
K07862,0,0,0,0,0,0,0,
K01685,0,0,0,0,0,0,0,
K01812,0,0,0,0,0,0,0,
K08191,0,0,0,0,0,0,0,
K19775,0,0,0,0,0,0,0,
K03975,0,0,0,0,0,0,0,
K25864,0,0,0,0,0,0,0,
K05594,0,0,0,0,0,0,0,
K15977,0,0,0,0,0,0,0,
K07393,0,0,0,0,0,0,0,
K06911,0,0,0,0,0,0,0,
K00865,7260,19122,24110,6685,5547,16054,8299,
K00042,0,0,0,0,0,0,0,
K01630,0,0,0,0,0,0,0,
K12299,0,0,0,0,0,0,0,
K01708,0,0,0,0,0,0,0,
K08169,0,0,0,0,0,0,0,
K02081,0,0,0,0,0,0,0,
K16371,0,0,0,0,0,0,0,
K02745,0,0,0,0,0,0,0,
K02746,0,0,0,0,0,0,0,
K02747,0,0,0,0,0,0,0,
K02744,0,0,0,0,0,0,0,
K02079,0,0,0,0,0,0,0,
K02082,0,0,0,0,0,0,0,
K08302,0,0,0,0,0,0,0,
K07056,0,0,0,0,0,0,0,
K07121,0,0,0,0,0,0,0,
K07460,0,0,0,0,0,0,0,
K12961,0,0,0,0,0,0,0,
K04065,0,0,0,0,0,0,0,
K25706,0,0,0,0,0,0,0,
K08591,0,0,0,0,0,0,0,
K01633,0,0,0,0,0,0,0,
K06153,0,0,0,0,0,0,0,
K15524,0,0,0,0,0,0,0,
K23991,0,0,0,0,0,0,0,
K00974,0,0,0,0,0,0,0,
K02429,0,0,0,0,0,0,0,
K07184,0,0,0,0,0,0,0,
K18446,0,0,0,0,0,0,0,
K00982,0,0,0,0,0,0,0,
K03272,0,0,0,0,0,0,0,
K09806,0,0,0,0,0,0,0,
K07238,0,0,0,0,0,0,0,
K02858,0,0,0,0,0,0,0,
K15777,0,0,0,0,0,0,0,
K12340,0,0,0,0,0,0,0,
K01515,0,0,0,0,0,0,0,
K09920,0,0,0,0,0,0,0,
K03651,0,0,0,0,0,0,0,
K07000,0,0,0,0,0,0,0,
K02622,0,0,0,0,0,0,0,
K07645,0,0,0,0,0,0,0,
K03923,0,0,0,0,0,0,0,
K07666,0,0,0,0,0,0,0,
K02621,0,0,0,0,0,0,0,
K00655,0,0,0,0,0,0,0,
K04753,0,0,0,0,0,0,0,
K06221,0,0,0,0,0,0,0,
K08325,0,0,0,0,0,0,0,
K03975,0,0,0,0,0,0,0,
K01760,0,0,0,0,0,0,0,
K03561,0,0,0,0,0,0,0,
K03559,0,0,0,0,0,0,0,
K08309,0,0,0,0,0,0,0,
K01529,0,0,0,0,0,0,0,
K03720,0,0,0,0,0,0,0,
K05804,0,0,0,0,0,0,0,
K15634,0,0,0,0,0,0,0,
K05805,0,0,0,0,0,0,0,
K07663,0,0,0,0,0,0,0,
K07773,0,0,0,0,0,0,0,
K02533,0,0,0,0,0,0,0,
K12524,0,0,0,0,0,0,0,
K00872,0,0,0,0,0,0,0,
K01733,0,0,0,0,0,0,0,
K01093,0,0,0,0,0,0,0,
K00134,0,0,0,0,0,0,0,
K13633,0,0,0,0,0,0,0,
K09861,0,0,0,0,0,0,0,
K03310,0,0,0,0,0,0,0,
K00616,0,0,1,0,2,0,0,
K03831,0,0,0,0,0,0,0,
K07034,0,0,0,0,0,0,0,
K04043,0,0,6,0,0,1,2,
K03686,0,0,0,0,0,0,0,
K03313,0,0,0,0,0,0,0,
K03717,0,0,0,0,0,0,0,
K02968,0,0,0,0,0,0,0,
K11753,0,0,0,0,0,0,0,
K01870,0,0,0,0,0,0,0,
K13409,0,0,0,0,0,0,0,
K03101,0,0,0,0,0,0,0,
K03774,0,0,0,0,0,0,0,
K03527,0,0,0,0,0,0,0,
K13408,0,0,0,0,0,0,0,
K13876,0,0,0,0,0,0,0,
K01687,0,0,0,0,0,0,0,
K13021,0,0,0,0,0,0,0,
K08137,0,0,0,0,0,0,0,
K01631,0,0,0,0,0,0,0,
K00883,0,0,0,0,0,0,0,
K19776,0,0,0,0,0,0,0,
K12700,0,0,0,0,0,0,0,
K16210,0,0,0,0,0,0,0,
K13020,0,0,0,0,0,0,0,
K13020,0,0,0,0,0,0,0,
K00215,0,0,1,0,0,0,0,
K01956,0,0,0,0,0,0,0,
K01955,0,0,1,0,0,0,0,
K11746,0,0,0,0,0,0,0,
K11745,0,0,0,0,0,0,0,
K05835,0,0,0,0,0,0,0,
K01525,0,0,0,0,0,0,0,
K00287,0,0,0,0,0,0,0,
K02528,0,0,0,0,0,0,0,
K06195,0,0,0,0,0,0,0,
K00097,0,0,0,0,0,0,0,
K03771,0,0,0,0,0,0,0,
K04744,0,0,0,0,0,0,0,
K03580,0,0,0,0,0,0,0,
K05801,0,0,0,0,0,0,0,
K06177,0,0,0,0,0,0,0,
K02336,0,0,0,0,0,0,0,
K01804,0,0,0,0,0,0,0,
K03077,0,0,0,0,0,0,0,
K00853,0,0,0,0,0,0,0,
K02099,0,0,0,0,0,0,0,
K03975,0,0,0,0,0,0,0,
K02063,0,0,0,0,0,0,0,
K02064,0,0,0,0,0,0,0,
K11925,0,0,0,0,0,0,0,
K03291,0,0,0,0,0,0,0,
K02495,0,0,0,0,0,0,0,
K01519,0,0,0,0,0,0,0,
K09131,0,0,0,0,0,0,0,
K02221,0,0,0,0,0,0,0,
K06997,0,0,0,0,0,0,0,
K07447,0,0,0,0,0,0,0,
K07735,0,0,0,0,0,0,0,
K01920,0,0,0,0,0,0,0,
K09761,0,0,0,0,0,0,0,
K01150,0,0,0,0,0,0,0,
K08137,0,0,0,0,0,0,0,
K02742,0,0,0,0,0,0,0,
K00789,0,0,0,0,0,0,0,
K01480,0,0,0,0,0,0,0,
K07387,0,0,0,0,0,0,0,
K00615,0,1,1,0,0,0,0,
K16089,0,0,0,0,0,0,0,
K03472,0,0,0,0,0,0,0,
K00927,0,1,0,0,2,1,0,
K01624,1,0,0,0,0,0,0,
K07592,0,0,0,0,0,0,0,
K01754,0,0,0,0,0,0,0,
K03838,0,0,0,0,0,0,0,
K00932,0,0,0,0,0,0,0,
K00656,0,0,0,0,0,0,0,
K03442,0,0,0,0,0,0,0,
K06895,0,0,0,0,0,0,0,
K05596,0,0,0,0,0,0,0,
K09807,0,0,0,0,0,0,0,
K01807,0,0,0,0,0,0,0,
K00058,0,0,0,0,0,0,0,
K08984,0,0,0,0,0,0,0,
K01934,0,0,0,0,0,0,0,
K09888,0,0,0,0,0,0,0,
K09895,0,0,0,0,0,0,0,
K01262,0,0,0,0,0,0,0,
K03185,0,0,0,0,0,0,0,
K18800,0,0,0,0,0,0,0,
K00605,0,0,0,0,0,0,0,
K02437,0,0,0,0,0,0,0,
K00281,0,0,0,0,0,0,0,
K00059,0,0,0,0,0,0,0,
K02483,0,0,0,0,0,0,0,
K00428,0,0,0,0,0,0,0,
K01223,0,0,0,0,0,0,0,
K07023,0,0,0,0,0,0,0,
K06980,0,0,0,0,0,0,0,
K11068,0,0,0,0,0,0,0,
K09159,0,0,0,0,0,0,0,
K03840,0,0,0,0,0,0,0,
K19168,0,0,0,0,0,0,0,
K04763,0,0,0,0,0,0,0,
K03981,0,0,0,0,0,0,0,
K07462,0,0,0,0,0,0,0,
K02836,0,0,0,0,0,0,0,
K04567,0,0,1,0,0,2,0,
K12943,0,0,0,0,0,0,0,
K01258,0,0,0,0,0,0,0,
K12543,0,0,0,0,0,0,0,
K12541,0,0,0,0,0,0,0,
K12542,0,0,0,0,0,0,0,
K18837,0,0,0,0,0,0,0,
K18838,0,0,0,0,0,0,0,
K03630,0,0,0,0,0,0,0,
K06946,0,0,0,0,0,0,0,
K07733,0,0,0,0,0,0,0,
K07733,0,0,0,0,0,0,0,
K18843,0,0,0,0,0,0,0,
K19780,0,0,0,0,0,0,0,
K07326,0,0,0,0,0,0,0,
K15125,0,0,0,0,0,0,0,
K12373,0,0,0,0,0,0,0,
K00609,0,0,0,0,0,0,0,
K00610,0,0,0,0,0,0,0,
K09022,0,0,0,0,0,0,0,
K01531,0,0,0,0,0,0,0,
K03485,0,0,0,0,0,0,0,
K02819,0,0,0,0,0,0,0,
K01226,0,0,0,0,0,0,0,
K21636,0,0,0,0,0,0,0,
K04068,0,0,0,0,0,0,0,
K17290,0,0,0,0,0,0,0,
K11903,0,0,0,0,0,0,0,
K09979,0,0,0,0,0,0,0,
K03824,0,0,0,0,0,0,0,
K07461,0,0,0,0,0,0,0,
K24843,0,0,0,0,0,0,0,
K24844,0,0,0,0,0,0,0,
K24845,0,0,0,0,0,0,0,
K03835,0,0,0,0,0,0,0,
K07496,0,0,0,0,0,0,0,
K05592,0,0,0,0,0,0,0,
K00962,2,1,3,1,2,2,1,
K05803,0,0,0,0,0,0,0,
K02519,0,0,0,0,0,0,0,
K03177,0,0,0,0,0,0,0,
K02956,0,0,0,0,0,0,0,
K02834,0,0,0,0,0,0,0,
K02600,2,0,1,0,0,0,0,
K09748,0,0,0,0,0,0,0,
K03431,0,0,0,0,0,0,0,
K03075,0,0,0,0,0,0,0,
K03798,0,0,0,0,0,0,0,
K00796,0,0,0,0,0,0,0,
K02427,0,0,0,1,0,0,0,
K03624,0,0,0,0,0,0,0,
K07574,0,0,0,0,0,0,0,
K07259,0,0,0,0,0,0,0,
K07771,0,0,0,0,0,0,0,
K12368,0,0,0,0,0,0,0,
K01951,0,0,0,0,0,0,0,
K18297,0,0,0,0,0,0,0,
K00141,0,0,0,0,0,0,0,
K05876,0,0,0,0,0,0,0,
K05358,0,0,0,0,0,0,0,
K12368,0,0,0,0,0,0,0,
K03578,0,0,0,0,0,0,0,
K01258,0,0,0,0,0,0,0,
K01118,0,0,0,0,0,0,0,
K13745,0,0,0,0,0,0,0,
K00836,0,0,0,0,0,0,0,
K09978,0,0,0,0,0,0,0,
K03778,1,0,0,0,0,0,0,
K06197,0,0,0,0,0,0,0,
K07232,0,0,0,0,0,0,0,
K06039,0,0,0,0,0,0,0,
K15576,0,0,0,0,0,0,0,
K15577,0,0,0,0,0,0,0,
K15578,0,0,0,0,0,0,0,
K00362,0,0,0,0,0,0,0,
K00372,0,0,0,0,0,0,0,
K13735,0,0,0,0,0,0,0,
K07673,0,0,0,0,0,0,0,
K07684,0,0,0,0,0,0,0,
K02575,0,0,0,0,0,0,0,
K13069,0,0,0,0,0,0,0,
K00370,0,0,1,0,1,0,0,
K00371,3,0,1,1,0,0,0,
K00373,0,0,0,0,0,0,0,
K00374,0,0,0,0,0,0,0,
K01433,0,0,3,0,0,0,0,
K09858,0,0,0,0,0,0,0,
K07001,0,0,0,0,0,0,0,
K02485,0,0,0,0,0,0,0,
K00963,0,0,0,0,0,0,0,
K00012,0,0,0,0,0,0,0,
K08679,0,0,0,0,0,0,0,
K04072,0,0,0,0,0,0,0,
K03746,0,0,0,0,0,0,0,
K00857,0,0,0,0,0,0,0,
K05595,0,0,0,0,0,0,0,
K15580,0,0,0,0,0,0,0,
K03980,0,0,0,0,0,0,0,
K03810,0,0,0,0,0,0,0,
K09915,0,0,0,0,0,0,0,
K03790,0,0,0,0,0,0,0,
K08162,0,0,0,0,0,0,0,
K03675,0,0,0,0,0,0,0,
K12149,0,0,0,0,0,0,0,
K12148,0,0,0,0,0,0,0,
K02846,0,0,0,0,0,0,0,
K07146,0,0,0,0,0,0,0,
K02517,0,0,0,0,0,0,0,
K03669,0,0,0,0,0,0,0,
K08161,0,0,0,0,0,0,0,
K12147,0,0,0,0,0,0,0,
K03670,0,0,0,0,0,0,0,
K06132,0,0,0,0,0,0,0,
K11941,0,0,0,0,0,0,0,
K23518,0,0,0,0,0,0,0,
K03759,0,0,0,0,0,0,0,
K01584,0,0,0,0,0,0,0,
K06133,0,0,0,0,0,0,0,
K00059,0,0,0,0,0,0,0,
K00647,0,0,0,0,0,0,0,
K03634,0,0,0,0,0,0,0,
K07107,0,0,0,0,0,0,0,
K02078,0,0,0,0,0,0,0,
K02078,0,0,0,0,0,0,0,
K04336,0,0,0,0,0,0,0,
K04335,0,0,0,0,0,0,0,
K04333,0,0,0,0,0,0,0,
K04337,0,0,0,0,0,0,0,
K04338,0,0,0,0,0,0,0,
K02770,0,0,0,0,0,0,0,
K01151,0,0,0,0,0,0,0,
K00882,0,0,0,0,0,0,0,
K11183,0,0,0,0,0,0,0,
K07811,0,0,0,0,0,0,0,
K03533,0,0,0,0,0,0,0,
K03532,0,0,0,0,0,0,0,
K00375,0,0,0,0,0,0,0,
K03291,0,0,0,0,0,0,0,
K06940,0,0,0,0,0,0,0,
K02356,0,0,0,0,0,0,0,
K01686,0,0,0,0,0,0,0,
K22110,0,0,0,0,0,0,0,
K00040,0,0,0,0,0,0,0,
K19803,0,0,0,0,0,0,0,
K13694,0,0,0,0,0,0,0,
K21090,0,0,0,0,0,0,0,
K13893,0,0,0,0,0,0,0,
K13894,0,0,0,0,0,0,0,
K13895,0,0,0,0,0,0,0,
K02031,0,0,0,0,0,0,0,
K07552,0,0,0,0,0,0,0,
K06183,0,0,0,0,0,0,0,
K19789,0,0,0,0,0,0,0,
K06899,0,0,0,0,0,0,0,
K02897,0,0,0,0,0,0,0,
K09904,0,0,0,0,0,0,0,
K07014,0,0,0,0,0,0,0,
K12542,0,0,0,0,0,0,0,
K12541,0,0,0,0,0,0,0,
K12543,0,0,0,0,0,0,0,
K03664,0,0,0,0,0,0,0,
K03631,0,0,0,0,0,0,0,
K18588,0,0,0,0,0,0,0,
K06186,0,0,0,0,0,0,0,
K09801,0,0,0,0,0,0,0,
K00858,0,0,0,0,0,0,0,
K03699,0,0,0,0,0,0,0,
K03687,0,0,0,0,0,0,0,
K03106,0,0,0,0,0,0,0,
K02959,0,0,0,0,0,0,0,
K02860,0,0,0,1,2,3,0,
K00554,1,0,0,0,0,1,0,
K02884,0,0,0,0,0,0,0,
K01626,0,0,0,0,0,0,0,
K14187,0,0,0,0,0,0,0,
K14170,0,0,0,0,0,0,0,
K05809,0,0,0,0,0,0,0,
K05807,0,0,0,0,0,0,0,
K06180,0,0,0,0,0,0,0,
K05810,0,0,0,0,0,0,0,
K03695,0,0,0,0,0,0,0,
K15551,0,0,0,0,0,0,0,
K10831,0,0,0,0,0,0,0,
K15552,0,0,0,0,0,0,0,
K03445,0,0,0,0,0,0,0,
K03119,0,0,0,0,0,0,0,
K02030,0,0,0,0,0,0,0,
K02028,0,0,0,0,0,0,0,
K04095,0,0,0,0,0,0,0,
K07733,0,0,0,0,0,0,0,
K07497,0,0,0,0,0,0,0,
K07497,0,0,0,0,0,0,0,
K07486,0,0,0,0,0,0,0,
K06946,0,0,0,0,0,0,0,
K12687,0,0,0,0,0,0,0,
K03630,0,0,0,0,0,0,0,
K18838,0,0,0,0,0,0,0,
K03086,0,0,0,0,1,0,0,
K18837,0,0,0,0,0,0,0,
K02316,3,1,1,0,2,3,1,
K02970,0,0,2,0,0,0,0,
K21028,0,0,0,0,0,0,0,
K01061,0,0,0,0,0,0,0,
K05778,0,0,0,0,0,0,0,
K05779,0,0,0,0,0,0,0,
K05777,0,0,0,0,0,0,0,
K01142,0,0,0,0,0,0,0,
K00840,0,0,0,0,0,0,0,
K00673,0,0,0,0,0,0,0,
K06447,0,0,0,0,0,0,0,
K01484,0,0,0,0,0,0,0,
K05526,0,0,0,0,0,0,0,
K01458,0,0,0,0,0,0,0,
K06006,0,0,0,0,0,0,0,
K01468,0,0,0,0,0,0,0,
K05603,0,0,0,0,0,0,0,
K05836,0,0,0,0,0,0,0,
K09975,0,0,0,0,0,0,0,
K01745,0,0,0,0,0,0,0,
K01712,0,0,0,0,0,0,0,
K01916,0,0,0,0,0,0,0,
K03781,0,0,0,0,0,0,0,
K04064,0,0,0,0,0,0,0,
K07126,0,0,0,0,0,0,0,
K06956,0,0,0,0,0,0,0,
K07038,0,0,0,0,0,0,0,
K00065,0,0,0,0,0,0,0,
K24204,0,0,0,0,0,0,0,
K15523,0,0,0,0,0,0,0,
K16370,0,0,0,0,0,0,0,
K07283,0,0,0,0,0,0,0,
K01534,0,0,0,0,0,0,0,
K11690,0,0,0,0,0,0,0,
K18831,0,0,0,0,0,0,0,
K21394,0,0,0,0,0,0,0,
K21395,0,0,0,0,0,0,0,
K04085,0,0,0,0,0,0,0,
K09125,0,0,0,0,0,0,0,
K11744,0,0,0,0,0,0,0,
K16322,0,0,0,0,0,0,0,
K06144,0,0,0,0,0,0,0,
K01414,0,0,0,0,0,0,0,
K06149,0,0,0,0,0,0,0,
K19163,0,0,0,0,0,0,0,
K15984,0,0,0,0,0,0,0,
K19164,0,0,0,0,0,0,0,
K07115,0,0,0,0,0,0,0,
K00383,0,0,0,0,0,0,0,
K23775,0,0,0,0,0,0,0,
K06988,0,0,0,0,0,0,0,
K06988,0,0,0,0,0,0,0,
K07345,0,0,0,0,0,0,0,
K07346,0,0,0,0,0,0,0,
K07347,0,0,0,0,0,0,0,
K07349,0,0,0,0,0,0,0,
K07349,0,0,0,0,0,0,0,
K03273,0,0,0,0,0,0,0,
K02071,0,0,0,0,0,0,0,
K02072,0,0,0,0,0,0,0,
K02073,0,0,0,0,0,0,0,
K06080,0,0,0,0,0,0,0,
K22900,0,0,0,0,0,0,0,
K01881,0,0,3,0,0,1,0,
K06079,0,0,0,0,0,0,0,
K15034,0,0,0,0,0,0,0,
K04075,0,0,0,0,0,0,0,
K17230,0,0,0,0,0,0,0,
K19000,0,0,0,0,0,0,0,
K01582,0,0,0,0,0,0,0,
K08234,0,0,0,0,0,0,0,
K02337,0,0,0,0,0,0,0,
K01962,0,0,0,0,0,0,0,
K03470,0,0,0,0,0,0,0,
K00748,0,0,0,0,0,0,0,
K00677,0,0,0,0,0,0,0,
K02372,0,0,0,0,0,0,0,
K02536,0,0,0,0,0,0,0,
K07277,0,0,0,0,0,0,0,
K06142,0,0,0,0,0,0,0,
K11749,1,0,2,1,0,0,0,
K00981,0,0,0,0,0,0,0,
K00806,0,0,0,0,0,0,0,
K00099,0,0,0,0,0,0,0,
K02838,0,0,0,0,0,0,0,
K09903,0,0,0,0,0,0,0,
K02357,0,0,1,0,0,0,0,
K02967,0,0,0,0,0,0,0,
K01265,0,0,0,0,0,0,0,
K00990,0,0,0,0,0,0,0,
K00674,0,0,0,0,0,0,0,
K02647,0,0,0,0,0,0,0,
K04772,0,0,0,0,0,0,0,
K01129,0,0,0,0,0,0,0,
K01243,0,0,0,0,0,0,0,
K06858,0,0,0,0,0,0,0,
K03281,0,0,0,0,0,0,0,
K15724,0,0,0,0,0,0,0,
K23228,0,0,0,0,0,0,0,
K01845,0,0,0,0,0,0,0,
K23227,0,0,0,0,0,0,0,
K02014,0,0,0,0,0,0,0,
K10829,0,0,0,0,0,0,0,
K05365,2,0,1,0,3,2,1,
K03579,0,0,1,0,0,0,0,
K01975,0,0,0,0,0,0,0,
K06206,0,0,0,0,0,0,0,
K06204,0,0,0,0,0,1,0,
K01894,0,0,0,0,0,0,0,
K00970,0,0,0,0,0,0,0,
K00950,0,0,0,0,0,0,0,
K00606,0,0,0,0,0,0,0,
K01918,0,0,0,0,0,0,0,
K01579,0,0,0,0,0,0,0,
K01990,0,0,0,0,0,0,0,
K01673,0,0,0,0,0,0,0,
K00760,0,0,0,0,0,0,0,
K00117,0,0,0,0,0,0,0,
K14588,0,0,0,0,0,0,0,
K01682,0,0,0,0,0,0,0,
K09910,0,0,0,0,0,0,0,
K00382,0,0,0,0,0,0,0,
K00627,0,0,0,0,0,0,0,
K00163,1,0,2,0,0,0,0,
K05799,0,1,0,0,0,0,0,
K11734,0,0,0,0,0,0,0,
K03292,0,0,0,0,0,0,0,
K03807,0,0,0,0,0,0,0,
K03806,0,0,0,0,0,0,0,
K00767,0,0,0,0,0,0,0,
K02682,0,0,0,0,0,0,0,
K02504,0,0,0,0,0,0,0,
K02505,0,0,0,0,0,0,0,
K00364,0,0,0,0,0,0,0,
K03070,0,0,0,0,0,0,0,
K00859,0,0,0,0,0,0,0,
K18778,0,0,0,0,0,0,0,
K03574,0,0,0,0,0,0,0,
K09862,0,0,0,0,0,0,0,
K13301,0,0,0,0,0,0,0,
K02535,0,0,0,0,0,0,0,
K03531,2,0,0,0,1,0,0,
K03590,0,0,0,0,0,0,0,
K03589,0,0,0,0,0,0,0,
K01921,0,0,0,0,0,0,0,
K01924,0,0,0,0,0,0,0,
K02563,0,0,0,0,0,0,0,
K03588,0,0,0,0,0,0,0,
K01925,0,0,0,0,0,0,0,
K01000,0,0,0,0,0,0,0,
K01929,0,0,0,0,0,0,0,
K01928,0,0,0,0,0,0,0,
K03587,0,0,0,0,0,0,0,
K03438,0,0,0,0,0,0,0,
K03586,0,0,0,0,0,0,0,
K03925,0,0,0,0,0,0,0,
K03435,0,0,0,0,0,0,0,
K01652,0,0,0,0,0,0,0,
K01653,0,0,0,0,0,0,0,
K05798,0,0,0,0,0,0,0,
K01649,0,0,0,0,0,0,0,
K00052,0,0,0,0,0,0,0,
K01703,0,0,0,0,0,0,0,
K01704,0,0,0,0,0,0,0,
K03439,0,0,0,0,0,0,0,
K09923,0,0,0,0,0,0,0,
K03575,0,0,0,0,0,0,0,
K08306,0,0,0,0,0,0,0,
K03289,0,0,0,0,0,0,0,
K00029,0,0,0,0,1,0,0,
K03780,0,0,0,0,0,0,0,
K03779,0,0,0,0,0,0,0,
K13021,0,0,0,0,0,0,0,
K07246,0,0,0,0,0,0,0,
K11529,0,0,0,0,0,0,0,
K03286,0,0,0,0,0,0,0,
K11903,0,0,0,0,0,0,0,
K11907,0,0,0,0,0,0,0,
K11895,0,0,0,0,0,0,0,
K11906,0,0,0,0,0,0,0,
K11905,0,0,0,0,0,0,0,
K11911,0,0,0,0,0,0,0,
K03327,0,0,0,0,0,0,0,
K00793,0,0,0,0,0,0,0,
K01223,0,0,0,0,0,0,0,
K02761,0,0,0,0,0,0,0,
K00574,0,0,0,0,0,0,0,
K07552,0,0,0,0,0,0,0,
K03604,0,0,0,0,0,0,0,
K04564,0,0,0,0,0,0,0,
K19303,0,0,0,0,0,0,0,
K03683,0,0,0,0,0,0,0,
K07390,0,0,0,0,0,0,0,
K10680,0,0,0,0,0,0,0,
K01759,0,0,0,0,0,0,0,
K16137,0,0,0,0,0,0,0,
K04565,0,0,0,0,0,0,0,
K06075,0,0,0,0,0,0,0,
K06077,0,0,0,0,0,0,0,
K09001,0,0,0,0,0,0,0,
K00275,0,0,0,0,0,0,0,
K01866,0,0,0,0,0,0,0,
K00868,0,0,0,0,0,0,0,
K00799,0,0,0,0,0,0,0,
K08351,0,0,0,0,0,0,0,
K03826,0,0,0,0,0,0,0,
K01246,0,0,0,0,0,0,0,
K08177,0,0,0,0,0,0,0,
K12975,0,0,0,0,0,0,0,
K12368,0,0,0,0,0,0,0,
K12369,0,0,0,0,0,0,0,
K12370,0,0,0,0,0,0,0,
K12371,0,0,2,0,0,0,0,
K12372,0,0,0,0,0,0,0,
K00694,0,0,0,0,0,0,0,
K20541,0,0,0,0,0,0,0,
K20543,0,0,0,0,0,0,0,
K20542,0,0,0,0,0,0,0,
K21023,0,0,0,0,0,0,0,
K11103,1,0,0,0,0,0,0,
K01784,0,0,0,0,0,0,0,
K02217,0,0,0,0,0,0,0,
K02035,0,0,0,0,0,0,0,
K02033,0,0,0,0,0,0,0,
K02034,0,0,0,0,0,0,0,
K15583,0,0,0,0,0,0,0,
K02032,0,0,0,0,0,0,0,
K07726,0,0,0,0,0,0,0,
K07792,0,0,0,0,0,0,0,
K07726,0,0,0,0,0,0,0,
K02255,0,0,0,0,0,0,0,
K02532,0,0,0,0,0,0,0,
K18581,0,0,0,0,0,0,0,
K03152,0,0,0,0,0,0,0,
K10537,0,0,0,0,0,0,0,
K10539,0,0,0,0,0,0,0,
K10538,0,0,0,0,0,0,0,
K03837,0,0,0,0,0,0,0,
K10545,0,0,0,0,0,0,0,
K10543,0,0,0,0,0,0,0,
K01805,0,0,0,0,0,0,0,
K00854,0,0,0,0,0,0,0,
K06156,0,0,0,0,0,0,0,
K00851,0,0,0,0,0,0,0,
K06145,0,0,0,0,0,0,0,
K06911,0,0,0,0,0,0,0,
K16044,0,0,0,0,0,0,0,
K00681,0,0,0,0,0,0,0,
K03825,0,0,0,0,0,0,0,
K01126,0,0,0,0,0,0,0,
K05816,0,0,0,0,0,0,0,
K05815,0,0,0,0,0,0,0,
K05814,0,0,0,0,0,0,0,
K05813,0,0,0,0,0,0,0,
K07341,0,0,0,0,0,0,0,
K01996,0,0,0,0,0,0,0,
K19165,0,0,0,0,0,0,0,
K01995,0,0,0,0,0,0,0,
K01998,0,0,0,0,0,0,0,
K01997,0,0,0,0,0,0,0,
K01999,0,0,1,0,1,0,0,
K01999,0,0,0,0,0,0,0,
K03089,0,0,0,0,0,0,0,
K09811,0,0,0,0,0,0,0,
K03110,0,0,0,0,0,0,0,
K09812,0,0,0,0,0,0,0,
K08316,0,0,0,0,0,0,0,
K08993,0,0,0,0,0,0,0,
K00602,0,0,0,0,0,0,0,
K01945,0,0,0,0,0,0,0,
K05787,0,0,0,0,0,0,0,
K09891,2,1,0,0,2,0,0,
K05982,0,0,0,0,0,0,0,
K01599,0,0,0,0,0,0,0,
K03426,0,0,0,0,0,0,0,
K07740,0,0,0,0,0,0,0,
K03147,0,0,0,0,0,0,0,
K00788,0,0,0,0,0,0,0,
K03046,0,0,0,0,0,0,0,
K03148,0,0,0,0,0,0,0,
K03154,0,0,0,0,0,0,0,
K03149,0,0,0,0,0,0,0,
K03150,0,0,0,0,0,0,0,
K02760,0,0,0,0,0,0,0,
K02759,0,0,0,0,0,0,0,
K03043,6,0,2,1,3,4,2,
K02935,1,0,0,0,0,0,0,
K02864,0,0,0,0,0,0,0,
K02863,5,2,1,0,4,1,1,
K02867,0,0,0,0,0,0,0,
K02601,0,0,0,0,0,0,0,
K02358,4,0,0,0,1,1,0,
K03073,0,0,0,0,0,0,0,
K19113,0,0,0,0,0,0,0,
K00867,0,0,0,0,0,0,0,
K01646,0,0,0,0,0,0,0,
K01644,0,0,0,0,0,0,0,
K01643,0,0,0,0,0,0,0,
K05964,0,0,0,0,0,0,0,
K05966,0,0,0,0,0,0,0,
K09477,0,0,0,0,0,0,0,
K01169,0,0,0,0,0,0,0,
K06146,0,0,0,0,0,0,0,
K00046,0,0,0,0,0,0,0,
K00433,0,0,0,0,0,0,0,
K19334,0,0,0,0,0,0,0,
K03299,0,0,0,0,0,0,0,
K16136,0,0,0,0,0,0,0,
K06140,0,0,0,0,0,0,0,
K07038,0,0,0,0,0,0,0,
K03305,0,0,0,0,0,0,0,
K01491,0,0,0,0,0,0,0,
K14761,0,0,0,0,0,0,0,
K07494,0,0,0,0,0,0,0,
K21064,0,0,0,0,0,0,0,
K04080,0,0,0,0,0,0,0,
K04081,0,0,0,0,0,0,0,
K07085,0,0,0,0,0,0,0,
K03482,0,0,0,0,0,0,0,
K02750,0,0,0,0,0,0,0,
K01232,0,0,0,0,0,0,0,
K01586,0,0,0,0,0,0,0,
K01753,0,0,0,0,0,0,0,
K13629,0,0,0,0,0,0,0,
K13636,0,0,0,0,0,0,0,
K02030,0,0,0,0,0,0,0,
K02029,0,0,0,0,0,0,0,
K08154,0,0,0,0,0,0,0,
K02028,0,0,0,0,0,0,0,
K03286,0,0,0,0,0,0,0,
K03111,0,0,0,0,0,1,0,
K01451,0,0,0,0,0,0,0,
K10013,0,0,0,0,0,0,0,
K13631,0,0,0,0,0,0,0,
K13639,0,0,0,0,0,0,0,
K00799,0,0,0,0,0,0,0,
K06901,0,0,0,0,0,0,0,
K24163,0,0,0,0,0,0,0,
K01991,0,0,0,0,0,0,0,
K16692,0,0,0,0,0,0,0,
K06518,0,0,0,0,0,0,0,
K14393,0,0,0,0,0,0,0,
K01895,0,0,0,0,1,0,0,
K22015,0,0,1,0,0,0,0,
K01624,0,0,0,0,0,0,0,
K07494,0,0,0,0,0,0,0,
K13005,0,0,0,0,0,0,0,
K12455,0,0,0,0,0,0,0,
K12452,0,0,0,0,0,0,0,
K01709,0,0,0,0,0,0,0,
K00978,0,0,0,0,0,0,0,
K00523,0,0,0,0,0,0,0,
K00963,0,0,0,0,0,0,0,
K16711,0,0,0,0,0,0,0,
K16703,0,0,0,0,0,0,0,
K16710,0,0,0,0,0,0,0,
K16695,0,0,0,0,0,0,0,
K03606,0,0,0,0,0,0,0,
K01840,0,0,0,0,0,0,0,
K16011,0,0,0,0,0,0,0,
K03208,0,0,0,0,0,0,0,
K03207,0,0,0,0,0,0,0,
K02377,0,0,0,0,0,0,0,
K01711,0,0,0,0,0,0,0,
K03818,0,0,0,0,0,0,0,
K13683,0,0,0,0,0,0,0,
K13620,0,0,0,0,0,0,0,
K10110,0,0,0,0,0,0,0,
K10109,0,0,0,0,0,0,0,
K13256,0,0,0,0,0,0,0,
K10108,0,0,0,0,0,0,0,
K10111,0,0,0,0,0,0,0,
K02024,0,0,0,0,0,0,0,
K05775,0,0,0,0,0,0,0,
K00631,0,0,0,0,0,0,0,
K03181,0,0,0,0,0,0,0,
K03179,0,0,0,0,0,0,0,
K01356,0,0,0,0,0,0,0,
K03327,0,0,0,0,0,0,0,
K09823,0,0,0,0,0,0,0,
K05539,0,0,0,0,0,0,0,
K00344,0,0,0,0,0,0,0,
K02314,0,0,0,0,0,0,0,
K01775,0,0,0,0,0,0,0,
K00832,0,0,0,0,0,0,0,
K01223,0,0,0,0,0,0,0,
K18297,0,0,0,0,0,0,0,
K02757,0,0,0,0,0,0,0,
K03488,0,0,0,0,0,0,0,
K03787,0,0,0,0,0,0,0,
K05541,0,0,0,0,0,0,0,
K11927,0,0,0,0,0,0,0,
K23777,0,0,0,0,0,0,0,
K25183,0,0,0,0,0,0,0,
K25182,0,0,0,0,0,0,0,
K25181,0,0,0,0,0,0,0,
K25180,0,0,3,0,0,0,0,
K06131,0,0,0,0,0,0,0,
K07027,0,0,0,0,0,0,0,
K06890,0,0,0,0,0,0,0,
K03635,0,0,0,0,0,0,0,
K03637,0,0,0,0,0,0,0,
K03636,0,0,0,0,0,0,0,
K03638,0,0,0,0,0,0,0,
K03639,0,0,0,0,0,0,0,
K03702,0,0,0,0,0,0,0,
K11963,0,0,0,0,0,0,0,
K01935,0,0,0,0,0,0,0,
K02169,0,0,0,0,0,0,0,
K00652,0,0,0,0,0,0,0,
K01012,0,0,0,0,0,0,0,
K00833,0,0,0,0,0,0,0,
K01051,0,0,0,0,0,0,0,
K07404,0,0,0,0,0,0,0,
K21064,0,0,0,0,0,0,0,
K14060,0,0,0,0,0,0,0,
K06400,0,0,0,0,0,0,0,
K02017,0,0,0,0,0,0,0,
K02018,0,0,0,0,0,0,0,
K02020,0,0,0,0,0,0,0,
K06213,0,0,0,0,0,0,0,
K06159,0,0,0,0,0,0,0,
K03919,0,0,0,0,0,0,0,
K10778,0,0,0,0,0,0,0,
K03734,0,0,0,0,0,0,0,
K09475,0,0,0,0,0,0,0,
K07676,0,0,0,0,0,0,0,
K07677,0,0,0,0,0,0,0,
K07687,0,0,0,0,0,0,0,
K02469,0,0,0,0,0,0,0,
K00568,0,0,0,0,0,0,0,
K00525,0,0,0,0,1,0,0,
K00526,0,0,0,0,0,0,0,
K02445,0,0,0,0,0,0,0,
K00111,0,0,0,0,0,0,0,
K00112,0,0,0,0,0,0,0,
K00113,0,0,0,0,0,0,0,
K03742,0,0,0,0,0,0,0,
K03781,0,0,0,0,0,0,0,
K01911,0,0,0,0,0,0,0,
K02549,0,0,0,0,0,0,0,
K01661,0,0,0,0,0,0,0,
K02551,0,0,0,0,0,0,0,
K08680,0,0,0,0,0,0,0,
K02552,0,0,0,0,0,0,0,
K05594,0,0,0,0,0,0,0,
K02348,0,0,0,0,0,0,0,
K01546,0,0,0,0,0,0,0,
K01547,0,0,0,0,0,0,0,
K01548,0,0,0,0,0,0,0,
K07646,0,0,0,0,0,0,0,
K01835,0,0,0,0,0,0,0,
K07667,0,0,0,0,0,0,0,
K03645,0,0,0,0,0,0,0,
K01175,0,0,0,0,0,0,0,
K03839,0,0,0,0,0,0,0,
K03711,0,0,0,0,0,0,0,
K01886,0,0,0,0,0,0,0,
K02804,0,0,0,0,0,0,0,
K02564,0,0,0,0,0,0,0,
K01443,0,0,0,0,0,0,0,
K02565,0,0,0,0,0,0,0,
K02566,0,0,0,0,0,0,0,
K01953,0,0,1,0,0,0,0,
K03184,3,1,0,0,5,3,0,
K06168,0,0,0,0,0,0,0,
K06217,0,0,0,0,0,0,0,
K07042,0,0,0,0,0,0,0,
K06189,0,0,0,0,0,0,0,
K03820,0,0,0,0,0,0,0,
K10001,0,0,0,0,0,0,0,
K10003,0,0,0,0,0,0,0,
K10002,0,0,0,0,0,0,0,
K21395,0,0,0,0,0,0,0,
K10004,0,0,0,0,0,0,0,
K01869,0,0,0,0,0,0,0,
K03643,0,0,0,0,0,0,0,
K02340,0,0,0,0,0,0,0,
K04720,0,0,0,0,0,0,0,
K00969,0,0,0,0,0,0,0,
K02226,0,0,0,0,0,0,0,
K09710,0,0,0,0,0,0,0,
K00783,0,0,0,0,0,0,0,
K05515,0,0,0,0,0,0,0,
K05837,0,0,0,0,0,0,0,
K03642,0,0,0,0,0,0,0,
K07258,0,0,0,0,0,0,0,
K09158,0,0,0,0,0,0,0,
K03801,0,0,0,0,0,0,0,
K01810,0,0,0,0,0,0,0,
K00928,0,0,0,0,0,0,0,
K03453,0,0,0,0,0,0,0,
K06182,0,0,0,0,0,0,0,
K00548,0,0,0,0,0,0,0,
K03324,0,0,0,0,0,0,0,
K00906,0,0,0,0,0,0,0,
K13641,0,0,0,0,0,0,0,
K01637,0,0,0,0,0,0,0,
K01638,0,0,0,0,0,0,0,
K00651,0,0,0,0,0,0,0,
K06905,0,0,0,0,0,0,0,
K06907,0,0,0,0,0,0,0,
K06908,0,0,0,0,0,0,0,
K01358,0,0,0,0,0,0,0,
K01185,0,0,0,0,0,0,0,
K06946,0,0,0,0,0,0,0,
K06400,0,0,0,0,0,0,0,
K03497,0,0,0,0,0,0,0,
K11891,0,0,0,0,0,0,0,
K01485,0,0,0,0,0,0,0,
K09022,0,0,0,0,0,0,0,
K01470,0,0,0,0,0,0,0,
K02049,0,0,0,0,0,0,0,
K02050,0,0,0,0,0,0,0,
K25859,0,0,0,0,0,0,0,
K02019,0,0,0,0,0,0,0,
K05776,0,0,0,0,0,0,0,
K01784,0,0,0,0,0,0,0,
K00965,0,0,0,0,0,0,0,
K00849,0,0,0,0,0,0,0,
K01785,0,0,0,0,0,0,0,
K01626,0,0,0,0,0,0,0,
K01834,0,0,0,0,0,0,0,
K16264,0,0,0,0,0,0,0,
K03811,0,0,0,0,0,0,0,
K03517,0,0,0,0,0,0,0,
K12518,0,0,0,0,0,0,0,
K12519,0,0,0,0,0,0,0,
K07345,0,0,0,0,0,0,0,
K03407,0,0,0,0,0,0,0,
K03408,0,0,0,0,0,0,0,
K02557,0,0,0,0,0,0,0,
K02556,0,0,0,0,0,0,0,
K02402,0,0,0,0,0,0,0,
K02403,0,0,0,0,0,0,0,
K00697,0,0,0,0,0,0,0,
K14064,0,0,0,0,0,0,0,
K01087,0,0,0,0,0,0,0,
K16087,0,0,0,0,0,0,0,
K07225,0,0,0,0,0,0,0,
K25132,0,0,0,0,0,0,0,
K25133,0,0,0,0,0,0,0,
K08997,0,0,0,0,0,0,0,
K10834,0,0,0,0,0,0,0,
K02529,0,0,0,0,0,0,0,
K13695,0,0,0,0,0,0,0,
K06074,0,0,0,0,0,0,0,
K00432,0,0,0,0,0,0,0,
K01890,1,0,0,0,0,0,0,
K06073,0,0,0,0,0,0,0,
K04764,0,0,0,0,0,0,0,
K01889,0,0,0,0,0,0,0,
K01868,0,0,1,0,0,0,0,
K02887,0,0,0,0,0,0,0,
K02916,0,0,0,0,0,0,0,
K02520,0,0,0,0,0,0,0,
K07349,0,0,0,0,0,0,0,
K02760,0,0,0,0,0,0,0,
K02761,0,0,0,0,0,0,0,
K02759,0,0,0,0,0,0,0,
K02024,0,0,0,0,0,0,0,
K03790,0,0,0,0,0,0,0,
K18900,0,0,0,0,0,0,0,
K07058,0,0,0,0,0,0,0,
K07290,0,0,0,0,0,0,0,
K19163,0,0,0,0,0,0,0,
K19164,0,0,0,0,0,0,0,
K21086,0,0,0,0,0,0,0,
K00874,0,0,0,0,0,0,0,
K03151,0,0,0,0,0,0,0,
K03602,0,0,0,0,0,0,0,
K00795,0,0,0,0,0,0,0,
K01662,0,0,0,0,0,0,0,
K23107,0,0,0,0,0,0,0,
K01095,0,0,0,0,0,0,0,
K00946,0,0,0,0,0,0,0,
K03625,0,0,0,0,0,0,0,
K11752,0,0,0,0,0,0,0,
K00794,0,0,0,0,0,0,0,
K07738,0,0,0,0,0,0,0,
K05517,0,0,0,0,0,0,0,
K03074,0,0,0,0,0,0,0,
K03072,0,0,0,0,0,0,0,
K00773,0,0,0,0,0,0,0,
K03210,0,0,0,0,0,0,0,
K07568,0,1,0,0,0,0,0,
K08682,0,0,0,0,0,0,0,
K03386,0,0,0,0,0,0,0,
K20920,0,0,0,0,0,0,0,
K20988,0,0,0,0,0,0,0,
K07039,0,0,0,0,0,0,0,
K13635,12,4,2,1,9,4,1,
K19338,0,0,0,0,0,0,0,
K08344,0,0,0,0,0,0,0,
K01241,0,0,0,0,0,0,0,
K01262,0,0,0,0,0,0,0,
K11892,0,0,0,0,0,0,0,
K11893,0,0,0,0,0,0,0,
K11900,0,0,0,0,0,0,0,
K11901,0,0,0,0,0,0,0,
K21908,0,0,0,0,0,0,0,
K18456,0,0,0,0,0,0,0,
K13694,0,0,0,0,0,0,0,
K02430,0,0,0,0,0,0,0,
K03406,0,0,0,0,0,0,0,
K03559,0,0,0,0,0,0,0,
K06894,0,0,0,0,0,0,0,
K05367,0,0,0,0,0,0,0,
K00940,0,0,0,1,0,1,1,
K06941,0,0,0,0,0,0,0,
K15539,0,0,0,0,0,0,0,
K03526,0,0,0,0,0,0,0,
K01892,0,0,0,0,0,0,0,
K17713,0,0,0,0,0,0,0,
K03977,0,0,0,0,0,0,0,
K07733,0,0,0,0,0,0,0,
K03736,0,0,0,0,0,0,0,
K03735,0,0,0,0,0,0,0,
K03601,0,0,0,0,0,0,0,
K00088,0,0,0,0,0,0,0,
K01951,0,1,0,0,1,0,0,
K07483,0,0,0,0,0,0,0,
K15986,0,0,0,0,0,0,0,
K10680,0,0,0,0,0,0,0,
K01524,0,0,0,0,0,0,0,
K00937,0,0,0,0,0,0,0,
K11175,0,0,0,0,0,0,0,
K01933,0,0,0,0,0,0,0,
K00761,0,0,0,0,0,3,0,
K02824,0,0,0,0,0,0,0,
K01423,0,0,0,0,0,0,0,
K10763,0,0,0,0,0,0,0,
K00537,0,0,0,0,0,0,0,
K03548,0,0,0,0,0,0,0,
K03564,0,0,0,0,0,0,0,
K03567,0,0,0,0,0,0,0,
K01714,0,0,0,0,0,0,0,
K07287,0,0,0,0,0,0,0,
K01923,0,0,0,0,0,0,0,
K07054,0,0,0,0,0,0,0,
K06957,0,0,0,0,0,0,0,
K06999,0,0,0,0,0,0,0,
K01439,0,0,0,0,0,0,0,
K18138,0,0,0,0,0,0,0,
K00760,0,0,0,0,0,0,0,
K07674,0,0,0,0,0,0,0,
K07685,0,0,0,0,0,0,0,
K00266,0,0,0,0,0,0,0,
K23237,0,0,0,0,0,0,0,
K03315,0,0,0,0,0,0,0,
K14155,0,0,0,0,0,0,0,
K02572,0,0,0,0,0,0,0,
K02570,0,0,0,0,0,0,0,
K02567,0,0,0,0,0,0,0,
K02568,0,0,0,0,0,0,0,
K02569,0,0,0,0,0,0,0,
K12945,0,0,0,0,0,0,0,
K00615,0,0,0,0,0,0,0,
K00616,0,0,0,0,0,0,0,
K00027,0,0,0,0,0,0,0,
K00228,0,0,0,0,0,0,0,
K01448,0,0,0,0,0,0,0,
K07223,0,0,0,0,0,0,0,
K02048,0,0,0,0,0,0,0,
K02046,0,0,0,0,0,0,0,
K02047,0,0,0,0,0,0,0,
K02045,0,0,0,0,0,0,0,
K08483,0,0,0,0,2,3,1,
K12339,0,0,0,0,0,0,0,
K02777,0,0,0,0,0,0,0,
K01738,0,0,0,0,0,0,0,
K02784,0,0,0,0,0,0,0,
K06203,0,0,0,0,0,0,0,
K03528,0,0,0,0,1,0,0,
K01972,0,0,0,0,0,0,0,
K14347,0,0,0,0,0,0,0,
K09954,0,0,0,0,0,0,0,
K17737,0,0,0,0,0,0,0,
K01885,0,0,0,0,0,0,0,
K21085,0,0,0,0,0,0,0,
K11535,0,0,0,0,0,0,0,
K03322,0,0,0,0,0,0,0,
K19265,0,0,0,0,0,0,0,
K04103,0,0,0,0,0,0,0,
K00845,0,0,0,0,0,0,0,
K02478,0,0,0,0,0,0,0,
K02477,0,0,0,0,0,0,0,
K14261,0,0,0,0,0,0,0,
K13727,0,0,0,0,0,0,0,
K03644,0,0,0,0,0,0,0,
K03425,0,0,0,0,0,0,0,
K07787,0,0,0,0,0,0,0,
K06199,0,0,0,0,0,0,0,
K03704,0,0,0,0,0,0,0,
K12973,0,0,0,0,0,0,0,
K07798,0,0,0,0,0,0,0,
K07810,0,0,0,0,0,0,0,
K03326,0,0,0,0,0,0,0,
K07700,0,0,0,0,0,0,0,
K07702,0,0,0,0,0,0,0,
K15836,0,0,0,0,0,0,0,
K03406,0,0,0,0,0,0,0,
K04655,0,0,0,0,0,0,0,
K04654,0,0,0,0,0,0,0,
K04652,0,0,0,0,0,0,0,
K04653,0,0,0,0,0,0,0,
K04651,0,0,0,0,0,0,0,
K15833,0,0,0,0,0,0,0,
K15827,0,0,0,0,0,0,0,
K15828,0,0,0,0,0,0,0,
K15829,0,0,0,0,0,0,0,
K15830,0,1,0,0,0,0,0,
K15831,0,0,0,0,0,0,0,
K15832,0,0,0,0,0,0,0,
K15834,0,0,0,0,0,0,0,
K08315,0,0,0,0,0,0,0,
K07484,0,0,0,0,0,0,0,
K05796,0,0,0,0,0,0,0,
K22015,0,0,0,0,0,0,0,
K04656,0,0,0,0,0,0,0,
K00835,0,0,0,0,0,0,0,
K07241,0,0,0,0,0,0,0,
K01176,0,0,0,0,0,0,0,
K03796,0,0,0,0,0,0,0,
K10544,0,0,0,0,0,0,0,
K07498,0,0,0,0,0,0,0,
K07480,0,0,0,0,0,0,0,
K03497,0,0,0,0,0,0,0,
K07498,0,0,0,0,0,0,0,
K07484,0,0,0,0,0,0,0,
K18837,0,0,0,0,0,0,0,
K18838,0,0,0,0,0,0,0,
K03630,0,0,0,0,0,0,0,
K06946,0,0,0,0,0,0,0,
K07733,0,0,0,0,0,0,0,
K03491,0,0,0,0,0,0,0,
K07404,0,0,0,0,0,0,0,
K17463,0,0,0,0,0,0,0,
K01042,0,0,0,0,0,0,0,
K05349,0,0,0,0,0,0,0,
K05845,0,0,0,0,0,0,0,
K03777,0,0,0,0,0,0,0,
K07262,0,0,0,0,0,0,0,
K15550,0,0,0,0,0,0,0,
K03975,0,0,0,0,0,0,0,
K07733,0,0,0,0,0,0,0,
K18837,0,0,0,0,0,0,0,
K05591,0,0,0,0,0,0,0,
K12262,0,0,0,0,0,0,0,
K11903,0,0,0,0,0,0,0,
K23239,0,0,0,0,0,0,0,
K00121,0,0,0,0,0,0,0,
K03297,0,0,0,0,0,0,0,
K00426,0,0,0,0,0,0,0,
K00425,0,0,0,0,0,0,0,
K03790,0,0,0,0,0,0,0,
K02055,0,0,0,0,0,0,0,
K02052,0,0,0,0,0,0,0,
K00137,0,0,0,0,0,0,0,
K09946,0,0,0,0,0,0,0,
K09900,0,0,0,0,0,0,0,
K09794,0,0,0,0,0,0,0,
K07229,0,0,0,0,0,0,0,
K10947,0,0,0,0,0,0,0,
K05874,0,0,0,0,0,0,0,
K07154,0,0,0,0,0,0,0,
K07154,0,0,0,0,0,0,0,
K21613,0,0,0,0,0,0,0,
K24116,0,0,0,0,0,0,0,
K02030,0,0,0,0,0,0,0,
K02029,0,0,0,0,0,0,0,
K02028,0,0,0,0,0,0,0,
K02030,0,0,0,0,0,0,0,
K03834,0,0,0,0,0,0,0,
K02618,0,0,0,0,0,0,0,
K02609,0,0,0,0,0,0,0,
K02610,0,0,0,0,0,0,0,
K02611,0,0,0,0,0,0,0,
K02612,0,0,0,0,0,0,0,
K02613,0,0,0,0,0,0,0,
K01692,0,0,0,0,0,0,0,
K15866,0,0,0,0,0,0,0,
K00074,0,0,0,0,0,0,0,
K02614,0,0,0,0,0,0,0,
K02615,0,0,0,0,0,0,0,
K01912,0,0,0,0,0,0,0,
K02616,0,0,0,0,0,0,0,
K02617,0,0,0,0,0,0,0,
K23243,0,0,0,0,0,0,0,
K01223,0,0,0,0,0,0,0,
K01223,0,0,0,0,0,0,0,
K02757,0,0,0,0,0,0,0,
K03488,0,0,0,0,0,0,0,
K09936,0,0,0,0,0,0,0,
K09936,0,0,0,0,0,0,0,
K21976,0,0,0,0,0,0,0,
K21975,0,0,0,0,0,0,0,
K21974,0,0,0,0,0,0,0,
K21973,0,0,0,0,0,0,0,
K21972,0,0,0,0,0,0,0,
K02016,0,0,0,0,0,0,0,
K02015,0,0,0,0,0,0,0,
K02013,0,0,0,0,0,0,0,
K13688,0,0,0,0,0,0,0,
K07154,0,0,0,0,0,0,0,
K11811,0,0,0,0,0,0,0,
K03892,0,0,0,0,0,0,0,
K03893,0,0,0,0,0,0,0,
K00537,0,0,0,0,0,0,0,
K03406,0,0,0,0,0,0,0,
K17836,0,0,0,0,0,0,0,
K02013,0,0,0,0,0,0,0,
K02020,0,0,0,0,0,0,0,
K02015,0,0,0,0,0,0,0,
K02016,0,0,0,0,0,0,0,
K02013,0,0,0,0,0,0,0,
K02016,0,0,0,0,0,0,0,
K03885,0,0,0,0,0,0,0,
K03805,0,0,0,0,0,0,0,
K00041,0,0,0,0,0,0,0,
K09824,0,0,0,0,2,0,0,
K01425,0,0,0,0,0,0,0,
K08324,0,0,0,0,0,0,0,
K21959,0,0,0,0,0,0,0,
K06998,0,0,0,0,0,0,0,
K08159,0,0,0,0,0,0,0,
K05595,0,0,0,0,0,0,0,
K03712,0,0,0,0,0,0,0,
K15268,0,0,0,0,0,0,0,
K13632,0,0,0,0,0,0,0,
K13630,0,0,0,0,0,0,0,
K22479,0,0,0,0,0,0,0,
K11963,0,0,0,0,0,0,0,
K11962,0,0,0,0,0,0,0,
K11961,0,0,0,0,0,0,0,
K11960,0,0,0,0,0,0,0,
K01941,0,0,0,0,0,0,0,
K11959,0,0,0,0,0,0,0,
K01457,0,0,0,0,0,0,0,
K01687,0,0,0,0,0,0,0,
K01754,0,0,0,0,0,0,0,
K02521,0,0,0,0,0,0,0,
K00053,0,1,0,0,0,0,0,
K03656,0,0,0,0,0,0,0,
K01524,0,0,0,0,0,0,0,
K03732,0,0,0,0,0,0,0,
K07160,0,0,0,0,0,0,0,
K07552,0,0,0,0,0,0,0,
K07274,0,0,0,0,0,0,0,
K14060,0,0,0,0,0,0,0,
K03800,0,0,0,0,0,0,0,
K07186,0,0,0,0,0,0,0,
K01079,0,0,0,0,0,0,0,
K04485,0,0,0,0,0,0,0,
K06020,0,0,0,0,0,0,0,
K06211,0,0,0,0,0,0,0,
K08309,0,0,0,0,0,0,0,
K11891,0,0,0,0,0,0,0,
K11893,0,0,0,0,0,0,0,
K11902,0,0,0,0,0,0,0,
K12064,0,0,0,0,0,0,0,
K12065,0,0,0,0,0,0,0,
K12066,0,0,0,0,0,0,0,
K12067,0,0,0,0,0,0,0,
K12068,0,0,0,0,0,0,0,
K04338,0,0,0,0,0,0,0,
K06214,0,0,0,0,0,0,0,
K23349,0,0,0,0,0,0,0,
K18138,0,0,0,0,0,0,0,
K12972,0,0,0,0,0,0,0,
K13735,0,0,0,0,0,0,0,
K23773,0,0,0,0,0,0,0,
K07391,0,0,0,0,0,0,0,
K09897,0,0,0,0,0,0,0,
K01652,0,0,0,0,0,0,0,
K11258,0,0,0,0,0,0,0,
K00826,0,0,0,0,0,0,0,
K18979,3,0,2,1,6,0,0,
K23997,0,0,0,0,0,0,0,
K06925,0,0,0,0,0,0,0,
K01448,0,0,0,0,0,0,0,
K03572,0,0,0,0,0,0,0,
K01002,0,0,0,0,0,0,0,
K02362,0,0,0,0,0,0,0,
K00262,0,0,0,0,0,0,0,
K24119,0,0,0,0,0,0,0,
K03387,0,0,0,0,0,0,0,
K01883,0,0,0,0,0,0,0,
K03767,0,0,0,0,0,0,0,
K03269,0,0,0,0,0,0,0,
K01588,0,0,0,0,0,0,0,
K01589,0,0,0,0,0,0,0,
K06917,0,0,0,0,0,0,0,
K09958,0,0,0,0,0,0,0,
K25227,0,0,0,0,0,0,0,
K25227,0,0,0,0,0,0,0,
K00549,0,0,0,0,0,0,0,
K02004,0,0,0,0,0,0,0,
K02003,0,0,0,0,0,0,0,
K10804,0,0,0,0,0,0,0,
K05838,0,0,0,0,0,0,0,
K07340,0,0,0,0,0,0,0,
K19591,0,0,0,0,0,0,0,
K21449,0,0,0,0,0,0,0,
K11004,0,0,0,0,0,0,0,
K11003,0,0,0,0,0,0,0,
K12340,0,0,0,0,0,0,0,
K17686,0,0,0,0,0,0,0,
K09973,0,0,0,0,0,0,0,
K11751,0,0,0,0,0,0,0,
K03976,0,0,0,0,0,0,0,
K13652,0,0,0,0,0,0,0,
K08223,0,0,0,0,0,0,0,
K03455,0,0,0,0,1,0,0,
K00892,0,0,0,0,0,0,0,
K01772,0,0,0,0,0,0,0,
K04079,0,0,0,0,0,0,0,
K00939,0,0,0,0,0,0,0,
K06187,0,0,0,0,0,0,0,
K06911,0,0,0,0,0,0,0,
K02343,0,0,0,0,0,0,0,
K09747,0,0,0,0,0,0,0,
K05802,0,0,0,0,0,0,0,
K00759,0,0,0,0,0,0,0,
K09790,0,0,0,0,0,0,0,
K04067,0,0,0,0,0,0,0,
K03577,0,0,0,0,0,0,0,
K03585,0,0,0,0,0,0,0,
K18138,0,0,0,0,0,0,0,
K19162,0,0,0,0,0,0,0,
K05839,0,0,0,0,0,0,0,
K00661,0,0,0,0,0,0,0,
K02919,0,0,0,0,0,0,0,
K02073,0,0,0,0,0,0,0,
K02071,0,0,0,0,0,0,0,
K02072,0,0,0,0,0,0,0,
K08323,0,0,0,0,0,0,0,
K12266,0,0,0,0,0,0,0,
K12264,0,0,0,0,0,0,0,
K12265,0,0,0,0,0,0,0,
K07149,0,0,0,0,0,0,0,
K09914,0,0,0,0,0,0,0,
K07443,0,0,0,0,0,0,0,
K03320,0,0,0,0,0,0,0,
K10805,0,0,0,0,0,0,0,
K18890,0,0,0,0,0,0,0,
K04752,0,0,0,0,0,0,0,
K18889,0,0,0,0,0,0,0,
K05800,0,0,0,0,0,0,0,
K11938,0,0,0,0,0,0,0,
K11925,0,0,0,0,0,0,0,
K03770,0,0,0,0,0,0,0,
K06920,0,0,0,0,0,0,0,
K12500,0,0,0,0,0,0,0,
K02237,0,0,0,0,0,0,0,
K01338,0,0,0,0,0,0,0,
K03530,0,0,0,0,0,0,0,
K03544,0,0,0,0,0,0,0,
K01358,0,0,0,0,0,0,0,
K03545,1,0,0,0,0,0,0,
K05527,0,0,0,0,0,0,0,
K07286,0,0,0,0,0,0,0,
K08218,0,0,0,0,0,0,0,
K02297,0,0,0,0,0,0,0,
K02298,0,0,0,0,0,1,0,
K02299,0,0,0,0,0,0,0,
K02300,0,0,0,0,0,0,0,
K02257,0,0,0,0,0,0,0,
K09767,0,0,0,0,0,0,0,
K00077,0,0,0,0,0,0,0,
K03152,0,0,0,0,0,0,0,
K01448,3,1,0,0,12,0,0,
K03581,0,0,0,0,0,0,0,
K14682,0,0,0,0,0,0,0,
K03582,0,0,0,0,0,0,0,
K01607,0,0,0,0,0,0,0,
K11904,0,0,0,0,0,0,0,
K11895,0,0,0,0,0,0,0,
K11896,0,0,0,0,0,0,0,
K03701,0,0,0,0,0,0,0,
K03788,0,0,0,0,0,0,0,
K07498,0,0,0,0,0,0,0,
K07480,0,0,0,0,0,0,0,
K11901,0,0,0,0,0,0,0,
K11900,0,0,0,0,0,0,0,
K14060,0,0,0,0,0,0,0,
K24087,0,0,0,0,0,0,0,
K07453,0,0,0,0,0,0,0,
K05275,0,0,0,0,0,0,0,
K08304,0,0,0,0,0,0,0,
K22132,0,0,0,0,0,0,0,
K01766,0,0,0,0,0,0,0,
K02426,0,0,0,0,0,0,0,
K03566,0,0,0,0,0,0,0,
K06968,0,0,1,0,0,0,0,
K01146,0,0,0,0,0,0,0,
K05825,0,0,0,0,0,0,0,
K02526,0,0,0,0,0,0,0,
K01752,0,0,0,0,0,0,0,
K01815,0,0,0,0,0,0,0,
K03837,0,0,0,0,0,0,0,
K06966,0,0,0,0,0,0,0,
K06879,0,0,0,0,0,0,0,
K15723,0,0,0,0,0,0,0,
K06175,0,0,0,0,0,0,0,
K06205,0,0,0,0,0,0,0,
K07326,0,0,0,0,0,0,0,
K07389,0,0,0,0,0,0,0,
K15125,0,0,0,0,0,0,0,
K07804,0,0,0,0,0,0,0,
K19048,0,0,0,0,0,0,0,
K15125,0,0,0,0,0,0,0,
K07804,0,0,0,0,0,0,0,
K19048,0,0,0,0,0,0,0,
K03535,0,0,0,0,0,0,0,
K13918,0,0,0,0,0,0,0,
K07678,0,0,0,0,0,0,0,
K01706,0,0,0,0,0,0,0,
K00865,0,0,0,0,0,0,0,
K03215,0,0,0,0,0,0,0,
K00951,0,0,0,0,0,0,0,
K04765,0,0,0,0,0,0,0,
K01937,0,0,0,0,1,0,0,
K01689,1,0,0,0,1,1,0,
K01295,0,0,0,0,0,0,0,
K13953,0,0,0,0,0,0,0,
K10026,0,0,0,0,0,0,0,
K01737,0,0,0,0,0,0,0,
K00380,0,0,0,0,0,0,0,
K00381,0,0,0,0,0,0,0,
K09612,0,0,0,0,0,0,0,
K00390,0,0,0,0,0,0,0,
K00957,0,0,0,0,0,0,0,
K00956,0,0,0,0,0,0,0,
K00860,0,0,0,0,0,0,0,
K05589,0,0,0,0,0,0,0,
K00991,0,0,0,0,0,0,0,
K01770,0,0,0,0,0,0,0,
K06176,0,0,0,0,0,0,0,
K03787,0,0,0,0,0,0,0,
K00573,0,0,0,0,0,0,0,
K03555,0,0,0,0,0,0,0,
K06194,0,0,0,0,0,0,0,
K03087,0,0,0,0,0,0,0,
K08305,0,0,0,0,0,0,0,
K02074,0,0,0,0,0,0,0,
K02075,0,0,0,0,0,0,0,
K02077,0,0,0,0,0,0,0,
K03743,0,0,0,0,0,0,0,
K03553,0,0,0,0,0,0,1,
K03565,0,0,0,0,0,0,0,
K01872,0,0,0,0,0,0,0,
K03563,0,0,0,0,0,0,0,
K01919,0,0,0,0,0,0,0,
K03446,0,0,0,0,0,0,0,
K07173,0,0,0,0,0,0,0,
K03543,0,0,0,0,0,0,0,
K15974,0,0,0,0,0,0,0,
K02002,0,0,0,0,0,0,0,
K02001,0,0,0,0,0,0,0,
K02000,0,1,0,0,0,1,0,
K00525,0,0,0,0,0,0,1,
K00526,0,0,0,0,0,0,0,
K03647,0,0,0,0,0,0,0,
K06191,0,0,0,0,0,0,0,
K00375,0,0,0,0,0,0,0,
K05594,0,0,0,0,0,0,0,
K07178,0,0,0,0,0,0,0,
K22479,0,0,0,0,0,0,0,
K18555,0,0,0,0,0,0,0,
K07724,0,0,0,0,0,0,0,
K07127,0,0,0,0,0,0,0,
K23773,4,4,0,0,1,0,0,
K07391,143,59,9,40,175,22,12,
K09897,0,0,0,0,0,0,0,
K01652,280,77,16,133,372,158,69,
K11258,34,14,1,17,38,12,10,
K00826,192,76,11,65,278,164,44,
K01687,296,123,27,93,297,240,94,
K01754,28,7,0,10,32,26,13,
K00209,23,14,4,1,16,31,6,
K02521,269,148,28,35,305,135,33,
K00053,192,22,12,184,185,68,25,
K03656,131,7,4,14,168,15,2,
K01524,23,5,2,4,38,2,3,
K03732,152,101,7,77,201,61,21,
K03671,304,289,28,78,320,134,56,
K03628,421,517,48,190,590,240,90,
K02851,228,58,22,21,291,86,6,
K05790,143,39,13,26,203,50,10,
K01791,142,11,5,14,143,21,0,
K02472,192,10,14,10,224,43,7,
K01710,121,7,8,3,125,26,0,
K00973,159,5,5,13,179,34,4,
K16704,73,1,4,4,82,14,4,
K02805,92,10,4,2,124,30,2,
K16693,189,15,9,8,189,55,10,
K12582,184,13,2,8,157,15,8,
K02853,212,10,7,3,223,7,4,
K02852,166,24,23,0,180,61,4,
K03293,272,3,5,5,267,20,8,
K02498,178,61,46,22,168,40,10,
K02496,284,113,34,35,294,188,13,
K01719,79,22,10,13,107,45,2,
K01749,118,48,19,39,139,46,10,
K05851,686,450,69,165,749,282,109,
K06202,3,2,1,2,3,1,0,
K01778,140,40,23,51,133,56,17,
K09921,151,15,4,26,132,24,12,
K03733,166,4,2,8,205,6,2,
K20862,76,0,0,3,70,4,4,
K03657,277,59,22,45,328,41,23,
K03284,10,6,1,2,13,6,0,
K05786,5,1,0,0,1,1,1,
K01058,236,44,26,14,239,65,8,
K03654,193,16,2,20,240,20,0,
K05835,0,0,0,0,1,0,0,
K05834,1,2,0,2,1,0,0,
K01048,145,28,4,16,134,47,14,
K21064,65,23,6,19,74,14,2,
K03576,0,0,0,0,0,0,0,
K00549,168,13,5,0,185,8,4,
K01061,21,5,0,9,29,20,0,
K00757,242,31,29,6,271,112,12,
K09760,187,54,13,12,177,29,10,
K03183,139,19,20,36,179,35,2,
K03690,64,7,2,6,86,13,5,
K03688,360,55,23,22,271,87,12,
K03116,176,112,37,29,162,160,27,
K03117,91,51,7,32,106,46,11,
K03118,129,34,6,15,169,50,9,
K03424,21,7,0,4,36,12,4,
K05785,2,0,0,0,6,0,0,
K03182,278,70,10,44,257,94,11,
K05368,136,58,5,34,180,56,13,
K00632,0,0,0,0,0,0,0,
K02529,0,0,0,0,0,0,0,
K01825,295,144,22,54,361,175,51,
K03498,231,10,6,11,293,48,6,
K00230,71,0,2,2,40,6,3,
K00014,57,10,1,5,50,3,1,
K01726,0,0,0,0,0,0,0,
K07566,91,11,4,18,84,15,10,
K07479,29,18,1,11,33,21,7,
K04096,671,833,139,147,878,462,103,
K03747,0,0,0,0,0,0,0,
K01462,277,290,68,41,241,148,61,
K00604,250,102,36,58,193,85,34,
K03500,109,38,3,14,153,22,16,
K03499,253,71,48,27,330,115,18,
K03282,115,50,20,14,117,58,13,
K09890,0,0,0,0,0,0,0,
K13638,36,9,0,1,68,5,0,
K03040,751,388,56,166,642,647,117,
K02879,0,0,0,0,0,0,0,
K02986,1895,1064,261,549,1797,1780,278,
K02948,251,168,19,85,276,229,33,
K03076,869,561,102,229,896,841,163,
K02952,0,0,0,0,0,0,0,
K02919,0,0,0,0,0,0,0,
K02876,1032,296,158,186,1155,1711,132,
K02988,319,98,50,84,402,607,49,
K02907,0,0,0,0,0,0,0,
K02881,158,88,18,43,196,321,26,
K02933,286,126,22,144,321,450,87,
K02994,359,230,61,214,533,662,102,
K02954,44,28,8,11,46,54,9,
K02931,260,172,46,161,287,491,59,
K02895,125,144,18,140,206,334,71,
K02874,213,279,40,254,345,530,81,
K02961,152,129,36,151,179,285,60,
K02878,1,0,0,0,0,0,0,
K02904,0,0,0,0,0,0,0,
K02982,547,115,57,56,609,682,41,
K02890,171,43,12,17,212,237,10,
K02886,201,15,10,28,246,334,13,
K02965,0,0,0,0,0,0,0,
K02926,100,13,8,15,117,145,7,
K02892,0,0,0,0,0,0,0,
K02906,387,70,43,99,389,587,18,
K02946,0,0,0,0,0,0,0,
K02452,124,4,0,1,157,0,0,
K02453,258,6,0,0,226,11,6,
K02454,180,8,1,8,206,14,6,
K02456,66,0,0,2,57,0,0,
K02457,44,1,0,2,45,4,0,
K02458,21,0,0,0,31,5,0,
K02459,42,0,0,0,33,2,0,
K02460,106,8,0,6,119,6,0,
K02461,219,5,0,2,222,10,0,
K02462,64,0,0,1,112,2,0,
K02654,25,1,0,0,30,3,0,
K03594,299,109,83,14,455,288,13,
K02358,837,300,212,68,1189,733,66,
K02192,0,0,0,0,0,0,0,
K00602,141,50,7,56,183,15,5,
K07713,0,0,0,0,0,0,0,
K01945,0,0,0,0,0,0,0,
K07709,159,24,12,12,157,55,21,
K07803,0,0,0,0,0,0,0,
K05787,32,15,3,7,51,16,2,
K09891,621,330,144,57,655,499,35,
K05982,28,6,0,2,20,3,1,
K01599,134,7,9,18,155,53,11,
K03426,157,35,10,24,168,62,12,
K07740,140,16,18,19,185,28,7,
K03147,274,14,5,8,348,2,2,
K00788,46,0,0,3,61,2,0,
K03148,29,2,1,2,49,2,0,
K03154,0,0,0,0,1,0,0,
K03046,95426,47185,52916,9936,99385,82242,8857,
K03149,0,0,0,0,0,0,0,
K03150,0,0,0,0,0,0,0,
K03704,0,0,0,0,0,0,0,
K02760,0,0,0,0,0,0,0,
K02759,0,0,0,0,0,0,0,
K03043,1861,788,219,537,2089,2496,325,
K02935,50,74,11,31,87,43,15,
K02864,802,454,191,168,718,849,78,
K02863,868,514,135,307,863,725,107,
K02867,209,98,22,76,188,300,18,
K02601,165,121,19,68,217,187,40,
K03073,321,176,37,111,282,192,48,
K00075,98,18,9,14,125,35,12,
K03524,0,0,0,0,0,0,0,
K00867,8,0,0,0,10,0,0,
K11893,140,2,2,4,163,2,2,
K11892,105,0,0,0,124,0,0,
K02314,0,0,0,0,0,0,0,
K11907,153,0,0,1,189,5,0,
K11904,395,21,0,1,517,14,2,
K11891,402,24,6,3,514,24,5,
K11910,205,4,0,1,254,2,0,
K11895,245,2,0,0,305,8,0,
K11895,129,2,0,4,242,4,2,
K11906,42,0,0,0,46,1,0,
K11905,42,2,0,1,46,2,0,
K20534,227,13,0,6,242,4,3,
K03784,95,1,4,0,126,4,0,
K06141,207,2,2,6,282,2,0,
K05517,22,0,0,0,18,0,0,
K05516,124,38,6,18,203,42,5,
K18997,0,0,0,0,0,0,0,
K03673,191,41,7,26,235,61,4,
K08344,214,0,2,0,233,10,2,
K07090,171,4,5,3,109,4,2,
K01085,442,181,34,78,454,214,56,
K03809,1430,172,213,38,1087,836,40,
K13821,2747,396,421,74,2289,1632,100,
K06884,0,0,0,0,0,0,0,
K09017,0,0,0,0,0,0,0,
K11928,479,85,59,92,638,476,42,
K07243,85,58,16,40,154,10,21,
K07224,150,28,6,34,181,18,19,
K16301,188,67,6,40,203,21,27,
K06217,253,601,49,77,452,174,86,
K12972,162,30,6,58,207,48,6,
K04477,208,44,16,27,251,91,11,
K23349,32,10,5,3,34,25,5,
K06214,11,6,2,0,14,1,0,
K04338,137,29,6,7,153,20,8,
K04337,6,1,0,0,17,1,0,
K04333,59,22,2,7,111,6,3,
K04335,87,0,1,2,115,1,0,
K04334,75,5,8,4,45,15,0,
K04336,32,12,0,2,46,2,4,
K23518,99,17,10,9,155,27,6,
K06132,24,6,3,3,23,3,0,
K11941,4,2,1,0,4,1,0,
K03670,403,182,44,110,424,180,32,
K03669,444,180,24,130,520,308,55,
K08161,194,68,33,17,304,133,17,
K12147,0,0,0,0,0,0,0,
K02517,155,6,0,5,149,8,0,
K07146,76,12,0,2,74,14,0,
K12262,53,1,2,2,49,1,4,
K02846,75,9,0,3,89,3,1,
K12148,18,6,0,1,10,1,0,
K12149,0,0,0,0,0,0,0,
K08162,78,28,7,10,64,10,6,
K03790,155,22,1,11,185,40,1,
K09915,71,22,8,14,58,38,13,
K03810,140,13,5,8,118,25,3,
K03980,191,4,8,7,194,32,2,
K02399,13,3,0,0,13,2,1,
K02398,0,1,0,0,1,0,0,
K02386,74,12,12,8,100,7,0,
K02387,63,0,2,0,61,7,0,
K02388,33,0,1,0,18,1,0,
K02389,88,1,0,0,81,1,0,
K02390,151,3,4,4,133,5,1,
K02392,106,0,2,2,105,12,0,
K02393,46,1,0,0,61,6,2,
K02394,112,1,4,0,130,2,4,
K02395,80,4,2,0,60,0,0,
K08300,27,14,5,8,24,17,5,
K02396,0,0,0,0,0,0,0,
K02397,0,0,0,0,0,0,0,
K06179,99,16,8,11,43,4,4,
K25422,30,6,1,1,15,7,2,
K07040,337,177,51,100,303,253,48,
K02911,284,137,59,88,330,281,56,
K03621,244,109,28,65,269,100,35,
K00648,166,69,16,40,201,101,23,
K00645,158,63,26,54,198,147,28,
K00059,909,414,123,126,1096,770,118,
K02078,1052,644,256,178,1136,795,140,
K09458,97,30,15,44,63,48,6,
K07349,0,0,0,0,0,0,0,
K07347,225,13,0,2,353,10,3,
K07349,0,0,0,0,0,0,0,
K07346,146,4,2,0,212,0,4,
K07345,107,2,0,0,91,0,0,
K02619,154,32,2,27,126,18,8,
K07082,158,20,5,13,132,16,6,
K00943,70,23,7,15,79,21,6,
K02341,97,12,0,11,114,6,9,
K03424,355,159,57,20,361,247,34,
K01262,83,21,9,4,81,31,5,
K02779,0,0,0,0,0,0,0,
K01241,259,54,3,34,223,59,11,
K08172,266,45,7,29,283,53,7,
K19338,80,3,0,6,109,7,3,
K03327,40,8,0,6,49,9,2,
K13635,0,0,0,0,0,0,0,
K02503,167,57,24,10,149,100,19,
K07337,160,61,20,20,154,106,13,
K07251,86,9,1,10,95,16,4,
K01207,194,8,8,9,205,26,6,
K07000,273,116,21,35,308,170,30,
K02014,14,0,0,1,8,0,0,
K03885,0,0,0,0,0,0,0,
K06077,0,0,0,0,0,0,0,
K03723,271,39,2,17,262,12,8,
K22041,0,0,0,0,0,0,0,
K19236,0,0,0,0,0,0,0,
K12151,0,0,0,0,0,0,0,
K09808,208,3,2,5,220,4,2,
K09810,37,16,4,10,82,31,0,
K09808,237,17,2,22,229,34,6,
K00884,75,10,4,24,73,44,9,
K11069,17,3,6,3,23,21,1,
K12410,0,0,0,0,0,0,0,
K11070,269,31,21,37,264,94,3,
K03704,35,13,0,26,36,2,8,
K03704,28,50,5,25,31,4,7,
K13688,1425,51,13,21,1687,91,20,
K21975,0,2,0,1,3,0,0,
K11071,72,15,2,2,67,13,4,
K11072,124,16,1,10,152,32,3,
K01258,49,5,4,7,55,12,1,
K18850,0,0,0,0,0,0,0,
K07637,237,93,26,60,272,106,13,
K07660,28,0,0,1,10,0,1,
K14059,0,0,0,0,0,0,0,
K10906,176,81,4,37,172,29,12,
K22300,41,11,0,0,65,2,1,
K02317,137,6,2,4,171,2,0,
K09968,54,23,11,6,51,3,5,
K01160,36,0,0,0,43,0,0,
K14061,18,7,3,2,26,17,0,
K01185,29,0,0,0,61,0,0,
K12262,21,2,0,2,30,6,0,
K09816,83,26,1,4,132,10,6,
K09817,146,35,7,18,178,29,8,
K09815,130,133,11,40,183,59,28,
K19304,152,106,13,21,146,79,18,
K00873,28,20,3,8,16,16,0,
K02560,0,0,0,0,0,0,0,
K19337,399,179,56,66,364,303,51,
K00036,341,107,22,36,314,176,26,
K01690,221,0,0,0,269,0,2,
K08289,10,2,0,6,17,0,0,
K01625,0,0,0,0,0,0,0,
K09918,85,35,11,24,76,39,11,
K01354,241,60,17,19,242,105,18,
K10857,0,0,0,0,0,0,0,
K02345,62,11,0,6,80,9,1,
K07156,99,31,8,10,65,21,9,
K07245,91,24,0,19,157,24,8,
K11392,0,0,0,0,0,0,0,
K07313,0,0,0,0,0,0,0,
K06192,200,16,0,20,185,9,8,
K03808,196,28,6,16,216,49,11,
K08968,98,50,11,17,150,8,4,
K03607,162,97,48,64,193,201,28,
K03797,213,64,23,48,237,156,17,
K16089,58,36,0,7,87,10,10,
K03799,0,0,0,0,0,0,0,
K02035,226,59,10,55,281,120,28,
K02033,92,63,7,18,103,60,8,
K02034,63,6,3,5,66,22,4,
K11250,37,0,0,0,41,0,0,
K22015,22,2,0,0,25,0,0,
K13069,117,0,2,2,185,2,0,
K09712,0,0,0,0,0,0,0,
K25494,96,32,2,16,89,20,5,
K01937,0,0,0,0,0,0,0,
K25495,103,0,0,0,96,0,2,
K19055,0,0,0,0,0,0,0,
K09786,0,0,0,0,0,0,0,
K00638,0,0,0,0,0,0,0,
K07180,3684,1141,198,268,4448,2261,218,
K07274,254,16,22,22,329,71,8,
K01792,0,1,0,0,7,6,0,
K00134,224,28,4,4,201,59,6,
K01183,59,41,3,14,94,11,9,
K07305,0,0,0,0,0,0,0,
K09916,0,0,0,0,0,0,0,
K08281,33,9,3,6,48,9,1,
K01424,0,0,0,0,0,0,0,
K04773,141,37,16,25,159,25,6,
K01008,93,13,4,22,121,38,16,
K03169,53,14,9,4,89,32,7,
K00262,17,6,0,6,16,12,1,
K08320,15,0,0,0,17,0,1,
K21028,24,1,0,0,27,3,0,
K05778,94,4,2,8,75,17,0,
K05779,0,0,0,0,0,0,0,
K05777,134,13,2,4,117,5,0,
K01142,142,6,0,9,153,4,2,
K00840,180,107,41,19,544,57,34,
K00673,161,81,32,16,378,38,29,
K06447,232,167,38,33,662,142,58,
K01484,225,108,34,34,445,156,35,
K05526,98,29,13,6,194,29,13,
K06006,104,61,10,6,135,57,9,
K05984,24,0,0,0,9,2,0,
K09975,6,2,0,0,3,0,0,
K01916,116,18,0,20,132,14,7,
K04064,706,302,202,52,795,858,62,
K02760,115,67,14,9,104,15,19,
K02761,219,90,5,22,239,34,25,
K02759,19,5,0,2,13,2,2,
K03490,115,9,4,2,75,4,4,
K03781,8,1,1,1,5,0,0,
K01222,0,0,0,0,0,0,0,
K03478,0,0,0,0,0,0,0,
K06956,240,50,21,47,403,105,22,
K07038,101,18,0,32,113,11,3,
K24204,139,16,2,9,114,1,3,
K15523,105,22,6,9,114,27,8,
K16370,527,245,98,86,702,369,67,
K07283,80,7,2,18,82,9,6,
K01868,1679,812,184,247,1489,1293,188,
K02520,3120,1829,463,583,2846,2513,475,
K02916,1226,541,138,158,1063,1026,126,
K02887,1943,879,230,141,1643,1507,136,
K01889,96,30,14,27,144,19,9,
K01890,190,38,20,23,230,82,7,
K04764,0,0,0,0,0,0,0,
K00852,306,0,0,0,386,0,0,
K06073,216,43,9,6,238,31,10,
K00432,136,21,16,14,155,21,6,
K06074,118,30,35,18,143,61,7,
K13695,118,40,4,17,118,22,12,
K08997,53,2,0,4,48,16,2,
K10834,0,0,0,0,0,0,0,
K25133,100,16,0,4,102,6,3,
K25132,91,6,0,5,110,5,3,
K07225,0,0,0,0,0,0,0,
K16087,212,7,4,12,154,18,11,
K01626,126,4,3,9,168,1,0,
K09773,153,19,4,8,182,12,4,
K01007,194,198,39,132,210,225,52,
K12507,36,1,0,5,42,1,2,
K00313,217,4,0,0,231,8,0,
K03855,0,0,0,0,0,0,0,
K03522,190,3,1,0,224,8,0,
K03521,166,0,2,2,182,2,0,
K19709,139,7,1,0,179,4,5,
K03785,184,0,0,0,203,0,0,
K05887,34,8,0,6,47,1,3,
K19222,0,0,0,0,0,0,0,
K05997,140,45,40,15,199,81,21,
K09014,307,84,61,33,321,264,22,
K09013,164,18,14,13,185,109,11,
K09015,236,49,30,15,247,154,11,
K11717,285,61,20,47,300,194,37,
K02426,144,58,17,32,143,96,8,
K19234,147,42,13,12,153,81,20,
K00873,3348,1289,1375,347,3113,2747,437,
K06078,0,0,0,0,0,0,0,
K08357,95,3,0,4,102,3,0,
K02071,0,0,0,0,0,0,0,
K02072,0,0,0,0,0,0,0,
K02073,0,0,0,0,0,0,0,
K08359,191,4,2,2,189,1,0,
K08358,84,0,0,0,106,2,0,
K13040,271,10,8,16,334,26,8,
K13041,45,1,0,0,30,2,2,
K01675,109,4,0,2,101,4,4,
K03738,545,2,8,3,532,85,2,
K04014,72,0,3,0,86,42,0,
K08354,144,3,6,1,100,58,0,
K02028,82,0,0,1,96,0,0,
K02030,109,4,0,1,132,2,0,
K00316,224,20,15,11,333,68,15,
K00375,4,2,0,0,1,0,0,
K00823,261,30,28,4,200,156,4,
K02016,93,2,2,5,98,5,3,
K02015,99,0,4,2,105,1,0,
K02020,0,0,0,0,0,0,0,
K02013,5,0,0,0,5,0,0,
K00432,78,1,0,1,59,0,0,
K00134,90,17,6,2,93,3,5,
K13633,124,198,0,16,115,8,45,
K03830,0,0,0,0,0,0,0,
K06889,305,8,0,0,321,3,2,
K03566,70,3,2,4,91,7,2,
K22441,0,0,0,0,0,0,0,
K03311,202,17,8,4,224,3,2,
K06998,139,0,0,1,162,2,0,
K09022,56,2,0,1,64,0,0,
K07120,112,10,0,1,143,0,2,
K01821,0,0,0,0,0,0,0,
K21959,75,67,6,34,111,3,5,
K01867,30,2,0,4,49,1,4,
K21023,133,20,3,4,174,16,10,
K22589,115,16,0,5,96,9,2,
K09022,52,13,0,4,53,8,0,
K06998,84,36,1,11,122,45,8,
K03327,123,17,6,6,106,29,4,
K06177,0,0,0,0,0,0,0,
K00574,78,16,1,8,130,34,1,
K00793,0,0,0,0,0,0,0,
K03604,7,0,0,0,6,0,0,
K19577,150,12,0,6,116,16,5,
K04564,0,0,0,0,0,0,0,
K19303,233,125,28,21,317,206,17,
K03683,82,8,1,4,53,3,0,
K07390,0,0,0,0,0,0,0,
K10680,94,34,2,16,88,36,10,
K01759,0,0,0,0,0,0,0,
K16137,55,16,0,12,52,6,11,
K06938,0,0,0,0,0,0,0,
K04565,0,0,0,0,0,0,0,
K21695,85,15,3,5,80,15,1,
K06075,10,7,1,0,5,2,0,
K06077,34,14,0,6,36,9,5,
K09001,166,77,24,65,154,87,10,
K00275,100,41,8,15,139,33,3,
K01866,526,183,64,131,434,420,50,
K00868,22,0,0,2,29,2,0,
K03305,265,161,30,53,300,229,27,
K00799,0,0,0,0,0,0,0,
K10773,73,4,2,2,71,17,2,
K03613,137,6,5,4,103,6,1,
K03612,25,1,1,1,29,4,2,
K03615,173,7,0,11,267,2,6,
K03614,0,0,0,0,0,0,0,
K03616,63,7,2,2,59,8,4,
K03617,83,3,0,6,127,0,4,
K05839,52,25,4,14,47,12,8,
K16044,12,7,0,1,17,0,0,
K01488,0,0,0,0,0,0,0,
K14155,76,4,2,27,74,14,4,
K02791,144,54,4,29,163,40,12,
K16136,0,0,0,0,0,0,0,
K01809,385,62,29,27,398,94,16,
K01676,482,222,44,136,531,309,86,
K01679,110,18,5,19,125,43,10,
K10748,0,0,0,0,0,0,0,
K07639,164,4,5,10,192,14,8,
K04343,182,11,0,9,160,14,6,
K07241,104,45,18,6,83,21,17,
K07661,42,21,4,11,47,8,6,
K13938,42,28,4,14,40,9,8,
K03758,184,44,11,10,212,75,9,
K02442,0,0,0,0,0,0,0,
K00324,335,110,9,46,452,298,38,
K00325,565,184,82,117,537,623,55,
K07552,20,3,0,2,12,0,0,
K11744,3,1,0,0,7,0,2,
K04775,19,10,0,3,25,1,3,
K11743,0,0,0,0,0,0,0,
K11742,0,0,0,0,0,0,0,
K01299,166,43,9,20,193,47,21,
K17247,55,9,0,4,43,11,2,
K07147,153,2,2,2,150,2,0,
K02483,150,0,0,2,175,4,2,
K08224,4,0,0,1,10,3,1,
K07052,0,0,0,0,0,0,0,
K21757,136,2,1,0,116,8,0,
K15545,152,41,18,42,241,37,3,
K03281,0,1,0,0,0,0,0,
K01935,16,2,1,0,23,2,2,
K23349,49,0,0,2,42,1,0,
K07306,86,6,2,11,105,10,0,
K07312,0,0,0,0,0,0,0,
K07307,0,0,0,0,0,0,0,
K09771,72,6,0,2,68,1,8,
K08323,223,3,0,3,231,22,0,
K08172,221,8,2,4,179,0,0,
K00040,148,4,0,2,194,22,8,
K22293,66,9,10,2,44,29,0,
K16066,155,24,3,12,160,28,3,
K01284,248,48,8,40,243,53,23,
K11959,190,2,2,2,194,2,0,
K11960,171,0,0,0,186,4,0,
K11961,199,6,0,0,328,4,0,
K11962,17,1,0,0,20,3,0,
K11963,0,0,0,0,0,0,0,
K15268,144,8,0,3,179,3,1,
K13630,0,0,0,0,0,0,0,
K13632,24,11,1,2,8,9,4,
K03712,95,22,3,31,66,16,9,
K08159,127,22,1,36,131,21,7,
K05595,0,0,0,0,0,0,0,
K21959,114,3,0,5,111,0,0,
K08324,191,10,2,26,267,30,0,
K01425,101,4,0,5,106,12,2,
K19113,136,3,2,0,164,0,0,
K00041,225,20,1,2,284,5,0,
K08994,76,15,2,3,100,3,1,
K00598,64,46,12,32,134,38,6,
K18189,91,23,8,9,116,10,1,
K03406,39,2,0,3,43,1,0,
K19778,94,0,2,2,140,3,2,
K08641,109,30,12,5,492,59,5,
K02035,780,103,43,24,2554,199,22,
K02033,172,38,6,8,588,50,12,
K02034,207,41,7,21,400,70,17,
K02031,218,33,20,13,439,78,11,
K17737,1,1,0,1,14,3,1,
K01028,118,7,4,12,106,10,0,
K01029,53,3,0,0,62,6,1,
K00626,105,14,4,6,101,16,8,
K00019,45,3,0,2,42,9,2,
K04063,31,21,14,6,38,32,4,
K02972,655,341,339,73,544,301,33,
K00029,343,85,30,69,398,113,14,
K08350,0,0,0,0,0,0,0,
K08349,0,0,0,0,0,0,0,
K16076,283,74,67,23,284,311,18,
K08167,0,0,0,0,0,0,0,
K02575,298,40,19,14,374,42,7,
K00370,572,43,29,6,800,90,6,
K00371,222,22,8,7,275,46,10,
K00374,83,11,0,3,149,26,0,
K00374,195,20,2,3,253,24,0,
K06998,18,0,0,0,37,1,0,
K00675,9,0,0,0,6,1,1,
K25227,220,49,8,2,340,66,0,
K06145,34,5,0,6,24,11,2,
K01821,0,0,0,0,0,0,0,
K20023,136,8,2,0,178,2,0,
K03535,108,1,0,0,111,0,0,
K11208,0,0,0,0,0,0,0,
K02028,41,1,4,2,57,21,1,
K02029,53,3,0,5,73,7,2,
K02030,0,0,0,0,1,0,0,
K24116,85,0,0,2,113,1,0,
K03776,212,5,0,0,277,2,2,
K11738,98,2,3,2,89,5,0,
K02014,115,2,6,4,148,2,0,
K23256,12,3,0,1,11,7,1,
K12368,69,28,19,18,95,27,8,
K24217,0,0,0,0,0,0,0,
K09936,0,0,0,0,0,0,0,
K18839,0,0,0,0,0,0,0,
K00137,106,11,3,6,146,24,4,
K02055,583,229,64,64,886,473,56,
K00425,328,1029,49,408,317,282,358,
K24847,17,26,0,25,27,6,8,
K00426,0,0,0,0,0,0,0,
K23779,133,7,2,8,146,12,2,
K05782,21,3,0,0,44,0,0,
K07506,0,0,0,0,0,0,0,
K16868,328,177,26,19,407,257,33,
K03304,87,32,0,7,101,7,1,
K03670,2715,2200,1458,593,2436,2052,520,
K03817,0,0,0,0,0,0,0,
K09794,0,0,0,0,0,0,0,
K15986,310,29,62,19,384,290,10,
K05876,143,32,15,9,163,37,11,
K02623,0,0,0,0,0,0,0,
K00121,88,8,0,5,151,17,4,
K23239,76,6,3,5,111,9,0,
K16078,77,4,10,5,90,2,1,
K01093,151,35,21,6,156,22,8,
K03502,261,106,25,39,426,47,18,
K03503,40,3,1,0,56,0,0,
K07248,0,0,0,0,0,0,0,
K03578,299,28,7,13,290,49,16,
K12262,0,0,0,0,0,0,0,
K01118,0,0,0,0,0,0,0,
K09978,0,0,0,0,0,0,0,
K03778,315,79,30,30,317,121,16,
K03668,20,8,1,0,31,3,1,
K09712,5,0,0,0,1,0,0,
K03737,1584,671,108,196,1288,912,168,
K14062,199,8,0,2,188,0,4,
K14061,945,587,161,107,774,686,110,
K07497,65,7,0,1,60,3,4,
K07497,53,11,0,0,64,2,2,
K05591,8,3,0,0,10,3,1,
K14058,0,0,0,0,0,0,0,
K16074,272,40,22,19,340,99,12,
K03406,213,7,11,16,227,71,14,
K21023,338,64,25,20,460,53,8,
K21088,127,24,4,6,136,12,1,
K00567,68,25,8,17,67,10,11,
K01420,188,291,46,145,245,118,85,
K14055,1561,364,227,91,1439,1276,48,
K16052,108,16,2,7,130,4,2,
K01607,16,1,0,1,20,1,3,
K15580,91,30,6,5,106,14,2,
K19802,84,42,7,9,85,13,15,
K14054,5,0,0,0,3,1,0,
K03721,173,43,8,27,185,57,16,
K11065,0,0,0,0,0,0,0,
K08990,143,69,10,27,129,102,13,
K06918,223,37,14,39,246,109,26,
K03972,78,21,4,4,87,15,1,
K14053,0,0,0,0,0,0,0,
K10112,65,4,0,0,77,1,0,
K10231,137,0,0,2,136,1,1,
K01838,0,0,0,0,0,0,0,
K02026,79,0,0,0,85,4,0,
K22597,186,2,1,0,134,2,0,
K03971,12,0,1,2,16,0,0,
K03973,6,3,0,1,5,0,2,
K03969,28,19,1,12,57,10,11,
K03970,0,0,0,0,0,0,0,
K03974,111,22,8,16,128,10,7,
K18555,23,16,2,2,16,0,4,
K19226,347,60,8,12,442,71,6,
K19227,209,43,4,10,238,46,14,
K19228,143,37,7,17,97,52,11,
K19229,156,42,12,14,116,29,18,
K19230,7,1,0,0,4,4,0,
K21086,7,1,0,1,7,2,0,
K00208,207,115,20,45,192,76,22,
K01147,329,76,14,52,414,83,10,
K14051,338,121,29,25,470,107,21,
K01591,4,4,0,2,7,2,0,
K03113,0,0,0,0,0,0,0,
K04062,0,0,0,0,0,0,0,
K19804,171,16,2,5,111,24,4,
K01681,247,82,16,34,242,73,18,
K08992,0,0,0,0,0,0,0,
K01096,0,0,0,0,0,0,0,
K01497,0,0,0,0,0,0,0,
K03168,299,141,42,47,456,208,30,
K13634,0,0,0,0,0,0,0,
K04774,158,25,13,23,191,14,2,
K06178,15,4,0,2,16,4,2,
K19221,0,0,0,0,0,0,0,
K07566,56,18,3,12,64,46,5,
K07053,117,26,27,21,137,71,11,
K01657,185,181,19,174,227,24,60,
K13497,183,109,3,127,261,23,64,
K13498,147,109,23,137,137,60,60,
K01696,66,77,8,55,137,31,41,
K01695,0,0,0,0,0,0,0,
K07275,60,2,0,3,108,40,1,
K06190,141,87,16,29,131,97,13,
K03832,11,2,1,5,16,3,1,
K10806,0,0,0,0,0,0,0,
K09780,23,18,2,6,14,12,4,
K06131,237,27,18,20,264,55,5,
K10716,0,0,0,0,0,0,0,
K09901,0,0,0,0,0,0,0,
K02032,152,30,2,14,205,24,4,
K15583,249,28,22,20,274,226,18,
K15582,206,34,11,10,245,144,8,
K15581,80,8,1,2,83,27,6,
K15580,173,40,14,20,230,145,13,
K05595,193,31,12,20,213,27,4,
K04072,1239,888,135,204,1432,821,149,
K00857,86,3,2,2,97,4,0,
K00963,105,3,2,2,105,0,0,
K03746,0,0,0,0,0,0,0,
K02485,344,194,41,41,415,215,22,
K07001,252,76,18,15,322,131,15,
K09858,84,17,8,16,128,25,7,
K01433,128,53,9,16,114,23,13,
K00370,235,14,3,6,168,38,2,
K00374,0,0,0,0,0,0,0,
K00371,0,0,0,0,0,0,0,
K00373,0,0,0,0,0,0,0,
K02575,278,0,4,1,262,9,0,
K07673,165,23,5,16,158,20,2,
K13735,14,0,0,0,15,0,0,
K07684,0,0,0,0,0,0,0,
K06039,54,4,0,1,55,0,1,
K07232,28,10,0,2,48,17,3,
K06197,98,40,20,22,97,70,24,
K07300,84,33,17,12,136,39,6,
K01627,7,3,0,4,22,2,2,
K02493,21,0,0,0,7,5,1,
K02835,43,3,1,4,36,4,0,
K02492,124,39,9,36,224,30,18,
K02494,81,22,9,16,101,14,12,
K00919,240,95,53,49,238,161,16,
K00948,770,467,63,155,648,652,85,
K03321,34,4,0,3,48,1,0,
K13745,5,0,0,0,7,0,1,
K00836,193,9,4,14,182,113,9,
K01056,91,5,5,10,79,9,9,
K06942,63,50,25,17,85,42,16,
K06889,48,3,2,4,40,0,0,
K07665,142,0,0,3,228,0,0,
K07644,245,2,0,0,309,4,2,
K01607,19,0,0,0,58,2,1,
K01607,67,3,0,0,71,7,0,
K16137,118,12,1,6,117,0,3,
K06221,89,7,2,6,114,4,2,
K05275,1,0,0,0,0,0,0,
K21976,84,4,43,0,218,84,2,
K21975,164,13,66,4,429,81,1,
K21974,146,15,103,3,436,102,4,
K21973,281,44,12,9,403,20,8,
K21972,209,38,26,18,284,47,16,
K07346,85,2,2,2,133,14,0,
K00261,553,219,56,99,787,362,94,
K05878,207,23,12,7,256,61,7,
K05879,96,15,4,4,86,29,0,
K05881,211,38,34,21,222,109,8,
K01194,646,87,44,52,811,335,33,
K21087,10,0,0,0,18,0,0,
K08308,3,0,0,0,1,0,0,
K01297,128,37,6,12,137,28,8,
K11105,115,8,0,2,152,2,4,
K01775,0,0,0,0,0,0,0,
K00285,219,27,4,36,273,47,25,
K06415,926,394,157,79,1021,834,81,
K03603,39,24,3,7,19,13,3,
K03314,186,46,8,9,207,38,12,
K03611,332,97,30,49,275,240,38,
K09160,1,0,0,0,2,0,0,
K01557,122,40,73,16,127,70,20,
K09902,132,89,21,40,139,60,34,
K03610,78,64,8,18,117,15,16,
K03609,42,17,3,18,51,20,3,
K16135,28,1,0,3,10,2,1,
K03608,0,0,0,0,0,0,0,
K07246,140,5,0,0,196,0,0,
K22443,142,7,2,2,176,8,0,
K03684,0,0,0,0,0,0,0,
K22444,0,0,0,0,0,0,0,
K01897,118,13,8,14,116,15,3,
K07285,29,19,7,7,71,39,3,
K03722,132,7,0,12,147,5,1,
K14742,0,0,0,0,0,0,0,
K09022,23,7,0,7,20,5,4,
K09917,4,4,0,3,4,2,1,
K01665,133,35,0,19,148,27,5,
K17879,96,13,0,7,96,10,3,
K01752,624,226,85,60,640,545,94,
K21090,3,0,0,0,4,0,0,
K02794,415,107,42,41,501,393,30,
K02795,318,83,21,38,375,384,16,
K02796,172,19,19,15,205,252,18,
K03587,188,11,6,11,225,18,6,
K00563,0,0,0,0,0,0,0,
K23242,0,0,0,0,0,0,0,
K03704,492,697,112,153,568,458,132,
K19333,29,6,1,2,37,5,6,
K08169,14,1,1,1,19,2,1,
K00031,15,7,1,5,22,10,1,
K06181,60,28,4,18,119,13,7,
K12152,47,18,0,5,42,16,2,
K00566,139,57,12,52,144,62,14,
K07153,105,14,5,16,123,29,4,
K01756,52,6,3,16,46,10,3,
K03551,17,3,1,5,10,2,2,
K03550,104,13,0,11,100,11,9,
K01159,26,2,0,2,35,2,3,
K18189,0,0,0,0,0,0,0,
K01876,134,32,10,27,164,52,13,
K08310,0,0,0,0,0,0,0,
K07136,228,109,47,51,284,174,29,
K15256,70,6,1,13,82,4,0,
K15257,16,4,2,3,19,3,2,
K06201,115,189,22,56,159,61,33,
K09907,167,172,28,58,223,79,29,
K01887,209,44,11,51,264,70,18,
K05515,149,1,0,2,148,0,2,
K15532,0,0,0,0,0,0,0,
K16210,136,5,0,7,181,2,3,
K02400,409,5,0,1,422,16,2,
K03516,0,0,0,0,0,0,0,
K05989,232,5,0,5,273,1,5,
K02401,0,0,0,0,0,0,0,
K06610,206,6,0,0,170,0,0,
K03414,107,2,0,6,133,2,1,
K03412,78,5,1,14,83,16,4,
K03413,0,0,0,0,0,0,0,
K00575,9,0,1,1,14,1,0,
K05877,57,7,0,15,81,16,4,
K05874,142,28,4,61,166,44,2,
K03407,174,6,2,0,146,15,0,
K03408,0,0,0,0,0,0,0,
K02557,101,2,2,2,60,10,0,
K02556,150,8,3,15,137,9,7,
K02402,67,22,5,23,62,20,7,
K02403,55,72,19,47,58,62,18,
K00697,179,84,13,46,218,51,12,
K14064,0,0,0,0,0,0,0,
K01087,137,21,11,10,129,35,12,
K10538,50,3,1,9,58,9,3,
K10539,299,31,0,5,343,33,2,
K10537,173,2,0,6,186,18,0,
K03152,105,2,2,3,118,7,0,
K02255,83,12,5,6,92,21,7,
K02217,175,37,15,7,189,105,13,
K03834,98,10,12,18,121,39,0,
K07039,2,0,0,0,1,1,0,
K08363,0,0,0,0,0,0,0,
K03893,238,27,6,6,262,15,5,
K00537,0,0,0,0,0,0,0,
K03892,51,15,1,5,61,8,1,
K11811,81,12,0,3,117,4,0,
K03704,58,13,2,6,37,2,2,
K03703,266,54,7,31,262,24,11,
K00995,0,0,0,0,0,0,0,
K07689,54,23,6,27,67,12,15,
K07782,36,2,1,2,50,1,0,
K02028,144,64,3,32,162,3,8,
K10009,33,4,2,7,43,8,2,
K05396,111,2,0,11,160,41,8,
K02424,132,12,26,29,134,62,9,
K02425,215,171,11,159,262,138,41,
K02405,0,0,0,0,0,0,0,
K02406,94,17,3,9,133,22,3,
K02407,194,15,8,22,164,8,4,
K02422,26,3,1,7,35,3,0,
K02423,48,5,0,2,113,0,0,
K01176,192,21,6,7,255,35,10,
K07112,201,0,4,4,322,16,0,
K02408,14,1,0,0,8,0,0,
K04085,0,0,0,0,0,0,0,
K02409,186,5,0,0,148,6,0,
K02410,71,2,4,2,57,6,1,
K02411,33,0,2,0,45,2,0,
K02412,118,0,0,1,131,9,0,
K02413,88,1,0,0,73,0,0,
K02414,104,2,2,2,80,7,0,
K02415,57,0,0,1,35,1,3,
K02416,93,13,0,0,132,1,4,
K02417,33,1,0,2,26,1,0,
K02418,38,0,1,0,45,0,0,
K02419,49,1,0,2,51,0,0,
K02420,31,0,0,0,37,0,0,
K02421,114,2,2,0,111,0,0,
K07781,90,0,0,0,95,0,0,
K09781,512,162,68,35,687,322,34,
K00558,64,17,4,10,55,8,5,
K07458,0,0,0,0,0,0,0,
K06950,102,39,8,24,107,30,14,
K09476,172,26,6,12,224,27,2,
K09933,242,74,19,40,286,97,19,
K02012,122,49,9,32,149,22,7,
K02011,175,24,1,16,177,8,5,
K00768,533,167,85,39,440,328,63,
K02233,73,0,2,4,107,27,4,
K02232,102,6,6,3,69,45,3,
K02231,0,0,0,0,0,0,0,
K02006,138,2,1,2,147,35,2,
K02007,54,2,2,2,62,28,1,
K02009,0,0,0,0,0,0,0,
K03394,128,2,1,4,136,55,0,
K02190,106,22,8,2,107,48,0,
K05895,94,12,3,4,149,40,3,
K05934,46,0,0,0,48,17,1,
K02189,136,18,0,14,171,82,3,
K05936,115,16,12,6,123,48,6,
K02191,83,7,7,2,96,32,0,
K03399,0,0,0,0,0,0,0,
K02188,70,11,4,0,83,39,0,
K06042,27,0,0,1,44,11,0,
K02227,11,0,0,2,12,9,0,
K02224,134,4,2,12,199,60,2,
K02440,167,47,3,23,111,102,20,
K04027,29,0,0,0,23,1,0,
K01699,198,4,0,0,220,4,0,
K13919,120,7,0,0,144,2,0,
K13920,30,2,0,0,31,2,0,
K04027,20,4,0,0,21,4,0,
K13923,66,0,0,0,50,2,2,
K04028,34,0,0,0,56,1,0,
K00798,90,4,0,0,118,0,0,
K13922,245,21,6,20,310,58,9,
K13921,97,16,11,8,109,41,12,
K03615,192,25,11,15,310,74,8,
K04031,68,11,2,2,78,6,2,
K04029,47,5,5,1,61,13,0,
K19697,145,15,11,7,211,49,7,
K16651,88,9,15,3,70,48,3,
K09802,0,0,0,0,0,0,0,
K07258,314,258,56,68,277,202,60,
K07470,0,0,0,0,0,0,0,
K08352,218,4,1,6,249,124,2,
K08354,0,0,0,0,0,0,0,
K08353,0,0,0,0,0,0,0,
K01141,13,2,0,1,10,0,0,
K14052,6,0,0,3,9,4,2,
K00765,136,25,9,29,152,58,6,
K00013,173,19,0,29,170,34,3,
K00817,179,16,2,2,141,23,2,
K01089,145,32,8,8,160,32,6,
K02501,66,12,2,2,93,10,4,
K01814,95,6,0,3,108,10,7,
K02500,87,10,2,7,101,11,3,
K11755,65,6,2,7,84,4,1,
K05789,35,7,2,4,37,7,2,
K07497,0,0,0,0,0,0,0,
K08679,127,19,8,8,195,24,9,
K17865,0,0,0,0,0,0,0,
K00012,113,42,10,14,131,17,7,
K00033,132,46,7,13,170,49,17,
K24300,379,158,17,76,463,211,29,
K13017,258,179,58,30,240,107,45,
K02474,244,192,34,48,265,133,37,
K13018,0,0,0,0,0,0,0,
K13020,292,265,63,60,426,174,51,
K00963,102,52,16,24,101,32,14,
K16711,211,188,132,69,344,143,39,
K16703,174,2,2,2,207,4,2,
K16710,87,6,0,2,143,2,0,
K16695,227,10,4,8,224,11,2,
K03606,278,4,0,6,312,6,5,
K01840,133,0,6,0,129,0,0,
K16011,217,2,0,0,303,0,0,
K03208,230,0,0,0,185,2,0,
K02377,45,1,0,0,48,2,0,
K03207,0,0,0,0,0,0,0,
K01711,165,2,0,1,167,4,0,
K03818,53,0,0,1,44,0,1,
K13683,0,0,0,0,1,0,0,
K13620,113,0,0,0,97,0,0,
K13684,215,0,0,1,206,3,3,
K16692,255,5,0,1,266,0,0,
K03819,0,0,0,0,0,0,0,
K01991,96,0,0,2,83,2,0,
K25307,0,0,0,0,0,0,0,
K07289,82,0,1,0,98,2,0,
K01494,112,28,5,12,145,59,12,
K00876,127,46,18,28,177,95,17,
K21084,420,112,23,45,474,144,25,
K04046,209,22,2,14,199,32,14,
K07799,177,6,2,6,164,14,6,
K07788,361,22,2,7,403,32,8,
K07789,430,4,6,4,427,22,8,
K18326,198,4,0,0,211,4,2,
K07642,114,0,0,4,137,3,0,
K07664,87,25,9,3,126,28,11,
K03694,143,88,26,31,137,119,23,
K09946,0,0,0,0,0,0,0,
K08303,0,0,0,0,0,0,0,
K05685,435,261,78,222,501,559,92,
K06891,0,0,0,0,0,0,0,
K03704,0,0,0,0,0,0,0,
K13888,124,14,0,12,201,29,8,
K07459,95,31,14,19,88,38,10,
K09824,0,0,0,0,0,0,0,
K06188,327,28,48,18,337,217,10,
K05601,270,4,6,0,204,29,2,
K11933,108,6,14,4,97,24,0,
K15977,20,8,2,8,33,7,4,
K00156,405,114,36,39,436,148,41,
K01620,123,50,14,32,113,50,12,
K11066,0,0,0,0,0,0,0,
K10000,183,121,33,33,210,114,16,
K09997,229,123,13,37,239,138,24,
K09999,118,56,21,16,136,133,26,
K09998,178,46,26,13,237,130,24,
K09996,162,125,18,61,195,52,31,
K11645,9,2,1,1,9,6,0,
K07029,0,0,0,0,0,0,0,
K05820,139,8,2,3,164,12,5,
K03710,0,0,0,0,0,0,0,
K00941,91,21,6,9,73,20,2,
K00878,130,0,0,2,170,0,2,
K07347,306,9,6,4,303,7,0,
K23243,0,0,0,0,0,0,0,
K03593,91,21,3,15,113,13,10,
K01874,376,180,38,94,323,214,42,
K02478,61,16,1,13,69,6,2,
K02477,0,0,0,0,0,0,0,
K21089,44,42,17,5,74,47,11,
K05846,0,0,0,0,0,0,0,
K05847,78,33,3,16,124,25,7,
K05846,104,13,0,21,112,29,3,
K05349,204,40,11,9,336,104,6,
K05845,0,0,0,0,0,0,0,
K03777,116,35,8,10,164,47,2,
K07262,17,3,1,3,17,1,0,
K15550,661,201,112,58,629,1024,80,
K03975,0,0,0,0,0,0,0,
K05541,10,0,0,0,7,0,0,
K22270,139,25,3,13,195,33,3,
K01801,88,4,4,14,165,43,4,
K16165,35,7,1,5,65,12,1,
K00450,88,7,4,10,154,19,4,
K08195,209,40,12,28,543,34,19,
K06518,75,10,4,0,72,16,0,
K01489,126,6,0,13,120,26,6,
K03748,66,13,4,6,86,10,4,
K17722,308,44,24,9,255,281,2,
K17723,35,6,2,0,33,27,4,
K10541,0,0,0,0,0,0,0,
K10542,291,307,17,25,324,238,255,
K10540,268,531,44,13,271,179,141,
K02529,1087,1156,200,29,951,1030,402,
K07148,217,212,183,17,232,162,105,
K01495,141,15,2,35,157,6,20,
K01070,227,12,4,22,217,12,10,
K16089,69,0,0,2,83,0,0,
K11733,7,0,0,0,12,2,0,
K01151,56,18,0,20,69,19,9,
K16324,0,0,0,1,3,0,2,
K16328,0,0,0,0,0,0,0,
K16329,155,13,0,60,113,26,20,
K16328,168,104,3,121,214,19,61,
K21645,99,78,0,51,91,14,43,
K01779,90,100,4,58,107,23,34,
K02770,18,8,0,5,24,12,3,
K07791,0,0,0,0,0,0,0,
K00882,75,4,2,6,68,71,0,
K11183,169,8,3,0,185,48,7,
K03291,137,3,0,4,177,0,2,
K07811,353,26,4,11,419,4,7,
K03533,0,0,0,0,0,0,0,
K02356,0,0,0,0,0,0,0,
K03532,133,2,2,0,139,6,0,
K00375,81,1,0,1,85,6,0,
K01686,2,4,0,0,8,0,0,
K00040,215,105,4,21,259,5,26,
K19803,192,102,10,42,177,86,12,
K13694,114,121,60,68,162,167,19,
K21090,257,53,2,26,380,54,11,
K13893,252,39,2,10,254,16,5,
K13894,211,14,2,7,156,17,9,
K13895,267,16,0,6,276,18,3,
K02031,142,15,2,8,201,19,5,
K07552,284,49,115,35,249,94,37,
K06183,116,3,0,11,131,18,3,
K19789,179,14,3,4,180,18,4,
K06899,20,6,0,5,22,11,4,
K02897,0,0,0,0,0,0,0,
K09904,36,9,2,3,32,4,0,
K07014,236,45,6,40,214,25,20,
K02200,26,2,0,2,28,0,1,
K07685,0,0,0,0,0,0,0,
K02198,147,2,1,7,177,76,0,
K02199,0,0,0,0,0,0,0,
K02197,108,0,7,2,166,40,0,
K02195,47,1,4,2,44,38,2,
K02196,0,0,0,0,0,0,0,
K02194,107,8,8,8,94,38,2,
K02193,59,6,0,4,52,40,2,
K02569,262,45,23,35,204,239,8,
K02567,207,61,10,39,153,232,34,
K02568,0,0,0,0,0,0,0,
K02574,0,0,0,0,0,0,0,
K02573,0,0,0,0,0,0,0,
K02570,8,1,1,0,0,2,1,
K02572,0,0,0,0,0,0,0,
K00116,357,113,17,33,275,162,36,
K08276,0,0,0,0,0,0,0,
K06213,21,1,0,0,19,0,0,
K06159,196,7,2,11,228,13,5,
K03919,22,4,0,2,46,2,1,
K10778,115,23,13,29,109,79,4,
K03734,289,92,17,26,289,202,12,
K09475,159,20,7,3,214,65,1,
K07676,76,10,0,7,120,9,2,
K07677,33,4,0,4,33,5,3,
K07687,0,0,0,0,0,0,0,
K07710,267,21,4,10,306,22,2,
K07714,168,3,2,4,162,7,0,
K01034,81,3,0,0,93,0,0,
K01035,26,0,1,0,57,0,0,
K02469,27,11,5,3,10,20,4,
K02106,0,0,0,0,0,0,0,
K00626,0,0,0,0,0,0,0,
K00568,105,9,8,14,152,30,0,
K00525,453,110,47,114,543,168,30,
K00526,77,24,10,15,83,20,6,
K01126,0,0,0,0,0,0,0,
K11107,0,0,0,0,0,0,0,
K02445,400,133,25,23,340,311,23,
K00111,209,22,0,7,160,25,7,
K00112,95,18,1,11,126,26,1,
K00113,21,3,0,1,11,8,1,
K12660,0,0,0,0,0,0,0,
K12661,213,8,0,2,251,6,6,
K03742,112,5,0,4,103,5,6,
K12944,93,4,2,2,78,4,0,
K07806,130,8,5,16,194,12,8,
K10012,127,14,5,13,139,8,2,
K10011,223,42,11,18,293,35,15,
K13014,80,16,4,11,146,43,10,
K07264,212,15,2,11,218,18,6,
K01911,67,90,1,43,57,9,9,
K12962,0,0,0,0,0,0,0,
K12963,0,0,0,0,0,0,0,
K19238,0,0,0,0,0,0,0,
K02549,94,5,9,2,105,42,3,
K01661,120,25,8,12,112,128,9,
K02551,109,19,11,7,92,70,2,
K08680,0,0,0,0,0,0,0,
K02552,188,45,14,12,203,78,17,
K05594,65,23,12,10,82,44,5,
K02348,496,215,70,72,691,413,48,
K00784,62,4,0,8,100,3,3,
K00343,0,0,0,0,0,0,0,
K03415,0,0,0,0,0,0,0,
K00342,311,45,21,39,395,351,22,
K00341,509,130,29,62,508,412,32,
K00336,469,125,45,82,532,397,48,
K00340,0,0,0,0,0,0,0,
K00339,0,0,0,0,0,0,0,
K00338,0,0,0,0,0,0,0,
K00337,0,0,0,0,0,0,0,
K00335,287,80,27,69,287,349,64,
K13378,227,77,18,67,307,185,17,
K00334,0,0,0,0,0,0,0,
K00331,197,140,55,80,240,138,40,
K00330,172,132,26,81,198,71,41,
K14260,32,8,0,6,37,13,4,
K08722,0,0,0,0,0,0,0,
K19270,168,9,15,10,181,74,5,
K09161,134,81,20,20,185,117,27,
K09899,156,26,18,23,145,60,11,
K00925,708,218,96,45,664,512,37,
K13788,288,88,33,27,362,285,25,
K07095,105,31,8,24,105,36,14,
K00799,152,61,11,20,160,117,25,
K11209,182,41,11,12,273,115,16,
K07589,141,56,21,5,133,81,12,
K07071,365,81,59,25,339,322,21,
K10017,0,0,0,0,1,0,0,
K03790,0,0,0,0,0,0,0,
K10015,106,44,19,12,189,76,19,
K10016,177,67,18,11,313,71,15,
K10014,353,169,38,47,790,105,51,
K10013,426,408,66,47,1485,271,57,
K00764,212,95,26,43,397,98,27,
K03186,0,0,0,0,0,0,0,
K03558,142,109,2,54,151,64,30,
K03749,0,0,0,0,0,0,0,
K11754,82,34,4,44,106,47,17,
K01963,132,48,14,32,119,48,5,
K03975,106,94,25,57,142,82,37,
K06173,46,4,0,3,54,12,2,
K00133,81,19,5,9,130,14,7,
K03473,97,23,8,5,99,31,10,
K00647,15,1,2,2,17,14,0,
K07724,0,0,0,0,0,0,0,
K15461,291,65,1,27,358,29,14,
K09906,0,0,0,0,0,0,0,
K07090,63,3,0,6,50,7,1,
K07261,58,3,0,2,56,6,0,
K01736,111,22,7,16,84,51,20,
K07320,227,35,5,32,232,81,10,
K01782,1075,586,153,220,1160,1071,195,
K08296,0,0,0,0,0,0,0,
K00626,307,81,24,51,335,196,25,
K06076,403,252,78,53,739,188,44,
K04754,18,4,0,1,11,10,2,
K21990,62,1,0,1,74,13,0,
K03406,199,27,7,14,182,6,4,
K08476,91,0,4,2,83,2,0,
K08475,168,39,2,16,216,57,6,
K09912,0,0,0,0,0,0,0,
K08478,201,14,9,18,177,31,6,
K11382,246,2,0,4,239,13,4,
K12974,63,82,8,12,106,3,16,
K14261,276,134,26,46,387,134,10,
K02478,234,5,3,2,301,0,5,
K23991,55,8,4,8,67,12,2,
K02477,0,0,0,0,0,0,0,
K08326,82,0,0,1,80,1,0,
K00845,113,8,0,9,189,6,1,
K11202,0,0,0,0,0,0,0,
K04103,68,15,10,8,81,61,12,
K19265,226,10,2,2,270,22,0,
K01857,97,72,6,4,128,8,7,
K01443,1,0,0,0,1,0,0,
K03322,292,91,0,47,478,23,37,
K11535,396,35,29,6,383,251,2,
K01885,32,11,7,3,40,4,2,
K15580,295,10,3,4,387,11,7,
K19416,97,81,5,33,81,37,21,
K21966,305,5,1,18,364,5,2,
K11179,0,0,0,0,0,0,0,
K01512,0,0,0,0,0,0,0,
K06969,186,24,4,19,198,25,4,
K06929,0,0,0,0,0,0,0,
K11940,0,0,0,0,0,0,0,
K03658,140,25,14,23,144,108,15,
K09909,0,0,0,0,0,0,0,
K01734,0,0,0,0,0,0,0,
K07343,0,0,0,0,0,0,0,
K13053,115,41,0,18,141,15,6,
K03286,7147,1755,907,431,7286,6654,353,
K09911,13,6,0,1,16,5,1,
K04770,245,77,8,46,271,59,17,
K06192,153,43,15,25,211,110,16,
K01716,0,0,0,0,0,0,0,
K03812,0,0,0,0,0,0,0,
K09857,0,0,0,0,0,0,0,
K03808,124,18,4,15,108,35,8,
K15738,239,62,14,11,302,88,11,
K12297,252,72,35,35,251,93,14,
K07140,175,39,5,31,217,59,19,
K18657,0,0,0,0,0,0,0,
K00254,144,92,30,26,168,82,17,
K00299,82,0,0,3,94,0,0,
K15553,62,0,0,2,69,2,0,
K04091,6,0,0,0,14,0,0,
K01256,29,6,2,1,28,12,3,
K15554,0,0,0,0,0,0,0,
K15555,0,0,0,0,0,0,0,
K00763,277,88,19,38,288,77,17,
K01893,431,131,39,126,526,361,52,
K09476,682,1272,187,700,1068,1061,381,
K00813,21,10,9,6,41,15,3,
K03632,1144,539,192,128,1002,774,120,
K01069,0,0,0,0,0,0,0,
K21470,0,0,0,0,0,0,0,
K03804,3,0,0,1,6,3,0,
K03633,70,29,9,12,99,48,6,
K06219,113,7,8,19,89,29,2,
K00979,195,46,45,15,244,190,9,
K09927,158,40,4,22,128,66,18,
K09791,0,0,0,0,0,0,0,
K00912,39,5,2,3,24,2,4,
K11085,58,25,7,27,51,39,14,
K02238,279,127,44,104,288,150,31,
K02945,516,176,80,102,580,375,34,
K05788,0,0,0,0,0,0,0,
K00945,563,357,39,182,597,730,97,
K00800,137,59,23,24,157,59,12,
K00831,173,36,5,27,213,52,17,
K09136,208,1,6,16,246,20,2,
K06212,481,278,29,55,502,334,40,
K00656,1745,1167,156,269,1738,1700,265,
K04069,0,0,0,0,0,0,0,
K02822,70,15,9,14,84,51,4,
K03475,289,18,2,9,385,2,8,
K00615,195,0,0,2,242,8,2,
K08219,4,1,0,0,5,0,0,
K02821,0,0,0,0,0,0,0,
K07306,331,70,30,23,274,354,11,
K07308,0,0,0,0,0,0,0,
K07307,0,0,0,0,0,0,0,
K01875,247,60,23,13,299,163,12,
K03466,218,100,11,53,232,102,29,
K07478,0,0,0,0,0,0,0,
K03634,0,0,0,0,0,0,0,
K03719,355,271,41,114,453,212,74,
K00384,192,96,32,42,188,114,28,
K16013,197,34,2,41,152,40,4,
K16012,200,90,2,29,217,66,6,
K00684,27,17,1,6,32,12,3,
K02518,0,0,0,0,0,0,0,
K06911,136,2,5,0,123,4,0,
K03212,37,1,1,0,32,2,0,
K11074,56,8,0,2,41,2,1,
K11075,88,21,5,2,103,53,9,
K11076,210,7,9,7,236,60,4,
K11073,149,31,16,14,229,51,15,
K05844,111,57,4,25,106,44,7,
K10678,83,27,4,19,111,32,6,
K03674,121,130,6,71,83,21,27,
K07085,269,131,19,55,398,96,36,
K23778,0,0,0,0,0,0,0,
K20861,0,0,0,0,0,0,0,
K08160,15,0,0,1,7,3,0,
K19302,34,5,0,0,44,2,0,
K07258,8,6,1,1,11,19,1,
K11534,0,0,0,0,0,0,0,
K21430,136,63,18,17,190,138,24,
K00799,0,0,0,0,0,0,0,
K19688,140,100,26,26,174,107,11,
K14441,63,10,2,6,41,6,0,
K13891,0,0,0,0,0,0,0,
K02033,15,1,0,3,20,7,1,
K13889,91,1,4,0,89,6,0,
K13892,351,47,40,40,443,103,11,
K13051,162,33,2,17,181,51,15,
K00984,187,42,10,27,332,40,14,
K03750,171,48,4,20,204,41,9,
K21029,14,2,0,3,6,2,0,
K08313,14,3,1,1,12,9,3,
K04069,127,0,0,1,131,10,0,
K07757,101,42,0,10,127,14,2,
K06158,31,6,0,5,25,6,6,
K19235,0,0,0,0,0,0,0,
K11924,87,2,4,8,174,22,5,
K11934,9,11,0,1,10,9,2,
K11939,155,12,2,12,163,45,0,
K04047,1307,406,226,156,1009,1189,112,
K02030,280,326,56,223,461,267,74,
K02029,92,98,0,61,98,27,19,
K02028,168,108,14,114,305,56,43,
K22044,182,29,0,7,252,27,6,
K06970,0,0,0,0,0,0,0,
K13650,134,29,7,16,126,37,4,
K16090,289,8,6,10,391,20,8,
K07336,47,11,0,2,41,2,1,
K13574,18,8,1,3,22,11,1,
K06204,0,0,0,0,0,0,0,
K12151,0,0,0,0,0,0,0,
K03722,206,63,33,21,201,154,13,
K11927,178,16,3,10,178,4,6,
K23777,122,12,11,0,114,39,10,
K25183,124,14,15,0,151,42,1,
K25182,221,9,6,0,274,50,0,
K25181,256,11,0,4,270,22,4,
K25180,157,46,16,25,168,54,7,
K06131,248,9,10,8,321,19,0,
K07027,30,1,0,0,26,11,0,
K06890,19,7,2,2,24,10,4,
K03635,249,112,19,19,349,157,17,
K03636,0,0,0,0,0,0,0,
K03637,22,5,2,1,21,12,1,
K03638,0,0,0,0,0,0,0,
K03639,178,23,14,17,125,102,6,
K03702,306,96,57,53,255,102,24,
K01935,1,0,0,0,0,0,0,
K02169,18,1,2,0,14,2,1,
K00652,68,0,2,0,71,0,0,
K01012,97,0,0,0,102,5,0,
K00833,171,0,4,0,188,6,0,
K01745,27,0,0,0,18,0,0,
K01712,449,88,101,57,470,596,44,
K05836,175,56,43,18,156,207,6,
K01479,32,8,0,5,66,6,0,
K01468,131,6,10,19,131,58,3,
K01051,255,66,60,22,295,114,6,
K10930,155,21,0,5,190,8,3,
K10931,455,37,6,11,420,6,8,
K10962,44,3,0,2,41,0,0,
K10932,241,26,0,8,288,4,10,
K10933,120,2,1,0,142,3,1,
K10965,149,8,6,4,136,6,2,
K10934,99,8,0,4,121,0,0,
K02654,140,0,0,2,153,0,0,
K19304,76,2,0,0,73,7,0,
K07404,12,0,0,0,24,1,1,
K02017,39,8,5,4,38,12,5,
K21064,0,0,0,0,0,0,0,
K02018,97,4,6,4,79,29,2,
K02020,152,11,11,2,271,134,3,
K25859,120,3,2,0,157,1,5,
K02019,101,13,2,17,109,13,3,
K05776,180,32,0,28,212,28,6,
K01784,214,90,12,33,210,47,23,
K00965,95,49,2,8,104,42,17,
K00849,147,120,15,7,184,58,66,
K01785,245,131,9,29,303,98,50,
K01626,45,23,2,25,48,9,5,
K01834,0,0,0,0,0,0,0,
K16264,62,8,4,0,51,6,2,
K03811,0,0,0,0,0,0,0,
K03517,234,94,29,41,235,155,20,
K03641,644,326,113,116,607,594,57,
K03640,0,0,0,0,0,0,0,
K03646,399,160,67,75,439,248,35,
K03559,31,17,1,3,24,16,4,
K03562,69,26,11,17,61,19,12,
K07107,65,18,8,15,65,22,10,
K00426,28,10,5,7,52,4,8,
K00425,2228,1003,240,389,2090,2349,192,
K00424,0,0,0,0,0,0,0,
K01846,150,8,6,1,119,129,0,
K19268,335,8,4,2,296,267,2,
K04835,419,8,5,4,371,349,6,
K01425,166,6,6,10,175,64,1,
K01676,195,8,2,8,215,48,4,
K03566,20,2,1,1,16,1,0,
K19221,0,0,0,0,0,0,0,
K02303,3,0,0,0,1,0,0,
K21948,111,12,6,12,124,8,11,
K22130,56,4,3,1,49,14,0,
K01816,137,8,4,4,101,6,4,
K18013,124,7,0,1,97,1,4,
K03453,140,14,2,8,203,34,25,
K11477,15,5,0,0,5,5,1,
K01902,0,0,0,0,0,0,0,
K01903,69,7,2,25,79,211,18,
K00164,575,257,76,156,622,616,123,
K00658,0,0,0,0,0,0,0,
K00239,477,296,66,112,558,440,73,
K00240,0,0,0,0,0,0,0,
K00242,78,16,11,27,106,48,6,
K00241,115,47,12,49,131,49,24,
K01647,521,410,49,190,560,275,98,
K07120,65,3,3,9,38,3,0,
K05522,0,0,0,0,0,0,0,
K01304,23,4,0,2,37,6,2,
K07160,64,8,0,5,62,16,3,
K23124,65,6,6,3,48,15,8,
K23123,77,20,1,11,118,41,12,
K03305,115,0,0,1,105,0,0,
K24087,0,0,0,0,0,0,0,
K01669,217,15,0,15,172,13,0,
K01546,252,2,6,7,385,2,4,
K01547,234,4,0,0,274,2,0,
K01548,74,3,0,4,84,14,2,
K07646,420,30,19,14,547,50,12,
K07667,158,7,7,2,136,7,4,
K01835,7,0,0,0,5,0,0,
K03756,0,0,0,0,0,0,0,
K03645,159,61,84,50,222,159,26,
K01175,175,2,0,3,145,9,0,
K03839,86,39,10,35,118,41,12,
K03711,305,235,59,62,375,186,40,
K13794,80,10,2,2,95,6,6,
K13796,160,11,6,3,187,16,4,
K13795,114,10,10,6,172,8,2,
K03288,44,1,0,1,55,4,0,
K02529,139,24,6,8,196,18,2,
K01886,0,0,0,0,0,0,0,
K02804,391,176,27,100,323,252,66,
K02564,282,90,8,20,303,103,39,
K01443,256,49,11,30,261,43,27,
K02565,171,47,9,27,175,53,26,
K02566,164,42,15,30,223,79,14,
K01953,204,46,9,52,230,86,18,
K03184,179,96,45,46,204,131,26,
K06168,257,47,14,44,366,50,12,
K06217,262,152,35,51,291,167,18,
K07042,128,66,10,13,129,41,6,
K06189,367,138,12,67,282,160,33,
K03820,243,17,5,6,280,21,4,
K10001,767,790,187,361,1658,548,259,
K10003,134,29,11,13,199,40,29,
K10002,73,21,6,17,96,42,9,
K10004,149,36,1,29,210,65,16,
K01250,65,18,0,8,75,9,8,
K01869,774,369,93,171,824,567,108,
K03643,147,92,14,40,166,87,15,
K02340,35,9,0,4,56,14,1,
K04720,0,0,0,0,0,0,0,
K00969,6,1,0,3,3,4,1,
K02226,54,22,2,10,90,29,4,
K09710,102,21,4,20,102,22,7,
K00783,62,13,0,12,85,3,6,
K05515,267,12,4,17,372,6,7,
K05837,176,13,5,13,209,44,10,
K03642,163,16,2,26,181,14,12,
K07258,147,24,4,12,143,16,9,
K09158,157,149,45,95,185,158,40,
K03801,126,43,6,27,101,20,4,
K03644,119,96,21,53,113,52,28,
K03425,0,0,0,0,0,0,0,
K06199,39,10,6,3,34,5,0,
K03704,0,0,0,0,0,0,0,
K12973,2543,5913,2924,952,2349,1549,1028,
K03326,114,4,6,1,90,13,2,
K07700,79,7,1,8,105,25,3,
K07702,0,0,0,0,0,0,0,
K01910,140,6,0,0,114,1,0,
K01646,11,1,0,0,7,0,0,
K01644,51,0,0,0,85,2,0,
K01643,113,0,0,0,87,0,0,
K05964,22,0,0,0,30,0,3,
K05966,98,4,2,0,103,4,0,
K09477,211,5,2,5,293,6,2,
K01169,39,0,0,1,36,0,0,
K00433,117,44,3,8,202,31,7,
K03387,90,46,12,27,94,40,23,
K06140,0,0,0,0,0,0,0,
K11932,0,0,0,0,0,0,0,
K24119,148,83,13,57,119,46,37,
K03805,121,2,8,8,109,10,0,
K14287,0,0,0,0,1,0,0,
K06200,364,126,30,84,487,295,34,
K08317,0,0,0,0,0,0,0,
K24147,50,24,10,8,93,40,7,
K00216,30,0,0,4,31,2,2,
K01252,0,0,0,0,0,0,0,
K02363,142,14,4,8,159,7,1,
K02361,162,22,0,18,163,7,9,
K08225,76,3,0,1,102,1,0,
K23185,0,0,0,0,0,0,0,
K23186,89,18,0,12,106,8,2,
K02364,299,68,22,22,333,94,17,
K23187,0,0,0,0,0,0,0,
K23188,0,0,0,0,0,0,0,
K07214,142,2,3,9,163,6,5,
K05375,0,0,0,0,0,0,0,
K19611,501,24,4,10,510,16,2,
K02362,140,2,4,0,117,10,0,
K17202,163,6,2,6,156,12,0,
K17204,224,6,0,4,288,14,0,
K17203,8,0,0,0,10,0,0,
K00615,179,0,0,2,175,0,0,
K00864,121,14,2,8,132,24,7,
K22479,3,1,0,1,3,1,0,
K06048,123,24,21,2,172,47,7,
K13985,86,7,15,27,65,24,5,
K18325,0,0,0,0,0,0,0,
K10679,70,37,6,34,114,15,13,
K16053,59,4,0,2,45,2,0,
K02529,0,0,0,0,0,0,0,
K11732,199,0,0,2,177,1,0,
K19231,1258,19,6,10,1458,22,4,
K21087,96,12,2,1,90,8,4,
K21741,11,9,3,0,19,3,0,
K21739,28,2,0,3,28,1,2,
K07787,205,8,4,2,257,6,0,
K21740,0,0,0,0,0,0,0,
K21746,0,0,0,0,0,0,0,
K07798,252,7,0,2,310,4,2,
K07796,183,6,0,6,170,0,1,
K07810,0,0,0,0,0,0,0,
K07665,102,8,8,10,134,14,6,
K07644,232,12,0,6,264,9,2,
K07812,45,0,5,0,46,9,0,
K06897,0,0,0,0,0,0,0,
K07821,274,2,15,0,272,237,9,
K07811,337,14,14,5,407,71,8,
K14061,0,0,0,0,0,0,0,
K03533,0,0,0,0,0,0,0,
K03532,169,0,1,4,198,7,2,
K11930,64,0,0,0,71,2,0,
K07772,17,0,0,0,19,0,0,
K07647,385,28,6,15,457,30,4,
K08087,123,4,0,0,102,0,0,
K08088,159,2,5,2,226,2,2,
K07347,234,12,16,5,259,56,1,
K07688,0,0,0,0,0,0,0,
K07348,0,0,0,0,0,0,0,
K07350,0,0,0,0,0,0,0,
K07346,114,4,3,0,116,16,0,
K07351,91,10,2,5,65,30,0,
K07345,245,24,24,14,188,198,5,
K01491,59,9,0,14,60,15,12,
K01883,0,0,0,0,0,0,0,
K14761,0,0,0,0,0,0,0,
K07038,0,0,0,0,0,0,0,
K03767,131,89,22,26,154,56,11,
K03269,146,32,2,10,170,19,9,
K01588,48,21,10,53,59,8,2,
K01589,133,47,2,58,126,30,11,
K06917,48,1,0,3,40,0,0,
K02072,0,0,0,0,0,0,0,
K02071,78,0,1,5,85,3,3,
K02073,86,6,2,4,80,4,1,
K02004,230,3,2,0,212,7,0,
K02003,86,5,2,8,108,18,3,
K10804,61,21,1,16,44,20,14,
K05838,8,6,2,3,14,3,2,
K02069,1,0,1,1,4,0,0,
K02068,213,17,3,2,211,13,5,
K07340,94,18,6,14,109,56,9,
K19591,0,0,0,0,0,0,0,
K16087,392,5,2,4,479,5,0,
K25132,59,4,0,0,64,2,0,
K21936,155,6,0,0,173,6,2,
K07227,55,1,0,1,44,3,0,
K25133,155,2,0,0,150,4,2,
K10834,71,2,0,4,100,8,2,
K17686,631,5070,53,2480,1007,634,1326,
K09973,1,1,0,0,4,0,0,
K11751,115,9,3,16,134,14,4,
K03976,0,0,0,0,0,0,0,
K08223,227,22,2,24,294,33,8,
K03455,137,35,8,7,135,77,16,
K00892,6,3,0,3,9,4,0,
K01772,2,0,0,0,2,0,0,
K01066,0,0,0,0,0,0,0,
K04079,209,51,10,77,232,131,16,
K00939,0,0,0,0,0,0,0,
K02343,214,116,25,70,255,94,43,
K06187,0,0,0,0,0,0,0,
K09747,0,0,0,0,0,0,0,
K05802,225,62,13,59,277,50,22,
K00759,0,0,0,0,0,0,0,
K09790,0,0,0,0,0,0,0,
K04067,0,0,0,0,0,0,0,
K03577,109,16,2,11,110,4,8,
K03585,316,130,32,35,425,197,32,
K18138,597,117,103,96,843,1288,45,
K19162,81,313,13,56,132,26,38,
K05839,22,122,13,20,32,10,24,
K00661,157,39,1,21,220,6,7,
K02919,0,0,0,0,0,0,0,
K02909,26,14,1,9,32,13,8,
K07149,484,127,107,34,601,421,40,
K09914,120,39,25,3,138,58,7,
K07443,0,0,0,0,0,0,0,
K03320,378,134,85,24,389,237,11,
K10805,0,0,0,0,0,0,0,
K18890,226,0,0,4,227,14,2,
K04752,0,0,0,0,0,0,0,
K18889,285,15,6,20,292,70,12,
K05800,78,11,0,4,122,8,3,
K11938,19,6,0,3,17,5,1,
K11925,351,17,10,30,366,34,13,
K03770,60,18,1,8,42,22,8,
K06920,0,0,0,0,0,0,0,
K12500,0,0,0,0,0,0,0,
K02237,0,0,0,0,0,0,0,
K01338,648,482,175,217,745,753,116,
K03530,0,0,0,0,0,0,0,
K03544,247,85,20,83,326,162,36,
K01358,48,16,4,14,69,66,17,
K03545,230,144,45,71,300,200,27,
K05527,289,287,70,36,384,222,34,
K07286,58,8,4,12,80,16,2,
K08218,149,11,8,6,124,14,6,
K02297,278,198,55,132,404,171,45,
K02298,442,249,48,223,611,646,83,
K02299,132,68,15,74,153,136,29,
K02300,94,26,9,29,113,127,11,
K02257,210,108,27,62,252,357,38,
K11903,251,53,21,20,249,63,13,
K09767,9,12,0,1,13,7,2,
K00077,236,95,15,17,235,92,21,
K03152,35,6,2,1,41,7,3,
K03151,38,0,3,7,31,4,1,
K03602,36,22,7,17,36,28,6,
K00795,102,18,3,16,148,17,5,
K01662,398,79,19,48,469,76,17,
K23107,94,45,19,16,148,93,9,
K01095,0,0,0,0,0,0,0,
K00946,100,13,3,19,153,27,10,
K03625,24,0,0,6,53,0,0,
K11752,102,36,14,30,119,25,6,
K00794,0,0,0,0,0,0,0,
K07738,72,9,4,23,77,22,3,
K05517,29,0,1,6,26,16,0,
K03074,8,2,0,0,6,2,0,
K06996,0,0,0,0,0,0,0,
K03072,179,35,14,43,233,97,17,
K00773,144,72,30,57,148,116,18,
K03210,0,0,0,0,0,0,0,
K07568,247,63,17,34,201,88,7,
K08682,0,0,1,0,0,0,0,
K03386,0,0,0,0,0,0,0,
K09932,68,4,2,8,94,8,0,
K11736,200,16,4,9,219,20,2,
K03311,289,7,5,15,263,35,11,
K07636,247,112,16,55,295,91,15,
K07657,157,13,4,4,157,44,4,
K03547,172,14,0,8,191,7,2,
K03546,329,20,0,10,340,34,11,
K08156,99,1,0,1,158,0,2,
K03554,59,16,4,9,50,17,3,
K14591,84,32,23,25,105,44,21,
K09913,0,0,0,0,0,0,0,
K00891,225,113,38,37,259,85,28,
K09768,99,110,26,40,150,32,24,
K18968,25,1,1,0,32,0,0,
K00286,0,0,0,0,0,0,0,
K01077,390,82,46,17,382,123,14,
K08161,165,7,1,2,130,10,3,
K01921,180,37,6,33,179,41,6,
K17938,192,62,10,41,283,73,12,
K18988,0,0,0,0,0,0,0,
K01698,58,42,0,16,80,16,6,
K20264,73,23,15,27,88,19,6,
K20263,171,16,6,8,295,6,8,
K07783,398,116,81,14,1090,249,24,
K02012,268,79,21,27,858,259,20,
K02011,257,34,17,11,563,83,14,
K02010,3,0,0,0,17,2,0,
K00547,0,0,0,0,0,0,0,
K16235,185,111,29,67,220,171,42,
K05819,271,2,3,11,257,26,2,
K01666,124,2,0,6,158,11,1,
K04073,124,0,1,0,130,14,2,
K02554,85,0,0,2,96,0,0,
K05714,72,0,0,0,86,0,0,
K05713,3,0,0,0,3,0,0,
K05712,86,0,0,0,107,2,0,
K05818,148,60,24,7,254,20,15,
K13633,27,6,0,2,25,7,1,
K02529,210,13,2,14,225,4,6,
K01190,410,35,7,22,501,35,6,
K01908,10,0,0,2,23,4,1,
K02532,0,0,0,0,0,0,0,
K01720,239,12,4,18,283,92,8,
K01659,156,2,1,19,236,20,1,
K03417,135,7,4,9,141,14,6,
K02688,238,131,24,84,457,57,31,
K03329,142,14,2,16,135,15,0,
K13069,191,10,2,8,144,6,2,
K02014,25,1,0,0,18,0,0,
K02574,0,0,0,0,0,0,0,
K03406,168,10,0,2,209,6,0,
K03326,115,6,0,0,118,2,4,
K01258,249,11,4,5,319,104,6,
K09982,42,22,2,8,92,9,5,
K14052,278,53,9,22,419,147,9,
K05520,0,0,0,0,0,0,0,
K09470,244,22,10,8,304,19,4,
K09473,110,13,9,3,129,17,0,
K14056,123,42,10,14,167,5,0,
K09472,136,2,0,0,148,2,0,
K09471,76,10,2,2,105,6,5,
K06282,159,0,0,4,235,2,1,
K06281,188,8,4,2,304,8,0,
K03620,109,2,0,0,105,6,0,
K03605,46,0,0,0,24,0,0,
K03619,21,0,0,0,43,0,0,
K03618,120,0,1,0,126,0,0,
K00425,196,1,1,8,164,8,8,
K00426,206,2,0,6,251,1,2,
K22501,33,0,0,0,37,0,0,
K11903,133,57,4,14,175,35,19,
K07451,0,0,0,0,1,0,0,
K00558,139,42,6,21,134,10,6,
K07459,312,96,14,50,375,228,52,
K06946,211,20,6,2,248,4,3,
K03630,59,0,0,1,63,0,2,
K18838,38,1,1,0,61,1,0,
K18837,119,1,2,0,134,0,0,
K07733,0,0,0,0,0,0,0,
K21967,9,0,0,0,3,0,0,
K21968,0,0,0,0,0,0,0,
K21966,259,55,0,22,384,52,9,
K21965,87,15,9,12,93,8,9,
K21964,158,26,20,28,128,71,17,
K00147,179,3,0,3,204,0,3,
K00931,128,50,12,39,162,101,21,
K11929,83,0,0,0,69,0,0,
K11750,132,99,28,49,194,92,20,
K11926,0,0,0,0,0,0,0,
K00769,85,32,11,5,69,22,7,
K01270,104,42,5,35,106,62,6,
K02346,4,0,0,0,6,1,1,
K02557,186,0,0,2,161,0,0,
K02556,140,6,4,4,158,2,0,
K02405,176,2,0,0,219,2,0,
K02414,70,0,0,3,83,0,0,
K02415,0,0,0,0,0,0,0,
K02407,51,0,0,0,62,1,0,
K02422,0,0,0,0,0,0,0,
K02406,115,0,0,1,138,1,0,
K02397,41,0,0,0,52,0,0,
K02396,151,4,0,3,141,2,2,
K02394,135,2,0,2,121,2,0,
K02395,0,0,0,0,0,0,0,
K02393,87,0,0,0,119,2,0,
K02392,121,0,0,0,132,0,0,
K02390,43,0,0,0,66,1,0,
K02389,186,3,2,0,240,4,0,
K02388,86,0,0,0,95,0,0,
K02387,34,0,0,0,37,0,0,
K02386,134,5,0,0,193,0,0,
K02398,38,0,0,1,44,1,0,
K02399,57,4,0,3,70,6,2,
K18475,164,3,2,6,172,0,0,
K02412,62,0,0,0,50,0,0,
K00980,0,0,0,0,0,0,0,
K02413,0,0,0,0,0,0,0,
K02411,34,2,0,0,50,0,0,
K02410,0,0,0,0,0,0,0,
K02409,114,0,0,0,127,2,0,
K02408,0,0,0,0,0,0,0,
K02417,36,0,0,0,42,0,0,
K02419,89,0,0,0,83,0,2,
K02421,71,0,1,0,123,0,0,
K02401,158,0,1,3,159,1,0,
K02400,145,2,0,0,151,2,0,
K19303,14,0,0,0,25,0,0,
K03271,182,52,12,35,162,80,14,
K06445,1365,767,211,227,1777,803,124,
K21086,0,0,0,0,0,0,0,
K06006,0,0,0,0,0,0,0,
K12518,130,2,5,1,151,3,0,
K12519,0,0,0,0,0,0,0,
K07345,94,0,0,0,75,0,2,
K02342,101,5,4,4,149,6,1,
K03469,2,0,0,0,3,0,0,
K01069,182,31,9,11,218,36,6,
K08307,145,172,36,174,253,162,61,
K19577,224,87,6,23,216,98,29,
K06222,3,0,0,0,4,1,0,
K11893,157,0,0,0,193,0,0,
K03286,343,0,2,0,479,4,0,
K11903,161,0,2,0,120,5,0,
K11907,384,5,0,2,452,5,1,
K11904,430,6,0,2,471,6,0,
K11891,440,0,0,4,519,8,0,
K11910,174,5,2,0,184,0,0,
K11895,60,2,0,3,84,0,0,
K11895,50,3,0,1,48,0,0,
K11895,201,11,0,2,258,6,0,
K11895,213,5,2,0,278,0,8,
K11906,58,2,0,0,71,2,0,
K11905,29,0,0,0,34,0,0,
K11911,208,13,0,0,311,12,0,
K07345,97,4,0,0,124,2,0,
K12518,612,1,0,4,673,6,4,
K12519,168,3,0,4,212,2,2,
K09690,125,0,0,0,132,0,1,
K01854,205,0,2,0,249,2,0,
K07497,52,0,0,0,71,0,0,
K07497,45,5,0,1,56,0,0,
K07483,0,0,0,0,0,0,0,
K07150,143,29,10,10,145,2,6,
K03289,7,0,0,1,12,2,0,
K08306,313,42,17,25,284,221,8,
K03575,153,9,2,1,245,16,0,
K03439,114,38,25,10,152,64,6,
K09923,90,35,19,17,91,60,7,
K01424,22,2,1,0,17,18,4,
K02495,45,9,0,2,46,0,0,
K01519,60,9,2,14,97,14,1,
K09131,5,0,0,0,1,0,0,
K02221,2,0,0,0,6,0,0,
K06997,80,30,6,22,85,42,1,
K07447,0,0,0,0,0,0,0,
K07735,5,1,1,1,9,0,1,
K01920,148,14,6,21,179,9,5,
K09761,119,44,16,25,140,51,14,
K01150,94,21,6,11,92,30,3,
K08137,91,6,2,3,63,3,1,
K02742,0,0,0,0,0,0,0,
K00789,214,14,2,1,188,15,5,
K01480,31,2,0,5,27,24,4,
K07387,20,10,2,4,23,5,0,
K00615,320,114,11,69,340,192,42,
K02821,64,10,2,6,61,4,0,
K02800,282,4,0,14,339,5,4,
K19956,154,0,0,18,120,12,3,
K01774,82,23,16,8,65,18,0,
K02173,124,17,12,20,115,8,4,
K03472,205,110,21,82,213,101,23,
K00927,521,360,61,145,656,498,85,
K01624,740,447,77,155,881,662,85,
K21395,18,1,0,2,12,0,1,
K03442,0,0,0,0,0,0,0,
K06895,122,4,2,2,126,0,4,
K09807,226,74,35,21,348,130,25,
K22214,1,2,0,0,8,3,2,
K11264,63,1,5,1,87,5,1,
K01847,78,4,0,2,95,12,6,
K07588,0,0,0,0,0,0,0,
K05596,103,18,6,5,90,26,8,
K01807,115,24,26,10,100,77,8,
K00058,149,81,8,75,204,118,29,
K01934,83,15,2,12,76,3,8,
K09888,15,9,3,9,14,5,0,
K09895,42,36,6,25,87,39,9,
K01262,183,70,8,54,265,88,18,
K03185,183,43,15,68,171,90,21,
K18800,261,66,4,28,253,70,33,
K00605,285,26,25,30,210,165,10,
K02437,100,29,11,20,101,92,10,
K00281,496,50,69,73,444,492,28,
K01223,6,2,1,1,11,1,0,
K00059,0,0,0,0,0,0,0,
K09900,26,10,3,6,38,5,3,
K06980,30,17,2,21,29,23,6,
K11068,0,0,0,0,0,0,0,
K09159,39,13,4,10,51,14,0,
K03840,18,0,4,1,25,0,0,
K19168,0,0,0,0,0,0,0,
K04763,141,26,11,19,145,62,11,
K03981,108,32,12,9,152,23,4,
K07462,176,23,6,22,230,35,6,
K02836,141,30,17,47,201,52,19,
K04567,149,13,6,36,159,53,10,
K01823,18,7,0,6,14,4,1,
K12943,117,45,0,49,105,59,16,
K11935,489,144,47,50,473,158,32,
K11931,362,49,29,16,406,84,16,
K11936,236,14,18,16,312,59,14,
K11937,8,1,0,0,9,1,1,
K06975,0,0,0,0,0,0,0,
K06867,115,18,0,6,121,33,6,
K02381,145,2,0,2,158,13,2,
K06901,205,4,4,4,205,10,0,
K00926,149,0,0,1,194,4,0,
K01485,41,0,0,0,74,0,0,
K08970,1,0,0,0,0,0,0,
K23240,0,0,0,0,0,0,0,
K00626,283,36,56,55,366,146,29,
K01815,186,2,0,1,173,2,0,
K00065,63,1,0,7,38,5,3,
K25316,1,0,0,2,4,0,1,
K01586,29,0,0,1,51,0,4,
K02529,0,0,0,0,0,0,0,
K02529,174,19,4,11,212,22,6,
K05939,262,56,14,21,288,54,3,
K08227,6,2,2,0,11,13,0,
K03573,135,10,0,11,112,5,0,
K08311,161,102,27,43,190,89,38,
K08484,503,193,28,124,449,203,69,
K13292,237,35,14,29,275,52,18,
K00560,167,63,25,22,177,151,31,
K02679,30,0,0,0,45,6,0,
K02680,59,1,0,0,89,1,0,
K02681,29,4,2,1,20,4,0,
K03583,507,146,40,56,562,131,25,
K01407,357,168,28,141,387,56,51,
K03582,465,146,10,111,466,155,52,
K03581,56,9,0,15,68,37,11,
K14682,9,0,0,1,5,0,0,
K01448,145,20,16,20,211,25,10,
K08304,173,50,15,16,177,62,2,
K22132,0,2,0,0,2,4,0,
K01766,42,6,1,5,66,4,5,
K02426,0,0,0,0,0,0,0,
K03566,207,107,27,27,198,66,16,
K06968,36,4,0,10,60,8,4,
K02430,0,0,0,0,0,0,0,
K00879,44,48,1,18,33,7,16,
K02431,0,0,0,0,0,0,0,
K01818,202,340,2,129,239,13,157,
K10441,243,35,10,16,305,10,20,
K10440,158,107,0,37,173,28,62,
K10439,168,198,0,172,192,83,101,
K00875,147,225,0,256,227,56,192,
K01628,263,112,12,125,363,211,115,
K00048,197,77,26,111,223,358,75,
K01146,0,0,0,0,0,0,0,
K01752,135,41,0,18,169,11,15,
K03837,147,23,4,14,173,14,3,
K06966,296,26,4,15,311,33,5,
K06879,231,89,22,42,334,160,22,
K15723,90,23,0,7,94,14,10,
K06175,93,4,2,9,117,10,3,
K06205,148,27,10,20,177,21,10,
K03535,319,4,3,0,426,5,0,
K13918,132,4,1,0,201,4,1,
K07678,16,0,0,0,5,1,0,
K01706,0,0,0,0,0,0,0,
K00865,0,0,0,0,0,0,0,
K03215,230,15,7,29,269,51,16,
K00951,354,104,15,62,323,170,40,
K04765,208,5,2,17,244,22,7,
K01937,730,295,82,157,878,693,74,
K01689,422,160,53,80,641,375,43,
K07349,8,0,0,2,3,1,0,
K07347,203,5,0,0,274,3,3,
K07349,0,0,0,0,0,0,0,
K07349,0,0,0,0,0,0,0,
K07346,114,0,0,0,109,0,0,
K07345,114,0,2,0,153,0,0,
K10026,95,22,10,15,79,35,11,
K01737,62,3,0,13,93,14,4,
K00380,165,249,11,171,194,67,61,
K00381,230,530,36,288,256,116,174,
K09612,7,4,0,4,4,0,3,
K00390,0,0,0,0,0,0,0,
K00957,135,190,7,132,219,12,47,
K00956,139,206,19,222,203,35,88,
K00860,85,19,1,48,86,6,26,
K05589,82,13,9,14,42,16,3,
K00991,89,8,1,7,100,5,2,
K01770,83,2,1,7,90,17,1,
K06176,102,25,19,20,114,72,17,
K03787,100,45,10,21,164,56,9,
K00573,46,6,2,5,52,10,4,
K03555,16,11,2,4,23,9,2,
K06194,0,0,0,0,0,0,0,
K03087,0,0,0,0,0,0,0,
K07345,0,0,0,0,0,0,0,
K11606,0,0,0,0,0,0,1,
K11605,347,956,38,302,762,159,204,
K11607,188,442,19,221,452,127,108,
K11604,31,51,2,58,77,17,30,
K15836,333,709,119,325,1013,166,182,
K04655,111,12,4,6,141,18,2,
K04654,196,99,134,61,154,187,65,
K04652,92,9,3,2,67,33,3,
K04653,0,0,0,0,0,0,0,
K04651,136,6,11,6,133,53,1,
K15833,56,0,0,0,49,0,0,
K15827,57,0,0,1,63,1,1,
K15828,161,0,4,0,235,8,0,
K15829,84,0,1,0,82,0,0,
K15830,240,11,4,3,204,7,2,
K15831,39,0,0,1,37,4,0,
K15832,80,0,5,4,53,6,4,
K15834,26,4,1,4,27,15,3,
K08315,19,1,1,0,21,4,0,
K01223,81,2,0,0,63,2,0,
K19048,0,0,0,0,0,0,0,
K02753,175,11,0,0,212,4,2,
K03487,117,22,4,21,132,18,8,
K05796,86,2,2,1,79,6,0,
K04656,162,4,4,5,199,15,4,
K12265,0,0,0,0,0,0,0,
K12264,110,3,0,2,95,2,2,
K12266,68,8,0,0,53,33,2,
K02467,0,0,0,0,0,0,0,
K02468,114,37,4,19,153,47,8,
K02466,5,0,1,0,11,0,0,
K00068,50,0,0,0,63,1,0,
K02782,66,1,0,0,67,0,0,
K02781,0,0,0,0,0,0,0,
K02783,128,0,0,0,147,0,0,
K08305,268,3,4,6,334,14,2,
K03743,107,23,8,23,100,17,7,
K03553,219,208,36,89,251,96,36,
K03565,58,1,0,2,69,0,4,
K01872,399,135,51,177,450,319,67,
K03563,1090,578,388,136,1087,745,127,
K01919,179,30,19,36,162,93,14,
K03446,11,1,0,4,22,4,3,
K07173,0,0,0,0,0,0,0,
K03543,159,11,0,13,185,25,4,
K15974,59,23,4,16,75,8,10,
K02002,132,2,0,6,129,9,8,
K02001,168,23,2,46,234,58,14,
K02000,245,50,10,52,285,52,21,
K00525,182,25,2,17,163,9,9,
K00526,0,0,0,0,0,0,0,
K03647,87,4,0,7,91,5,2,
K06191,28,2,0,1,22,1,0,
K00375,155,0,4,3,256,19,0,
K11685,22,12,0,0,39,7,1,
K22042,30,4,0,4,37,4,0,
K15735,0,0,0,0,0,0,0,
K11735,102,45,10,31,251,32,9,
K07250,323,57,12,5,784,84,35,
K00135,278,94,12,16,742,88,29,
K15736,217,82,6,15,642,80,24,
K15737,199,43,15,14,609,51,24,
K07507,66,15,11,5,284,22,9,
K06167,172,5,0,3,291,0,2,
K07793,82,0,0,0,93,0,0,
K07795,96,5,2,0,139,2,1,
K07794,0,0,0,0,0,0,0,
K07774,133,8,2,2,142,16,5,
K07347,237,2,0,4,230,9,1,
K07649,0,0,0,0,0,0,0,
K07345,101,0,0,0,94,0,0,
K20920,234,83,44,17,354,67,10,
K20988,111,36,10,0,189,54,4,
K01784,5,1,0,1,2,1,0,
K01673,21,8,4,1,27,2,4,
K14155,60,45,2,9,65,23,4,
K03315,187,2,0,3,196,0,0,
K23237,173,7,2,2,243,0,2,
K07690,89,0,0,0,87,4,0,
K07679,277,19,0,1,289,6,4,
K18138,157,3,6,0,170,2,2,
K21908,0,0,0,0,0,0,0,
K19778,0,0,0,0,0,0,0,
K18898,263,0,0,0,313,0,0,
K07285,94,0,2,1,124,1,2,
K06919,305,47,2,11,389,34,4,
K07733,86,0,0,0,88,0,0,
K14060,170,31,13,9,205,32,1,
K14059,224,13,5,2,248,0,0,
K01185,42,1,0,2,43,1,3,
K09961,324,0,4,0,363,0,0,
K09960,165,9,2,2,209,2,0,
K21528,0,0,0,0,0,0,0,
K12149,0,0,0,0,0,0,0,
K12542,0,0,0,0,0,0,0,
K12541,0,0,0,0,0,0,0,
K12543,0,0,0,0,0,0,0,
K03664,110,10,2,7,94,12,3,
K03631,164,162,13,45,169,50,27,
K18588,0,0,0,0,0,0,0,
K09801,0,0,0,0,0,0,0,
K06186,0,0,0,0,0,0,0,
K00858,73,8,15,12,92,14,0,
K03699,98,28,3,16,92,23,5,
K03687,0,0,0,0,0,0,0,
K03106,238,192,23,113,240,147,50,
K02959,171,83,28,51,170,142,22,
K02860,433,186,63,110,435,394,60,
K00554,838,388,140,120,775,668,112,
K02884,493,204,78,70,430,416,42,
K06905,0,0,0,0,0,0,0,
K06906,0,0,0,0,0,0,0,
K06907,73,1,0,0,87,0,0,
K06908,0,0,0,0,0,0,0,
K06903,9,0,0,0,11,1,0,
K01185,27,0,0,1,42,0,0,
K06204,33,0,0,0,27,0,0,
K21021,63,32,7,20,76,42,17,
K01626,269,350,65,242,573,171,57,
K14187,1,1,0,0,0,0,0,
K14170,28,13,1,6,22,3,3,
K05809,50,7,0,8,54,5,2,
K05807,2134,2931,403,640,1437,1372,515,
K06180,135,101,11,32,186,32,10,
K05810,89,41,18,24,101,39,14,
K03695,402,109,10,176,381,219,73,
K04084,334,79,58,42,544,206,12,
K07791,105,37,3,13,108,12,7,
K03926,0,0,0,0,0,0,0,
K01744,1806,541,222,135,1496,2095,126,
K16263,1297,610,227,171,981,1057,148,
K07113,0,0,0,0,0,0,0,
K04078,78,81,7,46,95,62,7,
K04077,878,831,204,537,843,916,185,
K19810,112,13,0,5,126,2,1,
K02356,227,117,44,49,205,154,14,
K16347,0,0,0,0,0,0,0,
K16348,0,0,0,0,0,0,0,
K03098,2,0,0,2,0,2,0,
K19096,196,52,35,12,237,94,4,
K11741,0,0,0,0,0,0,0,
K17850,116,9,0,10,190,4,5,
K00247,0,0,0,0,0,0,0,
K00244,595,139,51,28,517,463,41,
K00246,0,0,0,0,0,0,0,
K00245,0,0,0,0,0,0,0,
K22051,360,114,60,29,342,337,35,
K04568,0,0,0,0,0,0,0,
K20265,0,0,0,0,0,0,0,
K01613,69,12,0,8,86,10,3,
K06949,226,68,5,40,278,71,7,
K13288,64,10,6,6,73,13,0,
K18979,225,144,51,170,259,72,39,
K23997,275,46,40,69,343,176,37,
K06925,124,37,8,25,142,84,22,
K01448,354,152,56,55,294,208,47,
K03572,327,173,45,76,359,272,48,
K00791,390,113,121,80,433,433,66,
K03666,319,120,77,66,327,305,78,
K03665,314,182,42,128,406,246,52,
K04088,368,127,37,80,377,221,47,
K04087,383,243,56,85,449,311,35,
K09937,31,1,1,3,33,0,0,
K01939,675,635,53,447,541,467,201,
K13771,128,75,19,22,124,72,17,
K12573,480,233,45,131,576,609,78,
K03218,218,46,28,41,169,257,26,
K09456,393,100,82,50,454,472,38,
K03477,1,0,0,0,2,0,0,
K03476,124,6,3,6,152,10,4,
K03475,310,2,2,3,362,7,0,
K02822,126,0,0,5,116,0,0,
K02821,50,0,3,2,61,0,0,
K03078,76,3,0,1,51,5,0,
K03079,78,0,0,2,84,10,4,
K03077,48,1,1,2,84,2,0,
K07090,192,4,2,0,236,4,0,
K02990,89,20,7,28,84,96,11,
K02686,83,11,3,14,99,69,1,
K02963,84,19,10,20,75,96,8,
K02939,348,99,35,60,334,456,27,
K07269,55,16,0,2,38,18,2,
K03773,78,35,3,28,96,50,3,
K11737,181,54,16,26,300,62,22,
K07322,8,1,0,1,14,0,0,
K05874,102,4,0,1,78,1,4,
K19267,14,9,1,4,46,8,6,
K01119,177,35,14,9,195,69,7,
K01082,57,12,16,6,71,33,8,
K07109,0,0,0,0,0,0,0,
K03699,215,157,43,30,233,152,30,
K07304,152,33,11,9,158,34,17,
K07278,375,78,48,37,413,90,13,
K09800,337,8,9,8,362,66,6,
K16089,3,1,0,0,3,0,0,
K19761,0,0,0,0,0,0,0,
K01507,54,3,2,7,67,2,0,
K23508,254,127,20,8,309,190,47,
K10820,230,116,12,15,242,124,57,
K23509,173,42,8,4,216,93,25,
K23509,285,59,16,4,299,111,24,
K03406,36,1,0,1,22,1,0,
K03841,10,6,0,5,7,2,3,
K02558,237,9,6,30,338,37,12,
K01222,192,14,8,2,238,12,4,
K02761,94,12,0,2,97,6,0,
K09889,32,12,5,3,21,17,2,
K03592,226,21,27,19,338,147,19,
K15536,202,49,30,31,263,150,12,
K17463,139,0,0,1,167,5,0,
K03491,32,2,4,1,60,6,3,
K21636,114,21,19,8,201,56,0,
K04068,0,0,0,0,0,0,0,
K01226,510,148,45,21,465,259,9,
K02819,163,31,2,36,168,9,10,
K03485,161,85,5,61,173,14,16,
K01531,385,47,14,37,465,32,17,
K21395,175,25,10,3,164,21,10,
K21394,83,5,0,1,83,2,6,
K11690,137,0,0,2,115,3,8,
K09022,1,0,1,0,0,0,0,
K00610,0,0,0,0,0,0,0,
K00609,68,23,0,13,77,9,6,
K03402,0,0,0,0,0,0,0,
K00611,194,4,0,0,220,6,0,
K00926,109,0,0,0,120,0,0,
K01478,131,0,0,0,165,0,0,
K00611,82,1,0,3,58,5,0,
K19334,0,0,0,0,0,0,0,
K09893,25,6,4,2,16,4,0,
K01873,65,27,6,7,98,35,4,
K06169,0,0,0,0,0,0,0,
K03828,0,0,0,0,0,0,0,
K01255,158,42,13,26,163,66,5,
K02339,0,0,0,0,0,0,0,
K07091,109,9,16,17,158,41,4,
K06915,10,0,4,0,10,10,0,
K11720,0,0,0,0,0,0,0,
K06146,179,35,24,22,244,177,10,
K06157,226,8,4,4,237,0,4,
K00046,83,2,1,0,163,3,0,
K00098,80,11,4,0,53,4,0,
K12957,99,2,0,0,119,11,1,
K00851,0,0,0,0,0,0,0,
K18831,87,55,25,17,71,27,15,
K07733,47,4,0,0,39,1,2,
K06919,445,15,6,8,476,24,3,
K07317,280,41,9,23,342,23,3,
K19048,130,18,0,6,136,2,4,
K01668,556,65,28,4,423,188,6,
K03318,282,1,0,0,310,7,0,
K03303,72,2,0,0,74,20,0,
K00868,0,0,0,0,0,0,0,
K18928,79,4,0,6,80,11,0,
K18929,99,4,0,0,84,0,6,
K16321,9,0,0,1,9,0,1,
K00782,0,0,0,0,0,0,0,
K01686,180,7,3,2,128,4,0,
K00040,128,12,7,0,137,9,0,
K13637,83,18,12,6,92,42,4,
K23241,20,1,0,1,19,3,1,
K23676,97,14,1,4,102,13,0,
K05874,115,3,2,7,97,2,0,
K23016,93,6,0,3,90,0,0,
K23015,161,8,0,7,203,0,2,
K23007,69,0,0,0,56,0,0,
K01002,15,9,1,6,20,5,2,
K00041,0,0,0,0,0,0,0,
K02315,91,10,4,7,125,22,2,
K02317,112,45,11,22,76,23,4,
K22650,11,0,0,0,13,0,1,
K02761,57,6,3,1,37,4,0,
K13255,0,0,0,0,0,0,0,
K00564,220,18,6,7,201,19,6,
K02344,57,2,0,10,68,2,2,
K03789,42,9,0,8,52,5,2,
K08723,119,11,2,7,104,1,6,
K02837,263,14,4,12,312,26,7,
K04065,1466,679,221,107,1383,891,120,
K04069,0,0,0,0,0,0,0,
K03424,0,0,0,0,0,0,0,
K01619,138,11,18,0,194,83,4,
K00758,230,13,11,8,312,131,2,
K01839,727,327,61,132,757,569,88,
K03800,27,3,1,3,47,12,1,
K03784,0,0,0,0,0,0,0,
K07186,84,5,4,2,129,7,4,
K01079,153,23,16,20,168,34,7,
K04485,134,28,4,24,97,53,15,
K06020,14,3,1,1,13,6,3,
K06211,0,0,0,0,0,0,0,
K08309,319,32,44,12,368,88,16,
K01529,15,2,0,4,13,0,5,
K03720,0,0,0,0,0,0,0,
K05804,25,9,2,3,31,4,0,
K15634,0,0,0,0,0,0,0,
K05805,105,4,0,7,111,14,2,
K07663,74,12,1,4,84,31,2,
K07641,139,8,6,0,109,14,0,
K06143,138,0,0,2,128,2,0,
K07773,92,78,9,12,102,81,6,
K02533,107,28,8,13,93,19,1,
K12524,488,143,36,209,599,268,60,
K00872,170,65,11,51,205,169,43,
K01733,138,68,16,36,142,118,28,
K09861,0,0,0,0,0,0,0,
K03310,123,48,12,22,94,33,15,
K00616,556,449,41,138,496,468,79,
K03831,131,28,8,10,149,54,8,
K07034,15,4,0,1,18,1,0,
K04043,899,1141,228,581,746,808,214,
K03686,96,21,4,26,109,65,25,
K03313,159,209,6,43,190,79,38,
K03717,141,214,16,41,144,102,19,
K02968,28,6,1,3,28,3,0,
K11753,163,72,107,44,127,89,20,
K01870,525,185,56,159,533,280,53,
K03101,61,22,0,17,60,35,8,
K03774,57,23,5,13,54,22,12,
K03527,126,12,4,24,181,55,4,
K12700,184,48,2,30,202,69,16,
K06859,119,9,4,11,166,25,10,
K06859,28,2,0,2,43,12,1,
K17467,50,14,6,11,59,11,10,
K02795,217,25,2,10,219,5,15,
K01809,111,10,1,5,103,2,3,
K02529,130,17,8,21,97,18,2,
K00215,183,30,10,4,150,66,4,
K01956,207,54,2,25,211,18,11,
K01955,387,209,22,86,411,77,39,
K08279,22,4,1,0,23,1,0,
K08277,0,0,0,0,0,0,0,
K08299,0,0,0,0,0,0,0,
K02182,77,3,0,2,109,14,2,
K08298,199,10,0,2,275,8,2,
K08297,90,12,2,2,122,9,0,
K05245,158,10,4,5,164,9,2,
K03521,76,6,1,0,80,2,0,
K03522,103,0,2,0,69,3,0,
K00313,194,2,6,0,232,8,0,
K03855,39,0,0,0,46,1,0,
K08368,307,6,0,2,323,2,2,
K11746,108,6,4,2,120,23,0,
K11745,273,10,15,4,367,81,1,
K01525,38,4,1,0,50,2,1,
K00287,0,0,0,0,0,0,0,
K02528,45,3,1,0,50,4,3,
K06195,0,0,0,0,0,0,0,
K00097,96,19,9,5,85,22,2,
K03771,0,0,0,0,0,0,0,
K04744,331,190,28,56,372,243,50,
K03580,582,183,84,64,594,225,40,
K05801,0,0,0,0,0,0,0,
K06177,0,0,0,0,0,0,0,
K02336,343,15,10,27,371,52,2,
K01804,72,0,2,0,59,2,2,
K03077,0,0,0,0,0,0,0,
K00853,188,7,3,0,226,2,6,
K02099,191,46,12,8,231,49,12,
K02063,81,7,0,4,101,6,3,
K03975,0,0,0,0,0,0,0,
K02064,61,6,2,5,68,3,2,
K11925,297,38,39,33,283,74,23,
K03291,71,0,0,1,57,4,0,
K01703,172,56,6,31,189,95,19,
K01704,0,0,0,0,0,0,0,
K00052,108,76,7,24,109,60,21,
K01649,193,79,18,63,188,69,49,
K05798,101,10,0,6,92,1,2,
K01652,329,14,4,55,457,58,20,
K01653,61,19,12,32,89,21,16,
K03435,236,48,27,56,214,123,10,
K03925,175,121,113,32,225,155,23,
K03438,275,264,162,95,325,230,52,
K03586,62,33,9,12,66,41,3,
K03587,246,49,25,16,289,64,17,
K01928,199,54,46,26,284,136,22,
K01929,146,40,27,16,158,157,21,
K01000,161,12,16,16,235,117,11,
K01925,236,58,26,35,262,159,31,
K03588,260,33,10,9,277,123,11,
K02563,104,4,1,17,138,31,7,
K01924,168,24,35,38,221,120,24,
K01921,119,26,9,9,165,108,12,
K03589,128,9,9,4,184,55,5,
K03590,334,135,83,74,375,243,37,
K03531,621,413,123,145,666,585,103,
K02535,3271,3228,345,861,2416,3169,639,
K13301,65,38,10,9,92,8,2,
K03070,357,124,18,74,327,101,21,
K18778,24,6,0,5,28,5,1,
K03574,0,0,0,0,0,0,0,
K09862,0,0,0,0,0,0,0,
K00859,67,18,4,6,48,18,8,
K02505,15,0,0,0,12,0,0,
K00364,0,0,0,0,0,0,0,
K02504,148,2,0,5,163,4,0,
K02682,71,0,0,0,85,3,0,
K00986,3,0,0,0,0,0,0,
K14060,0,0,0,0,0,0,0,
K00767,153,25,10,14,140,11,8,
K03806,98,45,9,23,122,57,9,
K03807,0,0,0,0,0,0,0,
K03292,220,8,0,7,202,3,0,
K11734,240,16,5,8,325,18,5,
K05799,94,10,8,18,105,22,2,
K00163,554,67,31,49,551,480,31,
K00627,571,92,66,50,653,627,48,
K00382,889,408,77,123,1161,860,66,
K01682,969,755,137,395,1174,1040,172,
K09910,86,24,12,13,96,70,0,
K02526,121,4,4,3,196,4,0,
K22129,237,0,0,2,194,8,4,
K22024,196,11,2,2,224,23,0,
K00117,15,3,0,2,11,1,2,
K14588,0,0,0,0,0,0,0,
K01673,23,0,0,2,24,0,0,
K00760,0,0,0,0,0,0,0,
K01990,134,23,5,8,131,41,4,
K01579,0,0,0,0,0,0,0,
K01918,65,22,5,19,81,42,8,
K00606,111,41,9,31,126,59,14,
K00970,190,7,5,16,215,10,4,
K00950,0,0,0,0,0,0,0,
K01894,109,28,2,29,157,19,12,
K06204,38,3,0,3,26,0,2,
K06206,1593,771,244,161,1443,1159,163,
K01975,276,127,28,32,259,130,22,
K03579,253,33,26,28,308,56,12,
K05365,410,82,44,64,425,157,12,
K02014,463,49,32,50,570,57,11,
K10829,68,0,0,3,58,2,2,
K23227,81,8,0,4,91,0,3,
K23228,57,2,0,0,76,6,0,
K01845,39,1,0,7,43,9,0,
K03281,286,8,12,12,340,43,8,
K15724,0,0,0,0,0,0,0,
K06858,151,7,2,5,183,15,3,
K01243,87,16,1,10,122,10,1,
K01129,369,33,13,12,399,48,14,
K04772,348,325,38,105,408,142,32,
K00990,186,63,5,42,256,109,24,
K02647,0,0,0,0,0,0,0,
K00674,0,0,0,0,0,0,0,
K01265,235,20,7,10,342,24,8,
K02967,956,463,135,225,937,1300,122,
K02357,402,150,71,62,345,396,67,
K09903,110,31,7,10,176,30,12,
K02838,473,221,86,93,558,384,61,
K00099,232,57,20,43,277,107,12,
K00806,221,52,43,24,219,108,20,
K00981,129,26,9,18,229,57,13,
K11749,224,116,47,78,279,133,34,
K07277,944,523,152,301,1023,736,116,
K06142,374,408,101,109,414,396,75,
K02536,252,217,42,109,261,204,63,
K02372,125,108,22,57,149,148,36,
K00677,207,137,49,104,209,265,42,
K00748,111,17,5,11,137,21,6,
K03470,89,10,0,14,105,12,6,
K02337,545,93,41,59,640,98,26,
K01962,206,103,50,54,187,163,24,
K01582,359,18,14,8,491,84,8,
K08234,99,16,6,1,66,22,6,
K04075,121,9,0,15,139,38,5,
K19000,0,0,0,0,0,0,0,
K15034,18,4,2,2,16,2,1,
K01881,170,12,9,20,175,16,10,
K06079,0,0,0,0,0,0,0,
K22900,145,30,12,20,162,16,2,
K06080,10,1,0,2,11,0,0,
K02073,109,29,4,21,124,36,7,
K02072,78,28,2,7,96,74,10,
K02071,106,7,11,7,126,41,2,
K03273,117,34,6,9,84,31,9,
K05799,87,16,3,0,97,6,5,
K18326,20,1,0,0,34,6,0,
K02529,0,0,0,0,0,0,0,
K00852,163,21,11,2,157,26,7,
K10439,199,41,13,20,320,87,15,
K10440,155,39,17,7,147,156,17,
K10441,342,118,49,17,327,287,27,
K03549,1012,391,2277,69,962,796,178,
K06726,0,0,0,0,0,0,0,
K03924,202,28,8,5,242,48,7,
K01914,2,0,0,0,2,0,0,
K03718,79,14,6,4,89,2,0,
K06205,59,20,6,19,69,6,5,
K03495,259,37,30,53,292,90,8,
K03501,113,18,1,7,160,10,1,
K02108,235,144,26,66,297,124,27,
K02110,190,125,23,53,200,178,14,
K02109,266,124,65,72,341,370,60,
K02113,244,91,38,38,323,341,45,
K02111,901,221,128,158,967,1240,95,
K02115,273,83,36,46,337,350,24,
K02112,686,199,98,110,843,1557,96,
K02114,411,182,62,55,472,912,31,
K04042,517,219,115,81,673,413,41,
K00820,815,294,126,121,1006,1028,84,
K02040,597,50,77,16,488,527,4,
K02037,269,9,14,4,300,176,1,
K02038,229,21,18,0,200,159,5,
K02036,267,32,20,18,292,141,10,
K02039,8,3,4,3,10,4,0,
K06901,114,10,2,9,151,20,4,
K19784,0,0,0,0,0,0,0,
K08163,89,6,0,7,123,0,0,
K03650,229,2,1,2,214,4,2,
K03217,167,33,6,40,233,78,8,
K03536,81,31,4,19,82,13,7,
K02914,67,46,8,41,61,37,13,
K02313,290,173,55,89,391,112,53,
K02338,229,77,26,50,237,143,24,
K03629,83,13,3,15,89,4,2,
K02470,323,181,41,98,381,163,42,
K21064,0,0,0,0,0,0,0,
K04080,262,464,61,167,235,150,82,
K04081,105,311,4,220,65,15,58,
K07085,296,56,37,38,359,198,33,
K00389,56,7,4,2,64,16,1,
K01753,0,0,0,0,0,0,0,
K06871,0,0,0,0,0,0,0,
K13629,237,8,6,6,239,29,4,
K13636,169,4,2,2,188,7,0,
K08154,0,0,0,0,0,0,0,
K19148,47,7,0,1,34,3,2,
K01652,288,111,46,151,257,124,62,
K11534,1,0,0,0,0,2,0,
K01653,0,0,0,0,0,0,0,
K00852,165,44,2,43,158,2,11,
K02429,198,36,0,38,187,6,24,
K07686,64,4,2,1,80,2,3,
K07675,102,1,2,0,102,1,3,
K07783,143,0,0,0,222,6,2,
K07784,241,0,2,0,207,2,0,
K01223,22,6,0,2,11,4,0,
K03445,0,0,0,0,0,0,0,
K02073,0,0,0,0,0,0,0,
K09760,143,28,2,15,182,11,5,
K07347,235,7,4,4,288,0,0,
K07345,0,0,0,0,0,0,0,
K08659,101,3,0,1,115,2,0,
K12678,133,4,0,0,177,0,0,
K12684,172,21,6,4,127,5,2,
K03292,201,2,1,0,203,6,0,
K01811,330,5,0,0,461,23,2,
K02768,65,2,0,1,76,0,2,
K02769,61,1,2,1,40,8,0,
K01624,98,3,0,0,108,3,0,
K01624,0,0,0,0,0,0,0,
K09988,0,0,0,0,0,0,0,
K16345,257,26,6,2,249,58,14,
K03655,152,1,2,16,154,6,2,
K03312,0,0,0,0,0,0,0,
K01139,178,10,3,13,209,23,6,
K00556,0,0,0,0,0,0,0,
K00942,100,117,17,51,137,93,36,
K03060,0,0,0,0,0,0,0,
K01972,177,7,0,5,230,1,0,
K00989,90,22,12,25,113,23,10,
K00762,17,1,1,0,20,1,0,
K05501,0,0,0,0,0,0,0,
K13038,104,37,4,10,126,26,12,
K01520,0,0,0,0,0,0,0,
K03630,172,70,12,36,172,61,11,
K02902,186,199,20,88,192,149,47,
K02913,67,65,11,35,79,50,21,
K10563,3,0,0,1,2,0,0,
K02527,60,19,1,13,80,30,2,
K00954,0,0,0,0,0,0,0,
K02844,215,234,26,144,395,139,46,
K02848,102,25,7,21,165,9,10,
K02849,60,43,7,19,76,13,7,
K02847,103,136,13,25,177,22,21,
K02841,92,21,4,9,114,7,2,
K02843,75,32,22,28,93,5,7,
K03274,87,31,2,25,112,30,10,
K00639,419,137,86,78,393,404,27,
K00060,428,111,52,50,528,353,43,
K19354,15,0,0,0,12,0,0,
K09798,0,0,0,0,0,0,0,
K22719,89,21,5,6,95,27,2,
K15633,142,33,16,12,168,49,7,
K03676,36,18,2,5,55,16,4,
K03071,250,151,40,52,189,138,37,
K00057,193,89,21,43,236,209,30,
K00640,27,7,0,9,43,11,1,
K08195,65,9,1,6,85,9,0,
K03216,0,0,0,0,0,0,0,
K00101,151,16,12,5,178,40,3,
K00427,0,0,0,0,0,0,0,
K14348,0,0,0,0,0,0,0,
K14762,50,10,0,5,41,3,2,
K02562,2,2,1,0,2,0,0,
K00009,0,0,0,0,0,0,0,
K02800,393,32,25,7,410,114,7,
K01042,180,49,10,20,204,66,16,
K03833,236,46,26,28,180,119,15,
K13954,132,0,0,0,140,6,0,
K00138,1562,431,319,238,2549,3068,168,
K07274,11,0,0,0,17,0,0,
K00835,1,0,0,0,3,0,0,
K01176,166,39,12,19,230,26,7,
K03796,0,0,0,0,0,0,0,
K10544,115,8,0,4,115,13,2,
K10545,287,11,5,8,305,49,6,
K10543,165,9,2,10,181,29,2,
K01805,237,12,10,10,240,42,9,
K00854,217,32,54,31,287,154,21,
K01878,164,23,16,21,213,12,3,
K01879,179,64,20,59,147,102,21,
K03704,58,212,5,56,58,9,27,
K07726,180,880,50,265,236,73,153,
K00090,49,0,1,1,46,0,0,
K00874,207,4,1,1,262,12,1,
K02525,115,11,0,5,112,20,2,
K03286,95,11,0,14,114,0,2,
K08351,302,30,8,13,309,39,16,
K03826,0,0,0,0,0,0,0,
K01246,70,32,2,24,93,35,12,
K08177,262,22,6,4,282,16,4,
K12975,342,68,14,35,385,46,19,
K12368,537,307,74,179,800,482,96,
K12369,242,20,6,21,236,45,6,
K12370,161,2,1,2,217,18,1,
K12371,162,25,13,6,212,65,6,
K12372,260,55,8,29,230,92,22,
K01761,269,27,2,15,289,25,11,
K18862,41,15,103,3,36,48,8,
K21023,301,51,6,26,321,50,10,
K11103,683,211,118,116,817,1153,106,
K00874,8,9,0,1,15,2,3,
K21086,135,8,0,0,175,4,0,
K07290,194,63,20,13,216,97,15,
K07058,214,36,10,23,190,30,21,
K18900,263,28,6,11,291,43,8,
K01185,0,0,0,0,0,0,0,
K03790,66,0,0,1,48,2,0,
K01194,5,1,0,2,12,0,2,
K00428,260,28,22,1,200,103,7,
K00383,239,33,165,7,238,329,4,
K07115,140,18,5,16,109,39,12,
K01414,260,123,45,61,288,112,34,
K03885,13,0,1,1,12,0,0,
K15984,0,0,0,0,0,0,0,
K03305,177,3,0,1,185,9,2,
K06149,54,21,27,10,31,24,7,
K16322,856,519,191,156,885,871,99,
K06144,0,0,0,0,0,0,0,
K06213,4,5,0,6,5,1,0,
K01993,169,8,6,5,168,86,4,
K13926,404,9,3,10,447,82,5,
K01992,119,2,0,2,126,28,0,
K07722,0,0,0,0,0,0,0,
K06133,11,0,0,0,13,0,0,
K13727,0,0,0,0,0,0,0,
K11744,120,16,8,9,196,40,3,
K01534,161,14,6,5,97,36,2,
K09125,0,0,0,0,0,0,0,
K04085,0,0,0,0,0,0,0,
K08316,43,9,0,1,35,5,2,
K08993,0,0,0,0,0,0,0,
K03110,287,43,17,44,229,57,12,
K09812,109,17,10,24,123,43,7,
K09811,184,60,4,27,201,95,22,
K03089,40,41,8,19,55,36,12,
K01714,13,0,0,0,24,1,2,
K17467,147,0,2,2,112,0,0,
K17466,106,0,0,0,149,0,0,
K17465,129,0,0,0,133,0,0,
K17464,77,0,0,0,96,0,0,
K01999,231,95,32,87,393,104,37,
K01999,166,51,20,32,223,76,17,
K01997,139,26,10,28,170,53,8,
K01998,170,22,5,33,243,60,9,
K01995,95,17,17,32,130,85,18,
K01996,134,36,6,14,188,110,28,
K05813,577,215,59,58,1149,420,65,
K05814,142,23,5,10,224,25,3,
K05815,104,14,11,3,97,7,2,
K05816,135,14,8,7,176,41,8,
K01126,29,2,1,0,36,7,2,
K00681,183,50,9,5,223,63,6,
K07048,2,0,0,0,0,0,0,
K09936,263,26,0,6,342,26,11,
K00852,122,39,13,2,152,15,10,
K03825,127,0,0,3,200,0,0,
K16044,194,32,16,19,227,76,12,
K06911,181,10,2,9,208,26,2,
K06145,231,42,10,10,295,16,2,
K00851,88,0,0,0,102,8,0,
K06156,132,0,2,4,141,9,0,
K05595,180,8,4,2,268,10,2,
K00133,342,102,32,74,335,222,35,
K00700,1129,361,96,81,1187,752,71,
K02438,874,306,99,71,857,913,68,
K00975,666,139,68,69,622,575,74,
K00703,689,237,61,70,772,630,43,
K00688,250,58,22,18,274,267,23,
K00111,19,4,0,2,45,7,4,
K03556,99,21,2,10,142,44,6,
K02439,0,0,0,0,0,0,0,
K02441,0,0,0,0,0,0,0,
K02444,0,0,0,0,0,0,0,
K00688,417,27,43,17,476,142,24,
K00705,61,1,0,7,94,68,2,
K06155,35,0,0,0,27,0,0,
K07400,51,1,0,2,91,6,1,
K02242,152,175,5,91,137,26,32,
K04759,181,49,7,28,189,16,21,
K02170,0,0,0,0,0,0,0,
K07490,0,0,0,0,0,0,0,
K06959,234,130,20,87,278,46,25,
K04758,0,0,0,0,0,0,0,
K04760,105,5,4,4,139,5,0,
K07659,146,59,14,24,234,100,17,
K01610,60,32,4,10,38,33,8,
K07638,0,0,0,0,0,0,0,
K04083,0,0,0,0,0,0,0,
K04762,0,0,0,0,0,0,0,
K20881,0,0,0,0,0,0,0,
K05366,261,89,32,51,333,49,18,
K08312,0,0,0,0,0,0,0,
K12288,102,16,0,2,109,16,0,
K12289,35,0,0,0,31,1,0,
K12290,15,0,0,0,30,2,1,
K12291,17,0,0,0,27,1,0,
K02507,165,12,2,8,210,19,0,
K00891,87,51,17,60,141,65,23,
K01735,396,158,59,157,445,238,61,
K03112,581,244,73,124,668,423,57,
K06223,180,83,31,24,168,58,6,
K01783,83,13,5,13,87,21,5,
K01091,107,9,6,16,68,19,0,
K01867,29,6,3,3,28,3,1,
K02302,77,2,0,2,73,2,0,
K00362,160,45,4,15,205,31,3,
K02598,0,0,0,0,0,0,0,
K00363,0,0,0,0,0,0,0,
K06141,189,13,3,3,217,22,4,
K03767,127,46,12,16,167,32,16,
K04095,73,1,10,7,86,67,0,
K01664,0,0,0,0,0,0,0,
K00821,0,0,0,0,0,0,0,
K10914,199,124,6,51,238,77,29,
K00855,253,321,24,72,261,193,81,
K07397,0,0,0,0,0,0,0,
K07019,56,7,3,5,67,7,2,
K06158,172,16,5,7,202,7,8,
K09898,0,0,0,0,0,0,0,
K11748,95,6,2,10,165,12,9,
K11747,278,14,2,18,274,53,7,
K07070,34,5,2,6,23,16,0,
K03775,78,27,10,45,114,190,15,
K03745,7,2,0,1,8,6,0,
K03772,294,176,43,101,363,198,68,
K07235,36,9,2,2,27,8,0,
K07236,40,4,0,1,36,1,2,
K07237,55,35,2,8,56,14,4,
K02950,294,290,50,137,373,342,83,
K02992,313,225,40,191,394,278,44,
K02355,1997,886,181,538,2389,2443,293,
K01460,29,0,0,0,19,0,0,
K11209,149,25,1,10,194,56,12,
K04653,0,0,0,0,0,0,0,
K06281,135,33,41,17,151,236,16,
K04651,0,0,0,0,0,0,0,
K03605,0,0,0,0,0,0,0,
K00124,209,9,5,9,219,139,9,
K06282,222,38,13,10,195,216,7,
K03406,219,25,20,14,265,150,6,
K01061,111,11,8,4,110,16,2,
K19265,96,52,0,19,112,28,14,
K03559,0,0,0,0,0,0,0,
K03561,92,40,7,60,112,20,15,
K01760,186,19,8,24,214,15,2,
K03975,0,0,0,0,0,0,0,
K08325,50,0,0,1,86,13,1,
K06221,0,0,0,0,0,0,0,
K03498,18,2,1,0,16,0,2,
K04753,2,0,0,0,6,0,0,
K02621,178,28,5,28,214,42,2,
K00655,0,0,0,0,0,0,0,
K07666,70,10,8,8,58,5,8,
K07645,87,2,0,3,91,7,1,
K02622,20,6,0,1,11,6,1,
K03923,0,0,0,0,0,0,0,
K07000,40,7,2,2,48,8,4,
K03651,72,31,3,20,71,21,8,
K09920,39,61,7,4,48,35,8,
K01515,70,27,1,7,85,22,3,
K12340,607,358,114,83,662,432,61,
K15777,12,1,0,0,17,3,0,
K07238,131,20,0,8,167,14,10,
K01023,225,16,0,3,240,12,4,
K03673,81,2,0,5,97,0,2,
K03611,4,0,0,0,0,0,1,
K02858,9,8,0,9,18,4,3,
K03272,19,22,0,15,28,8,8,
K00982,211,17,3,33,220,78,10,
K09806,0,0,0,0,0,0,0,
K22720,0,0,0,0,0,0,0,
K18446,172,17,8,31,148,41,4,
K07184,130,61,17,33,181,19,4,
K00974,74,28,6,21,98,34,11,
K06153,15,2,0,0,12,0,1,
K01633,193,5,0,14,244,11,6,
K21742,94,1,1,5,55,0,1,
K08591,0,0,0,0,0,0,0,
K03779,155,8,0,3,144,2,0,
K03780,95,0,0,0,131,4,0,
K11106,287,11,2,0,295,18,4,
K03190,101,0,0,0,160,2,0,
K01430,39,0,0,0,40,0,0,
K01429,18,0,0,0,40,0,0,
K01428,179,4,0,1,258,2,2,
K03187,28,0,0,1,29,0,1,
K03188,14,0,0,0,23,1,0,
K25706,7,0,0,3,15,1,0,
K03189,0,0,0,0,0,0,0,
K02970,144,235,112,104,149,161,42,
K02316,157,30,9,22,162,19,10,
K03086,0,0,0,0,0,0,0,
K03649,0,0,0,0,0,0,0,
K06120,145,0,0,4,177,1,0,
K06122,0,0,0,0,0,0,0,
K06121,0,0,0,0,0,0,0,
K11477,62,0,0,0,71,0,2,
K00086,1,0,0,0,3,0,0,
K05880,0,0,0,0,0,0,0,
K00798,2,0,0,0,4,0,1,
K00005,149,16,10,14,114,27,5,
K00863,73,0,0,0,92,0,0,
K00574,3,0,0,0,3,2,0,
K07229,0,0,0,0,0,0,0,
K03776,85,6,0,11,108,0,6,
K10947,0,0,0,0,0,0,0,
K09251,1139,924,204,229,2127,925,216,
K12113,183,6,2,5,175,4,6,
K12111,322,2,1,2,438,10,4,
K12112,42,2,2,0,44,0,2,
K20265,121,0,0,2,170,1,0,
K20885,0,0,0,0,0,0,0,
K01840,166,0,0,0,189,4,0,
K00219,159,23,19,32,162,80,12,
K11391,13,4,1,1,14,0,1,
K07043,83,17,6,6,59,33,8,
K22230,258,136,12,45,205,120,18,
K05794,201,30,2,10,257,30,10,
K07862,155,87,28,25,249,68,14,
K01685,82,1,0,1,91,1,0,
K01812,239,59,2,14,233,9,31,
K08191,231,269,1,22,235,46,85,
K19775,130,147,14,40,161,65,46,
K03975,80,71,2,29,122,34,9,
K25864,57,20,0,7,54,3,6,
K05594,564,189,94,41,582,521,33,
K15977,77,39,2,10,101,41,9,
K07393,125,7,5,13,174,15,9,
K06911,0,0,0,0,0,0,0,
K01752,234,2,2,0,206,6,2,
K00656,217,23,7,6,219,177,12,
K09022,0,0,0,0,0,0,0,
K00932,202,51,7,2,141,90,12,
K03838,230,107,7,10,213,145,12,
K01754,334,125,8,9,328,218,31,
K07592,254,93,15,13,238,110,22,
K00865,12253,36992,42770,12838,9383,30366,16141,
K00042,135,3,0,2,176,12,3,
K01630,35,2,0,0,33,7,0,
K12299,113,2,0,2,101,2,0,
K01708,241,51,9,18,287,48,36,
K08302,85,2,0,0,129,0,0,
K16371,255,4,0,6,279,3,0,
K02773,58,7,0,6,106,1,6,
K02774,17,1,4,2,37,3,2,
K02775,229,4,0,2,319,27,6,
K00094,124,0,0,0,181,0,0,
K04095,1,0,0,0,0,0,0,
K02436,0,0,0,0,0,0,0,
K07056,266,8,2,23,282,15,4,
K07121,254,87,29,34,234,103,29,
K07460,19,3,1,3,51,3,3,
K12961,69,28,12,15,118,28,7,
K17290,22,0,1,1,35,2,2,
K04065,0,0,0,0,0,0,0,
K09979,133,15,23,29,144,92,26,
K03824,49,1,4,0,47,0,2,
K07461,0,0,0,0,0,0,0,
K24843,207,116,34,43,228,201,34,
K24844,120,17,16,13,96,40,4,
K24845,115,2,0,2,99,32,0,
K03835,0,0,0,0,0,0,0,
K07496,0,0,0,0,0,0,0,
K05592,270,34,14,22,332,42,16,
K00962,527,906,157,273,457,421,185,
K05803,0,0,0,0,0,0,0,
K02519,189,86,39,54,201,163,38,
K03177,0,0,0,0,0,0,0,
K02956,0,0,0,0,0,0,0,
K02834,0,0,0,0,0,0,0,
K02600,356,189,40,119,493,273,73,
K09748,145,50,36,38,168,127,29,
K01940,368,230,59,117,424,229,47,
K03075,13,0,0,2,13,3,1,
K01305,252,2,2,2,291,0,0,
K03326,11,0,0,0,26,0,0,
K03431,5,9,7,1,11,15,2,
K03798,227,58,15,33,283,112,22,
K00796,0,0,0,0,0,0,0,
K02427,271,158,20,88,245,245,73,
K07574,6,5,3,1,8,4,0,
K03624,19,6,3,3,31,6,2,
K07259,62,2,4,3,76,9,0,
K03979,46,2,1,5,38,3,0,
K02899,32,0,0,3,32,4,3,
K02888,199,157,48,129,214,289,34,
K02523,45,11,4,7,40,17,3,
K00790,21,1,0,2,50,0,0,
K07724,0,0,0,0,0,0,0,
K07323,59,14,1,8,38,34,8,
K07122,0,0,0,0,0,0,0,
K02067,43,15,2,20,75,35,3,
K02066,87,12,4,15,85,29,5,
K02065,169,26,11,22,253,57,9,
K07301,235,46,7,27,237,55,5,
K06041,112,20,11,16,123,28,6,
K03270,141,39,31,6,144,46,8,
K11719,127,58,9,16,110,32,13,
K09774,81,15,11,8,52,25,6,
K06861,77,27,2,11,102,61,10,
K03092,325,96,39,51,259,146,30,
K05808,128,59,22,22,150,94,6,
K02806,149,78,11,30,150,82,17,
K06958,92,56,9,21,101,43,15,
K07648,171,84,26,42,252,139,19,
K03814,0,0,0,0,0,0,0,
K08485,0,0,0,0,0,0,0,
K07139,232,15,12,14,295,41,0,
K00265,614,221,28,229,665,162,78,
K00266,228,119,6,86,319,140,54,
K10974,219,20,7,9,206,9,2,
K01485,90,6,2,7,83,19,5,
K19334,0,0,0,0,0,0,0,
K00885,80,15,0,133,71,2,23,
K03290,85,74,5,423,124,8,74,
K01788,0,0,0,0,0,0,0,
K01639,145,23,3,253,213,11,79,
K22104,134,35,1,161,194,4,38,
K03326,202,6,0,0,230,6,1,
K03600,0,0,0,0,0,0,0,
K03599,90,53,21,52,97,104,23,
K02996,49,55,6,27,76,32,17,
K06916,642,396,65,219,593,587,83,
K02871,0,0,0,0,0,0,0,
K09908,200,165,56,63,207,121,45,
K04772,208,49,20,39,279,82,17,
K04691,17,3,0,7,24,5,0,
K03468,303,127,28,71,381,209,66,
K03402,0,0,0,0,0,0,0,
K03623,0,0,0,0,0,0,0,
K15548,191,1,2,4,319,1,4,
K21695,0,0,0,0,0,0,0,
K03568,0,0,0,0,0,0,0,
K21698,0,0,0,0,0,0,0,
K08301,248,28,12,17,291,43,10,
K06287,147,41,8,20,170,44,11,
K03570,115,8,3,10,94,19,0,
K03571,0,0,0,0,0,0,0,
K03569,53,1,0,5,70,1,0,
K18765,254,125,45,92,300,208,41,
K19745,255,34,9,33,343,115,8,
K07147,184,10,4,6,293,16,4,
K17247,122,20,4,4,171,7,2,
K02160,93,37,10,17,94,37,15,
K01961,270,30,18,22,282,139,12,
K14392,203,10,2,16,227,33,2,
K02687,139,24,38,11,154,40,4,
K01674,159,8,7,6,203,3,2,
K05540,196,82,35,70,231,99,23,
K03557,71,33,5,21,72,34,4,
K07319,125,1,0,0,188,0,2,
K18140,1,1,0,0,4,0,0,
K18141,133,8,0,5,152,4,2,
K18138,563,22,4,12,663,25,8,
K09969,933,416,106,34,2414,561,74,
K09970,306,81,15,5,510,63,20,
K09971,247,66,6,7,363,113,8,
K09972,125,47,6,2,205,51,10,
K03761,44,5,1,3,55,3,0,
K00998,0,0,0,0,0,0,0,
K09181,336,228,31,104,383,266,43,
K05811,0,0,0,0,0,0,0,
K05812,230,153,34,43,306,261,27,
K03672,81,12,2,6,86,2,1,
K03214,134,37,14,19,247,93,10,
K03648,1,0,0,0,0,0,0,
K05590,178,48,4,12,242,37,4,
K06866,0,0,0,0,0,0,0,
K00278,116,8,3,26,102,22,1,
K15460,3,0,0,1,2,0,0,
K03088,508,1300,183,619,908,490,313,
K03597,737,2245,145,982,918,1107,475,
K03598,95,104,15,117,86,79,39,
K03803,86,16,1,17,100,7,4,
K03596,281,110,30,68,301,119,16,
K03100,213,112,13,46,189,176,29,
K03685,236,80,51,31,181,170,26,
K03595,266,78,32,82,256,186,36,
K03584,122,8,4,21,110,45,15,
K03474,60,21,2,8,40,37,0,
K15835,52,2,0,1,72,0,3,
K00997,0,0,0,0,0,0,0,
K07106,97,7,2,2,93,21,8,
K18691,9,0,0,0,8,0,0,
K18697,0,0,0,0,0,0,0,
K11991,0,0,0,0,0,0,0,
K01952,551,235,40,267,611,144,88,
K07711,248,13,0,9,244,21,4,
K07715,95,16,1,18,100,34,4,
K05916,14,9,2,3,22,3,2,
K04752,0,0,0,0,0,0,0,
K00600,25,13,8,8,19,5,3,
K00529,11,0,0,0,3,0,0,
K05711,70,6,0,0,44,2,0,
K05708,72,3,0,0,61,2,0,
K05710,0,0,0,0,0,0,0,
K05709,0,0,0,0,0,0,0,
K05817,0,0,0,0,0,0,0,
K08138,243,19,0,8,251,23,0,
K01785,32,0,0,2,40,8,0,
K05820,1,0,0,0,2,3,0,
K00875,270,79,26,23,308,164,20,
K06041,0,0,0,0,0,0,0,
K02057,154,4,0,4,184,31,5,
K02057,41,0,0,2,26,4,1,
K02058,187,34,9,16,171,29,11,
K08970,6,0,0,1,12,1,0,
K01092,12,1,1,0,14,0,1,
K15396,121,74,13,39,102,41,28,
K13643,74,261,41,241,163,36,74,
K04487,239,504,74,426,314,200,158,
K04488,85,186,20,130,107,103,33,
K13628,135,257,16,108,164,88,69,
K04082,47,30,2,19,39,1,13,
K04044,254,105,44,116,315,130,53,
K04755,19,10,0,7,36,15,1,
K07751,232,69,12,37,234,101,25,
K01011,17,7,3,3,26,15,1,
K06894,746,142,47,83,790,332,38,
K05367,377,17,13,19,447,59,9,
K00940,177,69,24,21,192,128,24,
K06941,297,157,74,97,265,305,76,
K15539,251,200,73,147,303,243,74,
K03526,219,141,34,115,191,166,38,
K01892,176,65,21,42,167,72,24,
K17713,390,140,59,53,416,510,50,
K03977,315,54,12,38,268,81,22,
K03305,366,28,12,30,372,117,15,
K03601,0,0,0,0,0,0,0,
K00088,210,112,16,141,278,109,39,
K01951,218,42,3,132,183,67,29,
K01524,0,0,0,0,0,0,0,
K00937,253,109,18,39,367,83,19,
K11175,60,12,2,3,103,17,9,
K01933,123,72,3,36,148,20,24,
K01223,243,8,0,6,288,0,10,
K00761,99,18,9,14,196,119,9,
K02824,204,3,0,4,273,23,2,
K01423,59,33,9,13,89,29,10,
K10763,0,0,0,0,0,0,0,
K00537,0,0,0,0,0,0,0,
K03548,323,16,9,24,370,45,8,
K01305,80,0,2,6,102,8,5,
K03564,0,0,0,0,0,0,0,
K03567,147,111,16,66,166,78,20,
K01714,251,197,26,144,306,185,58,
K07287,552,309,228,140,476,541,80,
K01923,292,158,14,129,290,158,59,
K07054,198,50,67,28,236,187,20,
K06957,300,54,14,26,319,74,18,
K01439,0,0,0,0,0,0,0,
K18138,284,42,23,19,305,34,9,
K06999,0,0,0,0,0,0,0,
K07674,290,14,4,0,331,22,4,
K00266,300,17,11,26,252,154,4,
K00615,5,0,0,0,3,0,0,
K12945,0,0,0,0,0,0,0,
K00027,611,209,54,197,736,623,85,
K04031,65,0,0,0,88,12,0,
K04029,76,1,0,0,81,44,3,
K04030,106,7,7,3,89,129,4,
K04032,227,15,6,0,151,161,13,
K04020,248,8,16,4,276,204,5,
K04027,194,24,4,10,124,132,6,
K04028,72,0,2,0,84,31,0,
K04021,198,8,4,2,153,192,5,
K04024,169,6,4,3,160,82,1,
K04022,155,8,6,3,173,111,3,
K04023,243,2,1,0,238,93,0,
K04019,170,2,0,8,208,143,1,
K03735,278,9,2,4,339,113,4,
K03736,216,11,6,5,266,139,1,
K04026,123,39,6,6,135,130,8,
K04025,496,66,97,25,412,479,14,
K04033,18,1,1,6,15,15,0,
K00228,1,0,0,0,0,0,0,
K01448,73,20,4,12,101,4,4,
K07223,156,22,12,17,183,32,11,
K01755,273,22,4,6,272,8,2,
K00059,440,259,114,111,459,889,72,
K02048,172,113,6,140,130,11,39,
K02046,130,109,2,115,151,28,84,
K02047,107,86,2,103,156,25,32,
K02045,136,116,3,116,208,40,39,
K12339,43,10,3,7,49,6,14,
K00868,1,0,0,0,1,0,0,
K08483,1819,737,342,163,1931,1306,170,
K02777,0,0,0,0,0,0,0,
K01738,403,399,62,129,369,282,70,
K02784,0,0,0,0,0,0,0,
K06203,236,554,34,310,341,88,170,
K03528,304,99,35,72,267,320,34,
K01972,109,12,7,15,141,17,0,
K14347,0,0,0,0,0,0,0,
K09954,0,0,0,0,3,0,0,
K17737,174,6,2,10,268,34,2,
K16092,104,22,6,14,133,11,10,
K01776,0,0,0,0,0,0,0,
K00557,84,2,0,1,130,7,2,
K22105,145,92,27,37,176,79,19,
K00322,144,62,28,48,172,63,19,
K04761,0,0,0,0,0,0,0,
K13381,213,7,0,1,236,0,3,
K01755,28,13,3,3,26,16,1,
K00930,164,68,33,46,198,157,16,
K00145,158,57,30,57,219,48,26,
K01438,212,47,12,27,236,67,9,
K01595,462,87,10,64,593,76,40,
K19353,332,11,0,11,389,8,6,
K04069,0,0,0,0,0,0,0,
K11202,0,0,0,0,0,0,0,
K11203,114,7,0,0,174,3,2,
K11202,0,0,0,0,0,0,0,
K23991,360,4,8,6,368,15,6,
K03782,26,4,2,2,26,54,3,
K08314,0,0,0,0,0,0,0,
K00005,0,0,0,0,0,0,0,
K00297,327,50,46,50,379,753,29,
K11751,288,25,28,20,367,126,11,
K12525,174,4,0,4,140,17,2,
K01739,271,37,97,51,288,293,16,
K03292,182,30,47,25,229,105,11,
K03764,0,0,0,0,0,0,0,
K22110,185,1,0,0,176,2,2,
K02909,39,16,3,6,37,15,5,
K04066,203,22,2,18,226,13,4,
K05499,267,51,6,13,289,38,9,
K03591,141,45,7,24,114,46,12,
K01419,65,12,7,28,66,10,7,
K03667,184,101,12,61,172,75,12,
K02548,138,4,6,12,161,19,2,
K11903,102,0,0,3,150,0,2,
K02553,1265,928,549,281,1006,1774,210,
K09892,130,121,39,33,127,85,18,
K02440,285,31,23,28,300,128,12,
K00864,379,170,52,83,492,458,78,
K02446,69,12,6,8,82,31,3,
K01803,0,0,0,0,0,0,0,
K01521,86,0,0,3,97,5,0,
K23163,93,3,2,10,84,12,0,
K00850,162,43,3,37,127,33,30,
K13283,370,107,33,79,359,228,34,
K06006,103,91,3,17,119,34,6,
K07662,311,129,35,46,343,145,19,
K07640,2,3,2,0,2,3,1,
K02526,5,0,0,0,10,1,0,
K22397,0,0,0,0,0,0,0,
K04564,122,18,2,8,141,10,8,
K02856,65,2,0,0,90,7,2,
K02854,0,0,0,0,0,0,0,
K02855,143,23,3,11,168,39,7,
K00848,270,2,2,4,270,2,0,
K01813,120,2,0,0,145,3,2,
K01629,117,0,0,0,139,0,0,
K03534,0,0,0,0,0,0,0,
K23779,165,0,0,1,177,2,1,
K11201,57,0,2,0,55,1,0,
K18530,115,2,0,0,115,2,2,
K18531,227,2,0,1,252,0,0,
K02379,53,0,0,3,62,0,2,
K00124,290,71,38,8,433,243,6,
K00127,227,50,29,25,316,210,18,
K02380,122,22,3,22,159,106,11,
K01066,120,13,0,11,90,10,4,
K19166,0,0,0,0,0,0,0,
K18831,0,0,0,0,0,0,0,
K07560,20,0,1,1,21,3,1,
K07058,63,2,6,4,77,10,0,
K20866,119,6,9,7,135,32,1,
K02444,122,12,11,12,164,48,2,
K18478,133,13,6,11,147,27,4,
K08318,136,0,0,0,168,0,2,
K01671,118,0,0,0,165,0,0,
K18479,170,0,2,0,244,8,0,
K01785,120,0,0,2,146,1,4,
K15922,254,0,0,0,318,8,5,
K03292,182,5,0,2,209,2,2,
K03292,53,4,1,0,41,0,0,
K06207,7,7,0,5,13,2,0,
K22110,0,0,0,0,0,0,0,
K01915,316,104,29,203,435,201,39,
K07708,123,26,4,27,149,39,3,
K07712,72,5,3,10,69,29,0,
K02495,43,1,2,1,43,2,3,
K02335,1393,366,882,103,1335,697,64,
K09894,0,0,0,0,0,0,0,
K03978,0,0,0,0,0,0,0,
K03673,0,0,0,0,0,0,0,
K09896,68,65,11,17,78,45,10,
K03752,126,12,8,3,155,16,4,
K03753,49,19,0,6,63,8,0,
K00651,218,38,32,23,209,89,6,
K01638,231,642,18,936,390,31,139,
K01637,145,309,18,690,193,29,95,
K00906,108,50,3,143,139,8,23,
K13641,3,2,0,1,2,1,2,
K00548,540,118,32,113,546,123,34,
K03324,262,25,4,9,267,74,10,
K05995,23,3,0,1,30,6,1,
K13633,189,10,6,2,215,10,4,
K06182,32,13,1,3,23,3,4,
K03453,0,0,0,0,0,0,0,
K00928,233,4,0,7,259,13,2,
K01810,276,100,26,55,386,184,35,
K10110,17,0,0,0,17,0,0,
K13256,0,0,0,0,0,0,0,
K10109,150,33,9,9,177,208,8,
K10108,363,40,7,4,423,204,2,
K10111,296,5,6,2,461,145,0,
K02024,388,0,26,0,452,613,2,
K05775,175,12,22,2,268,230,12,
K03181,74,9,1,5,71,7,6,
K03179,172,11,3,14,127,27,4,
K07345,65,18,0,2,67,2,2,
K12518,334,4,0,2,365,2,6,
K00631,9,8,3,3,6,4,1,
K01356,155,68,25,56,128,128,37,
K03327,92,8,2,0,140,1,0,
K09823,24,5,6,3,28,6,0,
K05539,104,17,15,23,143,18,2,
K00344,87,5,0,3,107,10,1,
K02314,199,20,3,22,207,17,6,
K01775,152,15,3,11,178,10,6,
K03701,41,6,0,4,60,3,0,
K00832,0,0,0,0,0,0,0,
K03788,0,0,0,0,0,0,0,
K03111,94,29,3,16,92,54,2,
K21090,230,17,15,6,248,12,4,
K13631,0,0,0,0,0,0,0,
K13639,106,24,6,12,86,1,4,
K06901,324,59,6,50,359,61,25,
K24163,145,12,0,4,117,20,3,
K14393,160,30,17,11,255,48,5,
K06518,0,0,0,0,0,0,0,
K01895,577,242,82,72,1882,436,75,
K03385,939,107,85,19,695,1152,29,
K04013,164,11,14,0,164,291,3,
K04014,203,2,11,2,170,310,8,
K04015,235,8,15,2,192,260,6,
K04016,166,0,0,0,245,51,0,
K04017,61,0,3,1,68,25,1,
K04018,110,3,1,2,103,10,1,
K11102,113,2,0,0,96,0,0,
K22015,111,12,1,4,125,12,5,
K07126,0,0,0,0,0,0,0,
K01624,242,86,27,33,297,235,41,
K09988,193,41,9,17,305,163,16,
K10439,313,72,18,35,446,260,22,
K10440,412,128,33,31,523,470,34,
K10441,535,85,59,25,643,360,39,
K13587,261,4,5,5,229,27,3,
K06167,19,0,0,0,17,1,0,
K09994,74,5,0,0,61,4,0,
K06162,66,3,0,0,67,0,2,
K05774,0,0,0,0,0,0,0,
K05780,95,0,0,0,111,0,0,
K05781,54,0,0,0,40,2,0,
K06163,53,0,0,0,57,0,0,
K06164,115,4,0,3,124,3,3,
K06165,110,0,0,0,124,0,0,
K06165,14,0,0,0,7,0,0,
K02043,9,0,0,0,12,0,0,
K02042,29,0,0,0,59,2,0,
K02044,160,0,1,0,202,0,0,
K02041,164,2,1,0,215,1,0,
K04750,58,0,0,0,68,2,0,
K06193,74,11,1,15,78,20,7,
K02526,10,0,0,1,10,0,0,
K03762,257,58,26,30,306,173,21,
K07643,0,0,0,0,0,0,0,
K03760,163,21,1,14,164,15,4,
K07771,0,0,0,0,0,0,0,
K03759,274,9,2,3,344,6,4,
K01584,224,5,3,0,300,10,0,
K03755,0,0,0,0,0,0,0,
K23237,111,4,1,4,128,5,2,
K07406,312,0,2,0,343,10,2,
K11104,170,2,0,4,222,0,2,
K01676,142,5,2,1,159,10,2,
K08984,0,0,0,0,0,0,0,
K15383,0,0,0,0,0,0,0,
K07792,218,13,10,15,259,48,8,
K07701,203,58,14,17,274,50,12,
K07703,0,0,0,0,0,0,0,
K03531,808,2874,488,462,115,161,498,
K09117,0,0,0,0,0,0,0,
K03590,1128,1451,185,303,162,166,238,
K03589,1039,921,79,202,132,105,147,
K01924,294,223,37,60,30,42,29,
K02563,341,332,64,67,42,31,32,
K01925,634,523,70,96,104,37,88,
K01000,542,656,143,103,76,96,106,
K01928,658,530,91,88,91,44,79,
K18979,271,402,120,67,54,79,62,
K02371,278,87,2,29,32,11,20,
K03771,98,48,14,18,15,9,13,
K03575,96,62,26,17,13,12,6,
K07386,1159,3222,248,656,181,134,532,
K03688,482,344,64,68,60,67,79,
K01951,81,248,21,43,18,9,47,
K01945,401,425,100,110,63,66,99,
K00602,992,1984,340,298,164,134,323,
K11175,302,382,113,51,32,65,45,
K01933,250,164,68,28,14,31,23,
K19784,224,264,142,34,22,19,45,
K03635,3,4,0,1,0,0,1,
K07090,62,38,3,12,4,0,8,
K03636,0,0,0,0,0,0,0,
K07223,221,639,63,84,34,25,95,
K08978,0,0,0,0,0,0,0,
K00604,88,80,21,22,14,4,15,
K14652,137,135,45,32,13,14,26,
K15255,7,1,0,0,0,1,1,
K01726,38,62,13,20,7,2,9,
K22074,562,1469,90,267,65,71,246,
K01400,53,32,3,6,1,5,1,
K19784,0,0,0,0,0,0,0,
K01772,0,0,0,0,0,0,0,
K03544,8019,17016,2231,3033,1084,1337,3007,
K02503,64,55,6,23,5,2,12,
K03624,193,561,62,127,26,30,116,
K02939,8,4,5,2,0,0,1,
K02963,551,273,148,60,21,152,56,
K02990,1,0,1,0,0,0,0,
K22205,474,397,44,106,46,54,56,
K06217,432,601,91,117,49,34,110,
K03106,25,6,4,1,1,0,3,
K02108,1188,361,128,73,85,107,63,
K02110,556,92,165,61,38,40,51,
K02109,773,176,183,37,25,96,48,
K01262,486,713,142,183,58,80,154,
K00355,0,0,0,0,0,0,0,
K18954,14,72,0,9,1,0,14,
K03322,547,456,17,115,66,30,103,
K03687,343,3717,60,1144,27,23,733,
K09781,12,2,1,0,1,0,2,
K03975,0,0,0,0,0,0,0,
K02836,282,487,47,86,47,32,127,
K01990,46,34,1,17,2,0,9,
K00294,140,178,38,24,10,19,27,
K01430,36,1,0,0,2,0,0,
K01429,21,0,0,1,0,0,0,
K01428,528,6,0,3,39,2,3,
K03187,59,1,0,0,7,0,1,
K03188,87,3,0,1,9,0,0,
K03189,105,4,2,0,19,0,2,
K03190,164,12,2,0,22,0,1,
K08717,177,7,0,2,16,1,6,
K18954,10,3,0,1,1,0,0,
K00784,173,165,50,30,10,23,20,
K01519,94,132,27,32,17,37,19,
K07052,131,89,24,24,11,16,15,
K02837,376,107,25,48,45,23,19,
K00248,213,387,75,76,39,33,74,
K01897,1204,4260,177,874,148,142,838,
K07164,9,3,1,1,0,1,1,
K22391,418,408,205,89,45,132,95,
K10716,0,0,0,0,0,0,0,
K02337,961,1027,42,193,148,54,196,
K11381,537,725,62,175,62,45,123,
K08994,162,256,38,54,20,17,49,
K03719,20,21,1,5,2,0,3,
K25137,191,88,21,17,14,8,18,
K06076,38,155,8,30,8,19,35,
K01881,528,1480,113,240,78,69,206,
K01444,30,20,3,2,7,4,6,
K07112,0,0,0,0,0,0,0,
K01069,164,88,6,15,19,13,20,
K07112,0,0,0,0,0,0,0,
K07090,79,31,0,4,6,3,6,
K12373,148,167,20,50,13,11,37,
K01029,36,40,10,7,3,1,7,
K01028,55,15,1,1,11,0,4,
K11936,562,1134,65,290,44,61,230,
K03742,539,373,35,94,62,25,119,
K03098,0,0,0,0,0,0,0,
K02014,152,225,0,42,14,4,22,
K11755,52,17,0,3,8,0,4,
K02500,58,26,5,13,2,5,5,
K01814,133,31,0,23,12,0,1,
K02501,15,1,0,1,2,0,1,
K01089,150,50,1,16,16,4,12,
K00817,170,83,1,25,17,10,16,
K00013,191,65,0,26,28,33,11,
K00765,142,41,3,16,15,27,15,
K20534,136,31,7,9,12,2,8,
K00674,108,43,4,24,9,6,13,
K12340,229,32,26,64,13,24,8,
K03543,305,73,0,85,28,24,20,
K03446,454,41,17,123,40,28,27,
K05908,55,111,19,29,4,18,18,
K01246,9,3,1,0,1,0,1,
K00688,300,183,22,49,32,18,38,
K01278,539,433,174,131,93,80,56,
K03305,469,145,56,32,56,20,44,
K03305,437,217,156,63,54,31,42,
K03305,312,131,2,39,61,24,26,
K06880,56,10,3,1,7,2,1,
K04043,158,367,28,137,15,10,93,
K00937,439,379,38,95,57,28,72,
K01524,166,268,53,67,28,25,40,
K20483,242,1347,73,228,35,20,134,
K20484,131,36,0,19,3,0,9,
K03791,560,264,81,55,53,25,32,
K06213,214,261,35,64,31,25,59,
K02429,283,202,60,30,19,19,38,
K02956,0,0,0,0,0,0,0,
K00962,65,115,28,39,7,7,17,
K01066,137,21,1,0,27,1,4,
K21573,536,21,2,3,56,1,13,
K21572,146,20,6,3,11,2,2,
K18954,308,992,101,146,57,45,156,
K05275,216,383,40,48,22,27,68,
K11065,270,772,221,112,54,49,114,
K09003,380,216,36,59,42,23,46,
K07032,172,95,54,12,13,29,22,
K04750,140,109,22,8,12,20,19,
K05795,211,782,39,172,35,32,154,
K03321,133,358,50,70,22,39,68,
K11089,73,72,4,12,8,2,6,
K18954,134,101,47,16,17,21,17,
K15255,22,3,0,3,4,2,3,
K00784,81,55,7,17,6,9,7,
K18962,100,75,9,45,10,4,13,
K09776,80,117,16,67,11,3,12,
K03924,214,170,24,27,33,15,39,
K03424,3,1,0,2,0,1,0,
K03784,0,0,0,0,0,0,0,
K02014,465,24,2,3,49,1,2,
K18954,136,14,3,2,15,2,3,
K00355,0,0,0,0,0,0,0,
K01066,106,61,6,14,11,4,12,
K18954,149,150,13,42,20,8,27,
K01669,478,1010,137,250,59,73,198,
K01772,312,693,49,211,61,70,145,
K06400,20,20,6,6,3,2,4,
K09705,0,0,0,0,0,0,0,
K03630,17,2,4,2,3,2,2,
K12063,144,0,0,0,9,0,1,
K03205,84,0,0,0,24,0,1,
K03169,6,2,0,0,1,1,0,
K03438,309,295,92,59,52,42,55,
K03925,481,512,197,94,83,61,75,
K03978,208,425,101,103,41,38,62,
K02348,162,230,82,78,25,22,19,
K07504,128,16,5,3,9,2,4,
K07304,165,80,21,10,24,8,19,
K02480,43,26,10,4,1,7,3,
K21488,31,1,0,0,3,0,1,
K02916,2167,1442,939,304,158,491,279,
K02887,3523,2366,1460,405,238,464,404,
K01661,236,242,41,60,32,31,47,
K02548,262,282,82,65,45,13,81,
K01835,1705,2463,338,390,242,357,418,
K00027,136,106,34,24,25,11,31,
K03550,0,0,0,0,0,0,0,
K09794,415,1102,244,157,65,93,151,
K02429,388,254,56,87,51,21,60,
K20483,85,52,12,14,19,2,4,
K20483,0,0,0,0,0,0,0,
K03630,7,11,0,6,0,0,2,
K01507,231,273,109,73,15,48,36,
K15987,612,1999,68,416,120,50,356,
K00626,187,11,2,0,18,0,8,
K15329,471,14,1,8,47,9,4,
K15337,14,0,1,2,1,1,1,
K00646,203,9,6,3,19,0,7,
K15311,172,11,4,4,20,8,1,
K15312,77,8,0,2,12,1,0,
K00485,399,11,0,4,27,7,4,
K01054,91,4,0,0,6,1,1,
K16171,279,309,21,61,29,42,58,
K06133,144,187,29,39,23,40,31,
K03294,442,261,42,98,48,39,70,
K01129,592,2255,261,388,121,85,431,
K07705,0,0,0,0,0,0,0,
K03701,635,192,78,72,41,57,64,
K02005,247,267,13,193,29,16,68,
K12340,345,318,13,175,15,33,76,
K00243,23,2,2,2,1,5,3,
K00382,401,639,175,98,54,63,144,
K03169,0,0,0,0,0,0,0,
K06911,158,298,110,28,26,76,54,
K06999,27,6,1,1,4,4,2,
K15975,150,34,3,6,22,1,6,
K15975,154,35,9,10,10,3,14,
K06975,0,0,0,0,0,0,0,
K03205,244,4,0,1,25,0,9,
K06167,33,68,0,21,1,0,17,
K08968,98,165,77,30,15,26,29,
K21900,105,26,19,2,9,6,7,
K18682,390,316,23,71,50,14,58,
K09888,8,48,4,2,0,2,5,
K03183,472,379,46,91,59,52,71,
K00648,332,202,37,56,26,36,39,
K07098,378,197,15,182,36,6,45,
K03088,67,35,15,12,4,0,10,
K00666,149,299,32,55,24,25,60,
K03092,83,53,11,17,6,2,11,
K01893,696,1446,311,281,100,107,268,
K02316,1176,11989,298,2119,123,182,1844,
K01358,0,0,0,0,0,0,0,
K06925,61,40,8,10,8,8,10,
K00259,367,525,37,116,38,22,125,
K02945,315,351,34,120,45,14,85,
K01053,16,8,6,4,0,0,6,
K02574,0,0,0,0,0,0,0,
K18954,0,0,0,0,0,0,0,
K01939,660,221,258,50,60,105,53,
K03832,3302,6150,1154,1271,693,562,1627,
K03496,370,831,43,154,37,41,138,
K03497,362,668,32,132,41,22,124,
K00215,261,499,76,117,38,12,75,
K03100,449,654,186,268,50,43,131,
K03286,2430,3509,317,638,390,391,756,
K14136,292,264,22,74,44,34,48,
K16653,270,256,85,102,34,47,48,
K16652,171,167,38,56,38,10,32,
K18697,112,151,38,30,26,18,24,
K04487,961,2333,204,465,115,173,436,
K03671,553,3245,417,495,81,69,559,
K02014,232,22,0,6,33,0,1,
K06999,178,462,12,82,30,11,81,
K02480,292,198,34,54,36,14,49,
K01866,81,49,9,11,4,3,11,
K03088,63,134,52,14,16,5,18,
K03644,165,173,34,51,23,6,69,
K08156,396,35,1,7,47,4,10,
K02884,586,527,175,156,34,121,134,
K01417,184,48,15,24,29,7,13,
K16568,108,8,4,3,8,2,2,
K17836,188,18,1,2,14,3,5,
K18954,150,13,1,6,18,2,3,
K03790,119,6,7,1,10,2,2,
K01889,219,25,1,12,16,0,5,
K21572,25,6,0,2,1,0,0,
K01061,115,134,18,15,12,5,15,
K22479,6,4,0,2,1,0,2,
K10778,540,1198,148,179,67,104,187,
K00567,142,79,27,30,9,9,12,
K07017,0,0,0,0,0,0,0,
K06871,191,209,22,45,34,13,26,
K04075,287,579,109,109,61,51,104,
K01256,458,321,8,113,49,12,68,
K00588,568,2149,471,227,119,139,325,
K20742,552,1292,300,225,103,93,194,
K02527,157,275,48,64,26,33,37,
K07074,128,35,2,13,16,8,11,
K00768,162,16,1,8,8,3,5,
K02233,0,0,0,0,0,0,0,
K02867,1591,527,84,98,115,206,90,
K02863,2755,778,208,132,170,373,155,
K02864,2046,570,234,135,116,343,128,
K02935,1110,322,181,69,61,143,47,
K03043,5246,8468,370,2084,499,902,1785,
K00275,246,155,8,23,36,16,27,
K02014,545,16,0,4,52,0,0,
K01992,232,12,2,1,15,7,2,
K01066,41,19,1,4,7,3,4,
K18954,310,231,4,43,33,22,62,
K01243,149,171,53,25,17,23,26,
K22441,165,161,60,24,12,33,36,
K03930,410,525,93,89,51,23,91,
K02014,280,34,2,13,23,1,4,
K01935,78,2,0,1,3,0,1,
K00939,134,105,24,54,16,13,23,
K00760,250,192,68,74,18,23,47,
K01939,260,157,137,34,32,22,34,
K09166,121,323,4,85,27,2,70,
K07071,2,1,0,0,0,0,0,
K00382,1034,644,275,140,83,110,106,
K07001,135,173,11,74,13,22,55,
K25152,775,1535,432,217,96,114,292,
K02477,330,971,159,96,61,39,123,
K01322,118,70,19,11,9,13,9,
K01270,168,192,24,39,20,16,24,
K22522,0,0,0,0,0,0,0,
K06187,179,87,34,16,13,11,18,
K16870,57,49,27,5,5,9,13,
K07263,663,485,88,124,78,65,98,
K03075,0,0,0,0,0,0,0,
K07263,182,124,5,23,24,0,13,
K03657,610,423,156,85,60,71,101,
K02014,776,1041,68,182,158,79,145,
K03707,0,0,0,0,0,0,0,
K00941,181,16,0,5,22,0,2,
K00788,225,7,0,4,25,0,2,
K06200,173,134,27,52,21,12,31,
K00878,0,0,0,0,0,0,0,
K01555,119,71,11,27,19,8,17,
K00457,520,697,60,171,64,48,140,
K18122,577,2287,503,332,109,168,333,
K18118,1265,1213,492,144,159,190,201,
K00451,1042,1463,194,191,120,149,231,
K02014,999,8743,159,872,103,79,1607,
K08987,43,47,12,6,4,5,14,
K17733,116,680,30,343,21,45,205,
K00252,1746,2636,118,377,188,144,483,
K08174,129,66,26,21,14,4,24,
K01417,0,0,0,0,0,0,0,
K19200,333,244,20,45,35,10,37,
K09516,249,44,6,14,19,5,7,
K02078,0,0,0,0,0,0,0,
K00059,1,4,0,0,0,0,0,
K01745,345,298,76,68,34,24,78,
K04750,386,385,79,76,66,26,56,
K03088,267,2381,26,1104,44,20,595,
K00281,1156,615,89,189,98,151,159,
K17837,210,131,22,42,18,9,19,
K01826,100,87,39,20,19,7,24,
K13049,218,682,55,125,19,35,106,
K01265,45,16,2,9,3,3,2,
K11904,346,74,115,42,38,49,35,
K08972,0,0,0,0,0,0,0,
K01303,602,159,17,78,65,41,58,
K23775,55,13,2,1,9,1,1,
K01246,100,52,19,12,15,8,8,
K01201,31,51,1,8,5,1,11,
K01201,118,128,0,38,7,4,36,
K21572,222,477,3,101,16,7,104,
K15727,213,151,12,38,28,11,27,
K15726,912,644,50,195,83,42,160,
K02358,10685,6278,3358,1631,795,1438,1290,
K03073,121,172,72,53,14,14,41,
K02601,460,276,192,72,41,57,56,
K01735,10,9,4,0,2,0,0,
K06178,498,924,246,180,83,87,229,
K08281,7,133,5,32,2,3,20,
K07107,0,0,0,0,0,0,0,
K01990,137,15,6,5,12,2,2,
K07263,659,599,80,221,89,43,134,
K07003,247,211,32,65,32,23,35,
K16568,301,96,6,27,38,11,14,
K03168,845,243,107,92,66,62,73,
K02851,405,261,59,89,53,37,54,
K01991,352,80,34,53,47,36,35,
K16692,775,792,181,274,104,181,181,
K00806,328,518,98,115,38,66,111,
K07277,1657,1822,295,477,221,200,308,
K06142,247,312,71,92,30,36,91,
K06142,1735,5573,1010,1203,269,200,1076,
K00067,172,76,54,16,14,6,16,
K24258,427,158,95,79,58,111,35,
K19068,440,348,153,92,60,98,42,
K15894,174,91,71,43,25,79,24,
K09800,0,0,0,0,0,0,0,
K25706,249,328,17,95,30,22,76,
K09761,0,0,0,0,0,0,0,
K00556,4,0,0,0,0,0,0,
K01424,226,164,35,40,32,20,29,
K02014,65,3,0,3,6,5,0,
K18954,123,14,0,6,24,6,9,
K07130,199,24,2,10,22,0,4,
K11904,609,283,12,81,65,20,76,
K01912,47,22,10,9,5,1,7,
K01870,1636,1034,201,262,161,181,189,
K06204,662,3411,795,536,137,131,540,
K03101,129,238,70,79,18,28,30,
K03748,83,28,9,10,6,1,8,
K09780,74,29,7,8,11,3,2,
K01142,97,41,34,12,13,9,10,
K03642,39,54,12,18,4,2,16,
K14441,3666,8879,1229,1705,480,443,1724,
K01790,128,81,37,30,14,23,22,
K19430,188,143,29,51,33,35,35,
K05516,28,40,2,8,2,4,9,
K13953,29,26,1,5,4,0,4,
K09959,0,0,0,0,0,0,0,
K00138,840,1870,39,973,135,192,421,
K21572,145,530,14,123,20,36,87,
K21573,305,59,32,5,22,25,10,
K06878,153,338,11,63,26,16,52,
K07501,119,342,15,64,15,10,60,
K01011,32,24,2,9,1,2,6,
K01640,310,485,41,96,37,30,72,
K01258,700,1590,191,214,77,67,252,
K07102,0,0,0,0,0,0,0,
K13283,1,1,0,0,0,0,0,
K00133,0,0,0,0,0,0,0,
K02014,659,550,270,153,67,87,113,
K00767,716,303,138,115,56,94,90,
K00278,100,52,13,11,5,17,8,
K03782,1,0,0,0,0,0,0,
K01176,139,136,34,50,21,23,23,
K00790,474,808,29,166,73,53,138,
K11939,13,12,2,1,1,5,1,
K02014,0,0,0,0,0,0,0,
K01118,0,0,0,0,0,0,0,
K01256,568,413,80,99,87,47,76,
K11928,506,46,6,22,62,5,19,
K13075,166,151,10,27,12,11,29,
K07148,140,12,0,3,19,2,3,
K18954,83,55,8,5,8,3,8,
K22479,0,0,0,0,0,0,0,
K11904,1054,1453,38,295,125,95,334,
K01745,34,43,1,10,0,2,12,
K03703,579,839,269,159,69,127,94,
K01969,469,507,54,137,64,43,72,
K18988,403,111,45,35,34,11,21,
K01952,966,452,162,166,86,96,127,
K10804,88,40,17,11,16,7,9,
K02338,1407,4172,1038,666,221,233,601,
K01627,336,396,77,75,41,43,75,
K03216,0,0,0,0,0,0,0,
K00783,0,0,0,0,0,0,0,
K03313,6,0,1,1,5,0,0,
K01139,315,551,67,135,52,48,84,
K07058,0,0,0,0,0,0,0,
K06894,13,4,1,0,2,1,1,
K01302,499,595,20,159,103,39,96,
K16568,758,1613,156,339,96,90,297,
K03217,322,229,59,131,34,29,57,
K03470,4,1,3,0,1,0,0,
K21572,642,1850,84,524,69,65,482,
K00973,216,55,4,24,29,12,12,
K09690,282,278,72,79,22,13,37,
K09691,438,362,59,104,51,28,84,
K13018,100,82,12,24,16,11,13,
K16870,202,127,56,37,40,11,27,
K01992,0,0,0,0,0,0,0,
K05808,0,0,0,0,0,0,0,
K02970,120,170,45,44,8,39,29,
K14060,131,651,77,53,9,29,56,
K11904,388,1018,260,197,94,181,250,
K20968,0,0,0,0,0,0,0,
K00638,97,30,7,10,12,4,3,
K02078,753,1250,341,222,94,146,222,
K09458,2459,3639,492,654,315,301,640,
K03685,306,402,75,83,46,60,59,
K00873,99,55,12,20,22,7,16,
K02168,605,877,159,162,127,82,128,
K01479,0,0,0,0,0,0,0,
K01468,295,261,52,75,46,57,50,
K03551,759,1407,178,266,135,79,254,
K07734,216,428,71,76,48,31,59,
K09957,53,27,12,2,11,3,4,
K00024,0,0,0,0,0,0,0,
K11354,651,1124,337,221,79,94,170,
K24163,445,698,33,202,69,24,129,
K13985,109,185,8,31,29,9,30,
K11904,0,0,0,0,0,0,0,
K02014,246,20,0,8,33,0,4,
K03655,199,102,5,33,26,6,23,
K22441,443,1975,240,422,80,82,390,
K01714,91,15,5,14,6,5,7,
K03584,50,47,5,18,5,5,10,
K00337,300,454,49,131,36,38,94,
K00338,81,114,16,61,19,22,50,
K00339,74,118,14,46,17,13,31,
K00340,102,129,22,54,14,11,17,
K00341,586,730,113,218,72,37,146,
K00343,366,471,104,116,41,28,74,
K07304,0,0,0,0,0,0,0,
K25026,166,175,29,24,31,8,22,
K02014,323,136,9,32,38,2,33,
K02014,196,15,6,7,23,0,2,
K03269,0,0,0,0,0,0,0,
K18189,0,0,0,0,0,0,0,
K03286,354,403,104,86,31,30,118,
K03664,8391,12163,1506,1708,1100,1181,1974,
K07387,10,4,4,0,3,3,0,
K07462,641,716,93,175,98,83,123,
K00969,91,34,18,16,10,9,10,
K02071,259,206,8,53,51,13,47,
K02072,116,94,2,24,16,7,13,
K02073,242,93,1,43,40,6,16,
K05349,584,2478,4,392,58,16,473,
K03654,0,3,0,1,0,0,1,
K06041,304,274,18,65,32,24,50,
K03118,158,62,10,20,12,5,8,
K07259,179,93,15,41,31,11,22,
K05995,109,43,8,10,21,5,8,
K00616,25,18,7,6,0,2,4,
K00661,0,0,0,0,0,0,0,
K02172,335,197,22,54,47,10,41,
K02171,107,313,80,49,22,45,43,
K09990,96,4,0,2,6,1,0,
K07566,656,1991,53,340,81,99,339,
K07052,239,421,33,159,34,74,78,
K09861,264,600,148,180,44,42,108,
K07124,137,8,0,5,16,0,3,
K14287,190,165,31,33,24,16,31,
K07300,110,22,4,10,20,3,5,
K03704,64,7,0,3,2,0,3,
K06182,291,751,24,194,49,12,165,
K03177,204,79,26,34,28,5,6,
K06153,110,51,7,9,16,3,16,
K09811,121,72,12,33,8,19,11,
K02528,0,0,0,0,0,0,0,
K03781,331,57,9,31,24,12,8,
K07077,595,400,24,98,67,29,67,
K03553,0,0,0,0,0,0,0,
K02335,14,29,1,6,2,1,7,
K21572,240,54,1,8,24,5,6,
K05986,1938,14033,887,1694,299,256,2400,
K03923,105,14,4,0,7,1,3,
K06221,498,457,43,139,69,39,109,
K00459,103,219,26,24,13,8,25,
K02558,21,11,6,5,1,4,3,
K04337,50,7,2,0,7,0,1,
K04338,32,4,0,0,4,0,0,
K06214,297,9,0,0,17,5,2,
K11904,661,1088,45,248,107,106,277,
K08994,255,399,93,86,42,31,67,
K16264,220,233,36,56,27,27,34,
K01534,389,339,35,104,54,26,52,
K07152,238,84,19,37,11,16,14,
K04564,199,139,59,35,31,30,30,
K00428,162,12,3,2,21,3,8,
K02968,112,159,21,22,13,12,29,
K01448,182,218,72,44,30,52,50,
K04744,678,117,24,46,79,24,35,
K04771,75,557,35,113,6,16,99,
K09022,0,0,0,0,0,0,0,
K07146,577,958,97,242,41,69,197,
K01934,0,0,0,0,0,0,0,
K03437,30,68,9,10,4,6,16,
K07052,177,233,43,38,16,14,42,
K09760,164,52,18,8,19,8,5,
K02483,146,275,53,31,32,21,27,
K15725,153,20,1,3,12,1,3,
K15727,88,14,2,2,12,3,4,
K15726,448,64,6,9,48,3,9,
K09780,0,0,0,0,0,0,0,
K00763,996,3729,128,658,154,88,601,
K04047,269,1207,186,136,23,54,169,
K02950,739,392,31,107,49,73,106,
K02992,1256,427,72,98,67,149,99,
K02355,9501,3023,577,855,529,1188,723,
K02946,1082,391,129,92,56,103,71,
K16089,606,79,35,22,55,13,26,
K00864,135,261,0,80,15,2,58,
K02440,0,0,0,0,0,0,0,
K00111,393,1377,8,381,52,7,240,
K02081,156,316,50,88,31,9,53,
K02906,1319,726,184,197,96,147,156,
K02926,1460,657,257,204,118,454,166,
K02892,536,236,101,54,39,171,48,
K02886,2814,1397,454,297,203,413,280,
K02965,491,305,97,81,34,88,66,
K02890,713,460,143,130,48,218,123,
K02982,1666,1067,171,265,100,358,304,
K02878,888,652,131,177,57,154,173,
K02961,447,295,99,54,29,109,51,
K02874,869,624,218,128,71,172,153,
K02895,751,431,135,108,38,193,108,
K02931,1829,1301,559,281,126,319,230,
K02954,958,712,284,130,59,161,128,
K02994,906,837,278,195,75,132,149,
K02933,1076,896,255,235,81,135,178,
K02881,676,504,166,144,38,110,89,
K02988,1143,806,253,232,67,141,169,
K02907,173,113,36,23,16,26,38,
K02876,795,659,210,185,55,170,132,
K03076,2014,1330,298,440,137,263,290,
K02518,168,234,39,103,12,39,75,
K02952,1642,1460,607,350,135,243,340,
K02948,1035,1152,384,281,93,167,241,
K02986,2000,1890,692,461,152,409,406,
K03040,2718,2548,898,646,217,592,536,
K02879,1216,1321,358,292,61,191,224,
K03150,0,0,0,0,0,0,0,
K02477,81,53,4,8,12,2,12,
K03543,195,1,0,0,21,0,0,
K01297,20,3,0,1,4,0,0,
K00384,85,63,13,27,1,4,17,
K02340,592,1346,114,249,66,72,238,
K06158,0,0,0,0,0,0,0,
K06188,1056,1448,62,353,192,210,300,
K00820,0,0,0,0,0,0,0,
K01918,291,534,158,95,32,36,107,
K00891,4,1,0,0,1,1,1,
K04762,2,1,0,1,0,0,0,
K22083,86,68,4,22,8,5,23,
K01114,242,39,3,20,35,6,14,
K01887,71,142,26,19,4,16,27,
K07058,0,0,0,0,0,0,0,
K09800,855,950,41,313,111,65,201,
K02171,17,35,2,23,0,1,7,
K00161,761,1339,262,301,88,122,190,
K00627,819,1082,76,325,83,164,207,
K09810,310,593,151,99,37,46,109,
K03630,65,103,5,23,10,3,8,
K01012,170,1,1,0,22,5,0,
K00833,144,2,5,1,11,2,2,
K03449,27,15,4,5,1,0,1,
K01752,14,2,0,4,2,3,1,
K03320,46,39,2,4,8,0,9,
K01118,0,0,0,0,0,0,0,
K06978,256,143,18,42,19,9,32,
K10778,202,117,33,16,26,6,18,
K01480,219,121,57,31,22,33,18,
K01838,0,0,0,0,0,0,0,
K01104,335,250,126,59,61,98,65,
K00949,70,129,40,28,18,19,28,
K02014,224,557,72,80,55,27,81,
K00798,0,0,0,0,0,0,0,
K05916,0,0,0,0,0,0,0,
K13771,0,0,0,0,0,0,0,
K06861,276,167,43,29,22,10,25,
K01698,120,135,25,26,19,12,14,
K01992,364,149,56,40,24,47,41,
K01902,789,1102,127,238,72,113,191,
K02536,1090,1425,110,371,117,143,273,
K02356,45,48,13,13,4,8,9,
K00677,0,0,0,0,0,0,0,
K16363,392,235,29,94,39,41,60,
K02536,335,165,21,78,19,38,36,
K06885,460,382,141,145,59,46,88,
K02014,38,32,13,6,7,1,4,
K01194,381,13,6,16,70,0,2,
K08174,178,8,0,6,31,0,3,
K02014,569,189,39,76,66,32,32,
K02835,285,73,20,27,23,21,16,
K00239,583,1400,17,430,50,65,259,
K00240,0,0,0,0,0,0,0,
K03319,827,2355,23,673,62,106,429,
K00241,0,0,0,0,0,0,0,
K04096,316,691,96,181,41,37,115,
K00262,1119,690,357,162,96,163,152,
K05937,6,1,1,0,2,0,0,
K06940,0,0,0,0,0,0,0,
K08715,83,35,1,16,6,3,12,
K07300,122,98,21,20,5,5,16,
K06886,0,0,0,0,0,0,0,
K19216,19,4,1,2,4,0,6,
K03719,130,70,27,13,18,16,18,
K03709,9,6,2,2,1,0,0,
K01620,138,115,66,21,18,20,23,
K01066,175,12,0,1,22,0,1,
K01077,30,3,0,0,2,0,0,
K21572,37,3,0,0,2,0,0,
K21573,280,8,0,0,30,0,1,
K02346,224,51,2,13,20,2,21,
K03719,25,5,0,1,1,0,1,
K00549,667,222,106,48,68,222,36,
K03088,127,155,38,55,14,9,22,
K07305,58,11,0,0,10,0,3,
K00681,703,813,106,122,100,147,129,
K11103,155,30,5,6,23,5,0,
K07029,0,0,0,0,0,0,0,
K03593,197,716,39,277,20,38,156,
K19168,0,0,0,0,0,0,0,
K03585,119,357,0,85,10,0,49,
K03296,565,516,0,207,62,0,61,
K18139,86,112,0,37,17,0,26,
K00791,38,28,1,7,1,4,7,
K00942,285,543,121,76,28,58,67,
K03517,526,991,260,161,69,95,181,
K12524,1111,271,42,107,102,97,82,
K00872,341,70,4,35,24,17,34,
K01733,275,87,8,29,30,26,16,
K01633,74,38,27,11,12,6,13,
K03791,0,0,0,0,0,0,0,
K03648,3,4,1,0,0,3,0,
K09793,347,429,48,79,66,29,88,
K16053,364,131,59,58,27,49,62,
K03474,353,196,62,44,24,33,32,
K01175,316,183,56,49,30,53,34,
K01937,8,11,0,2,0,0,0,
K04485,353,144,17,35,43,49,28,
K18346,0,0,0,0,0,0,0,
K08682,0,0,0,0,0,0,0,
K13017,863,1827,253,327,96,139,321,
K01784,0,0,0,0,0,0,0,
K00598,0,0,0,0,0,0,0,
K00980,0,0,0,0,0,0,0,
K08307,326,560,53,186,38,33,155,
K11904,806,337,39,58,104,55,97,
K09858,44,9,1,3,10,1,0,
K03775,32,28,8,7,6,2,5,
K03547,197,94,10,21,17,11,18,
K03546,296,204,38,45,46,16,35,
K02343,0,0,0,0,0,0,1,
K00485,225,1,7,3,19,10,1,
K07093,0,0,0,0,0,0,0,
K00428,464,5,1,3,44,0,2,
K07090,81,20,6,1,7,1,2,
K11249,11,3,0,1,3,0,0,
K15726,733,240,11,185,39,29,65,
K15727,0,0,0,0,0,0,0,
K07032,90,28,5,15,6,8,7,
K03827,0,0,0,0,0,0,0,
K25132,119,53,1,20,8,2,14,
K25133,160,36,3,15,15,5,14,
K10834,88,45,17,14,8,0,7,
K07225,140,173,0,41,11,5,29,
K06959,204,58,17,11,9,5,10,
K00588,127,102,17,29,7,7,18,
K01462,1,0,0,0,0,0,1,
K00382,15,20,1,8,3,0,2,
K08325,1272,3776,131,547,177,165,571,
K15725,438,316,15,87,63,4,75,
K08679,383,659,59,133,61,49,106,
K03070,2737,13384,1048,4303,321,428,2899,
K03297,11,6,1,2,2,0,1,
K06997,92,32,16,15,10,3,11,
K03284,65,58,15,9,14,6,7,
K00648,0,0,0,0,0,0,0,
K06911,0,0,0,0,0,0,0,
K16211,100,33,15,3,14,3,5,
K21575,244,225,60,54,47,31,33,
K07001,68,4,2,2,7,1,2,
K00428,0,0,0,0,0,0,0,
K03501,370,408,158,72,37,90,73,
K00812,357,250,76,59,44,48,52,
K03386,794,6795,477,1261,78,127,1561,
K00831,613,194,18,27,44,68,55,
K01302,322,218,22,36,38,7,35,
K01302,298,68,9,15,45,13,13,
K01302,236,89,10,14,23,10,15,
K03767,516,2003,199,484,74,156,501,
K00826,144,174,33,29,18,14,20,
K01783,88,92,30,21,3,6,27,
K09930,113,112,18,24,20,20,27,
K01206,256,108,26,25,20,1,11,
K00940,5,1,2,0,1,0,0,
K06949,283,172,71,32,20,22,25,
K04516,225,230,28,47,21,36,53,
K02217,0,0,0,0,0,0,0,
K06207,346,143,28,25,48,11,22,
K03088,321,450,95,79,78,84,58,
K02909,129,131,52,41,10,45,39,
K09001,114,32,7,10,13,1,6,
K02078,94,86,40,20,11,23,16,
K00647,228,129,19,34,20,25,27,
K01697,0,0,0,0,0,0,0,
K09808,357,271,96,63,32,28,28,
K18954,204,240,11,50,46,14,59,
K22479,0,0,0,0,0,0,0,
K18954,129,42,4,21,19,12,7,
K15777,0,0,0,0,0,0,0,
K03829,139,202,14,32,26,7,37,
K04750,0,0,0,0,0,0,0,
K09973,204,8,0,0,25,3,4,
K00252,717,818,90,243,116,94,219,
K18954,147,70,30,16,19,3,10,
K08151,227,5,1,3,23,1,4,
K03824,0,0,0,0,0,0,0,
K06949,91,61,9,11,16,0,8,
K08726,170,28,0,5,7,0,7,
K00355,177,9,0,7,4,0,6,
K07705,95,102,26,16,6,1,12,
K06889,156,61,12,9,25,4,11,
K03307,0,0,0,0,0,0,0,
K03286,124,85,44,18,18,28,19,
K22580,303,102,14,23,22,8,20,
K01278,394,206,17,68,53,33,44,
K03652,100,25,10,5,14,0,2,
K01077,61,3,4,0,3,0,0,
K18954,72,4,3,6,6,1,2,
K03585,220,107,4,24,25,2,12,
K03296,669,74,0,13,67,1,10,
K21573,165,0,0,7,20,4,1,
K21572,0,0,0,0,0,0,0,
K01338,270,858,111,159,50,39,172,
K03770,868,362,150,105,73,103,79,
K03701,340,482,22,124,54,34,108,
K01083,26,16,1,6,2,1,9,
K03154,43,0,0,4,3,2,0,
K03147,340,11,3,2,32,1,3,
K00788,91,0,0,1,13,0,3,
K03149,117,0,0,0,5,0,1,
K01714,91,16,9,6,10,13,6,
K01154,187,107,70,32,42,33,22,
K03427,329,209,80,61,40,50,50,
K00699,60,27,0,6,2,2,3,
K06133,123,77,0,22,7,9,17,
K15977,61,95,17,29,3,17,21,
K01425,125,85,5,17,11,4,9,
K04517,35,17,1,12,4,0,4,
K10536,48,1,0,0,2,2,0,
K18954,251,183,9,42,21,4,22,
K07404,35,9,1,0,2,1,1,
K23775,74,386,15,413,9,15,123,
K04063,29,215,3,180,3,7,59,
K01462,28,17,4,6,1,1,6,
K07727,0,0,0,0,0,0,0,
K07074,80,59,2,15,13,0,12,
K01619,0,0,0,0,0,0,0,
K03718,0,0,0,0,0,0,0,
K00554,109,685,19,136,18,35,118,
K03885,367,445,148,89,52,85,61,
K01779,338,221,11,44,23,11,27,
K07226,85,197,35,41,1,20,39,
K01251,1505,1992,96,414,172,186,379,
K01588,25,25,5,5,5,2,2,
K01589,6,2,0,0,0,0,3,
K07090,229,324,34,116,42,61,81,
K08234,0,0,0,0,0,0,0,
K01597,3,4,0,1,0,0,0,
K01897,181,186,67,38,25,14,29,
K06975,0,0,0,0,0,0,0,
K06384,409,617,197,115,104,106,120,
K18954,124,148,15,54,18,9,26,
K06942,34,6,2,4,3,0,0,
K20968,14,10,3,2,4,0,0,
K02066,0,0,0,0,0,0,0,
K10026,86,43,14,8,9,7,4,
K01491,221,125,14,40,24,10,20,
K01756,692,638,225,150,74,86,105,
K00800,306,198,13,67,23,22,47,
K09015,13,10,2,3,1,0,0,
K09013,166,366,65,132,20,39,79,
K09014,334,644,46,160,37,64,161,
K03790,0,0,0,0,0,0,0,
K13628,488,1309,146,264,36,99,299,
K07054,0,0,0,0,0,0,0,
K00794,57,45,7,5,4,4,6,
K00759,0,0,0,0,0,0,0,
K08997,151,221,21,36,32,22,51,
K05366,575,576,61,145,63,70,165,
K06076,2274,3556,262,664,382,317,711,
K00948,500,205,34,78,45,51,60,
K02897,1433,494,157,154,83,165,90,
K11717,413,1001,146,180,43,56,180,
K01114,144,26,3,7,17,9,6,
K11021,59,54,8,12,2,13,10,
K01595,451,214,142,30,51,94,35,
K01174,155,64,12,22,21,3,18,
K01810,211,112,11,24,26,27,15,
K01798,0,4,0,0,0,0,0,
K00857,307,289,130,62,71,79,51,
K22278,180,32,7,10,21,0,5,
K03634,95,45,12,5,14,3,8,
K01462,390,396,135,72,50,94,62,
K07447,228,197,43,40,34,12,53,
K08296,4,0,0,0,0,0,0,
K06974,0,0,0,0,0,0,0,
K02014,241,169,1,98,25,2,35,
K03897,382,231,2,108,29,2,51,
K07095,80,11,7,7,14,1,2,
K08316,69,110,10,13,8,3,20,
K01776,6,12,1,3,2,1,5,
K02495,279,301,141,68,37,32,33,
K06180,452,1657,91,297,101,54,242,
K01921,313,253,72,57,66,89,50,
K00954,139,99,19,15,21,21,17,
K00287,123,154,43,29,16,15,22,
K03744,1184,1740,715,313,194,118,269,
K06872,248,77,16,76,23,14,14,
K03455,394,1069,33,234,45,21,162,
K01284,530,1016,76,271,84,49,169,
K01192,384,127,31,45,37,10,13,
K01744,87,56,3,12,8,5,9,
K11066,552,822,99,160,93,71,155,
K21572,2952,3747,534,811,570,500,732,
K07507,53,31,3,7,7,6,4,
K06079,0,0,0,0,0,0,0,
K03790,0,0,0,0,0,0,0,
K03564,0,0,0,0,0,0,0,
K00971,410,657,57,137,68,75,106,
K12340,222,172,48,72,38,9,34,
K02742,0,0,0,0,0,0,0,
K11754,352,71,43,16,33,18,10,
K02426,0,0,0,0,0,0,0,
K03696,9231,76187,3453,14480,1613,1661,13998,
K00566,630,575,69,181,54,82,117,
K00587,15,16,0,7,1,0,3,
K02478,77,42,15,17,7,9,12,
K13652,78,90,1,29,11,0,14,
K03797,195,46,18,12,15,12,10,
K04565,0,0,0,0,0,0,0,
K06937,90,63,22,24,12,7,12,
K03787,0,0,0,0,0,0,0,
K13292,244,368,41,92,31,29,62,
K00364,251,496,71,57,24,49,64,
K00059,64,5,2,5,4,1,6,
K17733,370,352,10,77,41,14,44,
K03502,498,421,28,100,52,49,94,
K01880,202,124,78,32,23,25,17,
K06175,140,16,11,3,13,1,1,
K00254,41,47,0,12,3,3,6,
K07305,77,89,33,12,14,14,18,
K09458,400,1121,294,256,111,225,185,
K00626,280,124,15,34,49,9,21,
K16137,135,96,14,14,32,6,12,
K04063,84,107,16,10,14,7,6,
K08218,245,16,2,11,27,2,9,
K18785,175,9,0,4,25,0,0,
K09704,407,336,35,69,57,26,59,
K08364,83,60,7,51,7,8,9,
K01354,304,113,11,29,31,16,41,
K01719,231,365,53,70,42,28,60,
K00721,229,177,34,39,22,21,31,
K00773,367,249,65,69,45,20,39,
K11720,82,13,3,10,12,3,3,
K09710,366,3099,201,650,54,58,524,
K03798,1514,7423,537,2516,160,214,1517,
K00981,38,54,23,10,4,0,7,
K11085,45,33,5,7,6,4,11,
K01613,0,0,0,0,0,0,0,
K03628,651,784,149,210,89,59,143,
K04564,0,0,0,0,0,0,0,
K20275,17,9,1,1,2,0,1,
K00992,675,1256,203,256,105,75,246,
K07056,159,136,62,22,27,14,20,
K03088,86,129,32,26,19,12,21,
K21741,51,139,9,23,7,6,30,
K12267,391,1034,101,172,40,40,207,
K01322,592,513,73,121,83,64,99,
K00088,6,7,1,1,1,1,2,
K09928,28,18,9,6,2,4,2,
K01417,12,65,2,20,2,2,13,
K02437,348,789,232,100,54,33,118,
K03046,1709,3446,164,959,200,277,652,
K19572,93,93,30,21,18,6,19,
K18954,174,283,27,53,29,23,39,
K01715,150,31,6,6,19,3,6,
K00020,128,86,2,49,8,9,10,
K11538,251,112,3,64,33,16,34,
K00140,314,224,9,126,30,21,39,
K01720,664,296,7,278,36,40,74,
K01659,592,286,16,218,62,28,60,
K03417,493,337,45,148,45,71,87,
K12243,165,307,23,68,18,13,65,
K18954,109,13,7,5,19,3,7,
K21741,105,8,1,0,5,0,2,
K01890,945,709,407,185,79,182,157,
K00074,340,638,178,136,42,60,101,
K03668,0,0,0,0,0,0,0,
K17836,0,0,0,0,0,0,0,
K00573,201,177,31,16,29,13,35,
K19294,269,82,27,27,43,18,18,
K01712,832,805,53,176,110,97,154,
K11065,6,1,0,0,0,0,0,
K00131,822,1243,123,208,98,80,194,
K03088,71,233,33,36,13,3,46,
K03088,0,0,0,0,0,0,0,
K13985,171,151,5,38,22,17,31,
K06975,13,34,7,4,1,2,6,
K07459,160,40,40,14,11,8,22,
K00215,70,37,2,9,6,3,6,
K08995,0,0,0,0,0,0,0,
K03814,134,60,23,16,28,15,18,
K07396,26,21,7,5,0,0,3,
K06893,0,0,0,0,0,0,0,
K03629,100,140,38,18,8,15,16,
K06894,3060,5501,582,1203,428,500,1197,
K08276,0,0,0,0,0,0,0,
K01866,235,12,10,2,18,0,0,
K03830,0,0,0,0,0,0,0,
K06996,38,49,22,8,4,2,8,
K01286,3,0,0,2,0,0,1,
K01284,560,906,61,335,66,44,197,
K02959,0,0,0,0,0,0,0,
K02860,0,0,0,0,0,0,0,
K22580,538,171,9,34,73,8,47,
K07568,579,208,165,71,34,138,38,
K06941,365,239,132,53,33,39,33,
K15537,411,322,41,69,39,35,72,
K02523,272,426,120,71,30,32,67,
K11381,1205,2254,453,604,109,165,495,
K07453,88,57,24,12,14,8,7,
K01372,88,276,32,81,19,11,73,
K03088,60,303,2,68,7,3,53,
K07114,548,1135,19,303,78,18,225,
K07114,599,590,48,149,49,19,139,
K01895,0,0,0,0,0,0,0,
K01908,473,553,21,158,90,57,66,
K01940,355,115,44,22,33,43,18,
K00145,190,91,57,24,17,22,23,
K13043,126,38,20,19,16,5,7,
K00930,132,12,1,5,12,2,0,
K01755,152,41,22,13,17,14,11,
K03719,87,114,57,35,27,35,13,
K00609,420,68,144,17,45,46,24,
K01956,1004,114,84,29,66,98,24,
K01955,1786,352,119,71,167,196,54,
K02014,474,122,7,37,35,6,32,
K03286,4874,7858,231,1669,620,521,1366,
K00950,473,766,98,256,71,92,193,
K04773,295,1336,51,433,51,29,270,
K03110,1135,1121,578,203,163,87,171,
K09022,221,428,53,84,31,26,71,
K02913,18,8,11,4,1,1,0,
K02902,440,308,177,76,30,138,91,
K03820,17,0,1,1,6,1,1,
K00286,88,45,1,11,12,5,5,
K00428,81,18,7,7,4,9,2,
K00075,191,59,6,17,14,0,14,
K15726,226,15,2,1,25,0,0,
K15725,0,0,0,0,0,0,0,
K15727,217,2,0,0,19,1,1,
K07090,0,0,0,0,0,0,0,
K03281,183,48,12,12,22,8,9,
K08224,610,283,60,55,41,62,61,
K03724,89,20,4,13,8,5,11,
K19271,65,153,47,20,14,3,30,
K22419,116,13,1,3,16,1,3,
K20968,33,29,5,3,6,2,3,
K11477,2,1,0,1,0,0,0,
K07577,331,472,18,112,80,32,118,
K10747,442,479,39,119,39,47,103,
K03724,735,439,22,110,85,68,95,
K01834,323,401,32,96,53,56,85,
K06953,39,39,14,13,2,9,8,
K03718,0,0,0,0,0,0,0,
K00615,37,3,0,1,1,1,0,
K00615,566,144,44,55,46,67,28,
K06975,35,4,0,3,1,1,0,
K07397,152,196,36,40,34,25,25,
K24915,112,120,10,33,15,13,20,
K19784,22,26,2,9,5,3,6,
K06911,203,372,29,80,33,39,63,
K06911,16,14,0,5,2,0,4,
K06975,0,0,0,0,0,0,0,
K01953,379,2125,128,498,72,73,373,
K03500,171,148,25,49,11,11,35,
K06193,0,0,0,0,0,0,0,
K01889,539,516,119,78,35,60,81,
K06867,49,5,2,2,6,1,1,
K01489,106,147,53,31,10,18,20,
K13979,61,39,17,3,8,1,7,
K01607,199,28,7,5,29,0,8,
K18954,198,73,30,28,19,9,15,
K02346,510,433,17,108,76,16,92,
K03783,289,996,144,135,23,32,207,
K00912,223,468,75,130,38,26,78,
K06173,171,107,20,26,14,19,17,
K18890,15,1,1,0,0,1,1,
K03088,2,1,0,1,3,0,1,
K03761,142,85,10,19,13,4,9,
K18954,0,0,0,0,0,0,0,
K11936,657,106,6,63,64,9,39,
K10027,1412,2717,164,662,180,217,601,
K02291,1166,1792,128,490,135,142,375,
K15746,268,482,19,126,24,39,127,
K03098,325,545,27,123,33,45,122,
K00575,127,39,17,30,8,6,12,
K03701,431,1543,61,246,94,51,202,
K02014,294,22,12,6,22,4,8,
K09946,0,0,0,0,0,0,0,
K00632,604,2945,96,569,64,103,438,
K07516,1426,4881,148,1326,132,244,916,
K07491,0,0,0,0,0,0,0,
K03748,2,0,0,0,0,1,0,
K00945,506,1173,250,357,44,113,325,
K09903,2,0,0,0,0,0,0,
K16692,290,90,41,46,38,42,32,
K02474,332,293,146,140,53,119,79,
K01991,0,0,0,0,0,0,0,
K00600,91,95,64,51,23,33,35,
K03565,0,0,0,0,0,0,0,
K03741,427,373,57,92,41,38,64,
K22124,5,11,0,3,1,0,4,
K03892,0,0,0,0,0,0,0,
K02005,234,123,28,19,41,16,14,
K02004,222,327,13,133,35,15,82,
K02004,267,249,23,102,25,19,73,
K02003,206,197,9,107,28,6,57,
K00525,734,550,164,116,98,104,140,
K06950,84,156,53,42,17,21,26,
K00852,60,83,37,20,8,19,20,
K01873,290,423,55,111,41,60,98,
K07461,0,0,0,0,0,0,0,
K03561,472,510,84,160,44,74,88,
K03559,135,96,3,24,15,23,11,
K06373,129,214,14,42,22,13,43,
K01624,527,784,145,219,65,101,146,
K00858,1181,1756,441,274,112,149,259,
K08994,75,183,31,20,8,12,38,
K03790,96,48,11,13,13,2,6,
K03555,721,128,23,58,68,18,45,
K07107,337,241,27,72,25,17,47,
K00946,400,429,58,80,48,24,75,
K18954,300,163,13,16,37,7,37,
K07552,379,34,3,11,51,6,8,
K07001,466,301,100,53,71,43,48,
K07042,179,108,36,37,14,22,27,
K03495,1058,1030,255,285,127,136,223,
K00927,262,392,110,118,44,50,80,
K01808,320,467,193,51,52,91,92,
K12573,1323,1384,279,296,223,273,270,
K01297,4,0,0,1,2,0,1,
K07460,0,0,0,0,0,0,0,
K14742,0,0,0,0,0,0,0,
K06287,131,272,34,28,27,17,45,
K03270,70,55,12,9,8,1,4,
K03088,295,1993,206,396,78,45,398,
K03596,505,536,41,111,67,53,88,
K03574,167,17,11,6,16,1,1,
K07273,0,0,0,0,0,0,0,
K15738,133,59,25,10,15,4,13,
K16044,37,60,36,9,4,14,11,
K02014,357,51,15,17,29,9,4,
K24158,47,276,6,21,2,1,21,
K01903,235,352,142,51,46,42,54,
K00054,210,148,70,41,46,40,37,
K00850,540,268,85,84,68,49,48,
K00134,337,197,169,52,25,66,30,
K02014,428,36,17,6,46,8,6,
K03296,711,722,41,284,99,88,146,
K03585,745,601,32,265,88,78,101,
K02111,2740,599,375,188,125,340,139,
K02115,964,288,167,58,52,142,55,
K03699,215,283,28,103,11,6,60,
K06891,30,27,4,16,0,0,9,
K00876,235,614,155,89,29,38,106,
K03521,1601,2375,561,337,132,242,376,
K03522,1592,2898,593,478,147,289,443,
K08999,120,67,8,28,19,9,8,
K11537,323,130,18,51,28,9,30,
K00626,560,932,172,199,65,84,177,
K06902,331,251,32,66,22,25,50,
K00318,458,338,167,117,43,65,67,
K01876,841,263,92,71,77,88,68,
K01939,21,0,0,0,1,0,0,
K03442,57,46,17,5,7,10,10,
K16652,227,126,16,54,19,12,21,
K03210,0,0,0,0,0,0,0,
K03625,0,0,0,0,0,0,0,
K18889,0,0,0,0,0,0,0,
K01463,0,0,0,0,0,0,0,
K02040,1940,3080,253,991,233,370,698,
K03832,190,274,58,84,28,29,55,
K03559,174,251,4,63,24,34,61,
K01869,1959,2684,788,570,208,388,569,
K03559,0,0,0,0,0,0,0,
K03561,0,0,0,0,0,0,0,
K16568,187,96,8,21,29,2,11,
K16698,160,135,41,17,20,9,13,
K05795,109,183,16,56,15,10,56,
K07027,210,586,41,118,49,29,117,
K01579,79,50,18,21,10,6,15,
K03530,0,0,0,0,0,0,0,
K00275,84,46,4,18,10,5,10,
K07735,189,286,133,43,53,26,31,
K01448,0,0,0,0,0,0,0,
K09774,377,60,24,28,56,20,10,
K03549,644,824,286,270,67,123,178,
K00162,288,61,40,27,14,19,23,
K17103,260,97,26,24,33,23,8,
K02342,146,151,49,26,10,22,20,
K03545,320,1148,137,192,41,39,232,
K02014,786,359,189,134,77,115,67,
K05349,983,1265,448,245,134,106,240,
K21572,0,0,0,0,0,0,0,
K21573,423,721,13,226,48,19,224,
K09158,0,0,0,0,0,0,0,
K00537,0,0,0,0,0,0,0,
K15519,0,0,0,1,0,0,0,
K22757,166,268,52,76,32,21,43,
K24163,125,211,31,36,17,23,47,
K08994,324,563,26,84,23,24,113,
K23518,111,65,2,7,16,9,8,
K12410,118,67,11,12,27,1,20,
K07559,130,116,5,21,18,5,14,
K07313,269,257,7,53,54,14,57,
K04758,65,190,4,35,7,14,36,
K04759,741,1315,92,264,70,61,234,
K00684,160,52,11,12,7,6,6,
K12243,308,500,91,95,50,37,63,
K02014,968,8,3,7,104,0,2,
K03559,912,2492,397,479,180,69,672,
K07001,0,0,0,0,0,0,0,
K06881,3186,10859,389,1641,459,319,1835,
K13598,158,64,10,40,27,7,18,
K09812,0,0,0,0,0,0,0,
K15460,0,0,0,0,0,0,0,
K00793,151,250,24,44,13,23,39,
K07040,191,335,76,56,16,33,77,
K02911,238,188,77,65,17,27,30,
K02160,316,575,11,156,56,49,111,
K01961,1040,998,110,270,125,125,202,
K00819,73,165,15,21,5,4,18,
K21001,362,394,155,118,48,73,81,
K09698,512,151,92,34,61,68,39,
K01962,72,147,18,45,8,10,20,
K02357,1138,442,482,153,81,149,98,
K03439,236,53,14,11,30,13,6,
K02967,56,36,16,10,11,40,7,
K02996,1032,644,66,144,86,124,145,
K02871,1491,900,139,190,108,231,178,
K11942,1264,1381,111,341,153,97,277,
K07263,27,14,3,6,6,1,4,
K06927,0,0,0,0,0,0,0,
K01159,0,0,0,0,0,0,0,
K11904,0,0,0,0,0,0,1,
K00558,241,374,111,108,49,55,102,
K14060,89,18,17,4,25,1,9,
K00558,243,57,37,27,31,9,11,
K20885,275,2,1,1,18,2,1,
K20999,520,18,9,5,41,12,7,
K03704,0,0,0,0,0,0,0,
K01682,5428,17485,746,3319,948,916,3072,
K02014,422,8,9,8,72,5,4,
K03426,0,0,0,0,0,0,0,
K04763,820,5311,148,867,166,136,994,
K01493,215,1218,8,232,54,30,255,
K01715,564,2811,144,527,106,53,498,
K03781,2027,10348,903,1695,383,217,1716,
K03781,925,2884,47,514,121,101,576,
K04761,393,536,269,81,45,79,76,
K00789,624,324,167,99,86,114,94,
K03088,244,1242,159,210,30,29,197,
K07025,273,513,193,120,32,77,102,
K01273,0,0,0,0,0,0,0,
K01649,762,515,143,292,52,113,134,
K01703,1005,808,48,464,74,119,207,
K01704,250,268,36,191,18,37,76,
K00052,784,786,56,487,58,76,193,
K00249,445,747,74,146,43,69,157,
K01923,888,863,235,207,75,167,161,
K00764,922,3236,363,556,108,141,722,
K21572,0,0,0,0,0,0,0,
K21573,371,204,14,41,32,11,29,
K01610,290,74,25,24,27,21,19,
K03786,0,0,0,0,0,0,0,
K00645,0,0,0,0,0,0,0,
K22136,983,674,219,205,103,151,142,
K21573,2067,3250,1629,673,486,881,610,
K21572,0,0,0,0,0,0,0,
K02519,3574,5171,2125,1092,851,922,1122,
K02600,585,803,66,460,74,77,280,
K09748,322,455,85,181,35,63,136,
K00012,354,147,30,83,41,21,31,
K01710,323,118,44,62,52,30,32,
K01505,155,84,22,27,21,16,18,
K02395,623,509,84,153,65,62,126,
K01845,393,455,22,140,57,22,82,
K01485,221,78,5,9,21,4,17,
K06867,95,42,3,4,14,1,3,
K18954,189,280,68,26,26,5,54,
K01485,40,3,1,2,4,0,0,
K00560,335,394,46,68,22,29,91,
K01256,811,692,181,168,124,57,135,
K01641,610,471,110,124,41,92,103,
K02551,380,289,72,56,57,38,40,
K03702,21,15,6,8,0,2,10,
K09954,0,0,0,0,0,0,0,
K02014,724,662,80,122,64,58,118,
K21430,0,0,0,0,0,0,0,
K14155,401,442,8,89,71,14,74,
K01667,320,13,7,6,41,5,5,
K06169,35,35,8,4,11,4,6,
K07054,492,525,84,115,45,50,95,
K02888,935,752,241,149,69,120,186,
K02899,0,0,0,0,0,0,0,
K03585,229,7,3,0,29,6,1,
K18954,106,9,4,5,5,7,0,
K07096,23,9,3,2,0,0,1,
K03719,40,10,4,3,5,4,0,
K03650,399,404,70,97,42,68,61,
K02014,215,6,0,0,25,0,2,
K02483,207,223,11,66,34,20,46,
K03572,441,432,111,139,72,51,85,
K16568,34,37,7,9,1,1,3,
K03744,3,1,0,0,0,0,0,
K11904,327,50,18,15,40,10,17,
K01489,131,68,8,17,15,10,24,
K03623,0,0,0,0,0,0,0,
K06974,81,165,35,29,12,2,26,
K01167,100,178,45,21,10,25,31,
K03790,163,166,33,33,24,24,36,
K03790,91,31,19,9,5,1,10,
K06880,178,18,5,3,12,0,3,
K11749,209,129,15,62,20,4,27,
K01069,238,291,14,103,14,13,70,
K03671,0,0,0,0,0,0,0,
K03972,0,0,0,0,0,0,0,
K06915,527,534,184,120,110,50,107,
K02342,1036,2302,471,456,174,140,414,
K01586,354,710,160,132,58,65,76,
K00156,967,1458,29,356,138,87,204,
K06168,604,653,88,210,74,39,124,
K03841,387,327,72,67,41,21,61,
K10254,113,143,14,31,6,50,14,
K01886,0,0,0,0,0,0,0,
K18954,1824,2535,808,402,181,362,223,
K03218,297,241,64,83,40,34,53,
K03924,297,354,45,142,22,19,64,
K00657,120,50,20,36,9,13,17,
K07114,146,109,10,46,28,7,16,
K07114,216,76,7,36,17,4,25,
K05595,51,63,5,26,4,7,17,
K03088,173,3,1,2,20,0,2,
K19222,36,3,0,1,2,0,0,
K03973,155,1186,50,264,21,19,190,
K10947,99,1611,16,418,14,4,278,
K10806,0,0,0,0,0,0,0,
K07456,196,405,43,77,29,14,59,
K16568,100,89,25,25,21,27,17,
K07165,230,5,1,9,22,0,1,
K03088,2,0,0,0,0,0,0,
K24204,0,2,0,0,0,0,0,
K09012,164,238,5,49,13,7,45,
K04564,120,4077,2,371,8,2,587,
K11811,106,1411,0,137,13,0,201,
K00077,25,15,1,4,6,2,3,
K00344,7,5,0,0,1,0,0,
K03790,0,0,0,0,0,0,0,
K04651,51,0,1,0,0,0,1,
K04652,122,0,0,0,3,0,0,
K03187,48,0,1,2,3,0,0,
K02016,104,1,0,0,13,0,0,
K02013,105,2,0,1,10,0,1,
K08224,320,99,19,23,30,16,17,
K15977,35,13,3,11,2,0,3,
K06998,1,0,1,0,0,0,0,
K18954,0,0,0,0,0,0,0,
K03639,243,244,44,39,42,28,35,
K03750,275,165,23,39,23,28,37,
K03637,82,67,12,20,9,2,14,
K03752,131,79,10,18,12,11,16,
K08994,0,0,0,0,0,0,0,
K02379,178,338,19,49,16,10,74,
K03543,95,6,0,1,5,1,1,
K07786,46,1,0,1,4,0,0,
K16870,202,69,6,32,21,11,9,
K02342,45,41,9,9,4,3,10,
K00658,0,0,0,0,0,0,0,
K00975,199,189,29,48,30,16,53,
K00703,559,1209,74,285,132,70,191,
K00700,544,745,68,131,110,48,118,
K00859,0,0,0,0,0,0,0,
K03215,200,145,12,54,21,7,38,
K00239,1234,1678,350,333,173,254,311,
K00240,0,0,0,0,0,0,0,
K02238,876,512,204,117,113,134,118,
K00241,0,0,0,0,0,0,0,
K15538,179,23,25,6,21,15,2,
K00748,206,70,23,29,19,13,18,
K03327,103,53,2,14,18,29,16,
K07727,4,7,0,2,0,0,2,
K01354,111,172,30,39,18,27,31,
K00796,176,30,7,10,16,4,5,
K00826,206,62,10,42,28,10,17,
K01687,590,265,22,162,53,37,72,
K01652,726,370,13,246,82,58,116,
K01653,85,37,4,33,7,16,9,
K00053,411,174,6,195,33,66,75,
K01754,37,17,1,26,4,3,5,
K19701,0,0,0,0,0,0,0,
K00428,340,270,61,104,16,29,65,
K01872,254,4,1,2,31,0,7,
K11021,101,91,22,28,15,13,17,
K03296,221,63,26,21,32,21,11,
K18139,0,0,0,0,0,0,0,
K03585,353,22,2,6,40,1,3,
K03668,0,0,0,0,0,0,0,
K15383,0,0,0,0,0,0,0,
K00820,854,1565,183,449,102,95,321,
K06909,104,131,39,22,26,30,22,
K00558,96,15,3,4,4,1,2,
K07455,109,7,2,2,17,0,2,
K01892,92,149,28,32,7,5,32,
K13282,65,10,1,5,8,4,3,
K03802,588,1872,35,360,79,35,293,
K06048,589,1020,166,214,97,78,163,
K01255,1300,3237,96,624,250,204,577,
K07017,187,153,12,38,31,19,19,
K03924,90,135,12,20,12,17,17,
K07397,0,0,0,0,0,0,0,
K00641,134,30,31,8,9,10,11,
K10764,428,232,74,56,38,91,65,
K00548,481,305,39,61,77,44,45,
K00508,557,1398,66,235,59,86,208,
K00548,826,1412,64,357,107,56,256,
K00297,30,85,3,16,4,1,10,
K01495,192,103,56,16,14,17,13,
K01883,719,1298,130,182,149,141,216,
K02014,85,13,0,1,4,0,0,
K24866,0,0,0,0,0,0,0,
K00381,205,43,3,1,18,2,4,
K00380,328,155,2,29,36,9,17,
K02303,116,120,4,9,7,2,6,
K01738,144,251,2,26,7,0,16,
K00640,109,373,3,33,16,1,37,
K00956,269,651,12,45,20,1,98,
K00957,446,1427,34,149,58,4,190,
K00390,362,1059,6,101,33,6,121,
K18954,49,87,33,16,6,4,21,
K16842,8,0,0,0,1,0,0,
K03790,0,0,0,0,0,0,0,
K00285,1091,361,140,287,58,126,187,
K12658,145,68,8,31,11,9,33,
K13877,462,266,6,150,29,65,93,
K21062,374,94,23,92,14,50,45,
K02314,249,29,0,7,17,3,5,
K03469,0,0,0,0,0,0,0,
K08225,505,704,7,144,50,10,118,
K03723,854,506,94,185,102,69,119,
K11904,1242,4211,69,819,185,96,798,
K01056,0,0,0,0,0,0,0,
K01673,0,0,0,0,0,0,0,
K01673,439,820,87,217,46,88,169,
K00640,0,0,0,0,0,0,0,
K00648,233,204,60,47,39,12,35,
K16568,158,81,29,25,16,25,18,
K19294,473,314,144,75,65,43,41,
K01953,298,91,15,11,35,2,21,
K16870,349,82,7,26,36,20,23,
K16568,182,37,8,10,22,6,7,
K00979,219,394,68,82,32,42,74,
K00432,240,672,97,84,27,27,81,
K17290,1,0,0,0,0,0,0,
K16568,48,79,11,11,11,1,10,
K11753,371,136,38,36,43,53,29,
K02112,1732,467,144,120,124,210,85,
K01868,559,1042,228,351,59,86,205,
K02520,0,0,0,0,0,0,0,
K11383,58,46,17,11,8,3,2,
K07646,276,88,21,24,28,19,20,
K01547,221,54,6,9,30,6,12,
K01548,0,0,0,0,0,0,0,
K01546,280,4,4,4,26,3,4,
K02481,203,22,4,5,17,0,3,
K07056,119,66,7,12,23,2,12,
K02313,114,134,50,22,19,11,20,
K25307,0,0,0,0,0,0,0,
K07107,167,39,5,10,17,3,9,
K04518,161,151,4,31,11,15,15,
K07478,2,1,0,0,0,1,0,
K23997,63,11,8,3,12,2,6,
K13292,0,0,0,0,0,0,0,
K00058,103,151,18,41,25,18,28,
K03282,0,0,0,0,0,0,0,
K01823,178,111,42,22,20,6,41,
K00605,592,304,131,78,39,117,41,
K02470,235,539,70,160,30,32,143,
K00425,564,613,37,149,80,91,119,
K00426,5,3,1,2,0,0,0,
K04567,9,1,4,0,0,1,1,
K06970,353,244,72,75,30,19,43,
K08738,137,83,6,27,14,11,26,
K01657,323,155,24,112,37,46,44,
K01658,93,82,11,46,14,12,25,
K00766,341,135,11,59,39,23,46,
K01609,178,69,13,48,26,21,19,
K07491,65,48,11,46,13,18,13,
K01696,314,143,3,85,27,26,49,
K01695,154,107,7,43,18,10,23,
K03801,298,404,42,139,41,24,110,
K21574,124,76,7,41,20,5,20,
K14347,0,0,0,0,0,0,0,
K21571,136,58,1,15,20,22,16,
K21572,0,0,0,0,0,0,0,
K21573,622,639,84,112,77,88,115,
K01874,692,963,139,193,104,70,149,
K02014,207,263,3,43,21,8,62,
K07229,0,0,0,0,0,0,0,
K03543,111,28,2,546,7,2,60,
K18954,197,60,22,863,16,9,231,
K02838,180,141,70,22,14,22,28,
K00648,76,81,13,31,6,7,22,
K07091,201,43,18,10,22,14,4,
K03466,597,1605,226,398,63,87,393,
K03918,886,3143,361,495,176,135,487,
K07300,200,182,70,40,32,22,16,
K00661,8,3,3,0,0,1,1,
K06889,98,45,7,17,12,1,7,
K18954,77,31,3,4,12,3,0,
K08995,56,116,19,18,2,12,28,
K03885,95,56,42,12,15,20,16,
K01971,456,88,13,37,50,26,13,
K01971,158,42,7,22,7,4,23,
K10979,375,313,20,81,19,33,88,
K15862,1300,899,334,107,128,199,135,
K00406,0,0,0,0,0,0,0,
K10536,424,300,48,62,33,30,44,
K21908,991,4515,680,636,146,240,665,
K09964,98,184,38,34,13,14,26,
K15034,47,69,11,13,14,10,12,
K00809,998,260,456,93,92,164,69,
K07443,24,21,4,0,3,0,2,
K04079,262,650,141,128,27,41,136,
K04066,535,248,59,84,61,28,47,
K07259,1446,2661,176,910,150,159,626,
K00639,405,315,109,76,54,49,51,
K08973,70,21,10,6,10,2,6,
K25151,86,25,10,5,10,6,7,
K25153,170,23,5,10,21,2,4,
K07090,0,0,0,0,0,0,0,
K02014,365,127,2,44,33,1,25,
K03116,193,231,75,55,14,56,49,
K01207,399,568,107,91,48,35,99,
K00754,234,431,86,96,29,19,53,
K09797,54,78,25,13,10,4,10,
K02217,0,0,0,0,0,0,0,
K00705,1837,16770,1336,2395,474,600,3072,
K06006,0,0,0,0,0,0,0,
K02618,245,834,148,163,42,39,153,
K07017,218,257,31,85,18,16,50,
K02617,11,27,2,4,5,2,2,
K00632,194,359,28,93,9,10,85,
K02614,0,2,0,1,0,0,0,
K00074,75,113,10,55,3,9,30,
K15866,332,509,34,150,21,29,103,
K02612,198,576,97,112,29,36,83,
K02611,180,851,107,189,20,37,134,
K02610,0,0,0,0,0,0,0,
K02609,139,732,55,217,12,57,174,
K02613,370,2012,95,479,43,54,343,
K01912,266,2163,43,604,40,66,322,
K03695,3478,45535,858,12360,426,577,9037,
K13236,226,182,1,62,23,3,53,
K01465,34,19,7,5,2,2,3,
K01847,596,404,38,97,79,52,73,
K14415,257,375,17,151,18,1,56,
K02839,96,76,3,39,12,4,22,
K01417,518,1409,40,330,88,38,263,
K07588,94,115,3,12,13,9,16,
K23010,1754,1796,168,269,180,259,361,
K00606,201,135,17,37,26,25,18,
K21556,482,390,56,104,61,18,65,
K15862,2709,1842,415,445,259,459,375,
K00407,94,82,10,26,14,15,12,
K00406,945,1669,147,302,125,116,299,
K02574,1157,1097,298,205,152,183,225,
K09792,76,39,6,15,4,7,13,
K01875,10,18,4,4,1,0,5,
K08264,361,882,117,159,55,24,153,
K13292,7,1,0,1,5,0,0,
K22736,244,27,18,21,33,23,20,
K11904,1586,3036,177,554,242,178,540,
K03791,669,674,33,174,95,44,116,
K07126,408,100,6,21,52,8,15,
K12945,9,13,0,0,1,0,2,
K07071,82,41,6,7,11,11,7,
K07168,119,122,6,24,12,19,12,
K03811,115,16,8,8,11,7,8,
K18954,151,37,11,7,21,5,7,
K03111,81,586,26,95,6,1,119,
K01992,293,160,13,75,20,2,35,
K01758,712,828,227,230,98,97,136,
K07491,42,67,3,11,4,9,12,
K07566,151,210,32,60,14,25,50,
K00970,107,83,24,21,11,8,19,
K02014,475,234,144,48,57,130,44,
K03781,282,45,6,14,38,6,5,
K06867,0,0,0,0,0,0,0,
K01689,1329,1979,630,316,204,231,369,
K01647,1523,5763,495,943,227,307,954,
K08989,5,4,5,1,5,2,0,
K00797,440,15,4,8,46,3,3,
K12241,230,54,3,15,30,4,7,
K09164,134,146,38,28,21,10,22,
K03333,133,67,11,44,14,17,17,
K05593,0,0,0,0,0,0,0,
K00116,243,179,48,34,21,45,40,
K00057,2,1,0,1,0,0,0,
K07118,180,494,8,114,17,19,72,
K03772,131,134,36,27,18,16,31,
K09958,6,0,0,0,0,1,0,
K05794,55,138,3,17,12,2,22,
K05791,255,395,45,152,29,13,86,
K00333,294,587,85,141,51,23,96,
K00334,0,0,0,0,0,0,0,
K00330,0,0,0,0,0,0,0,
K06973,29,14,4,7,3,0,2,
K11752,89,101,10,32,20,7,26,
K02834,216,387,98,110,41,23,66,
K05606,120,217,38,38,20,10,40,
K01113,453,11,3,5,63,1,5,
K18954,335,354,54,47,40,13,47,
K03316,159,127,14,53,18,11,18,
K03665,212,568,115,171,26,67,100,
K03668,43,45,8,10,5,6,9,
K07391,178,32,16,1,19,4,2,
K07497,467,621,209,109,88,106,93,
K14060,82,183,45,34,14,21,44,
K18831,539,2283,725,340,124,409,457,
K24163,352,6,0,0,32,1,3,
K07090,73,2,0,1,9,0,0,
K03543,145,0,0,0,18,0,2,
K03446,449,7,2,1,63,1,2,
K03088,163,27,4,14,14,0,7,
K03585,361,242,0,103,45,4,70,
K03782,716,2185,38,467,106,158,642,
K03977,570,600,106,164,64,85,121,
K02242,0,0,0,0,0,0,0,
K01638,955,1046,75,774,110,172,181,
K01637,2283,1280,122,1146,226,245,217,
K06142,151,46,34,55,22,6,15,
K01737,206,399,75,68,36,35,64,
K03269,236,400,75,91,24,25,71,
K01736,511,865,133,169,53,61,100,
K13421,840,722,438,155,73,135,106,
K05540,262,167,10,42,29,35,27,
K00033,570,738,169,173,50,107,142,
K00036,367,204,29,69,33,44,68,
K01057,150,83,4,41,3,5,14,
K06998,292,253,31,63,26,42,43,
K11991,31,47,4,13,5,4,9,
K03790,0,0,0,0,0,0,0,
K03525,0,0,0,0,0,0,0,
K01915,2650,984,712,153,274,600,147,
K13694,112,334,69,111,14,15,69,
K18555,0,0,0,0,0,0,0,
K05515,335,140,36,38,50,18,22,
K03570,42,12,6,4,7,1,0,
K03569,343,161,53,62,45,24,30,
K02492,419,368,102,115,51,44,80,
K01749,359,372,48,85,49,45,56,
K18962,10,9,5,3,0,0,1,
K11021,734,690,90,135,86,67,115,
K07082,27,64,6,22,0,2,18,
K01778,334,2064,128,520,68,40,472,
K03811,1948,3591,638,779,165,286,1069,
K03294,538,524,76,126,76,60,118,
K02495,595,868,87,166,57,76,197,
K12257,1251,624,250,143,137,185,129,
K08151,435,40,13,36,35,9,13,
K00675,0,0,0,0,0,0,0,
K03117,225,231,14,82,27,15,45,
K03536,0,0,0,0,0,0,0,
K22132,53,25,13,6,8,4,6,
K03424,362,114,38,44,33,10,24,
K05807,639,1284,331,339,63,125,201,
K13038,405,319,34,83,48,32,76,
K03631,94,196,67,23,16,28,24,
K01679,286,319,21,49,19,11,47,
K01676,471,222,42,40,56,70,50,
K03113,0,2,0,1,1,0,0,
K15633,627,1114,188,258,95,119,223,
K03921,601,1811,278,280,101,63,309,
K01265,386,288,27,74,43,30,87,
K03595,271,241,12,55,24,28,70,
K15977,122,425,51,74,19,19,82,
K03327,38,12,1,5,2,2,1,
K06997,582,522,280,120,66,72,114,
K22278,122,94,25,33,14,8,30,
K11927,34,28,2,9,5,0,7,
K03424,243,69,7,15,25,8,11,
K03306,305,777,147,151,66,27,126,
K05592,302,106,68,42,22,50,22,
K07220,0,0,0,0,0,0,0,
K01972,0,0,0,1,0,0,0,
K01126,215,631,121,98,46,37,78,
K21572,206,3,0,0,23,0,1,
K02687,211,106,7,12,15,19,15,
K07507,128,49,3,11,23,2,10,
K22580,252,148,22,31,45,26,30,
K07313,136,29,14,5,20,8,5,
K04077,377,907,126,225,36,51,121,
K04078,718,4591,306,1475,70,110,929,
K03300,219,75,6,10,36,1,13,
K04091,14,0,0,0,17,1,0,
K15553,190,0,2,0,220,0,0,
K00299,121,0,0,0,191,0,0,
K02073,162,0,2,0,171,0,0,
K20938,203,0,3,2,236,0,0,
K15553,145,0,6,0,167,0,0,
K15554,70,0,4,0,101,2,0,
K17837,90,0,18,0,112,26,0,
K00640,72,0,5,0,70,4,0,
K03668,0,0,0,0,0,0,0,
K07552,352,4,34,0,450,26,0,
K00375,80,2,43,0,161,34,0,
K09974,0,0,0,0,0,0,0,
K03672,74,0,18,0,78,4,0,
K07168,47,3,49,0,77,22,0,
K03406,438,1,44,2,516,34,0,
K05800,271,0,15,4,253,3,0,
K04487,716,10,1166,2,779,814,4,
K13688,1963,4,170,0,2274,115,3,
K23541,91,2,24,5,146,4,0,
K14540,16,0,1,0,8,1,0,
K15777,0,0,0,0,0,0,0,
K03924,211,0,38,4,360,18,0,
K22452,298,4,49,0,375,23,6,
K08305,235,2,125,0,256,81,2,
K12339,227,16,212,5,394,52,4,
K00384,383,14,116,2,570,52,0,
K06132,269,6,84,4,331,43,0,
K02014,3,0,1,0,2,0,0,
K05350,180,0,6,2,197,3,0,
K10242,98,0,18,0,116,6,0,
K10241,108,0,12,0,144,0,0,
K10240,306,0,16,2,446,7,0,
K02529,302,18,259,4,385,79,0,
K04564,453,14,592,12,735,179,4,
K18446,11,0,27,0,9,20,0,
K19265,145,3,95,6,190,61,2,
K12976,59,5,33,0,72,3,0,
K01451,119,11,49,4,171,23,0,
K01897,738,29,1578,10,1267,313,4,
K01897,10,0,1,0,10,0,0,
K01113,0,0,2,0,3,1,0,
K10806,162,1,66,0,194,29,0,
K24821,732,4,10,2,1142,10,2,
K10001,536,12,265,4,864,122,0,
K10003,284,0,65,2,346,20,0,
K10002,245,0,23,0,326,13,0,
K10004,158,2,39,0,260,18,0,
K06987,431,2,230,2,511,110,0,
K01755,303,11,158,4,444,82,8,
K20273,825,4,42,0,987,14,0,
K02453,495,0,22,0,494,20,2,
K02456,71,2,2,0,82,0,0,
K02456,50,0,0,0,52,0,0,
K07451,0,0,0,0,0,0,0,
K07733,0,0,0,0,0,0,0,
K06905,0,0,0,0,0,0,0,
K06905,0,0,0,0,0,0,0,
K06906,0,0,0,0,0,0,0,
K06907,183,0,0,0,174,0,0,
K06908,0,0,0,0,0,0,0,
K07175,155,1,24,0,197,10,1,
K03564,16,0,35,1,18,17,0,
K13014,144,5,165,2,196,102,0,
K10012,82,0,47,0,132,19,0,
K07264,370,0,91,3,497,45,0,
K09008,74,1,69,0,103,47,0,
K14260,397,10,178,4,560,83,4,
K00003,193,4,206,0,219,80,2,
K07649,243,5,53,3,261,33,1,
K07774,135,1,39,2,193,17,0,
K07001,103,2,44,0,90,16,0,
K00681,283,12,253,4,446,152,4,
K08683,200,0,62,3,232,58,4,
K16089,238,0,159,0,298,126,0,
K15987,151,0,124,4,284,67,2,
K00939,139,6,227,3,210,102,0,
K00979,387,25,1161,11,693,491,13,
K00912,148,1,103,5,217,38,2,
K09791,0,0,0,0,0,0,0,
K03559,31,0,66,0,34,12,0,
K03561,119,0,52,0,132,27,2,
K03601,227,2,47,2,288,59,0,
K03576,277,2,114,0,399,51,1,
K00299,209,4,63,2,293,35,2,
K03406,19,0,5,0,20,1,0,
K00549,0,0,0,0,0,0,0,
K05802,789,17,138,0,965,83,3,
K13522,24,0,4,0,35,2,0,
K21023,139,0,55,2,161,8,0,
K07181,227,2,234,1,339,88,0,
K02480,160,1,46,2,220,16,0,
K06200,502,6,322,8,656,195,4,
K07678,426,0,11,0,619,6,0,
K21023,161,0,14,0,243,3,0,
K07749,221,2,88,0,256,36,1,
K02343,242,2,147,2,395,97,0,
K06187,0,0,0,0,0,0,0,
K09747,0,0,0,0,0,0,0,
K03182,526,15,410,12,711,147,0,
K03625,31,0,14,0,30,4,0,
K00794,3,0,7,0,1,0,0,
K14652,309,7,353,2,382,112,0,
K04063,0,0,0,0,0,3,0,
K02674,238,0,153,2,270,58,3,
K00793,0,0,0,0,0,0,0,
K11752,0,0,0,0,0,0,0,
K08084,0,0,0,0,0,0,0,
K02655,0,0,0,0,0,0,0,
K02673,51,0,0,0,70,0,0,
K02672,127,0,0,0,137,8,0,
K02671,93,0,22,0,63,17,0,
K00600,226,2,136,0,293,48,0,
K07738,0,0,0,0,0,0,0,
K07107,154,8,171,4,171,24,2,
K03562,114,8,57,6,137,38,0,
K03559,131,0,72,0,121,46,0,
K03646,283,8,196,5,294,45,2,
K03641,314,3,750,6,502,349,18,
K03640,236,2,468,0,403,234,0,
K16568,138,2,20,1,144,7,0,
K09803,0,0,0,0,0,0,0,
K09803,0,0,0,0,0,0,0,
K06956,433,2,127,2,520,64,0,
K02014,179,0,4,2,229,5,0,
K22205,0,0,0,0,0,0,0,
K09775,137,0,69,0,191,42,0,
K09799,384,24,249,4,619,206,0,
K05795,773,76,8158,41,1837,1687,12,
K05792,116,0,89,0,134,40,0,
K07039,346,8,298,10,398,141,3,
K03446,311,0,0,0,346,0,0,
K03543,130,0,4,0,116,12,0,
K25133,200,0,237,2,141,200,0,
K25132,183,5,195,3,140,197,0,
K07225,479,7,541,0,334,537,5,
K03566,162,4,61,2,213,45,0,
K13288,44,1,15,0,40,2,0,
K06013,400,2,51,2,420,16,0,
K01724,49,0,7,1,64,0,0,
K06949,180,4,74,2,193,25,0,
K00611,339,16,244,10,366,105,1,
K01940,504,14,369,0,704,319,3,
K13487,462,4,288,4,547,93,4,
K13488,40,0,54,0,31,25,0,
K13486,205,0,97,0,279,41,0,
K13489,72,0,57,0,92,51,0,
K13490,352,2,145,0,417,90,4,
K13491,209,8,94,1,244,68,0,
K11444,58,0,8,0,100,2,0,
K00075,33,0,2,0,30,1,0,
K09913,0,0,0,0,0,0,0,
K09767,142,9,182,6,263,75,2,
K00459,1,1,2,0,5,0,0,
K08316,0,0,0,0,0,0,0,
K04042,0,0,0,0,0,0,0,
K20971,724,0,15,0,710,4,0,
K03719,193,0,15,0,193,1,0,
K00820,582,6,148,12,691,119,4,
K00549,137,2,44,0,133,20,0,
K06145,275,0,44,0,232,9,0,
K02510,95,0,23,0,135,8,0,
K10112,189,0,7,0,238,8,0,
K10236,203,4,17,0,270,12,0,
K02025,260,2,6,0,295,0,0,
K10238,119,0,2,0,141,0,0,
K01785,43,0,4,0,58,1,4,
K22185,109,0,8,0,122,0,0,
K00135,106,0,17,0,102,4,0,
K03073,314,13,955,10,528,270,3,
K02601,395,17,1045,5,567,253,8,
K02867,316,13,385,5,498,236,2,
K02863,492,37,856,13,811,468,11,
K02864,402,19,1623,3,641,420,3,
K02935,350,53,1981,9,637,347,9,
K03043,1853,93,2821,4,2821,1740,14,
K03046,2127,83,3333,5,3421,2131,14,
K01153,575,3,108,0,714,51,0,
K06113,234,0,9,0,371,10,1,
K16091,430,2,108,1,466,56,0,
K03406,195,1,348,3,311,98,0,
K03832,0,0,0,0,0,0,0,
K05946,213,0,154,0,289,52,2,
K02474,527,4,349,0,749,150,0,
K16011,115,0,39,3,117,12,0,
K00640,0,0,0,0,0,0,0,
K07004,485,4,84,2,505,44,8,
K02483,0,0,0,0,0,0,0,
K01426,57,0,8,0,61,6,0,
K11527,119,21,86,4,206,26,0,
K09936,0,0,0,0,0,0,0,
K09936,0,0,0,0,0,0,0,
K02557,159,7,98,0,245,55,0,
K03113,53,2,34,2,60,40,0,
K02399,18,0,8,1,22,3,0,
K02398,11,1,5,1,16,7,0,
K02386,172,5,98,1,264,29,1,
K02387,129,0,137,0,151,83,0,
K02388,134,0,80,0,188,24,0,
K02389,254,10,110,0,268,65,2,
K02390,370,6,357,0,451,166,0,
K02392,347,10,245,0,419,98,4,
K02393,144,1,145,0,158,62,0,
K02394,235,0,94,0,263,63,0,
K02395,147,0,62,2,234,25,1,
K02396,486,32,434,12,810,190,17,
K02397,353,0,157,2,469,51,1,
K01995,46,0,34,0,46,16,0,
K01129,66,0,26,0,99,2,0,
K01996,0,0,0,0,0,0,0,
K07462,316,2,34,0,350,12,0,
K14194,602,0,18,2,740,2,0,
K01908,12,0,15,0,13,8,0,
K19294,270,0,51,0,284,19,2,
K20455,223,3,134,0,275,84,0,
K09788,0,0,0,0,0,0,0,
K01659,252,0,137,0,350,101,2,
K03417,173,0,92,0,248,103,0,
K00640,110,0,11,0,106,2,0,
K03701,6,0,2,0,5,0,0,
K03111,275,24,662,12,390,234,2,
K08151,0,0,0,0,0,0,0,
K03790,281,0,36,0,347,13,2,
K02014,354,0,18,0,470,13,0,
K01126,38,0,8,0,33,6,0,
K02478,348,2,37,2,427,11,2,
K08224,168,3,34,0,118,15,1,
K21757,40,0,0,0,36,0,0,
K01886,531,13,442,5,665,206,2,
K07675,522,2,108,0,604,58,0,
K00523,309,3,210,8,372,102,0,
K08225,263,3,30,2,311,14,0,
K01141,221,2,45,0,283,11,0,
K01591,13,0,15,0,13,5,0,
K03744,299,6,54,0,357,32,2,
K06872,157,0,45,0,191,22,0,
K00059,296,6,175,2,340,82,0,
K01270,248,8,251,4,303,168,4,
K07496,380,4,251,6,491,183,4,
K07335,422,8,255,2,534,116,6,
K23536,356,2,22,2,399,10,0,
K23535,108,0,10,0,133,2,0,
K23537,258,4,31,0,331,15,0,
K11896,456,0,5,0,534,6,0,
K11895,141,0,0,0,135,0,0,
K11904,751,0,4,2,788,3,0,
K02014,175,0,27,0,151,11,0,
K01894,0,0,0,0,0,0,0,
K17836,57,0,10,0,59,21,0,
K11904,789,0,44,0,860,16,0,
K02014,308,0,21,0,348,16,0,
K03932,0,0,0,0,0,0,0,
K01055,212,0,31,0,222,4,0,
K03828,159,2,31,4,255,6,2,
K09983,77,0,33,0,102,24,0,
K01637,554,14,288,4,865,327,10,
K14623,436,7,204,2,674,41,0,
K07733,0,0,0,0,0,0,0,
K01895,405,0,28,3,569,34,0,
K01676,489,4,275,4,601,162,0,
K01776,138,0,53,0,163,24,0,
K03427,425,14,273,0,564,96,0,
K01154,769,2,75,2,1010,18,2,
K01153,338,4,129,0,466,40,0,
K00940,347,22,472,11,487,201,2,
K06941,390,3,186,9,475,67,0,
K02656,132,4,101,0,194,65,0,
K15539,212,3,468,0,255,208,0,
K03526,266,10,441,0,341,207,0,
K01892,494,4,477,1,524,239,4,
K17713,337,10,1342,2,407,586,16,
K03977,385,16,822,6,497,321,0,
K03666,241,16,546,5,613,123,2,
K03665,327,9,797,4,578,331,1,
K04088,293,3,720,5,406,252,4,
K04087,265,12,639,0,335,296,0,
K02502,184,19,445,2,280,198,4,
K01939,94,2,98,0,98,45,2,
K24163,470,2,24,0,619,22,0,
K21021,222,0,75,1,245,22,0,
K00851,58,2,133,0,87,63,0,
K00507,36,1,40,0,64,13,0,
K01726,0,0,0,0,0,0,0,
K07052,8,0,6,0,3,4,0,
K05782,65,2,23,3,82,25,0,
K00375,211,0,16,0,246,12,0,
K03668,104,0,19,0,81,8,0,
K15555,0,0,0,0,0,0,0,
K19270,0,0,0,0,0,0,0,
K15554,159,1,37,0,192,18,0,
K10108,205,0,56,0,277,32,0,
K10109,364,0,22,0,417,8,0,
K10110,195,0,8,0,228,3,0,
K01176,211,0,22,0,241,17,0,
K19978,131,0,22,0,143,9,0,
K01740,402,0,91,0,436,39,0,
K13652,15,0,1,0,19,1,0,
K07124,5,0,0,0,2,1,0,
K06211,103,1,2,1,124,4,0,
K16137,0,0,0,0,0,0,0,
K01584,249,2,87,1,279,39,0,
K00287,43,0,12,0,43,8,1,
K05795,218,14,428,9,322,223,6,
K05792,110,2,135,2,130,71,0,
K02482,0,0,0,0,0,0,0,
K02067,88,2,134,0,83,72,0,
K02066,145,2,43,0,172,23,0,
K08166,113,1,36,1,194,8,0,
K02858,0,0,0,0,1,0,0,
K07263,702,8,158,0,760,75,2,
K03406,284,1,120,2,373,50,0,
K17686,771,132,1840,60,1537,1046,58,
K19591,92,6,110,0,114,66,1,
K08994,97,18,127,3,151,35,3,
K07213,0,0,0,0,0,0,0,
K08998,299,0,8,0,312,4,0,
K18988,388,0,78,4,408,50,0,
K02014,382,4,61,0,445,20,0,
K06895,2,0,5,0,1,0,0,
K05596,316,2,16,0,315,13,0,
K01470,147,4,113,0,157,60,0,
K03406,556,2,115,0,758,26,0,
K03406,11,0,12,0,11,1,0,
K19113,0,0,0,0,0,0,0,
K09779,14,0,0,0,21,0,0,
K08738,0,0,0,0,0,0,0,
K11939,74,3,18,0,121,10,2,
K01083,134,4,108,0,221,11,2,
K03770,250,12,319,4,340,171,0,
K10804,0,0,0,0,1,0,0,
K23997,125,17,232,5,227,124,3,
K02003,0,0,0,0,0,0,0,
K01469,275,8,188,2,322,129,0,
K13979,306,0,170,0,479,57,0,
K01467,313,0,81,0,383,53,0,
K07005,207,4,239,2,301,99,2,
K00375,194,0,58,4,243,26,0,
K13598,567,21,67,4,721,23,0,
K15726,366,2,10,0,386,6,0,
K15727,401,0,0,0,304,12,0,
K15725,275,4,27,0,334,2,0,
K02030,27,2,56,0,30,18,0,
K00121,161,0,5,0,211,1,0,
K13633,4,0,8,0,6,0,0,
K12287,1218,2,266,4,1508,95,0,
K01061,0,0,0,0,0,0,0,
K00433,230,1,30,2,252,25,0,
K05592,750,4,310,6,813,131,4,
K03776,582,6,351,2,635,100,7,
K16904,0,0,0,0,0,0,0,
K03829,0,0,0,0,0,0,0,
K01652,198,0,20,0,188,12,0,
K03719,333,0,9,0,401,11,0,
K16091,529,0,16,0,566,12,0,
K07689,0,0,0,0,0,0,0,
K00262,235,2,119,2,351,42,0,
K21014,238,4,67,0,270,25,0,
K08303,498,0,42,0,723,21,0,
K06445,348,4,62,1,413,32,1,
K08151,0,0,0,0,0,0,0,
K00428,0,0,0,0,0,0,0,
K21023,708,3,485,0,853,170,2,
K06997,284,0,88,3,299,9,4,
K09912,167,2,53,0,212,25,0,
K06222,323,0,8,0,438,9,2,
K03981,371,3,317,14,461,107,0,
K07302,167,1,82,4,194,19,0,
K07303,621,8,368,2,963,254,2,
K07141,96,4,56,0,122,32,0,
K01609,30,0,4,0,36,10,0,
K00766,220,3,84,0,264,96,4,
K01657,410,6,208,2,623,91,0,
K01658,0,0,0,0,0,0,0,
K01091,443,49,725,14,821,174,11,
K01783,333,10,226,2,392,108,2,
K06195,216,6,154,0,346,53,1,
K08304,278,3,110,1,423,41,1,
K07090,0,0,0,0,0,0,0,
K01692,302,6,180,2,350,102,0,
K02961,0,0,0,0,0,0,0,
K02878,0,0,0,0,0,0,0,
K02982,255,19,566,1,434,201,3,
K02904,0,0,0,0,0,0,0,
K02890,78,4,124,0,102,57,0,
K02886,288,18,269,2,459,183,3,
K02965,0,0,0,0,0,0,0,
K02892,7,0,6,0,6,12,0,
K02926,150,4,484,0,185,90,1,
K02906,350,19,319,5,415,163,5,
K06143,828,43,1486,12,1108,295,5,
K07641,631,0,14,0,580,5,0,
K07663,197,0,59,0,227,19,0,
K02946,79,0,12,1,51,2,0,
K02355,137,10,108,0,174,62,3,
K02992,539,10,312,4,841,216,3,
K02950,283,24,678,6,487,202,1,
K19353,154,0,0,0,209,3,0,
K02003,183,4,4,0,257,2,0,
K02004,253,0,15,0,416,8,0,
K09939,297,2,87,6,406,36,0,
K03734,237,3,421,0,158,299,2,
K00432,0,0,0,0,0,0,0,
K01420,66,0,5,0,69,10,1,
K07689,352,1,17,0,422,3,0,
K14287,110,3,168,2,184,55,0,
K07063,98,0,31,0,111,10,0,
K09861,47,0,0,0,59,0,0,
K05807,3,0,2,0,5,2,0,
K06180,213,6,197,4,302,52,3,
K05810,47,4,122,0,94,54,8,
K03821,437,13,632,4,745,321,13,
K12573,622,17,736,6,799,298,5,
K03218,179,2,146,3,164,107,2,
K00640,131,6,93,2,142,70,2,
K09915,50,3,89,0,106,29,5,
K00876,142,0,75,6,189,39,2,
K01939,392,6,463,2,475,267,8,
K07101,148,0,74,0,164,22,0,
K03790,114,0,86,0,109,42,2,
K00799,0,0,0,0,0,0,0,
K05799,53,0,8,0,79,2,0,
K18900,318,8,165,4,363,64,2,
K02024,296,53,48,36,482,30,8,
K01187,331,26,67,12,469,44,16,
K10111,248,0,33,2,216,16,2,
K03181,0,0,0,0,0,0,0,
K02558,136,0,47,2,134,28,0,
K07000,0,0,0,0,0,0,0,
K03786,130,0,205,1,160,44,0,
K02160,269,3,100,2,262,44,0,
K01961,465,10,159,0,420,132,2,
K02687,315,0,582,0,327,320,5,
K02221,11,0,1,0,11,4,0,
K15974,126,4,22,2,133,15,0,
K21695,62,0,1,0,51,1,0,
K00059,203,0,25,0,232,14,1,
K03673,49,1,17,1,79,17,2,
K09749,128,5,95,2,209,70,3,
K06158,146,0,38,0,157,29,0,
K15034,0,0,0,0,0,0,0,
K07320,112,0,83,0,114,27,0,
K01439,206,2,80,0,253,23,0,
K00537,0,0,0,0,0,0,0,
K00140,686,0,425,0,682,365,0,
K11538,282,0,178,0,411,139,0,
K01692,194,3,283,0,265,184,0,
K00020,60,0,118,4,96,47,0,
K20862,235,12,151,6,368,102,0,
K03705,144,5,79,1,156,45,0,
K03711,19,1,46,0,40,14,0,
K06186,333,0,145,2,467,53,4,
K18702,2,0,0,0,1,0,0,
K00215,0,0,0,0,0,0,0,
K00252,321,1,466,0,428,353,2,
K03566,97,0,11,0,103,4,0,
K01869,824,6,600,6,1063,379,2,
K03643,246,3,150,0,326,93,0,
K02340,295,1,177,2,327,106,2,
K00147,255,7,290,2,323,134,2,
K08973,145,0,37,0,227,12,0,
K25137,418,8,244,1,494,94,0,
K07552,503,0,8,0,610,13,0,
K21023,718,0,223,0,987,113,0,
K07126,328,4,201,0,385,107,0,
K01991,478,2,224,0,688,140,4,
K17947,439,10,373,2,744,62,2,
K16568,285,5,339,4,360,28,4,
K03271,197,0,195,2,283,27,0,
K03272,206,0,112,4,359,55,0,
K00067,85,0,5,0,126,1,0,
K01790,70,3,56,0,85,18,0,
K00973,62,2,23,0,89,10,0,
K01710,140,0,20,0,167,16,0,
K16566,571,10,101,2,839,72,4,
K03439,242,2,124,0,324,63,0,
K00261,35,0,17,0,31,7,0,
K01784,0,0,0,0,0,0,0,
K21645,220,0,99,0,258,66,0,
K03654,373,0,51,0,469,43,0,
K06153,128,0,24,0,136,15,0,
K06940,0,0,0,0,0,0,0,
K00573,327,8,132,2,366,122,0,
K12340,270,5,189,0,323,76,0,
K09936,14,1,9,0,14,8,0,
K18297,190,5,33,0,166,8,0,
K01759,0,0,0,0,0,0,0,
K04063,231,11,267,10,288,66,3,
K00858,490,17,180,6,787,59,4,
K03631,482,2,150,2,592,75,2,
K01772,313,0,50,2,359,31,0,
K03687,556,51,1058,11,965,437,10,
K04043,4833,222,12010,42,10349,7712,67,
K03686,402,16,565,6,551,340,4,
K01673,62,0,38,0,77,9,0,
K03119,182,0,2,0,300,2,0,
K15555,116,0,1,0,112,0,0,
K05596,1,0,0,0,1,0,0,
K15554,0,0,0,0,0,0,0,
K05366,644,2,669,4,708,343,2,
K03088,136,4,134,1,202,54,1,
K08166,1,0,1,0,1,0,0,
K02483,0,0,1,0,2,0,0,
K17315,135,0,126,2,170,41,0,
K10117,356,0,4,0,449,2,0,
K02014,225,0,12,0,262,2,0,
K18900,116,0,14,0,180,4,0,
K00344,27,0,1,0,46,0,3,
K17837,0,0,0,0,0,0,0,
K07262,148,4,115,2,180,67,4,
K11068,0,0,0,0,0,0,0,
K01066,59,0,3,0,73,0,0,
K03406,3,0,1,0,2,0,0,
K08978,139,0,30,0,239,13,0,
K25495,167,6,7,2,291,3,0,
K01495,0,0,0,0,0,0,0,
K03426,254,15,189,2,302,54,8,
K10126,0,0,0,0,0,0,0,
K10125,324,0,43,2,431,14,0,
K11177,244,4,27,4,327,50,0,
K09807,260,4,90,2,348,50,2,
K23514,65,0,16,1,44,30,0,
K07165,141,2,139,0,153,98,2,
K16088,302,10,64,2,366,46,2,
K20922,142,11,210,4,196,175,1,
K19707,148,2,105,0,185,35,0,
K02419,231,0,20,0,267,23,0,
K02420,0,0,0,0,0,0,0,
K02418,237,1,45,0,263,18,0,
K02416,167,14,185,4,275,62,0,
K02417,0,0,0,0,0,0,0,
K02414,296,16,224,2,372,39,2,
K02415,0,0,0,0,0,0,0,
K02413,76,1,75,0,114,35,1,
K11749,302,10,135,2,432,62,0,
K07277,616,13,915,11,918,493,4,
K06142,132,1,297,2,289,142,0,
K02536,173,1,361,0,258,108,0,
K02372,96,0,86,0,105,76,0,
K00677,156,0,104,2,197,73,2,
K00748,198,2,177,0,259,73,1,
K03470,77,0,27,0,106,12,0,
K03437,78,2,40,0,103,31,0,
K09773,19,1,35,0,23,6,0,
K01007,1056,36,2431,30,1738,1476,8,
K04047,171,20,201,12,351,147,12,
K03746,92,10,394,1,248,40,5,
K03664,74,2,61,1,126,5,1,
K18588,143,7,100,4,232,41,0,
K09801,67,2,41,2,65,26,3,
K00088,504,24,825,18,631,438,4,
K01951,178,4,261,0,196,157,0,
K18304,38,0,4,0,26,0,0,
K06907,281,0,2,0,324,4,0,
K06905,133,0,4,0,166,6,0,
K06903,54,0,0,0,59,0,0,
K11904,113,0,18,0,110,9,0,
K11892,17,0,19,0,36,7,0,
K11893,158,0,20,0,165,22,0,
K11901,108,0,36,0,130,28,0,
K11900,200,0,78,2,279,55,0,
K11903,104,1,114,0,160,51,0,
K11897,87,2,11,0,101,16,0,
K11896,213,2,42,2,227,22,0,
K11895,111,0,29,0,136,14,0,
K11907,418,0,91,0,391,41,0,
K11904,386,0,59,0,492,46,0,
K11904,270,4,152,0,371,51,0,
K11891,171,1,40,0,164,21,0,
K11902,0,0,0,0,0,0,0,
K03286,0,0,0,0,0,0,0,
K11890,0,0,0,0,0,0,0,
K17733,81,1,116,0,131,57,0,
K11904,136,8,119,0,111,80,1,
K07246,35,0,65,0,61,6,1,
K16135,0,0,0,0,0,0,0,
K03406,106,1,170,2,113,23,0,
K00954,164,0,17,0,192,7,0,
K03924,338,0,102,4,437,76,3,
K02482,267,2,112,0,326,60,0,
K08217,130,0,39,0,124,32,0,
K02421,0,0,1,0,2,0,0,
K03790,39,0,33,0,60,15,0,
K07052,149,4,46,2,188,15,0,
K00101,68,0,12,1,54,3,0,
K02488,147,16,138,1,216,49,3,
K03885,110,9,133,2,176,90,0,
K03406,121,8,154,2,235,68,4,
K22348,316,0,83,0,383,55,0,
K15725,386,2,115,0,469,94,0,
K19784,15,0,0,0,13,2,0,
K01775,88,7,111,2,183,50,4,
K00285,329,24,727,1,356,511,4,
K03406,262,35,519,9,336,201,4,
K03719,0,0,0,0,0,0,0,
K13633,0,0,0,0,0,0,0,
K00864,62,0,12,1,121,18,0,
K17321,251,2,163,0,308,123,4,
K17323,75,0,53,0,104,36,0,
K17322,125,0,11,0,159,21,0,
K17325,241,2,60,0,360,37,0,
K17324,112,0,71,0,153,23,0,
K00111,247,2,81,4,356,58,0,
K02444,114,0,44,0,124,14,0,
K17989,0,0,0,0,0,0,0,
K00372,287,7,211,5,339,108,3,
K00362,39,0,0,0,62,0,0,
K00362,113,0,3,0,167,6,0,
K00363,0,0,0,0,0,0,0,
K02575,311,0,0,0,350,2,0,
K18900,0,0,0,0,0,0,0,
K09022,79,2,7,0,117,6,0,
K01322,353,0,94,1,392,90,0,
K00799,19,0,29,0,34,26,0,
K05834,0,0,0,0,0,0,0,
K20974,141,2,10,0,210,2,0,
K06952,213,6,40,1,354,23,2,
K07240,126,0,31,2,198,17,2,
K11963,0,0,0,0,0,0,0,
K07240,0,0,0,0,0,0,0,
K11962,58,0,4,0,75,1,0,
K11961,29,0,0,0,32,3,0,
K11960,274,0,11,2,371,6,0,
K11959,272,2,7,0,377,0,0,
K00525,619,26,441,5,851,261,4,
K00526,0,0,0,0,0,0,0,
K03806,87,19,247,3,116,101,2,
K05685,321,20,95,0,449,64,3,
K13888,181,4,263,1,203,166,3,
K16088,408,0,481,0,355,224,2,
K07165,323,4,125,2,317,99,2,
K23514,170,6,567,1,174,345,4,
K03106,248,14,189,11,279,107,5,
K01881,267,3,49,0,296,23,1,
K00116,260,4,85,4,351,48,4,
K08311,0,0,0,0,0,0,0,
K04561,542,1,25,0,765,22,0,
K07322,66,0,8,0,72,5,0,
K00368,178,0,5,0,198,10,0,
K12266,394,8,173,4,495,95,0,
K22479,123,0,83,1,118,17,0,
K09989,401,0,131,0,472,62,2,
K06048,497,0,97,0,700,82,0,
K23514,231,2,118,4,280,94,3,
K16088,419,0,25,4,411,18,0,
K07010,245,1,325,4,356,218,8,
K01714,96,2,5,0,70,0,0,
K07646,186,2,57,2,242,16,0,
K07667,0,0,0,0,0,0,0,
K01547,336,1,140,2,320,44,1,
K01548,0,0,0,0,0,0,0,
K01546,389,0,25,0,470,8,2,
K01545,33,0,0,0,62,0,0,
K04045,421,1,86,0,587,57,0,
K02621,197,0,92,0,208,80,0,
K00925,177,6,140,0,473,88,0,
K00625,69,1,42,0,77,47,0,
K13926,518,4,381,0,576,240,0,
K01992,0,0,0,0,0,0,0,
K01993,120,0,318,0,199,168,0,
K18139,294,10,810,0,317,464,4,
K00208,191,5,680,1,240,421,4,
K16138,135,0,13,0,158,2,0,
K07148,1,0,0,0,0,0,0,
K13282,0,0,0,0,0,0,0,
K07222,291,0,22,0,418,10,0,
K03088,107,1,16,0,154,0,0,
K07165,118,0,165,0,120,105,0,
K16087,548,6,102,2,527,53,0,
K07215,65,7,106,7,88,45,0,
K09790,194,6,125,2,165,61,9,
K02071,213,4,123,4,258,47,0,
K02072,95,0,50,2,126,14,0,
K02073,49,0,8,0,63,1,0,
K07275,0,0,0,0,0,0,0,
K18900,683,22,3084,0,1896,998,10,
K03711,197,0,82,0,180,66,2,
K00355,93,0,30,0,136,1,0,
K03833,201,10,46,6,298,30,0,
K01042,170,0,308,0,223,153,2,
K02380,181,5,164,2,237,85,0,
K00127,0,0,0,0,0,0,0,
K00124,0,0,0,0,0,0,0,
K16090,431,16,296,12,526,127,4,
K03406,90,0,10,1,108,3,0,
K03321,156,14,82,0,225,27,2,
K03703,361,2,35,0,417,19,0,
K08744,0,0,0,0,0,0,0,
K00997,9,0,0,0,6,1,0,
K03474,46,0,12,2,53,19,0,
K03584,108,0,64,0,130,24,0,
K03595,143,5,52,0,180,27,0,
K03685,246,0,137,0,218,69,0,
K03100,0,0,0,0,0,0,0,
K03596,324,2,254,2,447,100,0,
K04771,263,10,287,5,401,108,0,
K03597,23,1,4,2,35,7,0,
K03088,179,2,193,6,250,105,6,
K09458,101,0,15,1,120,10,0,
K00059,123,3,123,9,152,36,0,
K02078,0,0,0,0,0,0,0,
K00645,133,0,110,0,181,46,0,
K00648,185,7,221,4,192,114,0,
K03621,200,5,113,0,256,93,0,
K02911,50,1,15,0,75,5,0,
K07040,299,13,142,4,388,21,2,
K25422,85,2,30,0,102,10,1,
K07115,0,0,0,0,0,0,0,
K07056,0,0,0,0,0,0,0,
K07303,119,16,91,8,128,44,2,
K21023,307,2,195,0,417,88,0,
K09983,117,2,13,2,108,5,1,
K09941,37,0,18,0,37,4,0,
K06938,0,0,0,0,0,0,0,
K08307,409,12,248,4,692,178,2,
K00208,98,1,15,2,139,16,2,
K07733,261,15,99,22,492,45,4,
K11927,269,33,47,18,302,86,5,
K10806,11,0,9,0,8,0,0,
K02356,297,10,208,0,256,62,0,
K06188,0,0,0,0,0,0,0,
K08223,372,0,73,0,440,38,0,
K01883,178,0,12,0,215,4,0,
K05591,0,0,0,0,0,0,0,
K01114,136,0,50,0,151,31,1,
K16088,526,2,113,2,508,83,2,
K07165,179,0,8,0,239,0,0,
K23514,91,0,59,0,81,36,0,
K03546,226,2,48,2,227,41,4,
K21084,277,0,135,6,300,64,0,
K03547,0,0,0,0,0,0,0,
K16089,283,0,25,5,307,7,0,
K07666,0,0,0,0,0,0,0,
K07645,0,0,0,0,0,0,0,
K09927,250,0,104,0,357,54,4,
K09181,394,0,303,4,519,124,4,
K03635,116,2,51,0,134,33,0,
K03695,1465,53,2901,20,3561,2904,16,
K00937,156,14,379,2,240,137,0,
K11073,0,0,0,0,0,0,0,
K08296,0,0,0,0,0,0,0,
K02040,353,2,64,0,497,49,0,
K02037,314,0,6,0,474,2,0,
K02038,140,2,24,1,145,12,0,
K02036,170,0,13,0,194,2,0,
K02039,96,2,20,1,173,13,0,
K07657,102,2,31,2,209,44,0,
K07636,157,3,125,2,223,58,2,
K18912,186,2,172,1,261,76,2,
K10844,0,0,0,0,0,0,0,
K08082,0,0,0,0,0,0,0,
K02477,2,0,0,0,1,0,0,
K15363,305,0,63,0,368,12,0,
K09012,0,0,0,0,0,0,0,
K19267,184,8,35,2,196,28,0,
K07516,431,3,275,0,776,341,2,
K00626,0,0,0,0,0,0,0,
K20035,892,48,1131,8,2191,1479,12,
K06131,258,10,661,0,447,155,4,
K04762,0,0,0,0,0,0,0,
K01876,311,3,221,0,458,95,1,
K08310,0,0,0,0,0,0,0,
K03688,202,0,49,0,292,32,0,
K21552,0,0,0,0,0,0,0,
K03690,110,0,42,0,132,24,0,
K03183,0,0,0,0,0,0,0,
K03088,0,0,0,0,0,0,0,
K01754,570,8,133,2,608,67,2,
K06879,315,14,136,2,364,49,0,
K02806,217,14,116,4,355,26,4,
K06023,346,4,68,6,509,50,3,
K06958,0,0,0,0,0,0,0,
K03092,611,27,877,9,1132,263,10,
K05808,0,0,0,0,0,0,0,
K06861,195,0,143,0,189,63,1,
K09774,197,2,128,0,278,87,3,
K11719,177,0,135,1,280,38,1,
K03270,17,0,5,0,37,3,0,
K06041,146,9,317,3,256,168,11,
K03455,373,3,50,0,439,16,0,
K07140,197,0,80,0,217,37,0,
K01424,398,0,95,0,412,35,0,
K02014,620,8,372,4,846,147,0,
K07274,0,0,0,0,0,0,0,
K25282,429,0,59,0,603,29,0,
K25285,146,0,21,2,134,2,0,
K25283,180,0,20,0,180,6,0,
K25284,4,0,0,0,1,0,0,
K14699,226,2,42,0,222,22,2,
K14698,358,3,148,4,297,61,0,
K07165,429,4,44,0,506,20,1,
K23514,0,0,0,0,0,0,0,
K06942,335,2,44,0,445,31,3,
K07727,0,0,0,0,0,0,0,
K01056,0,0,0,0,0,0,0,
K02897,53,0,67,3,69,38,0,
K00948,438,14,357,2,623,237,0,
K00919,415,27,393,4,467,139,0,
K02494,0,0,0,0,0,0,0,
K10563,244,0,88,0,303,57,2,
K03575,78,0,4,0,91,1,0,
K08357,0,0,0,0,0,0,0,
K13040,0,0,0,0,0,0,0,
K14987,0,0,0,0,0,1,0,
K08359,432,0,1660,6,634,612,0,
K08358,224,0,702,0,353,259,0,
K01129,79,3,129,0,73,41,0,
K13829,145,0,57,0,184,24,0,
K06903,0,0,0,0,0,0,0,
K14744,71,0,4,0,60,0,0,
K03297,158,8,36,3,180,8,0,
K19267,252,0,78,7,313,31,0,
K19055,0,0,0,0,0,0,0,
K22041,47,0,4,0,38,2,0,
K00784,51,0,5,0,65,3,0,
K07126,0,0,0,0,0,0,0,
K02379,131,0,47,0,175,82,0,
K08994,109,0,31,0,162,9,0,
K00426,73,0,2,0,107,0,0,
K00425,2,0,0,0,2,0,0,
K03639,0,0,0,0,0,0,0,
K07223,217,0,53,0,304,32,0,
K11085,378,0,173,0,423,65,0,
K03717,121,1,42,0,136,28,0,
K05794,357,4,47,0,380,25,0,
K09771,3,0,3,0,2,2,0,
K11529,60,1,17,0,78,9,0,
K09760,0,0,2,0,1,0,0,
K19302,237,0,96,0,323,51,0,
K07029,93,1,18,0,127,2,0,
K06131,0,0,0,0,0,0,0,
K03651,0,0,0,0,0,0,0,
K07263,586,6,130,2,679,117,0,
K03286,16,0,1,0,23,6,0,
K06077,44,1,17,0,73,8,0,
K07290,376,3,234,2,856,168,4,
K04062,0,0,0,0,0,0,0,
K03286,129,0,58,0,251,50,0,
K03594,209,13,218,0,357,47,2,
K05594,188,38,653,6,660,287,5,
K07001,156,0,74,0,200,51,4,
K06077,56,2,32,0,124,16,1,
K04065,88,12,46,0,214,40,3,
K07058,0,0,0,0,0,0,0,
K03286,237,1,19,0,245,11,0,
K06894,1132,11,364,4,1237,241,0,
K05367,58,0,21,0,73,8,0,
K10126,87,1,39,0,110,10,0,
K10125,372,16,331,6,430,101,0,
K02049,147,0,22,2,144,6,0,
K15554,133,2,58,0,220,23,1,
K09933,0,0,0,0,0,0,0,
K17382,369,4,38,1,375,18,0,
K02030,206,3,12,0,249,0,0,
K02029,168,0,1,0,206,0,0,
K02028,127,0,7,0,208,0,0,
K00023,146,2,62,2,127,38,2,
K06204,22,1,12,1,29,10,0,
K04750,106,22,113,17,139,66,3,
K22131,34,0,6,0,34,0,0,
K11927,241,7,97,3,273,52,0,
K02651,157,0,183,0,186,38,0,
K02278,68,0,24,0,50,24,0,
K02279,80,0,70,0,110,37,0,
K02280,309,0,58,0,341,35,0,
K02282,130,2,24,2,159,1,0,
K02283,212,0,51,0,253,10,0,
K12510,166,0,31,0,178,14,0,
K12511,45,2,56,0,50,20,2,
K01092,10,0,1,0,14,2,0,
K02533,172,2,53,2,232,18,0,
K01046,142,2,57,0,175,13,0,
K21023,795,34,599,12,1187,248,5,
K22522,117,0,94,2,173,58,2,
K07043,14,0,5,0,18,1,0,
K06884,64,0,23,2,85,4,2,
K01433,158,0,50,0,156,14,0,
K21488,2,0,0,0,0,0,0,
K09940,0,0,0,0,0,0,0,
K03607,185,0,60,0,207,42,0,
K03086,284,11,301,0,373,154,2,
K07675,42,0,4,0,57,1,0,
K01595,354,6,159,0,546,55,2,
K01749,325,9,355,10,492,180,2,
K01719,105,1,168,0,122,45,2,
K02496,0,0,0,0,0,0,0,
K00117,16,0,0,0,11,1,0,
K02498,0,0,0,0,0,0,0,
K09919,294,1,19,0,346,0,1,
K01507,0,0,0,0,0,0,0,
K01950,319,14,429,2,499,144,0,
K04752,0,0,0,0,0,0,0,
K00384,208,8,321,0,288,227,0,
K03466,678,5,444,4,907,165,4,
K03634,140,2,228,0,214,56,0,
K07478,129,0,16,0,116,0,0,
K01875,330,14,282,2,481,135,2,
K00817,98,0,9,0,144,7,1,
K00042,186,14,145,6,238,130,4,
K00285,275,4,6,2,282,5,0,
K03149,148,3,8,2,195,3,0,
K03852,542,56,21,48,562,10,8,
K00625,54,0,1,0,57,4,0,
K14415,0,0,0,0,0,0,0,
K07090,1,0,0,0,1,0,0,
K09883,32,0,0,0,35,3,0,
K09882,212,2,44,2,186,24,3,
K03852,504,121,21,49,669,11,48,
K09700,133,7,125,2,157,134,3,
K08325,323,6,147,0,474,67,0,
K02014,369,9,65,0,503,22,2,
K06211,0,0,0,0,0,0,0,
K03811,90,0,136,0,117,102,0,
K13924,313,5,296,0,408,107,0,
K07789,325,5,324,2,337,228,7,
K18903,0,0,0,0,0,0,0,
K07788,704,5,28,0,768,33,0,
K07799,259,0,23,0,294,38,0,
K04773,208,2,103,2,261,70,0,
K22441,0,0,0,0,0,0,0,
K07112,324,0,18,2,402,16,0,
K19577,240,4,50,0,263,38,0,
K09954,0,0,0,0,0,0,0,
K19272,204,0,32,0,227,5,0,
K03719,111,0,59,0,111,21,0,
K11939,0,0,0,0,0,0,0,
K21023,120,0,26,0,142,10,0,
K06911,332,10,38,2,346,21,0,
K15977,123,0,8,0,152,9,0,
K07093,387,0,30,0,519,4,0,
K01497,158,8,310,9,203,187,0,
K22041,108,0,6,1,113,5,0,
K21430,0,0,0,0,0,0,0,
K01770,72,1,65,5,127,34,0,
K00991,86,2,21,0,106,24,0,
K01515,11,2,6,0,17,5,0,
K00343,102,5,105,1,157,55,4,
K00342,153,3,294,0,209,167,2,
K00341,430,3,188,0,611,108,0,
K00339,55,2,9,0,75,3,0,
K00340,0,0,0,0,0,0,0,
K00336,384,2,671,2,548,262,2,
K00337,0,0,0,0,0,0,0,
K00338,0,0,0,0,0,0,0,
K00335,355,11,431,2,413,190,4,
K00333,205,10,292,2,324,98,4,
K00334,0,0,0,0,0,0,0,
K00332,180,4,149,0,326,100,0,
K00331,137,4,149,7,207,85,1,
K00330,192,3,318,9,396,125,3,
K03075,87,1,8,0,118,0,0,
K01803,54,3,321,6,81,138,2,
K00344,249,6,601,15,241,272,8,
K07126,64,6,143,3,118,65,2,
K03406,283,0,19,0,245,3,0,
K01118,3,0,2,0,13,1,0,
K05366,117,8,59,2,140,30,0,
K17838,92,0,85,0,150,65,0,
K09007,133,4,122,1,191,78,0,
K03919,148,0,32,4,150,10,2,
K01779,35,2,106,0,41,26,0,
K07107,70,0,21,0,66,8,2,
K11734,0,0,0,0,0,0,0,
K02014,375,0,56,0,403,28,0,
K20086,186,2,10,0,248,2,0,
K20087,340,6,24,0,397,12,0,
K20090,242,0,16,2,258,0,2,
K20089,201,0,2,0,168,6,0,
K20088,91,0,1,0,132,4,1,
K14063,179,6,32,0,199,16,0,
K16839,114,0,4,0,167,0,0,
K18900,31,0,2,0,36,10,1,
K01182,304,0,39,0,355,8,0,
K07448,390,5,360,2,595,38,2,
K19147,339,0,21,0,492,7,0,
K02342,147,16,170,8,275,27,4,
K03469,9,2,7,0,24,5,0,
K01638,124,2,99,1,133,36,1,
K01069,0,0,0,0,0,0,0,
K16135,227,6,61,3,247,36,2,
K03704,58,10,211,1,136,23,4,
K00761,0,0,0,0,0,0,0,
K09456,220,3,79,0,205,22,0,
K00768,178,0,52,0,282,28,0,
K02233,171,0,29,0,214,10,2,
K02226,81,2,6,0,84,3,0,
K16092,703,14,281,0,877,65,4,
K02013,150,0,29,0,217,19,0,
K19221,236,0,31,0,208,22,0,
K02231,94,3,57,0,142,30,0,
K02227,120,0,47,0,138,30,0,
K02225,190,0,62,0,197,51,0,
K02016,198,0,66,0,239,27,0,
K02232,48,0,6,2,66,3,0,
K02653,262,2,104,8,322,71,0,
K16568,709,1,85,0,916,33,0,
K02654,332,3,13,0,602,15,1,
K00859,157,1,31,0,176,18,1,
K18778,172,3,53,0,286,39,4,
K09862,0,0,0,0,0,0,0,
K21495,16,0,10,0,18,4,0,
K06923,0,0,0,0,0,0,0,
K03574,0,0,0,0,0,0,0,
K00620,178,1,246,2,213,153,2,
K03070,370,2,193,2,453,154,0,
K02535,94,0,63,0,111,4,0,
K15270,238,2,79,16,311,43,2,
K24138,0,0,0,0,0,0,0,
K03531,263,2,183,6,301,84,4,
K03590,536,3,793,1,681,404,5,
K03589,245,4,250,0,298,91,0,
K01921,154,0,62,0,232,19,0,
K01924,194,4,265,0,256,109,0,
K02563,182,0,173,0,235,56,2,
K03588,112,0,92,0,101,60,0,
K01925,457,0,145,0,621,69,0,
K01000,183,1,180,0,204,93,0,
K01929,269,0,88,0,369,21,0,
K01928,274,0,243,0,264,112,1,
K03587,250,6,307,0,339,148,0,
K03438,228,2,141,1,245,43,0,
K03586,0,0,0,0,0,0,0,
K03925,110,6,51,3,148,10,0,
K01652,334,10,460,4,392,182,16,
K00574,107,2,13,0,158,10,0,
K09701,52,0,8,2,46,3,0,
K06954,198,0,31,0,157,7,0,
K22491,341,8,62,2,397,73,0,
K03110,266,10,110,4,305,34,0,
K09812,162,0,77,3,185,38,4,
K09811,251,2,111,4,350,66,5,
K03089,414,87,1661,29,956,502,13,
K01990,231,5,12,0,199,11,1,
K05499,261,4,86,0,239,38,2,
K19736,0,0,0,0,0,0,0,
K04090,806,43,184,20,973,105,5,
K13985,0,0,0,0,0,0,0,
K19338,570,1,80,0,516,60,0,
K25135,132,15,140,7,134,60,2,
K02651,196,0,90,0,266,19,0,
K02278,218,0,5,2,243,3,0,
K02279,130,2,12,0,156,10,0,
K02280,293,0,8,0,372,3,0,
K02282,236,0,6,0,261,0,0,
K02283,416,0,2,0,433,2,0,
K12510,350,0,20,0,439,4,0,
K12511,309,0,6,0,348,2,0,
K09165,16,0,33,0,23,16,0,
K03600,327,0,6,0,345,5,0,
K03599,198,0,14,0,204,16,1,
K00413,2,0,0,0,1,1,0,
K00412,294,13,440,6,490,160,7,
K00411,340,4,149,0,494,96,5,
K03282,435,2,290,4,590,98,2,
K04772,352,10,251,5,445,91,0,
K00057,1,0,2,0,1,5,0,
K03071,249,6,495,0,283,156,0,
K03676,94,3,122,1,126,44,0,
K03972,130,3,160,1,191,41,0,
K01834,461,41,314,17,518,113,2,
K22719,412,8,227,2,416,76,1,
K03797,667,8,365,11,774,217,8,
K21029,253,3,201,1,321,62,2,
K02456,247,6,158,2,358,89,1,
K02457,141,0,87,2,149,54,0,
K02458,52,0,41,0,98,12,0,
K02459,68,0,61,0,97,21,0,
K02460,254,8,131,1,315,31,0,
K02461,263,6,307,12,270,116,0,
K02462,90,0,255,2,108,107,0,
K02463,218,2,63,4,252,50,4,
K02453,807,0,251,7,805,163,0,
K02454,376,0,260,0,306,177,0,
K02455,269,0,254,0,263,105,0,
K02452,143,0,131,0,165,66,0,
K07001,186,0,100,1,287,91,0,
K03667,210,4,128,4,273,111,3,
K13587,141,6,53,0,208,30,0,
K13587,0,0,3,0,0,0,0,
K13993,0,0,0,0,0,0,0,
K02297,299,8,159,7,399,85,2,
K02298,538,14,367,0,689,231,7,
K02299,86,3,114,2,150,84,2,
K02300,99,10,356,0,133,83,2,
K14998,64,3,43,0,78,23,0,
K15011,97,4,29,0,116,13,1,
K15012,0,0,0,0,0,0,0,
K02042,51,0,5,0,59,2,0,
K02042,81,0,7,1,101,8,0,
K02041,72,2,6,2,97,12,0,
K02044,50,0,6,0,61,2,0,
K01008,126,0,71,0,141,30,2,
K06917,123,0,86,0,165,60,0,
K18476,0,0,0,0,0,0,0,
K06518,69,0,17,0,99,2,0,
K22757,140,0,78,0,187,51,4,
K09930,33,0,14,0,64,4,0,
K01992,545,3,91,0,580,31,0,
K03319,142,1,116,2,227,56,0,
K00344,0,0,0,0,1,0,0,
K02477,0,0,0,0,0,0,0,
K16137,59,2,4,6,63,6,0,
K18900,78,41,56,22,145,19,25,
K07243,71,0,22,0,91,8,0,
K09936,0,0,0,0,0,0,0,
K13953,201,18,815,8,512,477,11,
K07814,217,12,232,4,364,51,2,
K21023,107,0,61,4,116,19,1,
K03976,0,0,0,0,0,0,0,
K03585,239,0,11,0,258,14,0,
K03296,695,2,49,0,861,19,0,
K07507,0,0,0,0,0,0,0,
K02483,128,3,82,0,136,58,0,
K15727,153,0,0,0,219,4,2,
K15726,748,0,14,4,855,14,0,
K15725,106,0,3,0,118,0,0,
K04763,242,5,105,0,240,22,1,
K11690,392,4,109,2,379,75,0,
K11689,73,0,87,0,102,48,0,
K11688,276,3,313,0,331,127,0,
K11711,504,6,234,10,561,63,0,
K07229,74,0,19,0,89,7,1,
K11712,0,0,0,0,0,0,0,
K10947,92,0,27,0,92,18,0,
K18979,100,1,25,0,102,16,0,
K06925,175,0,21,6,254,17,0,
K01448,406,10,326,1,510,117,0,
K01674,38,1,36,1,48,13,0,
K01792,0,0,0,0,0,0,0,
K03975,218,7,115,4,271,77,2,
K03572,529,16,571,6,638,226,10,
K00791,207,4,73,0,242,33,0,
K23514,156,4,76,0,142,42,4,
K07165,150,3,63,0,165,38,0,
K16088,833,4,88,0,943,44,0,
K16165,13,0,0,0,22,0,0,
K03761,179,2,70,6,216,35,3,
K00632,368,0,92,0,423,37,0,
K01032,120,0,17,0,114,8,0,
K01031,167,0,8,4,164,4,2,
K02624,0,0,0,0,0,0,0,
K07112,61,4,25,4,88,27,0,
K07112,56,8,185,0,97,90,1,
K22042,117,8,197,2,201,72,5,
K06168,388,18,125,2,541,89,2,
K06217,223,0,85,4,275,29,0,
K07042,100,4,9,0,173,11,1,
K06189,216,0,83,0,327,29,0,
K03820,298,4,224,2,348,91,0,
K01878,423,0,122,2,471,46,0,
K01879,522,6,350,2,616,231,12,
K03273,149,0,87,0,239,69,0,
K00655,273,1,128,0,294,29,0,
K02527,18,2,15,0,22,7,0,
K02623,79,0,11,0,90,4,0,
K15921,245,2,290,2,305,44,2,
K23509,504,0,15,0,624,4,0,
K23509,94,0,1,0,117,1,0,
K10820,372,0,8,0,409,2,0,
K09955,548,3,7,0,763,2,0,
K23508,0,0,0,0,0,0,0,
K06113,147,0,11,0,157,0,0,
K01209,460,0,16,0,671,4,0,
K22185,16,0,0,0,16,0,0,
K13877,319,0,33,2,375,22,0,
K13875,345,0,20,0,455,8,0,
K01785,559,0,23,0,738,13,0,
K03292,0,0,0,0,0,0,0,
K02014,687,10,40,0,881,9,0,
K07386,879,6,115,2,1163,27,2,
K07386,920,7,512,0,1124,235,2,
K03797,621,33,379,12,1004,136,4,
K16872,324,2,228,0,438,76,4,
K00219,141,0,13,0,160,10,0,
K03455,0,0,0,0,0,0,0,
K01259,369,9,114,1,469,16,0,
K03719,60,4,67,2,81,48,0,
K00023,101,0,26,2,159,5,0,
K00626,583,17,735,1,896,374,4,
K03576,230,2,70,3,245,53,5,
K00549,749,6,233,0,1020,76,2,
K03610,321,11,148,4,315,62,0,
K03609,217,6,210,4,385,72,2,
K03608,0,0,0,0,0,0,0,
K02492,437,24,944,12,639,426,14,
K02835,475,6,107,2,502,49,1,
K03611,192,2,13,2,155,28,1,
K02493,260,0,26,2,397,16,0,
K01919,729,14,456,11,863,212,8,
K02477,0,0,0,0,0,0,0,
K04063,245,0,54,2,326,30,0,
K02348,51,0,1,0,75,2,0,
K03549,323,2,102,4,479,56,5,
K06927,0,0,0,0,0,0,0,
K11178,0,0,0,0,0,0,0,
K13483,0,0,0,0,0,0,0,
K07165,133,2,0,0,143,2,0,
K03088,29,0,3,0,16,7,0,
K10536,0,0,0,0,0,0,0,
K00459,0,0,0,0,0,0,0,
K10536,153,6,57,4,217,40,0,
K03566,57,0,23,0,36,9,0,
K00606,5,0,2,0,6,0,0,
K00799,0,0,0,0,0,0,0,
K01607,52,4,17,0,64,11,0,
K18101,2,0,4,0,4,1,0,
K17290,67,0,52,0,60,35,0,
K10680,117,2,11,0,123,2,0,
K03893,70,7,56,2,58,17,0,
K16137,0,0,0,0,0,0,0,
K18138,164,0,82,0,235,64,0,
K18139,0,0,0,0,0,0,0,
K11903,0,0,0,0,0,0,0,
K18145,147,2,16,0,229,2,0,
K18144,207,2,146,1,213,65,2,
K18143,11,0,3,0,7,0,0,
K03566,1,0,0,0,0,0,0,
K05275,98,3,15,0,187,6,0,
K07127,75,0,8,0,67,1,0,
K16842,256,4,119,4,324,47,0,
K13481,311,0,412,0,417,126,0,
K13482,734,8,345,0,1024,168,2,
K07402,178,2,105,4,195,71,0,
K01487,282,3,131,2,381,61,0,
K02014,1018,9,297,2,1274,180,0,
K01081,288,0,153,0,336,58,0,
K05986,58,0,12,0,73,3,0,
K12945,10,0,0,0,9,1,0,
K23536,0,0,0,0,0,0,0,
K23535,80,0,98,2,119,38,0,
K23537,488,0,84,0,677,57,0,
K07335,287,0,174,2,356,80,0,
K21757,393,7,210,0,364,47,0,
K16329,224,0,25,2,285,16,0,
K16328,190,0,64,4,248,36,0,
K03783,408,6,297,6,505,184,0,
K01839,347,0,158,1,429,83,0,
K01619,260,0,138,0,346,101,0,
K00128,721,3,1310,2,860,873,2,
K00758,443,7,833,0,557,423,2,
K01489,111,2,139,0,129,29,1,
K01273,0,0,0,0,0,0,0,
K04750,128,0,51,0,204,22,0,
K09017,0,0,0,0,0,0,0,
K00822,429,14,172,4,779,70,0,
K00140,349,2,74,0,596,64,2,
K17722,215,4,109,0,377,48,0,
K17723,383,9,116,0,553,67,0,
K03457,432,9,106,4,577,54,0,
K01464,278,4,63,2,389,43,2,
K02083,1,1,11,0,5,3,1,
K06016,0,0,0,0,0,0,0,
K01439,382,2,699,0,405,330,5,
K08172,472,2,18,0,523,18,0,
K01426,164,0,192,2,283,84,2,
K03808,308,5,134,2,474,47,0,
K06192,518,0,105,0,589,101,1,
K09857,98,0,121,0,110,59,1,
K01993,55,1,11,0,80,18,0,
K09758,351,6,208,6,415,101,0,
K07085,584,4,539,0,652,367,0,
K07085,417,0,282,0,545,219,4,
K24843,27,1,20,0,13,7,0,
K24845,49,0,63,0,60,41,2,
K24844,232,6,331,0,268,214,0,
K21636,523,0,189,0,660,148,0,
K04069,149,0,82,0,201,46,0,
K06133,47,3,23,0,85,20,0,
K06941,155,1,112,0,157,46,0,
K06193,0,0,0,0,0,0,0,
K02199,111,2,34,0,199,8,0,
K23239,0,0,0,0,0,0,0,
K00928,225,0,13,0,345,2,0,
K04075,243,2,216,6,291,49,2,
K01962,202,2,81,0,228,42,0,
K01247,6,0,31,0,25,17,0,
K01883,179,4,113,1,202,59,0,
K03767,175,2,144,2,251,43,0,
K03767,0,0,0,0,0,0,0,
K03269,0,0,0,0,0,0,0,
K12543,126,2,8,0,116,3,0,
K12541,244,0,3,0,264,3,0,
K12542,174,1,51,0,192,29,1,
K07552,177,0,10,0,232,2,0,
K01531,330,3,32,0,473,40,0,
K03885,142,0,39,0,139,21,0,
K03406,113,5,19,4,183,21,0,
K03406,267,3,186,0,322,72,2,
K03408,122,1,91,0,115,21,0,
K06950,144,2,36,2,118,10,0,
K08151,164,4,111,2,189,24,0,
K06978,3,0,0,0,3,0,0,
K01867,319,6,113,0,451,58,2,
K23779,2,0,1,0,2,2,0,
K07157,16,0,34,0,19,10,0,
K11927,0,0,0,0,0,0,0,
K02014,191,2,77,0,225,44,0,
K01613,0,0,0,0,0,0,0,
K01118,103,0,8,0,125,4,0,
K00951,26,0,9,0,26,2,0,
K06911,0,0,0,0,0,0,0,
K16264,0,0,0,0,0,0,0,
K09022,0,0,0,0,0,0,0,
K11103,398,2,569,2,671,317,0,
K01029,53,0,0,0,47,0,0,
K15977,0,0,0,0,0,0,0,
K01028,188,4,345,0,217,209,1,
K00311,436,14,439,8,739,313,15,
K09667,515,10,316,4,637,158,2,
K02406,235,0,155,0,355,101,2,
K02406,230,0,91,2,347,78,0,
K02406,2,0,0,0,0,0,0,
K02400,14,0,0,0,18,0,0,
K02401,201,1,76,0,289,37,0,
K02421,192,0,42,0,224,0,1,
K02419,83,2,30,0,91,12,0,
K02417,0,0,0,0,0,0,0,
K02408,250,21,574,15,478,88,8,
K02409,213,7,76,4,265,49,0,
K02410,166,2,77,0,159,46,0,
K02411,76,1,99,0,92,67,2,
K02413,53,0,33,0,51,4,0,
K02407,339,14,232,2,484,116,0,
K02422,46,0,61,0,76,33,0,
K02414,185,3,229,0,227,109,1,
K02415,91,0,27,2,117,22,0,
K02405,103,0,57,0,110,30,0,
K02556,126,8,109,0,123,47,0,
K02557,112,4,87,2,180,38,0,
K02398,55,4,110,3,62,25,0,
K02399,32,6,33,0,38,22,0,
K02386,3,0,3,0,3,0,0,
K02395,0,0,0,0,0,0,0,
K02387,131,11,106,8,220,60,4,
K02388,47,4,86,2,81,31,0,
K02389,156,4,205,0,260,71,1,
K02390,309,10,421,2,455,277,0,
K02392,170,2,179,0,207,197,2,
K02393,63,2,93,0,79,44,0,
K02394,149,4,97,0,232,52,2,
K02395,104,0,13,0,115,4,0,
K02396,236,8,271,0,319,81,2,
K02397,166,8,225,0,251,65,0,
K21023,5,0,3,0,4,1,0,
K02048,149,2,16,2,167,9,0,
K09004,45,0,0,0,53,1,0,
K02477,0,0,0,0,0,0,0,
K07262,0,0,0,0,0,0,0,
K03406,185,1,76,2,238,37,0,
K03581,33,0,16,0,55,9,0,
K03582,253,0,134,0,272,44,2,
K03583,418,8,202,2,408,68,0,
K11527,313,0,235,0,361,155,0,
K02303,0,0,0,0,0,0,0,
K00140,188,0,7,0,190,4,0,
K07183,0,0,0,0,0,0,0,
K03337,98,2,54,0,142,11,0,
K03335,0,0,0,0,0,0,0,
K03336,108,0,44,0,163,17,0,
K03338,214,4,42,0,326,18,0,
K02057,159,0,8,0,136,15,0,
K02058,201,6,16,0,258,13,0,
K00010,166,0,36,2,204,13,0,
K00010,120,3,17,2,113,13,0,
K12243,327,0,67,0,318,32,0,
K16088,493,0,32,0,632,17,2,
K06920,276,0,77,2,247,37,2,
K07278,597,8,196,2,642,80,0,
K09800,1062,4,260,0,1193,146,0,
K09962,0,0,0,0,0,0,0,
K11717,421,16,224,2,389,123,1,
K00640,210,0,3,0,314,5,0,
K15461,396,0,24,0,454,11,0,
K00375,271,4,86,3,326,74,0,
K01246,0,0,0,0,0,0,0,
K13936,20,0,6,0,18,1,0,
K07734,0,0,0,0,0,0,0,
K07346,79,0,26,0,139,6,0,
K02014,419,0,12,0,586,31,0,
K03811,284,0,1,0,306,2,2,
K02030,43,0,8,0,35,0,0,
K06911,271,0,28,0,354,10,0,
K17837,205,7,52,5,168,17,0,
K07096,138,1,5,2,143,2,0,
K08325,157,3,28,2,164,32,2,
K16137,168,2,6,6,133,0,1,
K08591,147,2,115,0,233,42,2,
K07038,385,4,195,2,511,100,0,
K03455,530,6,188,6,642,81,4,
K10716,358,0,120,8,339,56,0,
K00648,145,9,57,0,213,55,1,
K13075,140,5,45,0,178,38,0,
K15537,368,0,79,0,414,16,0,
K00508,295,0,62,0,294,52,0,
K07071,254,0,149,4,301,93,0,
K03735,262,18,228,2,450,137,12,
K25706,2,0,0,0,0,1,0,
K03736,0,0,0,0,0,0,0,
K01626,219,0,48,0,289,19,0,
K07486,231,6,38,0,304,49,0,
K02970,176,16,344,11,295,28,4,
K09117,284,6,171,5,263,35,0,
K02316,483,9,390,0,579,119,0,
K03086,713,47,1281,12,1010,454,10,
K03111,346,4,339,6,484,58,0,
K03406,360,2,60,0,391,12,0,
K11927,513,19,303,8,491,139,0,
K15894,393,6,408,0,585,206,0,
K24310,196,1,188,1,222,93,0,
K13012,197,0,16,0,245,4,0,
K24300,604,2,131,0,788,45,0,
K04759,0,0,2,0,3,6,0,
K04758,97,0,123,0,123,56,0,
K02192,91,3,51,2,119,15,1,
K03832,75,0,25,0,106,13,0,
K07336,62,0,33,0,79,21,0,
K16211,185,0,169,3,270,41,0,
K03594,0,0,0,0,0,0,0,
K05341,133,4,80,2,192,50,0,
K02014,436,5,46,0,515,32,0,
K02529,382,32,4,14,392,10,8,
K00799,211,1,128,6,196,84,0,
K01756,618,16,310,2,702,80,3,
K12262,239,6,16,0,245,0,3,
K01303,12,0,1,0,16,0,0,
K03294,326,0,116,0,364,68,2,
K03293,700,2,88,0,801,39,0,
K15371,789,3,1669,6,1235,1027,10,
K06077,0,0,0,0,0,0,0,
K09983,0,0,0,0,0,0,0,
K05526,0,0,0,0,0,0,0,
K01484,740,6,1681,0,975,1255,0,
K06447,428,9,410,4,553,188,2,
K00673,463,0,628,0,619,467,0,
K00673,386,2,324,0,455,94,0,
K15973,447,19,134,0,714,32,3,
K00799,92,0,60,1,104,18,0,
K03074,0,0,0,0,0,0,0,
K03072,575,6,494,0,706,209,1,
K00773,374,1,190,3,388,92,0,
K03210,0,0,0,0,0,0,0,
K07568,370,3,174,2,332,84,0,
K03655,357,10,190,5,361,34,0,
K00078,291,2,75,2,354,50,0,
K13935,0,0,0,0,0,0,0,
K13934,39,0,5,0,57,5,0,
K13933,68,0,0,0,94,0,0,
K13932,51,0,28,0,71,24,0,
K13930,9,0,4,0,15,6,0,
K13929,56,4,10,0,92,27,2,
K13931,0,0,0,0,0,0,0,
K13928,125,1,51,0,204,30,2,
K18831,0,0,0,0,0,0,0,
K00697,254,3,114,0,415,116,0,
K01087,0,0,0,0,0,0,0,
K24160,121,2,40,0,154,32,0,
K13636,27,0,22,0,30,14,0,
K01753,74,2,147,0,151,90,1,
K02014,262,2,58,4,346,33,1,
K00117,190,4,40,0,240,5,2,
K07234,1,0,0,0,0,0,0,
K07673,169,22,172,5,180,100,6,
K07684,0,0,0,0,0,0,0,
K03639,182,4,313,3,280,103,0,
K00370,379,7,64,0,514,53,2,
K00374,0,0,0,0,0,0,0,
K00371,0,0,0,0,0,0,0,
K00373,0,0,0,0,0,0,0,
K06894,241,0,99,0,322,84,0,
K09934,0,0,0,0,0,0,0,
K02066,273,1,108,1,379,56,0,
K02065,307,0,80,2,370,30,2,
K02067,363,0,179,0,509,64,0,
K18480,117,0,47,0,131,52,0,
K07018,257,3,45,1,340,16,0,
K22474,9,0,0,0,13,0,0,
K07258,0,0,0,0,0,0,0,
K06151,367,1,4,0,358,0,0,
K06152,360,0,19,0,335,20,0,
K17103,2,0,4,0,7,0,0,
K03650,1,0,0,0,0,0,0,
K03217,487,2,246,2,608,124,6,
K08998,81,0,22,0,76,17,0,
K03536,83,0,15,0,160,7,0,
K02313,684,6,197,0,846,54,0,
K02338,551,18,367,0,844,217,2,
K02470,893,10,632,4,1309,296,2,
K07497,0,0,0,0,0,0,0,
K00558,685,45,700,6,1171,165,7,
K03497,64,17,253,2,90,57,2,
K03497,81,11,195,1,168,39,2,
K06400,297,1,52,0,400,9,0,
K14441,162,2,52,2,164,17,0,
K01760,225,0,90,0,251,53,0,
K09930,2,0,5,0,6,1,0,
K03723,145,2,117,0,206,66,2,
K01079,0,0,0,0,0,0,0,
K03406,313,8,345,0,425,128,0,
K03406,125,2,89,0,131,44,0,
K21023,118,0,25,0,143,12,0,
K01046,41,1,60,0,31,40,0,
K05366,268,5,101,0,345,35,0,
K00662,0,0,0,0,0,0,0,
K07039,2,0,2,0,0,0,0,
K03305,149,10,92,0,213,40,0,
K06966,359,20,436,4,436,161,2,
K02525,185,43,111,15,188,48,6,
K02030,142,3,22,4,173,2,2,
K02029,90,0,2,1,132,0,0,
K02029,83,0,2,0,80,0,0,
K02028,106,0,2,0,120,3,0,
K00874,93,0,7,0,152,3,0,
K00032,104,0,14,0,131,7,0,
K04567,6,0,1,0,5,0,0,
K19181,0,0,0,0,0,0,0,
K01838,138,0,61,0,142,44,0,
K02836,134,4,132,2,233,66,1,
K01119,364,0,159,2,373,107,0,
K07126,0,0,0,0,0,0,0,
K01999,393,12,645,1,832,306,4,
K01997,182,0,40,0,258,15,0,
K01998,107,0,7,0,135,1,0,
K07052,195,0,14,0,286,10,0,
K07001,400,4,54,2,482,38,0,
K05791,31,0,20,0,26,3,0,
K05795,35,1,14,0,43,2,0,
K09799,254,6,140,8,399,74,4,
K01286,60,0,11,0,72,10,1,
K03717,0,0,0,0,0,0,0,
K08195,449,6,80,2,549,48,2,
K03699,40,0,5,0,66,2,0,
K07152,54,0,34,0,78,10,0,
K02257,60,0,25,0,73,6,1,
K02259,220,3,46,0,336,21,0,
K14998,152,0,58,1,171,13,0,
K02276,195,0,55,3,246,17,0,
K02274,346,0,212,0,496,69,1,
K02258,0,0,0,0,0,0,0,
K02275,570,5,249,0,822,133,0,
K02169,507,23,295,10,732,105,2,
K02242,0,0,0,0,0,0,0,
K03216,0,0,0,0,0,0,0,
K21345,219,5,90,5,315,53,2,
K04761,409,16,170,14,525,76,2,
K03179,255,0,63,1,324,18,0,
K05594,187,10,248,3,305,92,1,
K03088,101,0,37,0,85,6,0,
K00286,0,0,0,0,0,0,0,
K06997,165,0,104,4,205,120,0,
K02669,393,0,92,0,575,52,0,
K02670,326,0,53,0,400,21,0,
K00432,145,2,40,0,171,10,0,
K21023,260,4,166,2,334,82,0,
K11473,0,0,0,0,0,0,0,
K11472,148,3,74,1,115,10,2,
K00104,243,2,94,4,320,86,0,
K00798,117,2,34,0,109,6,0,
K18917,0,0,0,0,0,0,0,
K01662,322,8,94,2,392,53,0,
K00795,382,6,166,0,387,116,2,
K03602,72,3,102,3,145,39,4,
K02456,283,8,467,3,363,208,2,
K02453,369,0,265,0,451,145,2,
K02456,70,0,2,0,90,1,0,
K03980,57,0,9,0,51,3,0,
K09005,209,5,298,9,210,37,8,
K06181,93,1,44,5,106,21,0,
K00031,468,4,359,4,532,280,6,
K06891,137,34,170,9,346,49,5,
K03694,1657,128,4486,55,2865,2810,39,
K08676,519,4,150,4,610,145,0,
K02477,0,0,0,0,0,0,0,
K02478,70,1,35,0,89,22,0,
K02688,134,0,22,0,167,25,0,
K21023,532,10,288,0,729,126,4,
K01142,0,0,0,0,0,0,0,
K01255,9,0,13,0,22,11,0,
K05805,0,0,0,0,0,0,0,
K07091,293,16,207,4,401,87,5,
K11720,162,0,96,0,220,39,2,
K02303,48,0,6,0,36,7,0,
K00956,81,4,53,0,154,40,2,
K00957,354,4,34,0,444,24,2,
K00390,102,4,20,1,141,10,0,
K00381,150,1,16,0,223,16,0,
K07090,232,0,13,2,322,10,0,
K13634,293,8,110,7,443,33,0,
K02411,89,1,60,1,102,43,1,
K02410,0,0,0,0,0,0,0,
K02409,213,1,139,0,241,36,0,
K21087,146,2,12,1,189,16,0,
K02408,0,0,0,0,0,0,0,
K02407,236,2,175,2,370,66,1,
K04061,0,0,0,0,0,0,0,
K02423,0,0,0,0,0,0,0,
K02422,0,0,0,0,0,0,0,
K02406,269,9,184,7,564,167,5,
K06603,0,0,0,0,0,0,0,
K09667,542,6,173,2,607,116,2,
K08678,194,0,22,0,291,17,0,
K13590,13,0,4,0,15,1,0,
K07675,219,5,134,4,327,76,6,
K07689,0,0,0,0,0,0,0,
K01139,232,4,52,0,281,31,0,
K04760,0,0,0,0,0,0,0,
K00942,219,30,201,9,392,43,4,
K03060,0,0,0,0,0,0,0,
K00989,224,9,163,0,294,110,2,
K01519,240,6,87,6,255,54,4,
K02495,5,0,1,0,1,0,0,
K03406,365,11,350,8,414,105,2,
K00616,49,0,28,0,55,10,0,
K11904,377,0,158,0,429,48,0,
K19337,0,0,0,0,0,0,0,
K00036,199,3,73,3,294,36,0,
K03415,118,6,105,0,131,28,3,
K01810,280,2,92,2,228,26,2,
K01690,456,14,324,11,614,236,10,
K01625,131,2,182,1,191,89,0,
K01419,192,10,175,12,315,159,1,
K06204,188,39,521,17,323,188,1,
K09921,44,2,55,0,63,20,0,
K07126,198,0,274,2,282,118,0,
K01778,0,0,0,0,0,0,0,
K02517,180,8,356,0,249,164,3,
K02517,187,4,88,0,195,44,0,
K00789,808,83,1561,28,1575,708,25,
K01251,1078,47,1343,13,1549,694,6,
K08972,153,0,35,0,211,24,0,
K00297,96,0,122,0,75,64,0,
K01934,4,0,0,0,5,0,0,
K08309,602,9,472,0,739,214,4,
K00799,224,0,75,0,228,40,0,
K03719,0,0,0,0,0,0,0,
K00457,839,4,763,1,946,437,2,
K04090,1842,20,3262,3,2400,1326,6,
K03797,615,4,241,2,798,126,2,
K02014,815,4,44,2,1087,62,0,
K03429,245,3,44,0,284,20,0,
K11745,0,0,0,0,0,0,0,
K08602,41,2,10,0,32,10,0,
K03406,304,2,47,3,298,17,0,
K14058,21,0,19,0,17,4,0,
K01633,21,0,0,0,31,1,0,
K03585,66,0,8,0,78,3,0,
K09930,1,0,0,0,1,0,0,
K01919,111,0,12,0,202,6,0,
K01759,0,0,0,0,0,0,0,
K04090,428,2,46,0,545,29,0,
K14155,101,0,5,0,102,0,0,
K07107,56,0,1,0,54,2,0,
K01920,98,0,6,2,137,0,0,
K02618,248,0,11,2,241,8,0,
K16087,196,0,0,0,208,2,0,
K02031,0,0,0,0,0,0,0,
K02035,79,0,17,0,125,16,0,
K01302,245,0,58,2,267,30,0,
K03790,253,3,86,7,362,36,0,
K04062,729,111,2764,153,1608,1753,51,
K07038,128,0,10,3,115,12,0,
K23514,60,2,28,3,70,29,4,
K07165,124,3,86,0,111,83,2,
K16088,237,0,17,2,285,28,0,
K06911,0,0,0,0,0,0,0,
K07397,0,0,0,0,0,0,0,
K16074,111,0,45,0,109,14,0,
K06140,6,0,23,0,16,14,0,
K21023,86,0,12,0,131,4,0,
K02837,18,0,21,0,19,14,0,
K03406,149,0,11,0,269,2,0,
K01890,203,15,457,6,332,256,2,
K07689,0,0,0,0,0,0,0,
K04764,0,0,0,0,0,0,0,
K01889,276,1,330,1,288,162,8,
K01868,230,106,1222,19,537,192,25,
K02887,0,0,0,0,0,0,0,
K02916,0,0,0,0,0,0,0,
K02520,0,0,0,0,0,0,0,
K16568,235,2,139,0,297,18,0,
K06987,117,4,37,1,198,23,0,
K03297,0,0,0,0,0,0,0,
K11741,83,8,55,1,135,23,0,
K08987,200,2,36,2,272,16,0,
K10680,174,17,67,8,304,49,1,
K03192,0,0,0,0,0,0,0,
K03189,67,0,11,0,74,4,0,
K03188,11,0,0,0,7,1,0,
K01428,74,0,4,0,80,2,0,
K03187,0,0,0,0,0,0,0,
K21023,165,0,13,0,171,9,0,
K01429,0,0,0,0,0,0,0,
K03190,0,0,0,0,0,0,0,
K01430,0,0,0,0,0,0,0,
K11893,224,4,315,6,397,124,4,
K11896,329,0,2,0,434,4,0,
K11895,141,0,8,0,174,2,0,
K11904,476,6,48,0,656,14,2,
K03830,1,0,0,0,0,0,0,
K03321,64,0,12,0,88,23,0,
K16137,124,6,38,3,157,19,0,
K10979,201,0,5,0,245,0,0,
K01971,2,0,0,0,0,0,0,
K03296,119,2,11,0,131,13,1,
K18903,0,0,0,0,0,0,0,
K18901,230,0,20,0,223,5,2,
K01066,221,7,14,0,180,7,2,
K18900,234,0,17,4,279,8,2,
K00018,149,8,54,0,197,55,0,
K09983,0,0,0,0,0,0,0,
K03932,32,2,8,0,38,9,0,
K03790,94,2,76,0,193,34,0,
K07666,216,7,555,7,340,314,3,
K07645,171,0,172,0,205,83,3,
K09136,167,3,161,0,230,53,0,
K00954,0,0,0,0,0,0,0,
K02014,764,5,231,0,1051,131,0,
K06998,316,4,80,4,428,11,0,
K00102,1,0,0,0,1,0,0,
K03561,196,0,52,0,200,61,0,
K03559,65,0,33,0,74,23,0,
K03832,87,4,121,0,82,70,4,
K16087,521,0,99,0,544,67,0,
K01937,526,11,425,8,621,196,5,
K01689,453,2,334,2,623,254,6,
K02014,166,0,44,0,255,8,0,
K01126,0,0,0,0,0,0,0,
K05589,0,0,0,0,0,0,0,
K04083,324,0,29,2,396,9,0,
K01726,307,11,168,2,410,184,0,
K07053,260,6,234,8,271,113,2,
K03799,304,0,553,2,502,250,6,
K07566,143,6,143,10,237,92,2,
K16868,171,2,81,0,273,32,0,
K01714,340,10,663,2,479,125,2,
K07287,205,9,529,1,274,195,2,
K18850,578,52,466,16,980,264,17,
K03555,305,12,171,2,364,102,1,
K03775,0,0,0,0,0,0,0,
K12132,402,4,494,4,425,196,0,
K11891,327,2,15,0,392,12,0,
K11890,91,0,0,0,124,0,0,
K03286,0,0,0,0,2,0,0,
K11892,0,0,0,0,0,0,0,
K11893,219,0,0,0,150,0,0,
K11906,155,0,6,3,233,0,0,
K11901,66,0,0,0,40,0,0,
K11907,559,0,20,2,618,4,0,
K11902,135,5,83,0,144,45,2,
K02030,141,2,76,2,176,34,0,
K03098,137,0,15,0,202,14,0,
K03406,456,6,1190,14,617,381,2,
K05812,152,2,10,4,160,14,0,
K07232,0,0,0,0,0,0,0,
K17737,163,0,38,0,205,29,2,
K16171,258,0,215,0,265,194,0,
K01801,82,2,97,2,107,54,0,
K03648,103,0,137,0,153,63,2,
K13643,172,92,576,73,278,124,33,
K04487,446,88,612,42,611,395,22,
K13628,109,9,155,6,202,53,1,
K04082,91,1,58,3,108,8,0,
K04044,357,6,439,10,434,240,0,
K04755,40,0,11,0,67,19,0,
K06182,82,0,32,1,91,9,0,
K06886,0,0,0,0,0,0,0,
K03088,195,108,215,22,353,87,12,
K01652,552,23,926,7,1069,394,9,
K01653,148,0,138,2,241,73,2,
K00053,321,9,174,0,474,132,1,
K09807,1307,52,2377,46,2295,2207,22,
K17103,139,10,28,0,193,19,0,
K01649,0,0,0,0,0,0,0,
K02956,373,24,362,0,460,155,0,
K00962,707,9,568,4,901,393,0,
K06006,59,0,5,0,55,0,0,
K02483,132,0,81,0,141,16,0,
K01494,47,2,58,0,62,12,0,
K07090,92,0,45,0,127,30,0,
K02238,57,1,15,0,98,6,0,
K07484,17,0,1,0,20,0,1,
K00986,453,19,1437,6,867,150,2,
K06198,0,0,0,0,0,0,0,
K07459,344,2,63,0,474,34,0,
K02238,464,6,217,2,637,61,1,
K17675,136,6,102,0,187,66,0,
K03424,138,0,62,0,141,27,0,
K09810,26,0,1,0,33,0,0,
K09808,112,0,22,0,120,21,0,
K09808,246,0,62,0,300,47,0,
K12542,38,0,2,0,28,11,0,
K12541,130,0,37,0,151,10,0,
K00499,473,4,109,1,598,60,0,
K15270,242,0,35,0,323,16,0,
K01011,227,0,116,2,181,82,1,
K05803,0,0,0,0,0,0,0,
K16267,3,0,1,0,0,1,0,
K02335,402,0,173,0,498,115,0,
K01061,0,0,0,0,0,0,0,
K03657,33,0,1,0,44,2,0,
K02204,0,0,0,0,0,0,0,
K00121,270,0,29,0,288,11,0,
K22010,317,13,194,4,431,156,0,
K00788,94,5,259,2,191,133,0,
K03147,158,0,28,0,210,9,2,
K03149,0,0,0,0,0,0,0,
K03154,0,0,0,0,0,0,0,
K21023,323,0,21,0,374,7,0,
K01873,901,6,575,0,1067,417,4,
K03286,171,0,6,0,166,1,0,
K03551,103,2,29,0,138,25,0,
K09768,0,0,0,0,0,0,0,
K03550,69,0,12,0,101,9,0,
K00602,180,1,154,0,200,62,1,
K01159,0,0,0,0,0,0,0,
K05540,527,0,82,0,475,42,0,
K03557,0,0,0,0,0,0,0,
K15634,308,6,76,2,341,49,0,
K01866,155,3,411,0,210,218,4,
K07560,0,0,0,0,0,0,0,
K19620,227,8,347,3,296,141,4,
K19621,191,0,62,0,222,17,2,
K19622,112,0,161,2,126,57,2,
K19623,43,0,33,0,83,31,2,
K01302,203,12,222,8,268,105,0,
K01173,0,0,0,0,0,0,0,
K07263,315,0,117,0,343,68,0,
K10026,185,4,131,2,220,45,4,
K01737,75,1,29,0,66,9,0,
K11991,76,0,93,0,91,43,2,
K16087,592,6,619,2,533,414,0,
K07225,379,0,512,0,286,294,4,
K01297,154,4,108,1,163,32,0,
K07148,44,2,9,0,67,6,0,
K23242,1,1,1,0,0,0,0,
K06153,122,2,37,0,165,21,0,
K03566,7,0,0,0,7,0,0,
K07017,0,0,2,0,1,3,0,
K03409,139,3,64,0,136,15,0,
K06158,366,56,575,26,599,168,8,
K02575,54,4,16,0,87,11,0,
K01673,0,0,0,0,0,0,0,
K02575,288,0,20,0,356,20,0,
K16088,302,4,23,0,394,16,0,
K07165,155,1,36,0,167,6,0,
K23514,47,0,57,0,29,40,1,
K02014,337,4,35,4,373,24,0,
K02082,174,4,43,1,117,30,0,
K16371,185,0,35,0,227,20,0,
K02081,91,0,63,0,111,21,0,
K01443,121,0,36,0,144,18,0,
K03294,267,0,114,0,395,54,0,
K00799,0,0,0,0,0,0,0,
K03566,108,2,27,0,90,4,0,
K03821,376,18,1053,6,601,521,10,
K03284,1,0,1,0,1,2,0,
K23514,123,2,31,1,163,24,2,
K07165,84,0,53,0,95,34,2,
K16088,325,0,76,0,344,53,0,
K04066,6,0,0,0,5,3,0,
K01599,646,0,78,0,626,27,0,
K03118,40,3,11,0,38,4,0,
K03117,192,4,88,4,243,27,1,
K03116,42,6,148,3,69,27,0,
K02503,265,32,525,7,476,109,4,
K01523,71,1,74,0,101,24,2,
K01496,0,0,0,0,0,0,0,
K02500,201,0,38,0,207,17,0,
K01814,222,2,102,0,228,30,2,
K02501,408,6,104,0,479,78,0,
K01693,102,0,22,0,104,6,2,
K00817,308,2,87,1,357,46,2,
K07319,141,3,34,0,118,20,0,
K00013,338,0,99,0,398,47,2,
K00765,14,0,59,0,27,17,0,
K00790,145,0,184,0,161,64,0,
K05527,0,0,0,0,0,0,0,
K01990,397,4,48,0,461,21,0,
K07122,40,2,12,2,35,11,0,
K07323,36,1,11,0,50,4,1,
K04754,417,19,367,22,603,216,8,
K00265,573,5,323,5,931,170,6,
K02067,0,0,0,0,0,0,0,
K02066,0,0,0,0,0,0,0,
K02065,0,0,0,0,0,0,0,
K00266,0,0,0,0,0,0,0,
K07491,329,14,412,12,658,235,12,
K00163,539,0,14,0,623,10,0,
K00799,120,0,0,0,144,0,0,
K07085,59,0,33,0,50,5,0,
K11527,131,1,66,0,180,38,0,
K02488,0,0,0,0,0,0,0,
K12282,140,2,57,0,187,40,0,
K12283,330,4,80,0,453,42,0,
K12276,398,2,304,4,431,196,0,
K12278,187,2,124,2,172,76,0,
K10924,244,20,404,2,303,109,0,
K10926,62,0,69,0,95,56,0,
K10927,70,0,27,0,108,15,0,
K12285,76,0,36,0,90,16,1,
K12286,51,0,41,0,62,25,0,
K12279,177,4,175,6,197,72,0,
K12280,121,5,49,0,138,47,0,
K12281,26,0,21,0,39,13,0,
K12282,267,0,234,0,321,85,2,
K12283,191,2,46,4,156,30,0,
K12284,53,0,52,0,78,25,0,
K03832,0,0,0,0,0,0,0,
K03561,0,0,0,0,0,0,0,
K03559,0,0,0,0,0,0,0,
K07165,322,0,11,0,337,2,0,
K03088,59,0,12,0,76,9,0,
K06959,846,2,550,4,934,293,2,
K03829,147,2,68,0,136,24,0,
K07390,250,60,374,11,566,192,4,
K03186,78,11,224,1,159,78,2,
K00253,569,23,785,8,630,488,4,
K00906,844,3,147,5,1032,69,0,
K00626,381,9,325,2,466,248,2,
K00248,163,0,47,0,192,42,0,
K07058,0,0,0,0,0,0,0,
K02014,398,1,79,2,514,36,0,
K01297,0,0,0,0,0,0,0,
K06373,605,8,48,0,803,22,0,
K07259,282,0,105,0,396,36,0,
K03431,270,0,4,0,347,7,0,
K03798,140,23,172,8,204,58,4,
K00796,0,0,0,0,0,0,0,
K01955,273,11,198,2,317,80,0,
K02427,0,0,0,0,0,0,0,
K07574,0,0,0,0,0,0,0,
K03624,0,0,0,0,0,0,0,
K01956,294,2,199,0,508,129,0,
K07001,125,6,230,7,130,69,2,
K11477,0,0,0,0,0,0,0,
K03623,99,0,2,0,97,2,2,
K01649,371,23,226,4,600,212,6,
K03406,124,24,181,0,240,50,2,
K18912,1,0,2,0,2,1,0,
K18911,193,2,118,0,207,37,4,
K02003,164,0,77,6,284,38,8,
K22310,0,0,0,0,0,0,0,
K02379,0,0,0,0,0,0,0,
K01524,183,4,108,4,244,74,2,
K07300,221,0,158,6,308,48,0,
K21023,435,14,173,4,438,107,2,
K03406,5,0,7,0,10,3,0,
K01271,0,0,0,0,0,0,0,
K02618,504,0,28,0,504,8,0,
K02617,153,8,103,0,164,91,0,
K01996,184,0,46,0,216,26,4,
K01995,89,0,84,0,153,12,3,
K01998,313,0,82,0,467,62,0,
K01997,257,2,37,0,297,49,2,
K01999,247,0,73,1,370,25,0,
K00632,346,8,341,0,405,147,2,
K01912,290,5,394,0,303,203,7,
K00074,365,5,226,1,438,116,2,
K02614,0,0,0,0,0,0,0,
K15866,122,9,50,0,198,87,4,
K02613,311,6,277,0,327,130,3,
K02612,103,1,27,0,100,31,2,
K02611,200,19,466,1,244,272,4,
K02609,315,13,449,10,387,314,2,
K02610,0,0,0,0,0,0,0,
K02616,312,9,100,6,326,52,2,
K02014,266,0,31,0,276,13,0,
K03592,344,0,31,0,443,3,0,
K09889,248,4,113,2,288,39,0,
K03831,0,0,0,0,0,0,0,
K06999,0,0,0,0,0,0,0,
K18336,0,0,0,0,0,0,0,
K03406,246,0,17,0,289,2,0,
K03652,44,0,13,0,83,1,0,
K06077,317,12,853,10,477,328,6,
K05846,184,6,73,1,252,36,2,
K00657,0,0,0,0,0,0,0,
K01468,315,10,124,2,384,92,2,
K05603,141,0,222,0,148,133,2,
K09975,0,0,0,0,0,0,0,
K01458,5,2,11,0,12,8,0,
K01745,205,1,391,0,317,222,0,
K01712,560,2,830,4,797,626,0,
K09990,57,0,6,0,83,4,0,
K10778,211,0,64,2,215,25,2,
K05836,326,4,90,4,351,38,0,
K11527,745,4,238,2,794,97,2,
K03671,430,74,756,8,870,232,11,
K03628,578,14,302,3,652,150,4,
K02909,305,14,312,4,326,117,11,
K00666,58,0,6,0,56,4,0,
K02336,606,2,40,1,686,21,2,
K22479,68,0,7,0,48,0,0,
K20974,633,4,84,2,560,32,0,
K07814,137,0,54,0,197,22,0,
K00029,45,0,85,0,67,34,0,
K03449,192,1,68,2,244,45,4,
K21023,170,5,104,3,302,61,1,
K00946,0,0,0,0,0,0,0,
K03743,1,0,0,0,0,0,0,
K07263,835,0,184,0,1060,164,0,
K01738,0,0,0,0,0,0,0,
K01802,339,4,91,0,422,56,0,
K22132,154,6,75,4,249,63,10,
K01975,0,0,0,0,1,0,0,
K00275,449,2,219,0,532,107,0,
K00574,372,13,163,6,644,94,6,
K07304,3,0,3,0,7,3,0,
K07275,26,0,1,0,58,0,0,
K12686,301,4,198,2,426,73,0,
K07566,297,20,547,6,554,384,6,
K01589,263,5,246,0,313,102,0,
K01588,22,0,18,0,39,7,0,
K01923,40,0,31,1,56,17,0,
K01624,268,2,148,0,365,85,2,
K00873,527,11,393,0,836,393,4,
K00927,403,0,320,0,436,80,2,
K01423,0,0,0,0,6,0,1,
K07019,0,0,0,0,0,0,0,
K03637,0,0,0,0,0,0,0,
K02650,0,0,0,0,0,0,0,
K01902,73,0,5,0,129,0,0,
K01903,374,10,771,2,418,309,11,
K03565,18,0,10,0,25,2,0,
K03553,211,9,207,9,232,130,0,
K07774,207,1,65,3,222,37,4,
K07649,310,1,96,4,372,51,0,
K14393,697,0,137,1,924,48,2,
K00108,623,2,22,2,790,18,0,
K08172,122,0,4,0,156,2,0,
K01933,13,1,7,0,20,1,0,
K10763,225,4,47,2,209,6,0,
K00970,276,4,258,1,334,107,0,
K00950,4,0,4,0,1,1,0,
K12254,70,1,27,0,89,12,0,
K00606,0,0,0,0,0,0,0,
K11074,260,10,116,0,301,53,0,
K11075,131,0,37,0,205,17,0,
K11076,231,2,18,0,264,4,0,
K12256,427,0,171,2,502,58,0,
K01915,646,5,244,0,811,249,0,
K07010,459,6,362,0,633,243,0,
K02014,27,0,10,0,58,0,0,
K21023,821,2,28,0,936,6,0,
K03802,578,2,25,0,541,5,0,
K03802,465,8,543,4,601,316,0,
K06147,609,26,422,10,845,207,4,
K01241,92,0,12,0,114,4,0,
K07126,23,0,23,0,37,20,0,
K01265,0,0,0,0,0,0,0,
K08968,0,0,0,0,0,0,0,
K05275,332,2,14,2,357,18,1,
K03412,103,1,40,1,128,12,0,
K13587,890,8,606,2,1103,275,2,
K07577,204,14,260,0,301,54,0,
K10747,301,0,59,0,380,26,0,
K03724,314,2,44,4,361,30,2,
K06953,117,0,7,0,160,1,0,
K06884,136,3,41,0,281,16,1,
K10547,0,0,0,0,0,0,0,
K00797,447,1,128,0,575,50,0,
K08989,216,0,100,1,242,32,2,
K06949,67,0,2,0,78,0,0,
K02112,195,1,312,0,280,116,0,
K02114,0,0,0,0,0,0,0,
K02115,226,4,173,0,306,107,0,
K02111,441,12,571,1,577,177,2,
K02113,152,0,240,0,218,103,0,
K02109,133,3,196,1,234,63,2,
K02108,470,10,501,0,533,122,1,
K02110,0,0,0,0,0,0,0,
K03497,366,12,365,6,605,83,0,
K03496,124,3,93,0,180,41,2,
K03495,364,3,230,2,446,93,5,
K03501,0,0,0,0,0,0,0,
K11741,331,12,20,0,547,9,2,
K00330,148,0,4,0,177,0,0,
K07518,11,0,4,0,17,0,0,
K21973,0,0,0,0,0,0,0,
K01998,400,0,73,0,380,58,0,
K01997,219,2,109,0,347,45,0,
K01999,480,0,150,0,681,55,0,
K01996,269,0,334,0,364,174,0,
K01995,0,0,0,0,0,0,0,
K13821,1134,15,252,8,1263,119,0,
K01243,0,0,0,0,0,0,0,
K03719,422,5,120,0,431,24,2,
K01768,335,0,111,0,328,82,0,
K03306,60,2,11,0,59,7,0,
K02314,228,3,106,0,222,47,0,
K07220,0,0,0,0,0,0,0,
K02939,186,8,165,2,249,49,2,
K02963,246,10,692,1,342,221,3,
K02990,272,18,308,10,326,126,7,
K01740,275,22,202,10,472,82,2,
K01356,0,0,0,0,0,0,0,
K00764,190,4,132,0,232,121,1,
K03558,8,0,8,0,14,12,0,
K03749,22,0,5,0,18,3,1,
K11754,235,0,262,4,293,86,0,
K01963,219,0,69,0,278,33,0,
K01695,125,0,167,2,233,114,0,
K01696,255,2,167,2,257,52,2,
K08086,304,4,300,2,496,130,0,
K01817,0,0,0,0,0,0,0,
K06173,0,0,0,0,0,0,0,
K00133,277,4,380,6,441,217,2,
K00052,306,22,338,18,536,226,2,
K01704,18,0,12,1,24,8,0,
K01703,174,6,35,3,222,26,0,
K03407,352,36,297,10,576,88,13,
K03414,328,12,392,7,415,302,8,
K01647,125,2,144,0,170,67,1,
K00239,404,5,507,2,747,339,1,
K00240,0,0,0,0,0,0,0,
K09159,0,0,0,0,0,0,0,
K00242,169,9,285,0,198,178,1,
K00241,30,0,32,0,49,23,0,
K03710,342,31,287,7,426,139,2,
K00024,967,40,1058,21,1337,951,2,
K01644,216,2,90,2,328,48,0,
K01681,924,8,592,6,1220,666,2,
K18118,162,5,117,3,215,39,1,
K02429,208,0,15,0,245,2,0,
K03303,283,4,16,0,324,8,0,
K19784,0,0,0,0,0,0,0,
K18929,299,3,7,2,322,16,2,
K00782,112,0,3,0,155,0,0,
K18928,63,0,2,0,78,4,0,
K05799,149,0,68,0,172,35,0,
K03406,358,2,72,0,465,48,0,
K02014,186,2,147,0,266,67,0,
K00560,127,4,139,0,223,86,0,
K21023,503,15,232,0,631,55,10,
K06076,425,20,667,12,698,320,6,
K01620,6,0,2,0,2,2,0,
K07273,0,0,0,0,0,0,0,
K06147,165,0,142,0,250,60,1,
K11250,0,0,0,0,0,0,0,
K02004,231,1,65,0,302,43,1,
K03809,96,0,29,2,105,23,0,
K07058,0,0,0,0,0,0,0,
K01740,167,2,44,0,244,38,0,
K21023,229,5,41,2,289,24,0,
K07394,0,0,0,0,0,0,0,
K01736,0,0,0,0,0,0,0,
K07255,64,16,19,6,97,8,2,
K07256,199,28,52,9,302,42,6,
K15551,228,8,57,6,282,14,2,
K10831,248,2,28,2,286,11,0,
K15552,235,0,25,0,318,15,0,
K11735,378,0,14,0,483,0,0,
K05301,168,0,29,5,217,10,0,
K01183,484,0,2,0,682,12,0,
K02024,20,0,0,0,8,0,0,
K10227,302,0,45,0,377,15,0,
K10228,267,0,2,0,272,2,0,
K10229,206,0,2,0,185,8,0,
K00045,126,0,16,0,241,16,0,
K01303,34,0,10,0,27,6,0,
K00799,150,2,56,0,180,53,0,
K03776,133,4,26,0,171,11,0,
K00019,106,2,33,0,108,18,0,
K00803,308,0,68,2,358,26,2,
K00111,160,3,88,1,185,42,0,
K02841,3,0,0,0,0,0,0,
K02527,0,0,0,0,0,0,0,
K15778,239,2,288,0,327,144,2,
K03746,287,5,427,2,379,99,5,
K01525,216,4,112,5,311,69,0,
K18991,216,2,32,2,227,28,2,
K00655,0,0,0,0,0,0,0,
K02050,0,0,0,0,0,0,0,
K01465,199,1,54,0,286,29,0,
K00609,172,4,178,2,277,139,0,
K06596,724,39,777,16,1094,266,6,
K02825,0,0,0,0,0,0,0,
K07447,0,0,0,0,0,0,0,
K07735,0,0,0,0,0,0,0,
K01669,0,0,0,0,0,0,0,
K02660,526,4,215,2,640,112,0,
K02659,92,0,156,0,86,59,0,
K02658,76,2,144,0,85,57,0,
K01845,75,0,149,0,109,55,0,
K03284,286,3,47,1,420,40,2,
K03814,181,2,46,0,295,2,0,
K00014,156,0,11,0,173,7,0,
K01147,311,3,91,1,327,40,0,
K03832,0,0,0,0,0,0,0,
K00163,11,0,5,1,6,6,0,
K01491,318,4,230,1,386,109,0,
K01414,530,7,230,0,722,208,0,
K02339,56,4,35,0,62,34,2,
K01999,166,5,100,0,327,102,0,
K01687,524,51,3141,31,1119,534,8,
K21757,264,7,14,0,325,26,0,
K13292,367,0,78,0,449,38,0,
K09888,131,5,96,1,150,46,3,
K09892,0,0,0,0,0,0,0,
K04078,180,11,610,11,352,215,0,
K04077,1396,42,2377,21,2758,2897,10,
K03305,146,4,6,0,178,0,0,
K01835,6,0,2,0,4,0,0,
K03088,76,0,8,0,67,6,0,
K07165,128,4,76,2,144,14,2,
K16088,623,0,42,0,757,25,2,
K16088,832,4,501,0,904,236,0,
K23514,81,2,86,2,120,70,2,
K07165,101,4,161,0,146,117,2,
K20266,278,0,19,0,345,4,0,
K20531,173,0,26,0,290,20,0,
K20532,134,0,4,0,159,4,0,
K03685,168,0,24,0,311,0,0,
K02014,324,5,465,0,386,52,0,
K03406,336,4,32,0,504,19,4,
K19304,693,14,279,2,811,115,1,
K09001,188,3,92,0,245,67,0,
K15724,1,0,0,0,0,0,0,
K00145,196,21,149,3,367,91,0,
K02996,168,27,189,11,285,73,1,
K02871,235,11,405,1,320,132,1,
K06134,77,0,45,0,72,20,0,
K07397,0,0,0,0,0,0,0,
K09697,209,0,56,2,280,20,0,
K09696,330,0,107,1,379,65,0,
K01990,263,6,83,5,311,50,0,
K03781,127,1,20,0,188,9,0,
K07396,187,3,10,0,201,13,0,
K01077,222,0,0,0,261,2,0,
K03169,18,0,10,0,11,8,0,
K01077,0,0,0,0,0,0,0,
K04096,231,4,213,2,368,170,2,
K03747,0,0,0,0,0,0,0,
K01462,0,0,0,0,0,0,0,
K00604,0,0,0,0,0,0,0,
K00548,1098,8,237,2,1139,110,2,
K07181,51,2,121,1,52,28,1,
K13598,625,39,1432,27,941,619,16,
K03500,263,13,110,7,346,38,0,
K01887,575,6,463,8,588,182,0,
K03749,104,3,178,4,126,63,2,
K03673,201,12,136,6,175,93,3,
K03524,130,0,107,0,117,50,0,
K03525,76,2,82,0,87,30,0,
K03642,0,0,0,0,0,0,0,
K05837,8,0,15,0,9,5,0,
K05515,389,4,64,2,487,29,0,
K03570,211,0,13,0,198,19,0,
K03571,0,0,0,0,0,0,0,
K03569,414,1,144,1,408,82,0,
K02435,252,1,32,0,275,4,0,
K02433,542,12,328,6,491,203,2,
K02434,529,2,170,4,586,106,8,
K02171,110,17,13,8,61,6,4,
K02172,282,4,43,1,351,50,1,
K16044,128,2,19,0,174,22,0,
K07090,67,0,62,0,80,20,0,
K00762,0,0,0,0,0,0,0,
K06177,35,0,1,0,26,1,0,
K01142,0,0,0,0,0,0,0,
K23010,119,4,75,0,122,37,1,
K08218,191,2,91,0,203,88,0,
K00641,4,0,3,0,5,0,0,
K08483,490,4,226,2,683,76,0,
K02784,44,0,17,0,39,9,0,
K01920,17,1,10,0,16,2,0,
K02793,0,0,0,0,0,0,0,
K03320,611,0,258,2,763,137,1,
K04752,0,0,0,0,0,0,0,
K09806,0,0,0,0,0,0,0,
K07391,0,0,0,0,0,0,0,
K03790,193,1,14,2,333,5,0,
K01779,152,0,18,2,270,9,4,
K00344,231,13,24,15,384,7,7,
K03778,56,1,75,6,94,18,1,
K06400,597,5,46,2,953,6,0,
K01286,148,1,31,0,203,13,0,
K07343,0,0,0,0,0,0,0,
K03668,176,12,407,4,320,127,2,
K01118,201,2,15,0,332,0,0,
K06988,30,0,3,0,40,0,0,
K06911,0,0,0,0,0,0,0,
K07459,719,6,375,2,1041,101,0,
K07391,86,2,34,5,138,12,0,
K06938,112,0,27,0,195,13,2,
K11527,702,4,200,4,700,72,3,
K03932,0,0,0,0,0,0,0,
K07814,0,0,0,0,0,0,0,
K00930,306,6,116,4,364,40,0,
K09973,443,0,69,2,378,23,0,
K05501,155,0,84,1,185,20,0,
K03342,283,0,169,2,378,83,0,
K00432,273,4,92,0,258,40,3,
K00135,214,4,31,1,277,28,0,
K06929,144,0,51,0,151,27,0,
K01625,38,1,29,0,36,15,0,
K13874,0,0,0,0,0,0,0,
K13875,316,0,18,0,381,6,0,
K00883,450,0,25,0,446,8,0,
K01785,90,4,2,0,58,0,0,
K10544,160,1,27,0,170,21,0,
K10545,402,0,12,0,430,4,0,
K10543,80,0,5,0,117,2,0,
K22186,372,0,17,0,415,2,0,
K22185,119,0,4,0,168,0,0,
K10546,711,0,60,0,839,18,0,
K00626,315,68,934,14,638,437,24,
K23256,104,2,59,1,159,46,1,
K10440,0,0,0,0,0,0,0,
K02348,0,0,0,0,0,0,0,
K10441,281,0,59,0,363,58,0,
K10439,145,0,51,1,193,80,1,
K00616,90,0,43,0,109,41,0,
K00854,123,0,57,0,178,53,0,
K02529,119,10,118,0,178,95,2,
K06980,112,3,73,1,164,40,6,
K07082,232,3,72,0,257,38,2,
K00943,75,2,49,0,76,8,0,
K02341,160,4,71,0,176,25,0,
K03424,112,10,82,2,168,24,4,
K06867,77,0,68,0,153,27,0,
K01058,18,0,12,0,17,0,0,
K02355,231,14,163,4,370,49,4,
K03543,0,0,0,0,0,0,0,
K15550,119,1,72,1,126,48,2,
K03446,185,2,14,0,138,11,0,
K06075,111,0,1,0,148,0,0,
K19222,0,0,0,0,0,0,0,
K03088,199,2,205,2,211,87,0,
K04065,431,3,153,1,513,95,2,
K03271,112,2,103,2,170,81,1,
K07121,276,8,376,4,362,142,0,
K07460,0,0,0,0,0,0,0,
K07056,119,2,29,1,168,24,0,
K01640,451,10,298,14,607,133,4,
K01968,234,2,190,0,259,89,0,
K12972,0,0,0,0,0,0,0,
K01012,319,5,189,3,380,149,6,
K01935,165,0,122,0,170,70,0,
K00652,178,0,121,0,159,41,0,
K00833,311,1,173,0,346,92,2,
K01969,319,15,252,2,367,123,2,
K13766,0,0,0,0,0,0,0,
K00285,213,7,71,1,284,44,0,
K09858,0,0,0,0,0,0,0,
K24967,0,0,0,0,0,0,0,
K07106,306,5,251,1,393,66,6,
K08218,762,9,85,2,1011,48,0,
K18676,232,0,118,0,272,58,0,
K11066,363,5,69,0,439,22,0,
K03308,1,0,0,0,0,0,0,
K08641,0,0,0,0,0,0,0,
K02055,212,1,15,0,256,4,0,
K02528,0,0,0,0,0,0,0,
K00097,113,0,136,0,139,57,0,
K03771,53,0,40,1,85,21,0,
K04744,565,2,382,3,576,162,0,
K07102,508,0,27,0,694,27,0,
K00992,230,0,27,0,280,26,0,
K01262,219,0,60,0,184,41,0,
K03185,113,0,65,0,125,37,0,
K00325,17,0,15,0,30,8,0,
K00324,359,0,260,1,461,113,0,
K12152,240,12,98,9,300,45,5,
K00566,264,4,79,4,268,36,2,
K01146,230,4,128,8,235,42,0,
K00799,278,2,124,2,340,34,0,
K22083,561,6,80,0,582,58,3,
K01207,229,11,119,0,350,61,0,
K07795,176,0,21,0,166,12,0,
K02012,327,2,81,0,324,7,0,
K02011,465,0,32,0,570,4,0,
K05939,189,0,19,2,240,6,0,
K08482,308,2,44,0,337,44,2,
K03585,206,8,434,6,343,245,2,
K18138,713,18,318,8,944,350,0,
K18139,163,7,657,2,268,313,0,
K16138,132,8,62,2,229,25,0,
K00523,114,1,19,0,170,3,0,
K18304,137,1,0,0,188,9,0,
K02014,412,2,42,0,454,16,0,
K21757,7,0,1,0,2,1,0,
K01856,265,8,44,0,277,23,0,
K03464,59,0,2,0,86,0,0,
K01055,112,0,29,0,104,19,4,
K07290,636,10,206,10,756,93,0,
K03892,136,39,54,21,143,16,17,
K00537,32,10,17,8,31,11,2,
K02523,17,1,6,3,24,2,0,
K11811,0,0,0,0,0,0,0,
K02888,227,20,419,8,335,88,3,
K02899,227,8,1280,6,369,237,9,
K03979,294,4,260,2,375,119,0,
K00931,132,0,26,0,154,24,0,
K10773,0,0,0,0,0,0,0,
K03616,144,0,43,4,139,16,0,
K02014,485,0,20,0,578,17,0,
K05973,47,0,31,1,44,8,0,
K05524,0,0,0,0,0,0,0,
K02000,413,6,867,14,612,565,4,
K11527,27,0,13,0,36,5,0,
K02020,0,0,0,0,0,0,0,
K02018,0,0,0,0,0,0,0,
K02019,0,0,0,0,0,0,0,
K01420,25,0,3,0,30,2,0,
K09926,0,0,0,0,0,0,0,
K00406,485,31,397,0,679,201,2,
K00404,108,10,197,0,216,139,0,
K00405,0,0,0,0,0,0,0,
K00407,0,0,0,0,0,0,0,
K09792,32,0,20,0,38,16,1,
K02495,119,0,353,0,203,163,7,
K03776,446,19,545,0,619,295,6,
K21084,1035,22,1489,0,1423,501,5,
K09781,172,0,13,0,242,3,0,
K05834,395,0,51,0,490,22,0,
K07552,132,0,3,0,134,0,0,
K09158,0,0,3,0,5,5,0,
K00375,498,2,202,6,557,110,2,
K03801,109,0,106,2,212,62,1,
K02014,32,0,3,0,30,2,0,
K03644,0,0,0,0,0,0,0,
K03648,0,0,0,0,0,0,0,
K02171,0,0,0,0,0,0,0,
K07552,223,9,103,2,213,61,0,
K23777,166,3,7,6,177,7,0,
K09796,69,18,52,42,93,13,16,
K07152,102,1,57,0,93,9,2,
K20034,77,6,30,1,138,10,1,
K08169,0,0,0,0,1,0,0,
K01166,70,2,15,0,70,26,0,
K00826,156,0,58,0,190,26,0,
K07216,0,0,0,0,0,0,0,
K16088,585,0,646,0,537,410,2,
K00567,145,14,67,4,162,24,0,
K07488,56,1,75,0,103,25,0,
K00426,84,0,10,0,81,10,0,
K00424,0,0,0,0,0,0,0,
K00425,224,14,221,0,315,146,6,
K16012,479,22,307,4,736,208,3,
K03791,27,0,2,2,31,5,0,
K24206,286,0,19,2,467,22,0,
K02402,22,0,7,0,30,1,0,
K12071,554,13,120,2,974,21,0,
K23985,227,2,5,2,301,6,0,
K02663,79,0,7,0,73,2,0,
K02662,75,0,7,0,97,0,0,
K05366,749,8,384,2,942,115,4,
K06202,0,0,0,0,2,0,0,
K17247,46,0,21,0,54,2,0,
K07147,225,0,3,4,233,2,0,
K07399,436,4,232,0,579,117,2,
K03978,0,0,0,0,0,0,0,
K03585,407,0,24,0,508,13,0,
K07638,391,6,160,4,446,99,2,
K02483,61,0,16,0,69,4,0,
K04084,336,4,65,0,383,36,0,
K06006,0,0,0,0,0,0,0,
K03040,366,3,146,2,595,114,2,
K02879,0,0,0,0,0,0,0,
K02986,501,10,295,0,678,158,2,
K02948,130,1,184,7,198,65,2,
K03076,144,13,380,0,273,105,0,
K02952,0,0,0,0,0,0,0,
K02919,0,0,0,0,0,0,0,
K02518,0,0,0,0,0,0,0,
K02876,351,13,763,1,620,302,9,
K02988,207,8,619,3,410,289,4,
K02907,0,0,0,0,0,0,0,
K02881,157,14,523,1,219,202,1,
K02933,204,8,447,6,408,260,6,
K02994,374,17,528,3,543,321,9,
K02954,28,1,21,1,32,21,1,
K02931,122,15,121,2,243,101,1,
K02895,135,1,193,3,251,96,6,
K02874,249,8,366,4,441,116,0,
K05358,238,6,38,2,348,9,0,
K01952,681,13,790,16,1034,471,6,
K05793,0,0,0,0,0,0,0,
K00278,207,2,95,0,305,26,0,
K02481,176,0,0,0,204,0,0,
K07386,206,2,83,0,251,54,0,
K05358,74,1,25,2,70,16,0,
K01673,0,0,0,0,0,0,0,
K12979,83,0,14,0,80,5,0,
K19222,159,2,32,2,152,30,2,
K03406,114,9,154,3,172,65,1,
K01406,348,0,8,0,538,6,0,
K11004,293,0,4,0,360,0,0,
K11003,70,0,10,0,101,4,0,
K12340,172,1,5,0,186,2,0,
K08289,211,8,220,2,298,165,0,
K03781,24,1,36,1,21,20,1,
K01119,232,7,105,2,434,68,1,
K07126,0,0,0,0,0,0,0,
K02004,66,1,7,0,102,0,0,
K09950,0,0,0,0,0,0,0,
K07241,38,0,15,3,30,16,0,
K07395,177,8,56,2,215,31,0,
K02014,159,0,64,0,160,16,1,
K24217,0,0,1,0,1,2,1,
K21090,88,5,152,4,146,37,2,
K18988,4,0,1,0,2,0,0,
K09824,157,0,18,0,151,8,2,
K08167,63,0,10,0,90,4,0,
K01534,226,2,78,4,319,38,2,
K03406,13,0,1,0,10,0,0,
K08995,65,4,7,0,65,4,0,
K07124,0,0,0,0,0,0,0,
K19713,152,4,192,0,214,127,2,
K01698,227,0,60,0,224,40,0,
K09824,210,10,272,6,252,139,4,
K16568,61,0,11,0,77,6,0,
K02483,102,0,148,0,154,64,1,
K07283,160,4,51,0,212,28,0,
K01046,1,0,1,0,2,1,0,
K20974,111,0,14,0,163,10,0,
K04343,0,0,0,0,0,0,0,
K07814,0,0,0,0,0,0,0,
K16088,188,0,18,0,292,17,1,
K07165,159,4,32,0,236,14,0,
K23514,42,2,137,0,61,57,2,
K00873,96,0,24,0,103,26,0,
K01595,339,3,52,0,400,32,0,
K00134,0,0,0,0,0,0,0,
K13771,0,0,0,0,0,0,0,
K14393,410,8,318,2,612,131,0,
K01118,0,0,0,0,0,0,0,
K05349,120,4,4,2,137,0,0,
K23274,37,0,6,0,50,0,0,
K19813,215,0,0,0,316,0,0,
K23275,239,0,4,0,152,14,0,
K00059,0,0,0,0,0,0,0,
K03566,118,11,119,2,175,65,2,
K07098,0,0,0,0,0,0,0,
K17752,188,4,40,0,259,19,2,
K17752,137,1,40,0,266,33,0,
K17752,40,2,56,0,76,21,1,
K17762,36,0,23,0,35,12,1,
K17763,54,1,29,0,82,20,0,
K02014,665,4,34,0,902,36,0,
K02014,579,2,332,2,671,114,4,
K01626,31,0,3,0,28,1,0,
K02014,289,2,25,0,345,14,0,
K03568,0,0,0,0,0,0,0,
K11206,0,0,0,0,0,0,0,
K00982,669,2,224,0,825,128,0,
K00134,0,0,0,0,0,0,0,
K00615,496,8,321,6,642,393,2,
K09761,0,0,0,0,0,0,0,
K07137,337,4,242,4,401,154,7,
K00674,0,0,0,0,0,0,0,
K14267,214,8,188,2,233,131,2,
K14742,164,5,267,5,209,173,0,
K03789,80,0,128,2,73,59,0,
K21929,80,1,100,0,86,51,0,
K08227,39,0,15,0,31,6,0,
K09977,0,0,0,0,0,0,0,
K01775,226,6,113,0,341,63,2,
K04485,287,42,257,30,372,110,6,
K02407,232,38,262,9,354,98,4,
K08223,284,0,76,5,421,48,2,
K02553,68,0,95,6,79,55,2,
K11249,123,7,34,0,158,41,0,
K02556,3,0,0,0,5,0,0,
K07032,0,0,0,0,0,0,0,
K16135,255,12,116,4,297,52,0,
K22209,181,0,6,0,230,2,0,
K11927,168,4,113,0,187,42,0,
K20974,442,2,168,1,486,79,2,
K03413,210,20,761,8,281,364,8,
K08295,196,2,62,0,242,42,0,
K09461,323,0,144,0,373,60,0,
K00059,97,4,47,0,114,17,0,
K15973,118,0,29,0,135,8,0,
K00249,107,0,96,0,127,37,0,
K09022,166,2,18,0,228,9,0,
K15738,556,21,285,5,680,173,2,
K07052,464,6,60,3,659,18,0,
K03606,329,0,178,0,430,47,0,
K01991,215,7,121,6,288,131,0,
K25590,412,12,417,6,520,187,2,
K16567,428,2,88,0,528,42,0,
K00640,70,4,15,0,92,9,0,
K22278,172,0,83,0,201,37,0,
K05275,0,0,0,0,0,0,0,
K07559,0,0,0,0,1,0,0,
K06221,68,2,18,0,75,8,0,
K03088,48,2,27,0,72,11,2,
K08223,117,0,45,4,164,23,0,
K19271,0,0,0,0,0,0,0,
K05834,0,0,0,0,0,0,0,
K23779,144,4,87,2,214,73,0,
K00639,386,20,650,4,546,461,8,
K15789,308,7,396,0,407,240,2,
K01752,140,8,248,4,188,171,3,
K01733,303,10,391,0,379,216,4,
K03750,172,8,289,2,219,235,4,
K03636,0,0,0,0,1,0,0,
K21677,105,4,29,1,135,21,0,
K02291,118,1,83,0,159,49,0,
K21679,194,0,51,0,139,29,2,
K18302,188,2,108,5,319,48,3,
K18303,456,2,93,0,653,32,2,
K03545,462,47,728,13,739,364,13,
K01358,581,68,1145,14,1188,764,13,
K03544,299,31,509,2,529,278,4,
K01338,1324,58,4472,14,2926,2463,30,
K03530,126,6,468,12,287,104,0,
K01596,61,0,38,0,79,20,0,
K03701,0,0,0,0,0,0,0,
K01424,281,13,64,2,315,32,2,
K02014,1008,5,1090,4,1391,450,0,
K03554,0,0,0,0,0,0,0,
K02346,336,4,228,4,346,104,0,
K01354,753,10,167,4,928,94,0,
K03387,24,1,5,0,26,4,0,
K21023,815,19,970,10,1109,636,8,
K24119,0,0,0,0,0,0,0,
K00852,74,5,32,0,68,21,0,
K06726,0,0,0,0,0,0,0,
K02529,183,0,35,2,249,25,1,
K18307,246,0,23,0,269,14,2,
K18308,0,0,0,0,0,0,0,
K09702,0,0,0,0,0,0,0,
K18306,486,0,11,0,499,7,0,
K09012,0,0,0,0,0,0,0,
K06972,335,1,162,0,322,82,0,
K07032,0,0,0,0,0,0,0,
K07711,630,2,118,2,938,85,0,
K07715,417,0,135,0,447,30,0,
K04065,158,0,4,0,158,2,0,
K21929,60,0,1,0,57,1,1,
K14347,21,0,2,0,23,1,0,
K02020,139,4,128,0,212,47,0,
K11749,0,0,0,0,0,0,0,
K00099,110,0,203,1,116,128,0,
K00981,96,0,98,1,163,62,0,
K00806,147,4,94,0,156,40,0,
K02838,129,0,149,0,124,46,0,
K09903,109,0,151,2,199,121,2,
K02357,290,2,212,0,409,122,0,
K02967,368,7,545,11,472,326,7,
K01265,263,10,74,1,385,43,0,
K00990,409,12,358,2,651,127,4,
K06182,164,2,66,2,274,56,0,
K21087,40,0,0,0,33,1,1,
K01972,219,10,365,2,263,90,2,
K01462,0,0,0,0,0,0,0,
K00963,0,0,0,0,0,0,0,
K03529,293,9,369,0,473,261,4,
K01358,122,10,204,6,152,93,1,
K00605,339,11,318,7,492,275,4,
K02437,156,6,324,4,254,175,2,
K00281,728,18,1218,0,918,903,2,
K02556,0,0,0,0,0,0,0,
K02405,157,2,120,0,166,24,0,
K02404,53,2,37,0,62,27,1,
K02400,480,2,326,0,638,145,0,
K02401,373,2,65,0,423,34,0,
K16171,401,2,182,0,461,54,0,
K04773,317,0,48,0,396,14,2,
K01091,2,0,0,0,0,0,0,
K06179,171,2,115,2,256,36,0,
K08300,932,15,1019,4,1101,421,4,
K07240,262,0,14,2,280,8,0,
K03639,212,4,61,7,279,21,2,
K03750,261,0,239,4,380,91,0,
K09760,36,0,1,0,27,0,0,
K06886,102,1,29,0,99,14,0,
K08217,120,0,1,0,149,3,0,
K10915,1,0,0,0,2,0,0,
K02004,117,0,4,0,112,2,0,
K10916,0,0,0,0,0,0,0,
K21053,180,1,63,0,281,44,2,
K07180,1125,108,1568,48,2615,1039,47,
K09786,454,15,252,2,829,84,5,
K06415,521,2,124,0,655,50,0,
K03832,588,50,861,18,853,476,7,
K03561,518,20,1001,4,807,703,3,
K03559,261,12,610,0,428,278,3,
K03559,210,12,465,0,331,131,1,
K11753,223,4,80,0,272,52,0,
K01870,785,2,347,4,867,226,2,
K03101,113,0,22,0,135,7,0,
K13038,243,5,148,2,333,98,0,
K01520,120,0,36,0,202,20,0,
K07402,260,4,99,0,277,48,0,
K03088,78,0,5,0,105,0,0,
K03649,23,0,3,0,17,0,0,
K07302,146,10,13,0,223,24,0,
K07303,135,0,92,2,178,40,0,
K08676,313,1,11,0,298,7,1,
K18453,0,0,0,0,0,0,0,
K00684,0,0,0,0,0,0,0,
K21420,0,0,0,0,0,0,0,
K00254,397,4,44,0,518,19,0,
K02014,494,9,169,3,669,59,2,
K13635,0,0,0,0,0,0,0,
K02045,224,0,32,2,300,18,0,
K02047,167,4,30,0,222,16,0,
K02046,326,2,14,0,452,0,0,
K24158,267,0,14,0,289,29,0,
K07002,69,0,23,0,87,20,1,
K23163,108,2,17,0,180,4,0,
K07262,111,1,34,2,118,9,0,
K01996,12,2,0,0,15,1,0,
K01995,27,0,1,0,34,3,0,
K01998,190,0,121,2,274,41,0,
K01997,324,0,43,0,380,28,0,
K03527,268,1,30,0,431,5,0,
K03774,0,0,0,0,0,0,0,
K03630,53,0,6,0,55,4,1,
K00507,22,0,0,0,24,2,0,
K02902,0,0,0,0,0,0,0,
K02913,0,0,0,0,0,0,0,
K03500,390,8,160,0,692,96,5,
K11175,207,3,223,4,238,83,0,
K06077,808,38,1630,50,1495,1099,22,
K01185,286,2,22,0,387,9,0,
K01303,379,2,130,0,425,112,0,
K04065,160,0,3,0,163,0,0,
K18903,46,3,59,0,87,20,0,
K18900,0,0,0,0,0,0,0,
K03446,243,18,178,4,312,149,8,
K03543,373,6,55,0,464,41,2,
K18301,0,0,0,0,0,0,0,
K00382,434,10,377,2,552,187,0,
K00627,423,6,899,0,593,549,4,
K00163,524,8,506,0,683,309,0,
K08319,155,0,47,2,160,26,0,
K21948,173,0,69,0,187,40,0,
K22130,128,0,19,0,167,4,0,
K22131,115,0,14,0,128,15,0,
K22025,3,0,1,0,5,0,0,
K03702,139,2,78,0,156,50,0,
K00832,384,26,339,2,460,202,6,
K23274,105,0,9,0,132,0,6,
K23273,316,8,22,0,414,11,0,
K23275,230,4,72,2,303,32,6,
K06901,300,2,25,0,401,6,0,
K17733,155,0,2,0,142,8,0,
K11891,164,0,1,0,151,1,0,
K02014,11,0,0,0,12,0,0,
K07137,0,0,0,0,0,0,0,
K03284,42,1,62,0,120,36,0,
K07712,209,2,118,0,192,48,4,
K07708,293,2,73,2,321,39,0,
K20712,231,1,58,0,267,41,0,
K07080,71,0,0,0,78,0,0,
K18843,0,0,0,0,0,0,0,
K00799,0,0,0,0,0,0,0,
K22278,157,0,22,0,219,10,0,
K01802,209,0,28,0,226,23,1,
K02002,19,0,4,0,12,1,0,
K03827,0,0,0,0,0,0,0,
K02001,437,0,409,5,707,411,4,
K02556,225,11,350,4,303,90,2,
K02557,227,12,313,2,362,112,0,
K03413,136,1,118,0,158,48,2,
K03407,403,16,610,11,511,304,2,
K03408,119,5,201,3,182,85,0,
K03406,348,2,368,8,398,138,6,
K00575,197,2,124,0,235,60,0,
K03411,88,2,38,0,116,31,0,
K03412,222,6,173,0,308,96,0,
K00059,11,0,3,0,18,1,0,
K03413,0,0,0,0,0,0,0,
K01918,172,0,0,0,248,1,0,
K05896,90,0,59,0,162,32,0,
K01874,261,0,194,0,260,76,0,
K03593,321,3,371,7,502,185,15,
K06132,5,0,11,0,8,4,0,
K01586,200,0,56,0,245,21,0,
K01885,317,8,297,8,371,185,8,
K00052,111,0,68,3,117,23,0,
K13060,0,0,0,0,0,0,0,
K01703,192,1,14,0,166,9,0,
K01704,0,0,0,0,0,0,0,
K02050,210,0,8,0,175,0,0,
K02049,104,0,0,0,117,2,0,
K02011,94,0,1,0,136,0,0,
K02012,162,0,6,0,233,0,0,
K01703,207,0,21,4,243,11,3,
K01704,0,0,0,0,0,0,0,
K07566,84,0,7,0,121,4,0,
K06137,159,0,7,0,196,0,0,
K19577,5,0,15,0,21,6,0,
K01779,0,0,0,0,0,0,0,
K00064,113,0,7,0,97,7,0,
K16260,0,0,0,0,0,0,0,
K04046,210,0,222,4,302,117,0,
K02342,133,10,136,4,183,58,0,
K07126,39,2,12,0,52,15,0,
K01322,344,14,843,6,519,286,2,
K02495,122,0,36,0,137,31,0,
K00164,1379,25,1574,8,1870,1195,4,
K00658,484,22,569,0,747,463,2,
K03973,72,1,41,0,87,52,0,
K00382,439,10,661,2,577,503,0,
K06916,265,2,63,0,310,23,0,
K03722,431,3,119,0,631,77,0,
K03787,185,4,83,0,245,36,0,
K00573,194,8,142,2,181,75,0,
K06194,268,6,251,12,369,93,2,
K03087,293,14,456,10,472,168,5,
K03215,287,3,265,3,356,63,4,
K01183,664,0,12,0,812,8,2,
K00574,237,0,19,0,291,10,8,
K23773,29,5,96,3,31,34,0,
K19416,29,4,45,1,76,36,0,
K11904,267,0,82,0,331,49,0,
K01115,485,0,165,0,646,90,0,
K11904,397,0,194,0,443,126,3,
K06867,0,0,0,0,0,0,0,
K07666,112,7,101,4,136,142,2,
K10111,106,4,6,0,134,2,0,
K02024,203,0,4,0,315,10,0,
K10112,8,0,1,0,10,0,0,
K17317,149,0,85,0,161,24,2,
K17316,69,4,22,2,101,3,0,
K17315,150,2,53,0,158,12,0,
K02024,486,17,178,0,659,147,1,
K00845,229,6,228,6,299,97,0,
K02529,1,0,3,0,2,0,0,
K07126,237,10,110,4,278,56,4,
K07126,163,0,62,0,226,50,0,
K00020,50,1,13,0,41,10,0,
K00140,151,0,110,0,225,87,0,
K05539,8,2,4,0,13,1,0,
K06207,216,5,94,0,271,52,1,
K02519,461,15,886,5,774,310,6,
K03177,0,0,0,0,0,0,0,
K02834,0,0,0,0,0,0,0,
K02600,673,20,917,4,890,480,2,
K06178,721,23,784,10,919,306,6,
K09748,0,0,0,0,0,0,0,
K06024,203,8,94,1,306,117,2,
K00845,464,78,659,11,776,143,10,
K03975,21,0,10,0,31,9,0,
K02031,261,8,92,2,354,32,3,
K02034,325,0,120,0,467,64,0,
K02033,22,0,3,0,35,1,0,
K02014,702,8,55,2,970,53,1,
K07304,171,2,114,8,265,132,5,
K02511,239,0,0,0,321,6,0,
K05712,224,1,27,0,312,21,0,
K24116,0,0,0,0,1,0,0,
K00451,0,0,0,0,0,0,0,
K11917,124,0,22,0,126,10,0,
K04091,167,0,2,0,151,5,0,
K02014,270,0,6,0,266,0,0,
K15554,100,0,0,0,129,0,0,
K15554,84,0,8,0,113,0,0,
K15555,82,0,1,0,118,1,0,
K21344,138,17,236,18,258,201,4,
K00012,226,2,277,2,277,115,2,
K19804,222,4,110,0,298,85,0,
K02945,330,16,767,4,367,356,7,
K08992,0,0,0,0,0,0,0,
K05788,0,0,0,0,0,0,0,
K00800,145,3,133,0,227,59,0,
K00945,0,0,0,0,0,0,0,
K04517,170,2,292,0,184,133,0,
K00817,208,1,287,0,275,142,2,
K14170,363,12,317,4,634,197,4,
K00831,32,2,15,0,59,13,0,
K02469,356,2,113,0,396,45,0,
K09924,0,0,0,0,0,0,0,
K03286,803,63,1453,14,1684,907,15,
K00568,315,4,99,0,386,56,0,
K22292,97,0,27,0,159,24,0,
K08482,138,8,228,0,278,91,2,
K22419,0,0,0,0,1,0,0,
K10439,6,0,0,0,3,0,0,
K10440,100,6,37,0,123,23,0,
K10441,269,0,12,0,302,6,2,
K18336,217,0,9,0,234,13,0,
K18335,272,4,33,0,332,6,0,
K07046,27,1,0,0,36,2,0,
K03534,0,0,0,0,0,0,0,
K00064,69,2,24,0,65,2,0,
K16850,130,2,37,2,177,8,2,
K00041,246,0,84,1,263,46,1,
K23007,209,20,102,9,342,42,12,
K21744,232,6,84,6,285,28,2,
K13633,83,1,3,0,110,2,0,
K00285,149,1,28,0,161,20,0,
K21563,0,0,0,0,0,0,0,
K07684,37,1,28,0,58,27,0,
K05520,108,2,67,0,138,34,6,
K00763,280,11,232,2,404,168,2,
K01118,141,3,75,6,164,39,0,
K05516,111,0,125,4,121,93,0,
K18997,0,0,0,0,0,0,0,
K03327,302,4,60,4,424,43,0,
K06998,119,0,53,0,132,35,0,
K01278,313,2,237,2,335,134,0,
K07386,123,0,25,2,121,11,0,
K02423,0,0,0,0,0,0,0,
K01679,226,8,37,2,304,31,0,
K09930,48,5,97,1,61,30,0,
K14761,0,0,0,0,0,0,0,
K01114,176,2,113,0,281,42,0,
K03753,0,0,0,0,0,0,0,
K02450,226,0,30,0,255,29,4,
K02451,0,0,0,0,0,0,0,
K18676,170,14,146,5,184,100,2,
K24967,113,0,39,0,118,44,2,
K01443,200,1,29,0,298,23,0,
K00820,192,0,70,0,237,47,0,
K17244,233,0,19,0,266,5,0,
K17245,229,0,5,0,308,3,0,
K17246,219,0,6,0,256,4,0,
K08218,273,0,25,0,294,12,0,
K10111,151,2,24,0,226,20,0,
K02014,383,2,50,1,518,22,0,
K10532,0,0,0,0,0,0,0,
K10532,0,0,0,0,0,0,0,
K02014,776,0,70,0,929,23,0,
K24967,0,0,0,0,0,0,0,
K13653,84,0,7,2,130,5,0,
K02227,250,1,156,0,332,70,4,
K17879,232,0,142,0,302,97,0,
K02884,12,0,6,0,28,1,0,
K00554,341,8,842,5,447,268,0,
K02860,208,11,473,2,282,275,0,
K02959,222,3,375,0,241,145,0,
K20035,237,4,226,2,280,74,3,
K06077,0,0,0,0,0,0,0,
K03522,195,6,166,0,254,241,0,
K01872,809,96,1433,21,1632,800,12,
K03521,0,0,0,0,0,0,0,
K04085,0,0,0,0,0,0,0,
K05786,440,0,32,2,522,20,0,
K06020,596,6,264,2,711,212,0,
K01262,209,5,213,1,243,70,3,
K07507,0,0,0,0,0,0,0,
K01995,210,0,16,0,251,6,0,
K01997,342,1,35,0,400,16,1,
K01998,483,2,11,0,536,4,0,
K01996,251,1,12,0,306,7,0,
K00459,59,0,51,1,75,38,0,
K00760,0,0,0,0,0,0,0,
K03517,210,6,156,2,267,68,2,
K00767,91,6,225,4,109,102,1,
K07054,3,0,7,0,6,5,0,
K02030,0,0,0,0,0,0,0,
K03769,99,4,84,4,119,70,2,
K03769,283,5,265,2,423,137,2,
K06190,4,0,5,1,20,3,1,
K05527,0,0,0,0,0,0,0,
K08997,102,3,52,0,169,19,0,
K07305,0,0,0,0,0,0,0,
K20034,43,0,21,0,54,4,0,
K03408,1,0,0,0,4,0,0,
K03406,98,0,36,0,144,8,0,
K03411,0,0,0,0,0,0,0,
K00575,0,0,0,0,0,0,0,
K07516,298,16,392,8,669,296,16,
K07116,91,4,33,0,123,14,0,
K01758,0,0,0,0,0,0,0,
K01697,198,0,75,0,219,52,0,
K03406,241,10,157,3,352,85,2,
K00857,0,0,0,0,0,0,0,
K03797,480,23,1178,14,787,719,10,
K18900,28,2,5,0,17,4,0,
K18555,27,1,3,0,38,2,0,
K00864,37,1,2,0,47,0,0,
K14261,0,0,0,0,0,0,0,
K00111,152,0,22,0,118,12,0,
K15922,160,0,24,2,177,16,0,
K10439,112,0,19,0,189,23,1,
K15269,354,5,161,4,448,67,0,
K01284,668,5,173,0,837,79,0,
K01284,662,8,354,2,824,263,0,
K03656,327,4,225,3,402,90,0,
K03745,0,0,0,0,0,0,0,
K05596,233,6,95,4,217,41,1,
K21405,244,2,59,6,304,41,0,
K19339,220,7,38,0,290,10,0,
K03734,0,0,0,0,0,0,0,
K00114,699,0,0,0,912,0,0,
K00138,521,4,10,0,714,13,0,
K09959,0,0,0,0,0,0,0,
K02014,532,1,48,2,588,49,4,
K02030,14,0,0,1,18,0,0,
K01974,130,0,9,0,167,0,0,
K14415,243,5,143,3,331,51,0,
K11089,594,6,66,0,563,21,0,
K14414,464,12,55,8,548,36,0,
K05874,38,0,1,0,59,0,0,
K05595,210,4,23,0,214,9,0,
K03406,474,2,114,4,533,64,2,
K07644,51,0,13,0,58,5,0,
K11477,70,0,47,0,72,21,0,
K11209,15,2,26,0,23,10,0,
K07127,0,0,0,0,0,0,0,
K14682,225,4,37,8,310,11,2,
K01627,0,0,0,0,0,0,0,
K03578,841,4,384,6,965,208,8,
K14160,130,2,8,4,180,5,0,
K14161,177,0,18,0,209,15,0,
K11209,294,3,64,3,368,56,2,
K04080,1721,92,5150,40,6244,2594,14,
K12511,56,0,0,0,64,0,0,
K12510,109,0,2,0,131,0,0,
K02283,186,0,20,0,265,12,0,
K02282,277,0,2,0,332,6,0,
K02280,316,0,0,0,441,2,0,
K02279,67,0,0,0,66,0,0,
K02278,13,0,0,0,17,0,0,
K02651,45,0,0,0,47,0,0,
K02651,0,0,0,0,0,0,0,
K03410,136,4,79,2,172,51,1,
K01807,186,2,170,9,302,75,2,
K02402,77,0,16,1,111,9,0,
K02403,183,0,69,0,299,27,0,
K01556,207,9,87,0,275,42,0,
K00453,158,2,38,0,206,17,0,
K07002,114,6,104,0,151,76,2,
K04079,237,10,345,4,291,221,1,
K05825,216,4,154,0,293,119,0,
K02488,0,0,0,0,0,0,0,
K07302,66,0,12,0,73,6,0,
K07303,335,2,73,2,429,52,2,
K01070,11,0,5,1,19,8,1,
K11414,85,0,18,2,73,0,0,
K03100,62,2,4,0,102,13,0,
K03790,148,1,20,0,131,3,0,
K01996,0,0,0,0,0,0,0,
K01998,86,0,14,0,119,10,0,
K01997,105,0,12,0,101,6,0,
K01999,44,0,11,0,75,3,0,
K06446,201,0,60,0,184,35,2,
K20329,209,0,39,0,240,17,2,
K02014,357,2,284,0,453,166,0,
K19294,528,0,51,0,626,14,2,
K19295,38,0,13,0,46,4,1,
K07146,288,0,79,0,374,17,0,
K02337,864,6,646,9,1122,298,4,
K09824,148,1,35,0,188,21,0,
K07274,176,0,116,0,211,52,0,
K14987,0,0,0,0,0,0,0,
K11085,333,13,139,6,486,54,2,
K02847,353,0,71,0,344,29,0,
K02529,428,2,148,2,573,101,8,
K08301,137,0,39,0,168,23,0,
K06287,162,3,157,2,255,63,2,
K00783,48,0,26,0,63,5,0,
K09710,95,3,252,0,104,64,1,
K00969,132,16,248,7,253,131,4,
K00228,213,2,432,0,240,213,0,
K01945,239,0,13,0,218,12,0,
K18189,256,9,170,12,207,107,2,
K01113,634,3,63,4,718,18,2,
K01734,153,5,81,2,123,34,4,
K00344,107,0,71,4,155,61,2,
K01256,925,9,561,2,1102,383,2,
K03841,254,0,211,0,367,179,0,
K00433,153,0,10,1,152,2,0,
K15977,0,0,0,0,0,0,0,
K05594,190,8,178,2,505,103,0,
K03781,712,0,68,2,912,58,0,
K03543,205,4,116,0,248,66,0,
K18139,10,0,13,0,28,21,0,
K03585,232,0,85,0,264,50,0,
K23777,57,0,26,2,64,34,0,
K23775,39,0,7,0,60,4,0,
K00477,164,0,73,0,208,37,0,
K01114,296,2,48,2,429,9,0,
K00428,0,0,0,0,0,0,0,
K18889,321,0,128,0,395,61,0,
K01485,335,4,111,9,395,93,3,
K03790,78,0,28,1,81,4,2,
K02027,427,0,28,2,499,14,0,
K10112,183,1,0,0,175,10,0,
K00854,216,0,168,4,263,114,0,
K03406,293,1,82,0,375,53,1,
K16088,3,0,0,0,1,1,0,
K21023,3,0,0,0,4,0,0,
K03169,1,0,0,0,0,0,0,
K03205,20,2,0,0,4,0,0,
K12063,294,5,0,0,30,0,2,
K03630,6,10,1,3,1,0,1,
K07386,32,57,11,13,5,4,12,
K03575,179,103,11,45,28,13,18,
K03771,477,272,86,86,45,63,41,
K02371,277,112,13,50,36,25,29,
K18979,146,234,30,19,14,16,29,
K03585,229,88,9,12,15,2,19,
K01627,165,229,49,64,18,11,41,
K05986,2007,14107,948,1733,312,299,2379,
K16870,218,77,6,33,30,11,15,
K02342,44,37,6,12,6,4,8,
K00658,0,0,0,0,0,0,0,
K00975,174,169,31,57,30,14,62,
K00703,580,1159,82,303,116,95,221,
K00845,797,1396,324,263,133,113,239,
K03320,253,42,17,11,37,19,8,
K01118,2,1,0,0,0,0,0,
K01752,0,0,0,0,0,0,0,
K01114,388,82,8,21,36,15,27,
K21572,0,0,0,0,0,0,0,
K05349,0,0,0,0,0,0,0,
K02073,398,970,4,168,28,7,145,
K02072,44,38,0,17,5,2,8,
K02071,74,76,5,27,17,5,8,
K15975,213,27,0,1,23,1,3,
K06975,81,23,4,7,5,1,5,
K15975,194,52,2,6,20,8,11,
K06999,136,40,3,10,20,3,6,
K06911,144,22,13,4,27,9,8,
K16211,4,0,0,0,0,0,0,
K21575,274,206,48,43,40,21,40,
K21574,130,92,5,37,13,4,20,
K15537,0,0,0,0,0,0,0,
K14347,0,0,0,0,0,0,0,
K21571,196,87,11,38,19,12,27,
K21572,0,0,0,0,0,0,0,
K21573,617,694,87,115,122,92,136,
K01874,689,1026,158,225,97,65,163,
K04096,1,1,0,0,1,0,0,
K09015,17,12,6,5,0,0,0,
K09013,178,396,76,131,27,41,89,
K09014,307,642,60,154,31,69,127,
K03790,0,0,0,0,0,0,0,
K13628,472,1303,154,237,46,100,275,
K07054,0,0,0,0,0,0,0,
K00794,49,38,7,11,10,1,6,
K00759,0,0,0,0,0,0,0,
K18139,86,123,0,37,12,0,18,
K00791,51,19,1,1,2,5,6,
K00942,262,541,150,75,25,52,63,
K03517,556,1040,266,163,65,100,177,
K12524,1114,287,40,99,91,101,78,
K00872,322,68,9,35,24,21,22,
K01733,237,107,5,27,32,31,17,
K01633,78,53,32,14,17,5,12,
K17733,136,690,31,298,29,28,209,
K03841,398,323,65,72,46,30,65,
K10254,106,138,21,36,7,43,8,
K01886,0,0,0,0,0,0,0,
K18954,1817,2629,811,383,155,382,213,
K22390,181,7,0,0,15,0,0,
K01028,0,0,0,0,0,0,0,
K01029,166,419,119,48,37,27,48,
K12373,828,875,128,221,105,62,169,
K07090,115,66,10,12,5,2,10,
K01069,357,134,3,49,37,14,27,
K07112,125,74,10,24,20,13,19,
K07112,30,25,2,6,6,1,17,
K08296,0,0,0,0,0,0,0,
K06974,0,0,0,0,0,0,0,
K02014,254,168,3,111,17,2,58,
K03897,368,215,4,85,32,2,55,
K07095,85,12,5,10,9,3,1,
K08316,65,100,11,16,15,8,15,
K01776,8,6,1,4,1,0,0,
K02495,276,324,127,54,29,36,29,
K06133,0,0,0,0,0,0,0,
K16171,130,195,20,50,18,40,45,
K01054,119,134,9,26,20,19,27,
K00485,3,0,0,0,0,1,0,
K15312,0,0,0,0,0,0,0,
K15311,0,0,0,0,0,0,0,
K00646,0,0,0,0,0,0,0,
K15329,0,0,0,0,0,0,0,
K15337,0,0,0,0,0,0,0,
K03543,210,1,2,0,27,0,0,
K01297,23,4,0,2,4,0,0,
K18954,118,39,19,10,10,4,4,
K01972,350,163,33,26,57,24,21,
K01126,236,624,134,94,42,29,98,
K21572,11,1,0,2,3,0,1,
K07259,433,827,78,225,49,55,189,
K00639,387,312,112,77,31,39,54,
K08973,69,28,18,11,10,8,4,
K25151,86,21,14,8,10,5,11,
K25153,165,24,11,11,17,0,10,
K07090,0,0,0,0,0,0,0,
K05516,24,43,3,6,4,4,7,
K13953,27,30,0,9,4,1,5,
K09959,0,0,0,0,0,0,0,
K00138,799,1934,35,904,119,178,420,
K21572,160,447,24,124,23,39,80,
K21573,310,48,37,5,24,24,10,
K01641,82,13,5,8,4,11,3,
K01256,580,450,117,114,37,90,119,
K01417,676,461,35,75,74,18,68,
K01417,316,978,3,271,31,13,205,
K09928,7,0,0,2,0,0,1,
K03634,39,14,1,4,4,0,2,
K22278,88,41,10,12,11,2,13,
K00647,137,38,24,11,11,16,8,
K02078,10,9,1,6,2,1,2,
K02314,738,345,42,69,68,37,88,
K03469,157,28,3,9,15,3,9,
K00278,761,900,77,186,107,78,148,
K00767,197,75,30,34,14,27,28,
K02014,2250,943,656,392,177,453,307,
K00133,832,859,335,193,109,96,140,
K13283,202,73,6,16,23,7,7,
K09800,879,1111,69,384,97,85,243,
K01887,7,2,1,2,0,1,0,
K07058,0,0,0,0,0,0,0,
K21572,111,77,10,24,13,4,20,
K21572,1026,772,262,436,194,298,311,
K00485,0,0,0,0,0,0,0,
K00384,105,60,16,22,1,2,15,
K02340,596,1344,137,227,75,66,238,
K01061,95,134,22,18,16,6,22,
K22479,4,5,1,0,1,1,2,
K10778,555,1189,145,182,68,84,217,
K00567,149,80,20,27,13,8,22,
K07017,0,0,0,0,0,0,0,
K02014,258,24,0,2,19,6,5,
K06999,105,306,11,47,19,7,46,
K02480,337,213,21,49,40,10,42,
K01866,57,57,9,11,4,2,6,
K03088,75,134,48,22,16,5,19,
K03644,44,97,7,16,9,2,22,
K08156,397,33,3,9,37,6,8,
K00700,0,1,0,0,1,0,1,
K07017,196,131,18,38,35,5,26,
K01255,220,193,9,59,39,11,41,
K06048,493,799,34,187,106,63,150,
K03802,39,32,2,7,1,1,6,
K13282,374,290,9,77,36,27,52,
K03098,102,158,17,37,12,8,35,
K03742,329,61,24,19,26,10,19,
K11936,1507,1028,109,265,154,105,323,
K07386,892,1936,81,500,100,96,442,
K02970,169,120,47,43,9,24,30,
K05808,201,712,150,204,33,89,217,
K15034,0,0,0,0,0,0,0,
K09964,52,68,13,32,14,11,14,
K21908,45,151,23,23,2,9,12,
K10536,949,4320,593,576,134,221,577,
K15862,3926,2160,732,164,386,556,445,
K00406,1102,638,285,37,123,176,95,
K03770,1061,453,168,109,91,138,103,
K02067,329,929,101,196,60,42,184,
K08264,193,261,23,95,33,20,49,
K01875,401,979,121,157,63,76,152,
K09792,157,90,35,27,16,15,29,
K18118,1192,1713,207,245,122,157,238,
K18122,1266,1343,555,179,140,196,217,
K00457,1327,3295,142,579,233,130,721,
K01555,843,800,90,217,129,118,132,
K06200,518,443,22,170,73,29,61,
K00878,153,137,24,38,20,15,10,
K02014,1,1,0,0,0,0,0,
K14155,427,464,12,81,66,13,75,
K01667,317,8,5,6,40,2,5,
K06169,32,37,8,6,11,2,3,
K07054,530,484,94,123,55,71,77,
K02888,0,0,0,0,0,0,0,
K02899,0,0,0,0,0,0,0,
K00626,153,36,10,11,10,13,3,
K15987,481,1471,168,283,83,52,259,
K01507,113,470,27,81,29,7,78,
K03630,177,228,7,48,17,14,22,
K03748,0,0,0,0,0,0,0,
K00945,493,1160,284,379,50,102,322,
K09903,1,0,0,0,0,0,0,
K02838,170,137,77,22,13,16,13,
K00648,86,86,8,45,10,5,15,
K02916,2177,1371,959,317,166,500,273,
K02887,3565,2440,1459,464,244,486,446,
K18962,9,8,0,1,0,1,1,
K11021,685,646,72,136,108,47,114,
K02014,154,235,4,52,22,7,34,
K11755,54,14,0,2,10,0,4,
K02500,59,19,9,15,9,2,3,
K01814,123,37,0,14,7,0,1,
K02501,11,0,0,4,1,0,1,
K01089,139,46,2,13,14,5,9,
K00817,152,77,1,17,24,11,15,
K00013,209,69,0,19,25,22,19,
K00765,142,50,3,33,20,23,18,
K20534,147,43,5,14,10,2,11,
K00674,134,58,3,19,13,11,10,
K11927,39,29,3,5,3,1,6,
K03424,205,64,9,28,30,12,7,
K03306,309,795,163,120,51,44,119,
K05592,315,134,61,49,21,54,27,
K07220,0,0,0,0,0,0,0,
K01588,0,2,0,0,0,0,0,
K01589,8,3,0,0,0,0,0,
K07090,223,351,37,109,32,59,68,
K08234,0,0,0,0,0,0,0,
K01597,1,3,0,0,0,0,0,
K01897,179,156,40,47,21,13,21,
K15727,228,147,19,40,39,14,34,
K15726,820,630,57,203,91,32,129,
K02358,10753,6269,3288,1616,762,1507,1278,
K03073,121,152,70,48,20,16,39,
K02601,418,296,201,104,47,54,56,
K01322,179,343,51,115,18,28,64,
K02835,94,15,7,2,10,3,0,
K02014,212,57,10,24,23,13,9,
K18954,108,8,1,3,17,0,0,
K11927,145,173,4,45,15,4,50,
K03704,13,75,14,20,0,2,18,
K20999,291,11,51,7,18,36,0,
K20885,229,15,1,6,15,8,11,
K03386,0,0,0,0,0,0,0,
K00812,708,6303,432,1164,75,107,1350,
K03501,137,254,46,43,16,16,27,
K07001,318,71,13,31,33,14,11,
K00428,1,0,0,0,0,0,0,
K03701,1,0,1,1,0,0,0,
K02014,293,25,15,6,28,0,10,
K09946,0,0,0,0,0,0,0,
K00632,631,2917,94,635,70,95,451,
K07516,1392,4749,152,1359,120,306,847,
K07491,0,0,0,0,0,0,0,
K09780,0,0,0,0,0,0,0,
K06885,204,210,84,51,16,42,34,
K02536,417,399,137,118,59,40,83,
K16363,596,356,35,137,53,60,79,
K00677,342,208,26,60,32,27,51,
K02356,272,228,70,98,21,61,55,
K02536,214,159,35,52,17,22,24,
K01902,805,963,83,194,89,105,205,
K01992,62,5,3,2,7,1,2,
K02860,0,0,0,0,0,0,0,
K02959,323,193,68,67,17,48,31,
K01284,730,2454,93,791,106,79,503,
K01286,0,0,0,0,0,0,0,
K06996,5,24,2,6,1,2,5,
K03830,54,15,4,3,4,2,1,
K01866,188,28,31,30,35,11,8,
K05795,207,374,30,99,35,16,97,
K07027,215,587,45,130,45,30,110,
K01579,65,32,14,18,3,8,12,
K03530,0,0,0,0,0,0,0,
K00275,86,46,4,19,16,5,5,
K07735,198,291,138,38,55,22,46,
K01448,0,0,0,0,0,0,0,
K07114,257,517,7,112,27,3,116,
K07114,543,599,50,139,60,31,146,
K06204,654,3440,708,526,128,133,582,
K03101,115,205,85,74,18,24,26,
K03748,81,28,11,8,12,0,5,
K01867,0,0,0,0,0,0,0,
K07025,216,470,53,232,22,10,179,
K03088,154,440,106,94,29,74,77,
K00789,141,393,68,68,23,29,67,
K04761,470,246,128,83,60,66,65,
K03781,249,989,9,186,57,29,182,
K03305,546,150,46,38,59,14,38,
K03305,475,207,169,67,50,33,48,
K03305,299,136,14,46,69,18,30,
K03655,307,130,22,57,31,8,29,
K22441,280,1278,171,250,36,48,218,
K01714,62,26,4,7,9,5,5,
K07090,118,4,1,2,12,0,1,
K07077,165,178,8,30,15,7,46,
K03536,0,0,0,0,0,0,0,
K22132,66,30,9,10,6,9,9,
K03424,297,135,29,40,38,5,22,
K05807,572,1409,335,277,95,120,185,
K13038,425,340,41,80,61,48,66,
K03631,107,200,56,30,22,29,25,
K01679,245,304,19,50,41,5,53,
K01676,447,205,41,36,73,74,37,
K06214,191,11,0,0,21,1,0,
K04338,92,1,0,0,5,1,2,
K04337,51,1,3,0,2,0,0,
K11381,427,454,22,139,35,30,109,
K08994,219,325,49,60,30,23,45,
K03719,23,16,5,9,2,3,6,
K25137,189,90,21,25,24,11,18,
K06076,44,179,6,25,11,16,27,
K01881,277,810,58,145,44,15,106,
K00560,159,186,25,58,23,50,38,
K01485,26,2,1,0,2,0,1,
K00588,584,2142,512,248,100,142,306,
K20742,559,1286,278,252,98,78,197,
K02527,122,195,37,39,29,29,24,
K16698,37,40,14,13,3,9,11,
K16568,184,133,38,26,20,15,20,
K01869,955,713,191,243,115,90,160,
K03561,1895,2752,772,570,190,448,590,
K03559,413,642,142,122,52,78,131,
K15894,704,585,384,146,97,145,79,
K19068,568,306,200,92,60,112,58,
K24258,455,309,145,92,80,104,52,
K01463,224,211,84,64,26,37,27,
K19429,177,155,34,36,23,26,31,
K00054,348,247,133,48,58,41,47,
K01903,731,287,218,202,94,188,120,
K02014,3315,4160,2598,971,456,584,926,
K24158,0,0,0,0,0,0,0,
K15738,150,60,16,12,8,4,11,
K16044,0,0,0,0,0,0,0,
K07273,28,4,1,0,5,0,1,
K03885,846,1044,320,208,109,164,158,
K00554,199,219,93,37,38,36,37,
K03718,0,0,0,0,0,0,0,
K05540,0,0,0,0,0,0,0,
K01619,0,0,0,0,0,0,0,
K13421,384,737,234,135,54,68,105,
K01736,0,0,0,0,0,0,0,
K02480,66,9,3,3,16,0,4,
K06079,68,15,4,10,6,8,4,
K16568,764,1687,162,345,83,116,279,
K00252,1656,2638,113,352,179,173,449,
K08174,123,77,22,17,19,6,19,
K21573,694,2557,15,630,97,25,684,
K21572,679,503,0,233,83,10,257,
K01201,250,468,0,101,22,4,85,
K11904,592,758,122,194,78,145,214,
K21741,0,0,0,0,0,0,0,
K18954,65,5,4,0,5,0,5,
K02338,241,316,62,71,28,25,55,
K01952,707,1576,349,237,98,54,219,
K10804,0,0,0,0,0,0,0,
K18988,427,195,119,68,51,47,29,
K02558,200,115,37,45,24,10,16,
K00459,140,277,60,37,12,24,57,
K06221,337,704,70,87,47,36,102,
K03923,43,6,1,0,4,0,0,
K11904,649,250,15,42,101,43,73,
K02335,724,1130,100,263,112,108,235,
K07507,319,313,15,90,49,51,66,
K02477,62,21,6,3,14,4,6,
K25152,112,103,24,24,8,14,14,
K07001,22,5,0,1,1,0,0,
K00382,409,413,37,124,41,32,120,
K07071,8,13,0,6,0,0,0,
K09166,218,342,0,101,17,5,76,
K03168,867,253,111,93,74,61,65,
K02851,430,295,64,109,64,41,71,
K01991,339,54,37,57,56,38,34,
K02618,270,843,143,184,49,34,146,
K07017,230,269,44,63,18,14,38,
K02617,10,24,4,5,1,2,3,
K00632,171,351,22,115,19,11,69,
K02614,0,0,1,0,0,1,0,
K00074,74,127,17,55,1,13,35,
K15866,352,548,40,153,29,25,100,
K02612,217,603,87,79,28,18,80,
K02611,165,804,97,187,21,34,125,
K02610,0,0,0,0,0,0,0,
K02609,143,737,63,192,23,54,171,
K02613,334,1962,76,448,56,66,375,
K01912,269,2188,49,538,36,67,316,
K03695,3465,45406,829,12286,463,622,9184,
K08682,0,0,0,0,0,0,0,
K18346,142,149,3,45,11,9,16,
K04485,122,134,43,19,18,14,18,
K01937,1300,1534,183,370,135,184,260,
K03217,337,238,44,123,34,19,64,
K03470,4,2,1,1,1,0,0,
K02990,395,407,146,82,20,107,86,
K02963,269,219,72,47,22,62,54,
K02939,0,0,0,0,0,0,0,
K03543,113,8,0,1,10,0,1,
K07786,147,7,0,5,14,0,0,
K03106,164,100,43,28,15,10,11,
K06217,252,316,112,60,50,44,43,
K22205,100,135,39,28,20,14,14,
K07102,139,70,31,36,5,16,21,
K00992,331,664,70,112,59,50,129,
K20275,0,0,0,0,0,0,0,
K06400,140,205,3,52,20,6,36,
K09705,0,0,0,0,0,0,0,
K01772,292,573,118,181,28,35,121,
K01669,291,631,52,245,44,96,150,
K18954,232,425,72,100,44,38,88,
K01066,166,12,1,5,19,1,2,
K18954,67,7,1,6,7,3,3,
K00239,754,1955,29,620,66,92,324,
K07130,0,0,0,0,0,0,0,
K00240,0,0,0,0,0,0,0,
K00241,787,2070,14,569,60,98,327,
K01278,20,14,6,3,4,3,1,
K00688,157,214,45,45,22,28,40,
K18707,590,787,176,133,66,87,115,
K18954,117,18,3,7,10,1,5,
K22479,0,0,0,0,0,0,0,
K18954,434,361,24,68,47,35,80,
K00459,0,0,0,0,0,0,0,
K15977,46,80,16,27,5,23,20,
K01425,89,47,3,6,10,2,8,
K15862,920,1684,129,287,122,174,298,
K00406,0,0,0,0,0,0,0,
K00407,0,0,0,0,0,0,0,
K21556,794,2745,381,428,139,108,426,
K00606,405,301,47,95,56,21,65,
K03294,425,266,48,114,54,47,89,
K01129,647,2220,253,377,111,97,401,
K07705,0,0,0,0,0,0,0,
K03297,11,11,2,1,3,1,1,
K00281,83,124,6,21,10,13,19,
K06997,0,0,0,0,0,0,0,
K03088,14,110,5,75,0,4,28,
K04750,272,192,32,36,39,19,47,
K03791,139,87,37,23,19,39,23,
K01756,264,91,35,34,20,41,17,
K11021,824,821,296,192,81,114,148,
K09458,376,1139,276,243,96,216,154,
K00626,313,111,14,24,40,18,19,
K16137,130,87,9,22,25,10,11,
K04063,85,106,14,11,21,3,14,
K06076,2095,3076,178,562,319,288,467,
K05366,1455,2238,221,552,224,207,482,
K08997,585,568,62,148,54,88,133,
K11904,606,286,16,68,64,22,86,
K09774,48,7,2,1,4,0,1,
K03549,665,863,291,313,70,105,168,
K00162,263,63,43,20,19,18,21,
K17103,227,77,18,12,40,13,14,
K02342,103,108,31,11,5,15,19,
K12241,0,0,0,0,0,0,0,
K06978,0,0,0,0,0,0,0,
K03088,61,43,10,12,9,2,6,
K00666,135,260,25,50,21,19,51,
K03092,85,54,13,19,4,7,13,
K01893,696,1368,323,271,116,114,281,
K07313,153,31,12,6,4,9,11,
K04077,355,894,105,234,51,35,156,
K04078,685,4750,303,1467,62,89,895,
K03300,240,84,6,12,29,7,16,
K01953,1038,7212,254,2729,201,199,1633,
K06911,270,100,10,35,16,23,16,
K06975,174,326,25,66,15,30,69,
K06911,527,832,41,183,91,76,160,
K19784,122,227,11,49,19,16,37,
K24915,95,149,11,39,18,10,33,
K02481,226,45,10,12,26,5,9,
K01546,390,17,2,5,36,4,4,
K01547,399,16,4,6,50,2,3,
K01548,114,3,0,4,18,1,3,
K07646,210,103,27,25,30,10,16,
K00248,511,730,103,174,38,66,185,
K02837,674,67,25,25,39,139,37,
K07052,230,142,47,27,24,18,26,
K01519,134,80,32,23,8,10,20,
K02884,599,564,170,165,40,106,120,
K01417,185,44,13,23,17,19,14,
K02242,0,0,0,0,0,0,0,
K01638,918,1019,76,676,124,195,173,
K01637,2268,1266,140,1166,191,266,194,
K06142,134,64,40,31,21,8,24,
K01737,161,291,66,56,17,29,48,
K01154,100,47,21,17,24,20,17,
K03427,273,227,68,62,51,43,53,
K00699,335,130,7,43,27,19,24,
K03088,99,66,4,11,9,3,10,
K03446,198,6,0,5,28,0,0,
K21572,435,656,9,198,46,23,216,
K05349,473,512,7,187,48,13,136,
K14287,0,0,0,0,0,0,0,
K03827,0,0,0,0,0,0,0,
K07305,87,40,3,8,13,1,5,
K07225,138,153,3,50,13,5,17,
K01462,60,19,4,7,5,2,4,
K04063,9,6,0,0,2,0,1,
K23775,22,129,6,124,1,2,28,
K03801,1164,5333,301,1010,97,72,894,
K01695,75,125,7,32,7,7,30,
K01696,203,128,4,67,17,9,27,
K07491,46,37,5,25,3,1,8,
K01609,98,27,13,23,15,3,11,
K00766,183,90,27,41,21,26,20,
K01657,240,130,12,37,21,11,24,
K01658,0,0,0,0,0,0,0,
K08738,143,119,5,33,20,7,31,
K06970,163,28,4,10,15,21,10,
K04567,678,425,167,122,78,70,98,
K00426,5,15,1,1,1,1,2,
K00425,476,387,41,94,51,46,64,
K02470,1049,1883,253,502,123,138,336,
K07029,5,3,0,0,1,0,2,
K11103,31,7,5,3,2,4,0,
K00681,193,34,3,9,23,8,10,
K15789,329,202,64,35,43,22,56,
K07098,289,272,75,131,48,24,55,
K00648,309,182,14,186,29,9,41,
K03183,229,276,31,81,17,23,72,
K09888,94,306,99,78,13,19,62,
K18682,789,4034,330,663,116,90,755,
K18954,122,31,5,4,22,0,6,
K06867,3,17,0,4,0,1,2,
K01485,101,50,3,6,16,1,10,
K01845,118,39,0,6,7,1,6,
K02395,437,402,29,119,63,27,86,
K01505,589,559,87,178,50,57,148,
K07397,265,256,32,63,37,27,51,
K06975,155,222,37,44,27,23,36,
K00615,453,86,24,42,57,37,31,
K00615,266,75,14,34,24,27,21,
K02687,194,107,6,20,17,13,20,
K07507,112,59,1,14,21,2,8,
K00784,194,202,47,68,39,39,30,
K01991,334,189,58,112,32,50,46,
K02474,654,366,198,162,74,207,66,
K16692,561,448,202,228,93,226,125,
K06180,420,1396,82,279,70,50,209,
K01921,238,185,51,39,52,75,24,
K00954,150,119,28,28,31,28,18,
K00287,118,164,45,37,16,15,23,
K03744,1120,1815,654,323,208,152,239,
K11021,162,148,24,35,21,27,25,
K07486,0,0,0,0,0,0,0,
K06927,0,0,0,0,0,0,0,
K01159,0,0,0,0,0,0,0,
K02013,23,0,0,0,1,0,0,
K02016,165,1,0,0,10,0,0,
K03187,29,0,0,0,3,0,0,
K04652,49,2,1,1,3,0,0,
K04651,117,1,0,0,6,0,0,
K00344,60,13,0,8,6,3,2,
K03790,1,1,0,0,0,0,0,
K00077,77,48,22,5,10,7,18,
K11811,161,1564,1,260,15,1,265,
K04564,82,2042,0,193,25,4,324,
K09012,145,144,2,57,10,7,37,
K24204,0,1,0,0,0,0,0,
K03088,2,9,1,2,2,0,0,
K07165,140,4,0,5,8,0,2,
K03797,264,1,0,1,41,0,1,
K00227,233,178,49,19,19,14,24,
K03701,160,227,10,54,23,16,63,
K02014,176,41,3,12,20,4,17,
K01083,0,0,0,0,0,0,0,
K01118,0,0,0,0,0,0,0,
K00946,227,155,21,24,23,16,45,
K07107,235,247,26,42,25,23,52,
K03555,180,864,56,169,20,31,144,
K03790,0,0,0,0,0,0,0,
K08994,111,48,7,4,15,3,12,
K00858,563,329,43,109,84,47,70,
K01624,1419,1954,474,334,131,171,311,
K06373,267,250,23,52,64,19,42,
K03559,36,25,2,8,9,0,6,
K03561,206,173,8,52,25,39,35,
K10773,9,3,1,0,3,3,1,
K03790,3,0,0,0,0,0,0,
K03564,0,0,0,0,0,0,0,
K00971,440,654,67,164,77,80,95,
K12340,244,186,35,64,34,18,35,
K02742,0,0,0,0,0,0,0,
K11754,349,86,39,15,43,12,12,
K02426,0,0,0,0,0,0,0,
K03696,9263,76748,3558,14127,1609,1684,14504,
K00566,629,641,60,162,53,98,132,
K00587,15,12,1,4,0,0,6,
K02478,51,43,7,10,7,6,10,
K13652,110,85,1,31,8,2,16,
K03797,212,48,9,13,24,13,10,
K04565,0,0,0,0,0,0,0,
K06937,104,63,30,22,12,10,16,
K03787,0,0,0,0,0,0,0,
K13292,225,364,31,77,31,24,52,
K00364,236,483,66,73,34,44,60,
K00059,0,0,0,0,0,0,0,
K07056,0,0,0,0,0,0,0,
K00857,323,380,100,54,51,28,55,
K01798,875,807,290,179,141,163,166,
K07001,775,432,119,79,103,63,62,
K07042,137,123,39,34,23,23,36,
K03495,1105,949,241,290,133,124,242,
K00927,295,396,116,113,47,69,103,
K01808,324,530,188,75,40,76,113,
K12573,1452,1403,264,257,221,300,318,
K01297,1,0,0,0,0,0,0,
K07460,0,0,0,0,0,0,0,
K14742,0,0,0,0,0,0,0,
K06287,123,267,35,44,17,24,43,
K03270,52,50,14,16,8,5,4,
K03088,293,1954,199,409,75,41,385,
K03596,463,476,56,101,63,48,91,
K03574,180,23,10,6,19,3,3,
K01939,238,65,33,28,36,21,11,
K23518,95,62,12,9,17,3,8,
K12410,141,57,7,7,25,3,11,
K07559,122,108,8,22,21,9,18,
K07313,263,268,10,53,46,9,50,
K04758,66,189,4,29,6,12,35,
K04759,694,1316,103,262,73,59,235,
K00684,150,57,10,15,7,7,10,
K12243,325,478,102,76,57,51,71,
K02014,860,8,3,4,93,0,2,
K00806,317,509,104,128,50,47,115,
K07277,1735,1752,299,487,191,231,317,
K06142,285,301,86,89,27,27,88,
K06142,1720,5646,1100,1276,276,207,1168,
K07107,119,41,17,11,18,9,16,
K00067,154,68,46,18,16,13,16,
K21900,126,10,2,3,14,2,6,
K01883,354,62,20,11,45,18,16,
K01495,114,144,37,25,15,14,33,
K00297,0,0,0,0,0,0,0,
K00548,256,379,47,114,33,10,80,
K00831,630,169,18,34,60,47,47,
K01302,268,181,18,27,33,9,26,
K01745,334,165,69,44,42,25,34,
K00059,302,287,59,52,32,18,42,
K02078,59,86,35,27,12,10,17,
K09516,437,80,25,16,41,11,13,
K19200,157,18,3,6,17,3,4,
K01444,220,134,35,40,26,13,43,
K06201,96,84,43,39,20,9,16,
K01192,133,84,11,14,17,4,12,
K11936,0,0,0,0,0,0,0,
K00912,243,119,24,38,18,38,22,
K03783,200,397,37,97,30,23,77,
K02346,305,68,9,24,36,9,4,
K24866,0,0,0,0,0,0,0,
K02014,424,22,0,8,30,0,1,
K00381,194,24,5,2,24,0,12,
K00380,376,114,4,32,27,7,24,
K02303,76,121,4,11,10,1,8,
K01738,143,278,4,26,8,0,17,
K00640,107,446,3,39,13,2,29,
K00956,259,638,7,56,25,1,82,
K00957,424,1376,28,130,38,3,196,
K00390,308,1065,8,101,28,8,110,
K18954,63,112,26,13,9,4,18,
K16842,9,0,0,0,0,0,0,
K03790,0,0,0,0,0,0,0,
K00285,1175,376,146,310,59,132,171,
K12658,141,61,7,26,3,14,28,
K13877,445,234,10,160,43,42,95,
K21062,343,115,18,74,24,45,61,
K01278,395,202,28,85,44,29,45,
K03652,12,1,0,0,1,0,0,
K03649,2,5,0,0,0,0,0,
K11741,0,0,0,0,0,0,0,
K11383,95,39,6,7,12,4,5,
K02014,114,73,17,12,13,1,11,
K03724,301,352,38,69,36,55,87,
K06953,0,0,0,0,0,0,0,
K01834,0,0,0,0,0,0,0,
K08307,319,515,43,183,48,34,143,
K03284,141,189,27,39,20,8,32,
K00648,0,0,0,0,0,0,0,
K00075,190,41,4,13,22,0,20,
K00981,17,29,10,8,3,3,7,
K11085,42,27,3,11,5,1,8,
K01613,0,0,0,0,0,0,0,
K07263,35,21,3,7,0,2,3,
K06133,184,112,13,33,19,5,16,
K02437,351,856,202,129,52,37,124,
K18831,280,1637,307,198,60,175,270,
K14060,290,1167,334,207,84,213,239,
K07497,312,222,100,47,41,64,38,
K07391,5,0,1,1,0,1,0,
K03668,0,0,0,0,0,0,0,
K03665,690,2372,354,508,157,133,401,
K03316,423,446,51,203,57,26,77,
K07300,383,1179,148,166,55,35,149,
K06886,39,22,15,3,3,8,2,
K08715,154,121,40,29,14,12,18,
K06940,10,5,0,4,0,1,1,
K00262,87,44,17,17,14,3,13,
K05937,0,0,0,0,0,0,0,
K00627,216,415,110,67,24,33,79,
K00161,472,668,41,255,66,83,161,
K02171,19,53,11,8,2,6,11,
K13236,226,198,1,65,19,5,38,
K01918,251,525,157,79,41,38,103,
K00891,0,3,0,1,1,0,0,
K04762,5,4,0,0,0,0,2,
K22083,65,67,5,15,7,4,15,
K00334,221,495,89,108,37,15,97,
K00335,700,974,120,315,77,58,182,
K00337,293,413,55,162,42,49,77,
K00338,103,115,15,93,18,16,41,
K00339,72,115,30,38,17,8,33,
K04564,0,0,0,0,0,0,0,
K03628,1576,4827,772,684,135,202,696,
K01077,77,2,0,4,4,2,2,
K00343,75,151,46,23,13,9,24,
K00341,394,555,82,185,37,26,140,
K00340,116,176,22,66,12,23,23,
K04750,74,119,27,29,8,4,15,
K07032,74,53,18,5,5,12,4,
K09003,194,81,22,10,19,9,20,
K11752,264,269,25,89,31,22,50,
K06973,172,640,38,165,31,33,130,
K02902,201,170,96,40,15,31,41,
K02913,122,84,60,33,10,43,21,
K09022,7,4,1,1,0,0,0,
K04773,37,61,5,18,1,0,6,
K03110,0,0,0,0,0,0,0,
K00950,56,183,43,26,16,25,35,
K03286,2438,3446,140,1184,291,370,794,
K00604,86,83,16,23,14,5,9,
K14652,142,121,43,24,20,18,15,
K15255,8,0,0,0,1,0,1,
K01726,35,59,12,20,6,1,20,
K22074,544,1502,96,283,61,92,228,
K01400,40,37,4,6,1,4,4,
K19784,0,0,0,0,0,0,0,
K01772,0,0,0,0,0,0,0,
K02014,394,581,108,116,59,49,134,
K01069,0,0,0,0,0,0,0,
K01194,389,8,4,17,71,0,4,
K08174,188,7,0,4,18,0,5,
K03585,108,330,0,94,9,0,42,
K01790,155,130,44,37,23,15,26,
K14441,468,209,70,48,45,50,52,
K01142,71,308,56,39,19,24,30,
K03642,0,0,0,0,0,0,0,
K03719,28,11,1,0,6,0,1,
K00549,722,209,106,57,65,188,35,
K03088,126,149,29,48,11,9,46,
K00451,50,52,1,9,8,2,10,
K02014,1015,9105,201,956,123,87,1741,
K01174,179,45,8,15,18,1,13,
K03543,1,0,0,0,0,0,0,
K07090,24,0,0,0,5,0,0,
K00286,94,41,3,7,12,4,4,
K00428,95,26,6,4,5,9,3,
K03593,398,957,80,165,41,31,224,
K01870,1355,731,109,206,111,146,138,
K12243,96,291,13,21,15,6,45,
K03417,304,247,7,156,49,24,67,
K01659,530,291,47,159,64,64,74,
K01720,556,277,16,230,47,36,67,
K00140,598,303,8,255,47,37,84,
K11538,261,156,16,138,35,16,52,
K00020,253,130,2,54,22,9,26,
K01715,229,115,5,74,8,16,20,
K18954,164,123,19,21,24,2,14,
K19572,160,35,5,4,12,3,6,
K21573,776,41,4,7,91,0,10,
K21572,150,15,1,1,19,0,7,
K01889,85,16,0,0,9,0,5,
K03790,178,12,8,2,22,1,1,
K18954,102,10,3,2,12,2,2,
K17836,172,12,3,2,19,1,4,
K02492,130,100,38,42,13,26,26,
K01749,618,549,79,150,76,81,99,
K01719,140,184,16,59,31,31,26,
K11717,16,23,3,12,4,3,3,
K01599,0,0,0,0,0,0,0,
K02897,228,446,74,89,16,27,89,
K08987,38,39,9,16,5,3,15,
K00626,536,952,194,179,69,83,153,
K06902,289,217,30,50,38,17,38,
K21488,29,1,0,0,3,1,0,
K00760,165,142,46,26,6,34,18,
K00939,63,51,17,12,6,4,11,
K03979,0,0,0,0,0,0,0,
K07300,296,112,27,45,29,13,22,
K25132,129,57,1,18,10,2,11,
K25133,171,36,1,21,25,3,10,
K10834,98,32,14,15,5,0,10,
K01956,890,105,32,37,70,99,17,
K00609,725,104,112,24,56,76,24,
K01755,241,97,94,28,31,25,15,
K03719,0,0,0,0,0,0,0,
K00930,164,35,11,20,20,2,2,
K13043,133,23,3,4,19,5,1,
K00145,115,53,34,2,9,12,8,
K01940,222,89,64,31,28,28,25,
K01908,446,255,19,84,56,23,40,
K01895,811,787,84,201,120,76,93,
K01139,917,2439,225,371,142,112,360,
K03313,11,19,3,8,0,1,0,
K07058,0,0,0,0,0,0,0,
K00783,1,1,0,1,1,0,0,
K03216,0,0,0,0,0,0,0,
K19302,313,261,56,59,43,30,43,
K03117,240,161,15,32,26,4,34,
K00675,0,0,0,0,0,0,0,
K08151,123,37,9,12,14,18,7,
K08968,0,0,1,0,0,0,0,
K06213,221,269,44,53,23,27,40,
K04066,0,0,0,0,0,0,0,
K01192,213,63,29,22,32,9,9,
K00382,1451,1359,687,359,128,272,282,
K01890,265,697,69,87,46,37,98,
K03668,0,0,0,0,0,0,0,
K02834,190,390,102,96,27,26,82,
K03531,852,2871,466,459,131,172,486,
K09117,0,0,0,0,0,0,0,
K03590,1120,1371,168,312,179,169,271,
K03589,1092,828,71,181,161,90,134,
K01924,252,244,48,65,31,36,26,
K02563,353,341,59,45,46,27,37,
K01925,593,519,56,90,99,30,88,
K01000,422,540,114,90,46,96,81,
K01928,329,260,21,38,45,23,51,
K03438,312,305,87,41,50,52,30,
K03925,490,448,220,94,63,61,71,
K03978,187,469,122,106,44,27,66,
K02348,139,222,73,57,21,21,32,
K07504,147,25,6,2,12,10,5,
K07304,0,0,0,0,0,0,0,
K25026,267,294,48,53,35,25,45,
K02014,327,117,7,21,18,7,28,
K02014,172,2,1,4,11,0,4,
K02014,467,110,16,17,51,8,24,
K20483,160,192,12,53,17,3,41,
K20484,126,68,0,25,15,0,7,
K01744,287,115,10,52,35,21,25,
K11066,552,827,94,135,91,64,142,
K18954,0,5,0,4,0,1,1,
K01251,182,60,26,19,21,18,16,
K07226,205,652,95,90,20,32,86,
K07300,58,8,3,2,4,1,3,
K03704,54,11,0,2,5,0,0,
K00558,174,154,70,58,40,44,29,
K14060,94,129,56,26,32,19,19,
K00558,406,397,104,93,57,64,85,
K11904,2394,2707,476,596,278,341,537,
K03650,116,221,48,34,13,36,36,
K03719,77,246,37,53,9,31,38,
K07096,211,84,18,9,37,6,14,
K18954,119,35,13,3,13,2,8,
K03585,114,6,6,2,12,7,0,
K15725,134,4,1,2,19,0,0,
K00243,0,0,0,0,0,0,0,
K06193,121,138,18,35,16,32,18,
K03500,419,91,36,28,35,15,20,
K01113,417,6,2,5,61,5,2,
K18954,309,370,43,46,51,31,51,
K21430,81,29,3,9,8,1,12,
K03702,924,688,86,136,115,78,124,
K17686,3333,53402,214,10808,183,413,10981,
K22278,479,290,95,150,67,60,83,
K06997,98,119,24,32,10,11,31,
K03327,282,326,66,109,52,57,54,
K15977,13,9,0,2,4,1,4,
K03595,190,383,48,75,9,33,65,
K01265,180,159,38,41,26,13,31,
K03921,6,3,1,1,0,0,3,
K15633,582,1638,208,241,86,56,291,
K07093,134,26,9,1,8,1,12,
K03113,0,0,0,0,0,0,0,
K00428,446,5,1,1,36,0,2,
K23775,107,34,11,7,6,5,5,
K01246,88,51,19,6,19,6,5,
K01201,20,45,2,13,5,2,10,
K03070,4,68,2,16,0,2,9,
K03593,502,1300,24,256,55,62,235,
K19168,66,222,27,47,7,11,35,
K01372,11,26,5,17,1,0,5,
K03088,78,288,2,59,8,1,60,
K03319,206,519,4,148,15,23,92,
K03550,137,41,4,11,15,5,14,
K11904,1015,348,237,121,122,117,110,
K08972,0,0,0,0,0,0,0,
K01303,584,125,12,70,71,23,55,
K22580,580,200,4,39,89,17,34,
K07568,622,192,165,91,51,119,44,
K06941,383,202,126,62,34,35,35,
K15537,420,374,55,72,43,38,81,
K02523,284,381,121,66,35,26,49,
K11381,1333,2236,399,609,101,188,459,
K07453,94,66,25,11,12,10,15,
K00330,185,356,38,70,14,25,59,
K01607,186,18,5,3,11,0,2,
K18954,235,65,16,19,25,11,18,
K02548,257,317,66,76,24,16,77,
K03218,278,285,70,82,41,31,44,
K03924,288,323,35,130,17,19,66,
K00657,108,66,13,39,10,5,14,
K07114,126,103,11,66,12,12,21,
K07114,200,75,13,50,17,7,24,
K05595,36,67,9,21,3,6,12,
K03088,168,5,1,2,16,0,4,
K19222,28,4,0,1,2,0,0,
K03973,159,1148,44,303,23,26,220,
K10947,110,1659,19,458,10,2,279,
K10806,0,0,0,0,0,0,0,
K07456,199,426,33,78,36,17,55,
K16568,234,102,32,29,24,19,22,
K03648,5,2,1,1,0,0,2,
K09793,358,448,56,105,64,39,90,
K16053,375,143,59,66,23,52,47,
K03474,346,216,76,40,28,32,27,
K01175,250,145,41,40,18,54,34,
K08225,98,5,3,2,5,0,0,
K03723,870,481,76,189,116,75,120,
K11904,1247,4356,92,785,187,90,827,
K01056,0,0,0,0,0,0,0,
K01673,0,0,0,0,0,0,0,
K01673,456,788,89,199,47,90,196,
K00640,0,0,0,0,0,0,0,
K00648,237,221,57,71,34,17,33,
K16568,135,93,31,17,17,33,25,
K19294,479,312,119,95,59,52,50,
K01953,264,75,16,16,25,6,16,
K16870,340,97,10,30,47,13,23,
K16568,178,37,6,14,11,5,7,
K16870,256,124,36,43,40,11,12,
K13018,92,74,8,25,14,7,22,
K09691,356,440,112,106,41,51,53,
K09690,322,310,51,71,44,23,58,
K00973,335,283,72,73,30,17,44,
K01710,56,13,1,7,9,3,4,
K00012,403,144,53,67,48,39,31,
K09748,109,213,47,85,10,10,69,
K02600,608,898,109,350,76,133,259,
K02519,1342,2554,177,1031,173,153,730,
K21573,3999,5788,2471,1216,928,1166,1206,
K21572,1868,3140,1546,698,466,765,593,
K22136,294,68,61,29,22,25,18,
K00645,769,790,151,182,74,106,141,
K01610,2648,1408,618,315,215,445,332,
K03786,55,48,11,9,11,5,11,
K09861,136,123,23,81,13,43,25,
K07052,339,591,135,207,26,38,91,
K07566,377,730,36,161,37,97,134,
K09990,118,9,3,3,13,0,3,
K02171,83,268,33,51,8,15,39,
K02172,344,1024,204,225,93,92,193,
K00616,48,68,1,7,1,3,10,
K00661,0,0,0,0,0,0,0,
K05995,125,91,18,31,9,9,15,
K07259,204,228,24,51,29,15,27,
K03118,122,133,38,33,17,22,19,
K06041,103,103,4,31,8,7,20,
K03654,1952,5379,390,1085,309,275,972,
K08218,287,16,2,8,28,2,8,
K18785,151,14,0,1,22,0,0,
K09704,424,332,33,64,63,23,54,
K08364,92,52,7,36,10,11,10,
K01354,289,104,21,33,28,15,30,
K01719,243,342,55,59,30,36,60,
K00721,197,188,33,40,29,25,37,
K00773,370,265,64,63,49,21,33,
K11720,94,22,7,6,9,1,2,
K09710,331,3139,236,667,44,75,545,
K18962,136,304,38,100,17,8,39,
K00784,98,77,10,48,9,2,14,
K15255,278,53,16,14,21,8,9,
K18954,282,24,4,10,22,3,6,
K11089,220,382,20,39,23,17,41,
K03321,353,56,2,13,19,5,16,
K05795,209,1156,103,302,62,69,230,
K05791,299,810,133,244,59,29,126,
K05794,116,205,19,64,4,3,47,
K01892,86,87,4,23,7,2,12,
K03111,751,1996,271,385,53,75,576,
K18954,48,17,8,4,3,2,0,
K03811,96,9,12,5,11,4,1,
K07168,143,135,12,19,14,14,22,
K07071,177,109,19,25,22,15,24,
K12945,51,31,6,4,8,6,2,
K07126,84,19,10,8,6,5,11,
K03296,17,25,0,18,1,1,6,
K02005,265,268,15,184,28,20,87,
K12340,360,307,17,181,23,27,71,
K00243,50,12,1,4,3,5,7,
K03781,1624,4986,95,927,232,174,957,
K01715,2113,11331,926,1744,455,217,1908,
K01493,727,3676,223,710,139,68,686,
K04763,421,1927,38,389,66,30,335,
K03426,0,0,0,0,0,0,0,
K02014,311,164,44,30,44,22,20,
K01682,2471,3602,320,864,261,327,676,
K02477,0,0,0,0,0,0,0,
K03150,152,2,0,1,14,0,0,
K03149,159,3,2,0,10,1,7,
K00788,11,0,0,0,1,0,1,
K03147,85,2,0,0,13,0,2,
K03154,0,0,0,0,0,0,0,
K18954,14,0,0,3,0,0,0,
K20968,0,0,0,0,0,0,0,
K21573,267,23,3,7,19,6,9,
K21572,0,0,0,0,0,0,0,
K03629,16,4,3,2,2,2,4,
K06894,2993,5673,597,1255,435,511,1218,
K08276,0,0,0,0,0,0,0,
K04750,0,0,0,0,0,0,0,
K08994,238,602,49,143,35,18,109,
K24163,513,702,49,160,46,29,151,
K22757,551,889,221,220,95,75,195,
K15519,191,147,82,43,28,32,35,
K00537,0,0,0,0,0,0,0,
K09158,0,0,0,0,0,0,0,
K02014,23,10,1,0,2,0,1,
K00941,0,0,0,0,0,0,0,
K03707,0,0,0,0,0,0,0,
K03657,838,1005,62,180,138,61,143,
K07263,204,174,2,58,23,6,47,
K07263,278,174,4,51,27,3,41,
K03075,239,234,9,62,27,32,48,
K16870,26,22,9,6,4,1,3,
K06187,202,138,44,25,21,18,18,
K01270,928,1446,272,306,142,135,263,
K22522,101,89,12,25,10,6,28,
K01322,577,397,78,71,69,39,93,
K01889,20,25,6,11,4,8,7,
K01779,0,0,0,0,0,0,0,
K01929,171,64,49,18,16,20,19,
K09001,98,80,42,15,14,7,23,
K12340,207,25,9,69,17,24,12,
K03543,305,66,0,83,28,37,22,
K03446,457,43,7,125,44,20,24,
K05908,58,108,18,28,8,14,17,
K01246,13,6,2,2,2,1,0,
K03969,192,2489,97,386,60,24,321,
K02014,249,2,0,0,26,1,2,
K02483,230,227,8,47,34,19,42,
K03572,499,451,98,105,78,51,97,
K03559,757,1179,188,292,94,204,272,
K03832,1146,1815,50,554,130,250,512,
K02040,283,472,115,110,41,32,65,
K01463,347,948,89,187,57,34,206,
K18889,562,4072,668,625,126,157,638,
K03625,351,403,151,113,29,81,76,
K03210,163,129,99,34,15,23,24,
K16652,120,28,13,7,21,9,4,
K03442,98,74,16,21,11,7,8,
K01939,645,57,146,10,52,197,10,
K01876,84,15,5,2,13,5,0,
K07727,0,0,0,0,0,0,0,
K03327,242,68,11,30,30,9,20,
K00748,218,219,56,58,20,24,36,
K15538,212,58,22,18,28,7,5,
K02238,282,68,40,12,47,18,17,
K00241,569,372,128,69,63,86,69,
K00239,2611,1643,666,365,316,362,326,
K00240,713,861,179,183,106,149,196,
K03215,444,432,60,146,54,57,117,
K00859,0,0,0,0,0,0,0,
K07734,124,388,29,70,17,25,59,
K03551,270,510,83,83,48,39,81,
K01468,320,491,106,106,66,48,75,
K02168,620,540,51,196,79,52,103,
K01479,581,833,143,185,111,65,146,
K00873,33,42,7,11,6,5,10,
K03685,0,0,0,0,0,0,0,
K09458,417,558,99,136,62,79,90,
K02078,1503,2527,547,372,216,258,420,
K00638,149,50,23,24,20,7,17,
K20968,53,162,31,30,6,9,41,
K11904,1244,2156,270,421,195,131,446,
K14060,290,1917,284,179,71,238,243,
K01465,24,17,9,3,3,5,5,
K22719,863,999,222,338,112,130,252,
K03116,169,212,64,54,9,58,40,
K01207,392,555,95,96,53,34,98,
K00754,216,430,94,93,26,36,76,
K09797,46,84,20,9,4,5,12,
K02217,0,0,0,0,0,0,0,
K00705,1870,16929,1308,2353,511,623,3158,
K06006,0,0,0,0,0,0,0,
K02429,273,217,45,31,23,20,35,
K02956,0,0,0,0,0,0,0,
K00962,78,108,27,33,8,6,23,
K07727,0,0,0,0,0,0,0,
K07074,83,52,3,17,11,2,9,
K07074,275,58,10,27,35,4,17,
K00768,189,17,7,4,13,3,6,
K02233,0,0,0,0,0,0,0,
K18954,190,13,1,2,18,0,3,
K00355,0,0,0,0,0,0,0,
K01262,164,40,10,9,12,9,6,
K18954,0,0,0,0,0,0,0,
K08717,171,7,2,4,21,1,5,
K03190,292,7,0,3,46,0,0,
K03189,168,16,2,0,9,0,3,
K03188,124,7,0,1,25,0,2,
K03187,11,0,0,1,2,0,0,
K01428,170,5,0,0,15,0,4,
K01429,180,0,0,0,26,0,1,
K01430,27,2,0,0,0,0,0,
K11942,1,3,0,0,1,0,1,
K02871,1685,929,293,209,97,257,193,
K02996,1552,887,102,198,118,182,221,
K02967,1929,1161,263,256,177,338,274,
K03439,0,3,0,1,0,0,0,
K02357,126,18,39,12,7,7,2,
K01962,8,11,3,6,3,3,0,
K09698,520,898,63,253,69,60,196,
K21001,231,117,38,17,27,32,14,
K00819,0,0,0,0,0,0,0,
K09973,127,33,3,5,20,6,7,
K03088,114,6,0,2,11,1,1,
K01810,589,348,166,84,76,76,47,
K01491,343,264,23,54,32,21,41,
K10026,184,120,7,32,25,10,10,
K02066,273,240,66,59,41,25,42,
K23010,237,2068,13,247,36,31,328,
K07588,663,698,81,98,87,103,126,
K01417,289,218,33,33,45,25,45,
K02839,55,60,6,31,8,2,15,
K14415,254,61,0,39,27,0,9,
K01847,157,17,1,10,18,2,6,
K03466,455,1519,222,394,60,74,374,
K03918,863,3127,371,511,176,121,546,
K03585,873,781,134,308,124,135,147,
K03296,1574,1562,110,603,194,176,290,
K02014,84,61,4,9,9,1,7,
K02346,205,34,2,18,19,0,12,
K03781,1188,257,21,101,100,41,59,
K10979,421,387,50,103,39,67,128,
K01971,348,247,16,61,12,28,73,
K01971,590,210,23,72,49,35,58,
K03885,526,70,26,27,59,22,18,
K08995,186,116,52,5,28,20,27,
K18954,128,152,32,20,10,18,30,
K06889,106,17,6,3,11,4,3,
K00661,50,37,13,10,12,0,9,
K21573,767,194,14,78,84,15,31,
K21572,240,129,8,24,19,7,26,
K15726,807,529,14,168,132,9,109,
K15727,300,228,3,74,28,3,52,
K08994,276,413,86,80,48,33,68,
K16264,202,204,51,50,25,8,41,
K01534,415,334,34,129,62,40,50,
K07152,213,99,11,28,13,12,14,
K04564,203,154,53,42,23,36,37,
K00428,152,7,3,2,20,0,2,
K13292,8,0,0,0,2,0,0,
K22736,250,28,14,25,38,30,11,
K11904,1589,3042,172,578,226,198,507,
K03791,707,671,36,154,108,54,107,
K03205,263,4,0,3,23,0,3,
K02014,181,238,4,58,20,6,53,
K07229,0,0,0,0,0,0,0,
K03543,124,35,0,548,6,0,69,
K18954,205,69,24,757,14,6,221,
K07056,115,53,8,21,16,6,13,
K02313,111,102,46,17,21,13,18,
K25307,0,0,0,0,0,0,0,
K07107,177,46,7,15,11,3,8,
K04518,140,149,8,37,17,19,21,
K07478,2,1,0,0,1,0,2,
K23997,51,11,3,7,5,1,7,
K13292,0,0,0,0,0,0,0,
K00058,108,133,21,51,21,10,19,
K03282,0,0,0,0,0,0,0,
K01823,169,130,30,30,17,10,27,
K00605,606,292,106,72,58,90,47,
K01302,319,76,8,14,38,6,10,
K01302,234,82,11,29,33,14,10,
K03767,483,1893,223,516,73,156,483,
K00826,118,158,30,28,21,18,22,
K01783,65,92,25,29,3,7,20,
K09930,149,123,22,37,17,21,37,
K01206,235,121,26,14,26,3,14,
K00940,10,0,1,0,0,0,1,
K06949,238,152,84,24,15,24,25,
K04516,208,238,52,61,24,33,45,
K02343,112,132,68,66,18,23,31,
K08224,345,120,17,31,33,15,13,
K15977,40,12,5,6,1,0,4,
K06998,0,0,0,0,0,0,0,
K18954,1,1,1,0,0,0,0,
K03639,250,231,31,30,29,30,34,
K03750,284,154,34,28,15,14,23,
K03637,100,74,11,16,9,8,12,
K03752,131,75,9,15,11,14,20,
K08994,0,0,0,0,0,0,0,
K02379,200,311,23,48,26,17,82,
K03635,229,551,3,60,26,28,94,
K07090,67,32,9,9,6,0,14,
K03636,0,0,0,0,0,0,0,
K07223,217,673,78,110,28,13,114,
K08978,0,0,0,0,0,0,0,
K00027,0,0,0,0,0,0,0,
K09794,426,1068,287,135,51,89,150,
K02429,369,243,51,90,60,24,58,
K20483,105,48,4,11,19,4,2,
K20483,0,0,0,0,0,0,0,
K03544,7856,17152,2168,3191,1138,1303,3010,
K02503,77,55,2,17,6,1,12,
K03624,201,558,79,144,29,25,104,
K18954,0,2,0,0,0,0,0,
K01302,517,571,24,171,85,67,139,
K06959,196,70,20,14,21,11,20,
K00588,116,102,13,22,10,7,21,
K06207,942,220,177,79,59,114,55,
K02217,3257,1374,364,316,374,400,341,
K06942,515,225,81,82,44,76,49,
K18954,143,202,39,62,20,11,42,
K03718,0,0,0,0,0,0,0,
K25706,298,335,36,102,24,25,70,
K09761,0,0,0,0,0,0,0,
K00556,5,0,0,0,1,0,0,
K01424,122,100,24,27,17,10,17,
K02014,73,1,0,0,5,4,0,
K13049,200,646,54,123,39,27,91,
K01265,128,45,1,14,21,10,7,
K06889,0,0,0,0,0,0,0,
K11904,425,496,27,109,50,43,129,
K22479,26,39,4,8,5,1,7,
K18954,208,219,25,23,25,18,33,
K07148,339,3,0,1,36,1,2,
K11928,165,107,16,27,14,8,19,
K13075,0,0,0,0,0,0,0,
K02160,379,395,36,131,38,50,106,
K07040,53,86,2,22,11,10,22,
K02911,0,0,0,0,0,0,0,
K00793,249,410,56,89,36,7,87,
K13598,225,354,39,98,13,31,50,
K15460,0,0,0,0,0,0,0,
K09812,16,11,0,8,0,0,4,
K06881,272,61,17,15,30,11,17,
K07001,0,0,0,0,0,0,0,
K03559,0,0,0,0,0,0,0,
K06871,349,322,22,65,37,28,55,
K04075,311,547,93,138,47,48,113,
K01284,673,1109,86,262,91,71,183,
K09858,42,7,6,2,4,1,0,
K03775,26,40,8,3,3,1,10,
K03547,195,95,8,19,15,5,15,
K03546,246,147,34,34,25,27,29,
K18574,229,70,33,12,23,23,19,
K15777,0,0,0,0,0,0,0,
K01745,205,373,15,59,29,21,71,
K03829,0,0,0,0,0,0,0,
K03703,573,883,282,137,84,138,102,
K01969,483,496,47,126,71,42,70,
K09760,79,33,14,7,15,5,6,
K02483,165,265,59,29,30,22,41,
K15725,155,20,1,2,18,3,3,
K15727,98,9,2,5,18,4,3,
K15726,433,64,4,15,65,3,10,
K09780,0,0,0,0,0,0,0,
K00763,1002,3582,92,645,175,80,647,
K04047,259,1158,143,124,29,47,153,
K02950,794,401,45,96,52,60,95,
K02992,1226,380,78,106,58,168,109,
K02355,9515,3174,611,806,530,1208,677,
K02946,1034,411,127,66,56,99,72,
K16089,616,96,58,30,55,27,23,
K01873,817,992,130,165,140,97,182,
K07461,66,103,21,34,13,38,19,
K00852,604,810,60,210,96,46,168,
K06950,271,379,173,46,44,40,45,
K00525,230,215,48,106,45,33,60,
K02003,93,126,1,41,11,11,20,
K02004,328,305,16,171,43,11,64,
K02004,262,255,15,93,24,11,57,
K02005,312,308,11,118,46,12,80,
K22124,249,195,45,19,30,31,69,
K03892,64,91,43,16,7,8,14,
K03741,124,43,0,11,27,1,4,
K00600,1161,943,213,231,126,131,176,
K03565,30,17,7,6,3,2,1,
K07107,0,0,0,0,0,0,0,
K01990,135,12,10,3,9,6,0,
K07263,650,659,96,165,80,34,123,
K07003,229,223,48,66,35,32,52,
K16568,333,86,9,36,44,9,27,
K22580,286,27,2,6,22,5,5,
K03286,176,103,35,36,17,10,24,
K03307,189,15,3,6,26,3,1,
K06889,236,288,42,53,40,26,52,
K07705,118,44,18,13,15,10,11,
K00355,68,52,11,5,6,0,9,
K08726,82,5,0,1,5,0,1,
K06949,205,48,7,11,16,1,8,
K03824,4,2,0,0,0,0,0,
K03322,595,417,17,124,75,30,104,
K03687,306,3632,55,1192,24,32,760,
K03686,550,3386,44,2029,58,99,1235,
K09781,20,0,0,1,0,0,0,
K03975,0,0,0,0,0,0,0,
K02836,265,485,40,66,36,35,99,
K01990,48,41,1,22,2,0,13,
K12267,21,44,10,5,4,3,9,
K21741,359,881,92,147,39,20,207,
K03088,47,51,5,22,4,14,12,
K01872,700,296,99,82,61,91,81,
K00428,185,3,2,0,18,1,2,
K19701,49,38,6,14,7,4,10,
K01754,259,114,94,120,18,237,21,
K00053,263,105,19,203,43,45,37,
K01652,350,138,4,128,29,33,46,
K01653,0,0,0,0,0,0,0,
K01687,732,410,14,257,91,66,114,
K00826,315,153,19,78,34,32,25,
K00796,161,25,9,29,12,12,9,
K01354,668,585,158,196,72,78,171,
K01803,292,549,39,122,38,46,96,
K02316,1220,11696,274,2037,137,194,1804,
K01358,0,0,0,0,0,0,0,
K06925,76,46,10,8,2,6,9,
K00259,391,523,29,121,36,23,116,
K03455,421,41,6,16,42,8,17,
K20483,90,1125,46,175,18,28,118,
K01417,0,0,0,0,0,0,0,
K02945,519,797,70,279,48,38,166,
K01053,15,14,2,6,2,1,5,
K02574,0,0,0,0,0,0,0,
K18954,0,0,0,0,0,0,0,
K06182,298,786,23,203,44,15,146,
K03177,194,58,14,30,34,2,10,
K06153,98,45,8,18,10,6,14,
K09811,87,36,0,12,8,3,2,
K02528,0,0,0,0,0,0,0,
K00318,470,311,156,114,49,66,88,
K03701,646,174,68,79,49,52,58,
K02469,876,1211,259,472,103,163,343,
K01661,210,160,46,55,29,24,32,
K02867,1601,509,74,95,124,154,81,
K02863,2772,800,194,150,149,386,161,
K02864,2099,634,235,108,131,335,125,
K02935,1125,330,174,65,61,147,43,
K03043,5209,8821,337,2131,527,947,1918,
K03046,3877,8246,381,2111,427,658,1666,
K06867,55,3,1,1,3,2,3,
K01489,105,140,57,22,13,19,22,
K00864,136,280,1,88,16,2,56,
K02440,0,0,0,0,0,0,0,
K00111,374,1302,6,416,47,8,236,
K02081,167,330,54,75,33,4,46,
K02906,1355,672,172,200,102,157,173,
K02926,1415,672,250,193,100,477,156,
K02892,540,227,92,50,39,174,56,
K02886,2785,1427,430,282,220,401,281,
K02965,490,323,88,107,46,50,59,
K02890,704,500,116,129,52,210,116,
K02982,1758,1082,170,300,105,313,275,
K02878,849,694,127,165,64,145,184,
K02961,435,309,114,61,38,98,77,
K02874,836,604,224,175,66,203,141,
K02895,784,469,164,137,36,193,121,
K02931,1845,1318,567,258,156,308,248,
K02954,894,656,291,138,72,181,105,
K02994,874,828,249,230,60,158,132,
K02933,1084,855,290,264,82,129,164,
K02881,673,455,167,143,45,101,111,
K02988,1139,810,238,240,107,144,153,
K02907,175,127,30,27,8,25,31,
K02876,778,671,214,191,64,173,134,
K03076,2147,1313,321,402,157,233,301,
K02518,190,240,39,87,14,42,75,
K02952,1652,1374,575,367,139,210,351,
K02948,1072,1124,435,279,97,186,204,
K02986,1955,1835,665,399,162,418,393,
K03040,457,458,169,102,37,71,81,
K06998,163,149,14,30,29,12,29,
K00036,108,88,3,31,6,7,9,
K01057,0,0,0,0,0,0,0,
K00033,394,269,38,94,35,58,63,
K24163,467,673,37,168,73,32,135,
K13985,113,208,13,49,8,8,23,
K03424,41,18,2,8,4,2,3,
K03784,8,9,7,3,2,1,3,
K03924,410,291,52,69,62,22,54,
K09776,98,162,39,66,6,2,13,
K22580,446,39,7,18,49,0,9,
K01826,62,62,15,8,9,2,12,
K17837,234,127,26,26,34,7,14,
K03761,279,198,10,44,29,4,35,
K03088,86,16,0,9,5,1,7,
K18890,5,7,4,4,1,2,0,
K07459,140,60,29,12,8,7,13,
K00215,88,34,1,5,11,7,6,
K08995,0,0,0,0,0,0,0,
K03814,127,74,23,19,19,6,12,
K07396,17,25,5,5,0,0,1,
K06893,14,5,2,0,6,0,5,
K02495,179,222,42,56,21,27,42,
K03294,162,22,7,7,10,3,16,
K03811,134,100,11,20,11,4,14,
K01778,164,151,63,25,16,18,36,
K07082,334,2187,126,519,75,53,423,
K00980,0,0,0,0,0,0,0,
K00598,53,93,16,25,6,15,12,
K01784,260,551,68,119,33,26,99,
K13017,270,503,86,114,35,59,87,
K01595,628,1382,166,222,79,117,241,
K01462,62,13,3,5,2,6,2,
K00382,9,20,1,11,1,0,0,
K06880,167,22,6,6,19,2,4,
K11749,210,125,6,44,19,3,26,
K01069,247,299,13,88,15,14,58,
K03671,0,0,0,0,0,0,0,
K03972,0,0,0,0,0,0,0,
K06915,568,643,201,132,109,58,118,
K02342,1022,2243,474,473,169,162,390,
K01586,380,619,159,133,71,66,78,
K00156,940,1503,51,368,156,92,226,
K06168,663,677,115,179,85,39,143,
K03040,1770,1733,635,466,155,409,375,
K02879,1225,1266,397,303,84,190,242,
K01689,1418,2064,634,378,182,210,368,
K01647,1609,5574,471,957,212,322,895,
K08989,15,6,5,0,3,3,1,
K00797,386,15,5,4,36,6,2,
K07462,151,125,31,36,28,17,23,
K00969,0,0,0,0,0,0,0,
K07387,0,0,0,0,0,0,0,
K03664,232,1009,102,234,63,43,234,
K03286,25055,32489,4012,4312,3024,3404,4937,
K18189,245,305,102,80,15,22,69,
K03269,111,157,12,38,16,15,27,
K06975,0,0,0,0,0,0,0,
K06384,385,591,182,143,82,98,98,
K03924,103,125,12,29,13,11,17,
K07397,0,0,0,0,0,0,0,
K00641,162,22,40,8,13,11,9,
K10764,391,231,49,63,47,69,56,
K00548,488,241,48,76,65,52,40,
K00508,447,1194,51,149,68,75,191,
K00764,289,1145,112,195,28,48,261,
K01735,12,13,2,2,4,0,0,
K06178,529,999,245,179,76,93,204,
K08281,18,136,4,32,1,2,24,
K03809,3,0,0,0,0,0,0,
K00375,21,1,2,1,2,2,1,
K01714,97,4,1,2,7,0,0,
K00088,7,10,2,5,2,1,5,
K03088,295,465,72,93,76,92,74,
K02909,136,140,53,38,15,36,40,
K00800,304,216,11,66,32,13,45,
K01077,32,3,0,3,1,0,1,
K01771,0,0,0,0,0,0,0,
K21572,32,2,0,0,2,0,0,
K21573,273,9,0,0,26,0,1,
K10027,1422,2782,178,639,168,213,554,
K02291,1223,1893,121,485,137,114,360,
K15746,268,532,20,112,29,36,110,
K03098,311,527,26,126,25,53,113,
K00575,145,56,9,20,10,4,10,
K03701,139,846,12,131,35,15,88,
K07404,36,5,1,3,3,0,0,
K03781,177,46,7,9,18,6,7,
K06867,0,0,0,0,0,0,0,
K03584,27,23,5,4,2,6,2,
K09164,129,139,30,23,17,11,23,
K03333,138,69,8,34,15,10,8,
K05593,0,0,0,0,0,0,0,
K00116,245,169,50,38,31,36,34,
K00057,3,0,0,0,0,0,0,
K07118,151,512,6,135,22,11,58,
K03772,109,165,29,42,7,13,26,
K09958,1,1,1,0,0,0,3,
K05794,76,146,6,13,5,1,15,
K00937,287,629,92,241,36,30,114,
K01524,0,0,0,0,0,0,0,
K04043,9891,87355,3020,20097,946,1468,15448,
K06880,240,64,10,30,27,9,15,
K09954,0,0,0,0,0,0,0,
K02551,11,6,3,1,2,1,2,
K01992,288,63,2,27,53,4,7,
K08679,330,702,73,144,58,45,112,
K03791,0,0,0,0,0,0,0,
K11991,32,40,5,9,6,5,6,
K03790,0,0,0,0,0,0,0,
K03525,0,0,0,0,0,0,0,
K01915,2667,1065,708,113,327,622,153,
K13694,123,385,63,112,15,38,67,
K18555,0,0,0,0,0,0,0,
K05515,379,191,31,52,47,21,22,
K03570,38,7,2,2,1,1,4,
K03569,334,169,35,48,28,27,32,
K02492,264,237,61,63,39,32,42,
K03977,261,272,97,55,32,26,26,
K03782,56,91,2,20,7,9,24,
K01176,118,152,25,29,24,24,13,
K00790,495,766,36,165,59,60,134,
K11939,24,5,5,2,0,6,2,
K07507,89,0,0,1,5,1,0,
K15727,359,0,0,0,26,0,0,
K11354,906,3203,491,596,161,167,520,
K00024,51,111,27,21,2,5,18,
K09957,71,43,11,15,5,8,7,
K02014,385,128,60,31,35,59,29,
K00970,10,5,1,2,1,1,3,
K07566,111,152,9,26,9,13,25,
K07491,47,49,6,23,2,9,20,
K01758,0,0,0,0,0,0,0,
K01992,673,670,190,170,67,86,134,
K03790,91,101,37,36,18,8,15,
K03790,242,65,37,33,19,11,27,
K01167,148,222,58,49,16,30,37,
K06974,166,295,63,47,22,35,58,
K03623,51,156,41,37,9,7,29,
K01489,56,7,1,0,7,3,4,
K11904,443,69,9,12,45,11,25,
K03744,0,0,0,0,0,0,0,
K16568,159,84,25,11,10,13,19,
K06894,27,5,1,1,1,0,1,
K13730,0,0,0,0,0,0,0,
K06909,45,36,10,0,6,8,6,
K00558,83,19,5,2,6,1,2,
K07455,107,10,2,2,13,0,0,
K03269,204,376,62,103,24,28,77,
K06188,114,198,7,48,17,21,39,
K06158,404,164,98,41,49,47,34,
K02014,344,53,11,22,24,4,22,
K03545,857,398,223,131,61,124,94,
K07577,140,151,11,51,11,11,31,
K11477,53,0,0,2,4,0,1,
K20968,24,13,2,2,4,1,1,
K22419,31,12,2,1,5,8,0,
K19271,83,25,15,11,6,5,5,
K03724,202,133,6,35,33,4,21,
K08224,214,31,5,14,29,3,12,
K01698,209,293,22,38,12,27,36,
K06861,331,332,74,68,36,26,54,
K05916,98,27,8,1,11,1,1,
K13771,0,0,0,0,0,0,0,
K02014,734,1033,80,223,128,39,170,
K00798,232,515,61,86,44,20,64,
K00949,127,150,68,50,28,8,24,
K01104,252,415,94,76,50,65,71,
K01838,3,3,1,0,1,1,0,
K01480,381,248,91,42,42,46,69,
K10778,227,120,49,21,21,25,8,
K00275,267,163,13,33,26,13,29,
K02014,539,8,0,7,66,2,0,
K01992,200,6,2,1,23,3,2,
K01066,48,25,2,4,6,3,3,
K18954,295,209,10,47,52,20,57,
K10536,23,1,0,3,2,1,0,
K02014,648,26,0,2,60,2,6,
K04487,660,3220,372,459,95,92,565,
K03671,0,0,0,0,0,0,0,
K18697,506,1127,109,219,81,78,217,
K17733,335,356,10,78,43,30,56,
K03502,443,429,33,83,42,54,81,
K01880,186,115,76,35,31,30,16,
K06175,134,20,11,3,15,4,1,
K00254,49,47,0,13,5,3,10,
K07305,201,197,58,53,29,20,35,
K07552,341,21,6,6,54,3,2,
K02477,0,0,0,0,0,0,0,
K01258,378,794,82,134,55,70,158,
K01640,640,2300,283,375,78,84,330,
K01011,169,295,22,63,28,15,34,
K07501,212,1171,55,180,36,19,191,
K06878,100,244,6,59,15,6,57,
K03585,182,238,0,104,28,3,85,
K21573,264,44,9,25,27,3,6,
K21572,0,0,0,0,0,0,0,
K01066,121,5,0,0,8,0,1,
K09808,238,150,54,39,34,22,34,
K01697,206,192,54,34,21,24,29,
K03719,128,70,20,16,10,18,22,
K03709,6,9,2,4,0,1,1,
K01620,140,112,62,33,18,16,25,
K01066,210,10,0,1,21,0,1,
K01243,140,153,71,22,18,22,23,
K22441,158,170,70,38,12,16,33,
K03930,399,516,89,89,56,31,105,
K02014,264,32,1,11,15,0,4,
K01935,72,1,3,1,6,2,0,
K01012,211,1,5,1,23,3,3,
K00833,150,1,1,1,8,4,1,
K03449,28,19,2,8,2,0,1,
K11249,9,2,0,0,1,0,0,
K15726,728,252,8,167,49,20,89,
K15727,0,0,0,0,0,0,0,
K07032,85,36,5,11,7,8,11,
K11065,113,86,20,21,21,11,29,
K05275,272,173,9,37,20,17,21,
K18954,345,685,59,97,25,51,99,
K13985,198,126,75,36,32,27,36,
K06975,0,0,0,0,0,0,0,
K03088,110,103,19,9,20,8,8,
K00131,119,322,34,60,24,15,45,
K03088,0,0,0,0,0,0,0,
K11065,42,55,0,8,8,3,11,
K02108,467,126,40,16,27,55,18,
K02110,559,113,133,56,41,65,37,
K02109,778,156,159,43,39,101,38,
K02113,688,119,127,31,44,100,36,
K02111,2735,632,345,203,126,323,154,
K02115,1013,270,197,64,60,148,52,
K03699,241,322,33,95,16,12,55,
K06891,19,35,4,22,5,1,8,
K00876,220,598,164,85,35,39,112,
K03521,1619,2497,567,387,146,250,364,
K03522,1553,2899,653,478,142,286,432,
K08999,131,85,19,28,10,14,12,
K11537,323,120,18,47,33,17,25,
K08325,1238,3785,113,552,142,173,581,
K03688,494,358,60,95,51,42,68,
K01951,74,229,30,40,12,7,31,
K01945,441,415,110,98,49,43,78,
K00602,984,1879,340,322,147,135,349,
K11175,375,381,153,57,32,69,46,
K01933,166,97,52,15,14,24,23,
K19784,185,246,122,32,25,21,30,
K02968,116,151,25,30,13,11,26,
K01448,225,236,61,39,23,44,47,
K04744,646,128,24,41,50,18,26,
K04771,75,576,50,100,4,17,95,
K09022,0,0,0,0,0,0,0,
K07146,605,966,104,245,56,66,187,
K01934,0,0,0,0,0,0,0,
K03437,34,46,11,8,3,5,3,
K07052,213,253,54,43,20,17,50,
K00850,510,297,90,86,59,33,71,
K00134,315,185,143,64,21,69,31,
K03553,0,0,0,0,0,0,0,
K04079,1506,9411,587,2866,202,261,1890,
K07443,23,10,6,6,1,2,2,
K00809,471,326,160,62,73,43,59,
K01939,964,487,418,100,79,109,97,
K03832,3423,6174,1110,1311,609,538,1696,
K03496,350,789,44,135,53,34,126,
K03497,426,612,44,143,40,31,124,
K00215,277,498,74,115,29,30,84,
K03100,451,692,191,234,49,47,132,
K03286,2363,3554,307,554,375,386,781,
K14136,337,273,18,100,34,38,57,
K16653,295,288,62,101,44,43,59,
K02337,1410,974,83,280,181,92,194,
K10716,57,61,14,5,8,2,2,
K22391,243,113,67,16,12,21,31,
K07164,69,70,42,27,8,18,23,
K01712,122,37,0,11,11,0,7,
K19294,101,63,25,7,23,9,15,
K00573,150,47,13,9,6,34,12,
K17836,124,25,7,8,14,3,5,
K00074,342,314,68,40,50,39,64,
K00820,924,1045,92,383,95,171,213,
K03668,107,204,37,32,13,12,33,
K15383,0,0,0,0,0,0,0,
K03585,117,8,1,2,6,0,2,
K03296,957,80,4,19,140,10,9,
K18139,162,11,3,5,13,0,3,
K07447,61,62,17,17,7,0,7,
K01462,7,3,0,0,0,0,1,
K01835,1792,2500,334,421,214,306,437,
K00979,231,363,76,95,39,52,64,
K00432,256,589,125,94,31,35,82,
K17290,0,0,0,0,0,0,0,
K16568,55,65,14,10,11,3,3,
K11753,402,128,37,42,46,37,38,
K02112,1732,437,115,125,132,200,82,
K01868,598,1070,186,304,56,86,261,
K02520,0,0,0,0,0,0,0,
K01273,0,0,0,0,0,0,0,
K01649,828,517,148,355,64,125,141,
K01703,1022,788,33,496,82,111,225,
K01704,283,244,34,194,14,35,63,
K00052,733,744,74,451,49,83,205,
K00249,470,773,82,156,42,65,111,
K01923,909,894,237,184,76,158,177,
K00784,0,0,0,0,0,0,0,
K01776,0,0,0,0,0,0,0,
K06891,0,0,0,0,0,0,0,
K00763,0,0,0,0,0,0,0,
K02564,0,0,0,0,0,0,0,
K17331,0,0,0,0,0,0,0,
K17330,0,0,0,0,0,0,0,
K17329,0,0,0,0,0,0,0,
K07260,0,0,0,0,0,0,0,
K07778,0,0,0,0,0,0,0,
K00868,0,0,0,0,0,0,0,
K01595,0,0,0,0,0,0,0,
K01151,0,0,0,0,0,0,0,
K01990,0,0,0,0,0,0,0,
K12574,0,0,0,0,0,0,0,
K01714,0,0,0,0,0,0,0,
K00135,0,0,0,0,0,0,0,
K00215,0,0,0,0,0,0,0,
K07263,0,0,0,0,0,0,0,
K00962,0,0,0,0,0,0,0,
K02956,0,0,0,0,0,0,0,
K02109,0,0,0,0,0,0,0,
K02108,0,0,0,0,0,0,0,
K02110,0,0,0,0,0,0,0,
K02851,0,0,0,0,0,0,0,
K07566,0,0,0,0,0,0,0,
K02493,0,0,0,0,0,0,0,
K02835,0,0,0,0,0,0,0,
K03628,0,3,0,0,0,0,0,
K02909,0,0,0,0,0,0,0,
K00872,0,0,0,0,0,0,0,
K01733,0,0,0,0,0,0,0,
K00003,0,0,0,0,0,0,0,
K01463,0,0,0,0,0,0,0,
K00053,0,0,0,0,0,0,0,
K01652,3,9,4,0,7,4,3,
K01653,0,0,0,0,0,0,0,
K01182,0,0,0,0,0,0,0,
K09117,0,0,0,0,0,0,0,
K06994,0,0,0,0,0,0,0,
K20468,0,0,0,0,0,0,0,
K16237,0,0,0,0,0,0,0,
K04063,0,0,0,0,0,0,0,
K13993,0,0,0,0,0,0,0,
K03657,0,0,0,0,0,0,0,
K22479,0,0,0,0,0,0,0,
K09793,0,0,0,0,0,0,0,
K00561,0,0,0,0,0,0,0,
K00392,0,0,0,0,0,0,0,
K00390,0,0,0,0,0,0,0,
K00957,0,0,0,0,0,0,0,
K00956,0,0,0,0,0,0,0,
K04750,0,0,0,0,0,0,0,
K16783,0,0,0,0,0,0,0,
K16784,0,0,0,0,0,0,0,
K00626,0,0,0,0,0,0,0,
K03523,0,0,0,0,0,0,0,
K20074,0,0,0,0,0,0,0,
K14949,0,0,0,0,0,0,0,
K22736,0,0,0,0,0,0,0,
K05799,0,0,0,0,0,0,0,
K03449,0,0,0,0,0,0,0,
K03976,0,0,0,0,0,0,0,
K01011,0,0,0,0,0,0,0,
K02426,0,0,0,0,0,0,0,
K03724,0,0,0,0,0,0,0,
K05522,0,0,0,0,0,0,0,
K03743,0,0,0,0,0,0,0,
K00995,0,0,0,0,0,0,0,
K03466,0,0,0,0,0,0,0,
K05349,0,0,0,0,0,0,0,
K07315,0,0,0,0,0,0,0,
K05349,0,0,0,0,0,0,0,
K00558,0,0,0,0,0,0,0,
K07458,0,0,0,0,0,0,0,
K00382,0,0,0,0,0,0,0,
K09781,0,0,0,0,0,0,0,
K01703,0,0,0,0,0,0,0,
K01704,0,0,0,0,0,0,0,
K07025,0,0,0,0,0,0,0,
K01885,0,0,0,0,0,0,0,
K00375,0,0,0,0,0,0,0,
K01425,0,0,0,0,0,0,0,
K05921,0,0,0,0,0,0,0,
K07148,0,0,0,0,0,0,0,
K23107,0,0,0,0,0,0,0,
K06199,0,0,0,0,0,0,0,
K08717,0,0,0,0,0,0,0,
K06199,0,0,0,0,0,0,0,
K03190,0,0,0,0,0,0,0,
K03189,0,0,0,0,0,0,0,
K01428,0,0,0,0,0,0,0,
K03188,0,0,0,0,0,0,0,
K01429,0,0,0,0,0,0,0,
K01265,0,0,0,0,0,0,0,
K00897,0,0,0,0,0,0,0,
K22390,1,0,0,0,0,0,0,
K03310,0,0,0,0,0,0,0,
K03100,0,0,0,0,0,0,0,
K01183,0,0,0,0,0,0,0,
K07407,0,0,0,0,0,0,0,
K11414,0,0,0,0,0,0,0,
K07131,0,0,0,0,0,0,0,
K06945,0,0,0,0,0,0,0,
K06994,0,0,0,0,0,0,0,
K02003,0,0,0,0,0,0,0,
K16138,0,0,0,0,0,0,0,
K07148,0,0,0,0,0,0,0,
K01644,0,0,0,0,0,0,0,
K18290,0,0,0,0,0,0,0,
K11410,0,0,0,0,0,0,0,
K11263,0,0,0,0,0,0,0,
K01969,0,0,0,0,0,2,0,
K00167,0,0,0,0,0,0,0,
K00166,0,0,0,0,0,0,0,
K01868,0,0,0,0,0,0,0,
K09702,0,0,0,0,0,0,0,
K09957,0,0,0,0,0,0,0,
K21636,0,0,0,0,0,0,0,
K04068,0,0,0,0,0,0,0,
K01186,0,0,0,0,0,0,0,
K04042,0,0,0,0,0,0,0,
K00948,0,0,0,0,0,0,0,
K01990,0,0,0,0,0,0,0,
K15738,0,0,0,0,0,0,0,
K01992,0,0,0,0,0,0,0,
K00919,0,0,0,0,0,0,0,
K02528,0,0,0,0,0,0,0,
K21688,0,0,0,0,0,0,0,
K03767,0,0,0,0,0,0,0,
K19225,0,0,0,0,0,0,0,
K12132,0,0,0,0,0,0,0,
K01664,0,0,0,0,0,0,0,
K00626,0,0,0,0,0,0,0,
K01990,0,0,0,0,0,0,0,
K25706,0,0,0,0,0,0,0,
K01011,0,0,0,0,0,0,0,
K09019,0,0,0,0,0,0,0,
K03789,0,0,0,0,0,0,0,
K14742,0,0,0,0,0,0,0,
K01775,0,0,0,0,0,0,0,
K06925,0,0,0,0,0,0,0,
K06177,0,0,0,0,0,0,0,
K23997,0,0,0,0,0,0,0,
K03710,0,0,0,0,0,0,0,
K09992,0,0,0,0,0,0,0,
K01752,0,0,0,0,0,0,0,
K01246,0,0,0,0,0,0,0,
K09992,0,0,0,0,0,0,0,
K07160,0,0,0,0,0,0,0,
K22441,0,0,0,0,0,0,0,
K09992,0,0,0,0,0,0,0,
K18910,0,0,0,0,0,0,0,
K10441,0,0,0,0,0,0,0,
K09992,0,0,0,0,0,0,0,
K10439,0,0,0,0,0,0,0,
K10440,0,0,0,0,0,0,0,
K10441,0,0,0,0,0,0,0,
K00549,0,0,0,0,0,0,0,
K09992,0,0,0,0,0,0,0,
K01972,0,0,0,0,0,0,0,
K04072,0,0,0,0,0,0,0,
K05342,0,0,0,0,0,0,0,
K01322,0,0,0,0,0,0,0,
K00566,0,0,0,0,0,0,0,
K04487,0,0,0,0,0,0,0,
K03522,0,0,0,0,0,0,0,
K03521,0,0,0,0,0,0,0,
K01214,0,0,0,0,0,0,0,
K07077,0,0,0,0,0,0,0,
K00688,0,0,0,0,0,0,0,
K01443,0,0,0,0,0,0,0,
K07503,0,0,0,0,0,0,0,
K02112,1,0,0,0,0,0,0,
K02114,0,0,0,0,0,0,0,
K02115,6,3,4,0,15,3,1,
K02111,0,0,0,0,0,0,0,
K03704,0,0,0,0,0,0,0,
K03648,0,0,0,0,0,0,0,
K12132,0,0,0,0,0,0,0,
K00697,0,0,0,0,0,0,0,
K02016,0,0,0,0,0,0,0,
K02015,0,0,0,0,0,0,0,
K02013,0,0,0,0,0,0,0,
K06929,0,0,0,0,0,0,0,
K19267,0,0,0,0,0,0,0,
K09807,0,0,0,0,0,0,0,
K06996,0,0,0,0,0,0,0,
K03292,0,0,0,0,0,0,0,
K01634,0,0,0,0,0,0,0,
K18230,0,0,0,0,0,0,0,
K22468,0,0,0,0,0,0,0,
K01519,0,0,0,0,0,0,0,
K00989,0,0,0,0,0,0,0,
K03723,0,0,0,0,0,0,0,
K16568,0,0,0,0,0,0,0,
K13693,0,0,0,0,0,0,0,
K07401,0,0,0,0,0,0,0,
K07304,0,0,0,0,0,0,0,
K01739,0,0,0,0,0,0,0,
K20469,0,0,0,0,0,0,0,
K01754,0,0,0,0,0,0,0,
K02030,0,0,0,0,0,0,0,
K06413,0,0,0,0,0,0,0,
K06999,0,0,0,0,0,0,0,
K07260,0,0,0,0,0,0,0,
K04091,0,0,0,0,0,0,0,
K02030,0,0,0,0,0,0,0,
K02028,0,0,0,0,0,0,0,
K02029,0,0,0,0,1,0,0,
K07315,0,0,0,0,0,0,0,
K14954,0,0,0,0,0,0,0,
K18843,0,0,0,0,0,0,0,
K15034,0,0,0,0,0,0,0,
K21471,0,0,0,0,0,0,0,
K03321,0,0,0,0,0,0,0,
K00433,0,0,0,0,0,0,0,
K00540,0,0,0,0,0,0,0,
K01607,0,0,0,0,0,0,0,
K25227,0,0,0,0,0,0,0,
K07052,0,0,0,0,0,0,0,
K06162,0,0,0,0,0,0,0,
K02044,0,0,0,0,0,0,0,
K02041,0,0,0,0,0,0,0,
K02042,0,0,0,0,0,0,0,
K06221,0,0,0,0,0,0,0,
K03088,0,0,0,0,0,0,0,
K03924,0,0,0,0,0,0,0,
K05888,0,0,0,0,0,0,0,
K23778,0,0,0,0,0,0,0,
K02529,0,0,0,0,0,0,0,
K02027,0,0,0,0,0,0,0,
K00336,0,0,0,0,0,0,0,
K00335,0,0,0,0,0,0,0,
K00334,0,0,0,0,0,0,0,
K00333,0,0,0,0,0,0,0,
K00332,0,0,0,0,0,0,0,
K10112,10,27,2,0,16,5,5,
K03218,0,0,0,0,0,0,0,
K01883,0,0,0,0,0,0,0,
K07006,0,0,0,0,0,0,0,
K03665,0,0,0,0,0,0,0,
K01778,0,0,0,0,0,0,0,
K00564,0,0,0,0,0,0,0,
K00791,0,0,0,0,0,0,0,
K04079,0,0,0,0,0,0,0,
K11611,0,0,0,0,0,0,0,
K08296,0,0,0,0,0,0,0,
K01079,0,0,0,0,0,0,0,
K00975,0,0,0,0,0,0,0,
K16148,0,0,0,0,0,0,0,
K02013,0,0,0,0,0,0,0,
K07340,0,0,0,0,0,0,0,
K01548,0,0,0,0,0,0,0,
K07646,0,0,0,0,0,0,0,
K07667,0,0,0,0,0,0,0,
K09981,0,0,0,0,0,0,0,
K00059,0,0,0,0,0,0,0,
K06877,0,0,0,0,0,0,0,
K08726,0,0,0,0,0,0,0,
K03088,0,0,0,0,0,0,0,
K19337,0,0,0,0,0,0,0,
K18930,0,0,0,0,0,0,0,
K02004,0,0,0,0,0,0,0,
K02003,0,0,0,0,0,0,0,
K18351,0,0,0,0,0,0,0,
K00287,0,0,0,0,0,0,0,
K00560,0,0,0,0,0,0,0,
K10947,0,0,0,0,0,0,0,
K00819,0,0,0,0,0,0,0,
K25141,0,0,0,0,0,0,0,
K25140,0,0,0,0,0,0,0,
K21471,0,0,0,0,0,0,0,
K03709,0,0,0,0,0,0,0,
K08217,0,0,0,0,0,0,0,
K00831,0,0,0,0,0,0,0,
K01809,0,0,0,0,0,0,0,
K06901,0,0,0,0,0,0,0,
K16566,0,0,0,0,0,0,0,
K03704,0,0,0,0,0,0,0,
K10843,0,0,0,0,0,0,0,
K06872,0,0,0,0,0,0,0,
K03969,0,0,0,0,0,0,0,
K06860,0,0,0,0,0,0,0,
K02483,0,0,0,0,0,0,0,
K02484,0,0,0,0,0,0,0,
K14956,0,0,0,0,0,0,0,
K04077,0,0,0,0,0,0,0,
K06133,0,0,0,0,0,0,0,
K02004,0,0,0,0,0,0,0,
K00826,0,0,0,0,0,0,0,
K02863,0,0,0,0,0,0,0,
K02867,0,0,0,0,0,0,0,
K02601,10,9,2,3,13,3,3,
K03073,0,0,0,0,0,0,0,
K01823,0,0,0,0,0,0,0,
K14347,0,0,0,0,0,0,0,
K14347,0,0,0,0,0,0,0,
K22311,0,0,0,0,0,0,0,
K19710,0,0,0,0,0,0,0,
K01868,0,0,0,0,0,0,0,
K00299,0,0,0,0,0,0,0,
K02483,0,0,0,0,0,0,0,
K02003,0,0,0,0,0,0,0,
K02004,0,0,0,0,0,0,0,
K03466,0,0,0,0,0,0,0,
K00936,0,0,0,0,0,0,0,
K18955,0,0,0,0,0,0,0,
K10240,0,0,0,0,0,0,0,
K10241,0,0,0,0,0,0,0,
K10242,0,0,0,0,0,0,0,
K05350,0,0,0,0,0,0,0,
K13821,0,0,0,0,0,0,0,
K02529,0,0,0,0,0,0,0,
K07729,0,0,0,0,0,0,0,
K04069,0,0,0,0,0,0,0,
K00261,0,0,0,0,0,0,0,
K00435,0,0,0,0,0,0,0,
K01772,0,0,0,0,0,0,0,
K02025,0,0,0,0,0,0,0,
K02027,0,0,0,0,0,0,0,
K01187,0,0,0,0,0,0,0,
K02529,0,0,0,0,0,0,0,
K09707,0,0,0,0,0,0,0,
K12373,0,0,0,0,0,0,0,
K06015,0,0,0,0,0,0,0,
K13641,0,0,0,0,0,0,0,
K01753,0,0,0,0,0,0,0,
K09022,1,0,0,0,3,0,0,
K00865,0,0,0,0,0,0,0,
K01077,0,0,0,0,0,0,0,
K00299,0,0,0,0,0,0,0,
K12503,0,0,0,0,0,0,0,
K11068,0,0,0,0,0,0,0,
K18455,0,0,0,0,0,0,0,
K03624,0,0,0,0,0,0,0,
K02035,0,0,0,0,0,0,0,
K03549,0,0,0,0,0,0,0,
K06117,0,0,0,0,0,0,0,
K01186,0,0,0,0,0,0,0,
K10979,0,0,0,0,0,0,0,
K07816,0,0,0,0,0,0,0,
K01971,0,0,0,0,0,0,0,
K01485,0,0,0,0,0,0,0,
K07032,0,0,0,0,0,0,0,
K00344,0,0,0,0,0,0,0,
K01271,0,0,0,0,0,0,0,
K01012,0,0,0,0,0,0,0,
K00362,0,0,0,0,0,0,0,
K16137,0,0,0,0,0,0,0,
K00275,0,0,0,0,0,0,0,
K16163,0,0,0,0,0,0,0,
K00363,0,0,0,0,0,0,0,
K00116,0,0,0,0,0,0,0,
K13633,0,0,0,0,0,0,0,
K06221,0,0,0,0,0,0,0,
K07229,0,0,0,0,0,0,0,
K00325,0,0,0,0,0,0,0,
K00324,0,0,0,0,0,0,0,
K21739,0,0,0,0,0,0,0,
K22306,0,0,0,0,0,0,0,
K09710,0,0,0,0,0,0,0,
K00969,0,0,0,0,0,0,0,
K00147,0,0,0,0,0,0,0,
K05275,0,0,0,0,0,0,0,
K02035,0,0,0,0,0,0,0,
K02031,0,0,0,0,0,0,0,
K02034,0,0,0,0,0,0,0,
K02033,0,0,0,0,0,0,0,
K00931,0,0,0,0,0,0,0,
K03979,0,0,0,0,0,0,0,
K02899,0,0,0,0,0,0,0,
K02888,0,0,0,1,1,1,0,
K09165,0,0,0,0,0,0,0,
K18476,0,0,0,0,0,0,0,
K00355,0,0,0,0,0,0,0,
K18230,0,0,0,0,0,0,0,
K24131,0,0,0,0,0,0,0,
K03976,0,0,0,0,0,0,0,
K03547,0,0,0,0,0,0,0,
K03546,0,0,0,0,0,0,0,
K21929,0,0,0,0,0,0,0,
K07552,0,0,0,0,0,0,0,
K21745,0,0,0,0,0,0,0,
K05275,0,0,0,0,0,0,0,
K02030,0,0,0,0,0,0,0,
K02030,0,0,0,0,0,0,0,
K02029,0,0,0,0,0,0,0,
K02028,0,0,0,0,0,0,0,
K22278,0,0,0,0,0,0,0,
K03704,0,0,0,0,0,0,0,
K06221,0,0,0,0,0,0,0,
K01999,0,0,0,0,0,0,0,
K01997,0,0,0,0,0,0,0,
K01998,0,0,0,0,0,0,0,
K01995,0,0,0,0,0,0,0,
K01207,0,0,0,0,0,0,0,
K01996,0,0,0,0,0,0,0,
K07126,0,0,0,0,0,0,0,
K04759,0,0,0,0,0,0,0,
K17640,0,0,0,0,0,0,0,
K04758,0,0,0,0,0,0,0,
K17326,0,0,0,0,0,0,0,
K17327,0,0,0,0,0,0,0,
K17328,0,0,0,0,0,0,0,
K17641,0,0,0,0,0,0,0,
K06211,0,0,0,0,0,0,0,
K03811,0,0,0,0,0,0,0,
K04063,0,0,0,0,0,0,0,
K01421,0,0,0,0,0,0,0,
K03827,0,0,0,0,0,0,0,
K20265,0,0,0,0,0,0,0,
K14941,0,0,0,0,0,0,0,
K11212,0,0,0,0,0,0,0,
K00641,0,0,0,0,0,0,0,
K01740,0,0,0,0,0,0,0,
K21471,0,0,0,0,0,0,0,
K01507,0,0,0,0,0,0,0,
K07259,0,0,0,0,0,0,0,
K04075,0,0,0,0,0,0,0,
K00760,0,0,0,0,0,0,0,
K03798,0,0,0,0,0,0,0,
K01495,0,0,0,0,0,0,0,
K00796,0,0,0,0,0,0,0,
K13940,0,0,0,0,0,0,0,
K09167,0,0,0,0,0,0,0,
K08981,0,0,0,0,0,0,0,
K01918,0,0,0,0,0,0,0,
K01579,0,0,0,0,0,0,0,
K00278,0,0,0,0,0,0,0,
K00767,0,0,0,0,0,0,0,
K04567,0,0,0,0,1,0,0,
K07404,0,0,0,0,0,0,0,
K15521,0,0,0,0,0,0,0,
K00540,0,0,0,0,0,0,0,
K01834,0,0,0,0,0,0,0,
K02902,0,0,0,0,0,0,0,
K07030,0,0,0,0,0,0,0,
K03655,0,0,0,0,0,0,0,
K08316,0,0,0,0,0,0,0,
K00954,0,0,0,0,0,0,0,
K07040,0,0,0,0,0,0,0,
K02911,0,0,0,0,0,0,0,
K03685,0,0,0,0,0,0,0,
K10563,0,0,0,0,0,0,0,
K20265,0,0,0,0,0,0,0,
K16012,0,0,0,0,0,0,0,
K23980,0,0,0,0,0,0,0,
K16013,0,0,0,0,0,0,0,
K00426,0,0,0,0,0,0,0,
K00425,0,0,0,0,0,0,0,
K08300,0,0,0,0,2,0,0,
K00573,0,0,0,0,0,0,0,
K00857,0,0,0,0,0,0,0,
K03564,0,0,0,0,0,0,0,
K04078,0,0,0,0,0,0,0,
K06001,0,0,0,0,0,0,0,
K03439,0,0,0,0,0,0,0,
K05845,0,0,0,0,0,0,0,
K05846,0,0,0,0,0,0,0,
K05846,0,0,0,0,0,0,0,
K05847,0,0,0,0,0,0,0,
K00574,0,0,0,0,0,0,0,
K09828,0,0,0,0,0,0,0,
K13288,0,0,0,0,0,0,0,
K19302,0,0,0,0,0,0,0,
K01990,0,0,0,0,0,0,0,
K05349,0,0,0,0,0,0,0,
K22010,0,0,0,0,0,0,0,
K19222,0,0,0,0,0,0,0,
K02335,0,0,0,0,0,0,0,
K21071,0,0,0,0,0,0,0,
K02945,2,2,0,0,1,0,0,
K01515,0,0,0,0,0,0,0,
K00859,0,0,0,0,0,0,0,
K01304,0,0,0,0,0,0,0,
K03702,1,0,0,0,0,0,0,
K05794,0,0,0,0,0,0,0,
K05794,0,0,0,0,0,0,0,
K09780,0,0,0,0,0,0,0,
K03701,0,1,0,0,0,0,0,
K03703,0,0,0,0,0,0,0,
K06958,0,0,0,0,0,0,0,
K09762,0,0,0,0,0,0,0,
K00134,0,0,0,0,0,0,0,
K00927,0,0,0,0,0,0,0,
K01803,0,0,0,0,0,0,0,
K03075,0,0,0,0,0,0,0,
K01057,0,0,0,0,0,0,0,
K00036,0,0,0,0,0,0,0,
K00616,0,0,0,0,0,0,0,
K00615,0,0,0,0,0,0,0,
K00331,0,0,0,0,0,0,0,
K21401,0,0,0,0,0,0,0,
K00330,0,0,0,0,0,0,0,
K03183,0,0,0,0,0,0,0,
K02552,0,0,0,0,0,0,0,
K08372,0,0,0,0,0,0,0,
K02551,0,0,0,0,0,0,0,
K02549,0,0,0,0,0,0,0,
K23778,0,0,0,0,0,0,0,
K01661,0,0,0,0,0,0,0,
K07002,0,0,0,0,0,0,0,
K01911,0,0,0,0,0,0,0,
K02548,0,0,0,0,0,0,0,
K01005,0,0,0,0,0,0,0,
K07399,0,0,0,0,0,0,0,
K06196,0,0,0,0,0,0,0,
K01926,0,0,0,0,0,0,0,
K04768,0,0,0,0,0,1,0,
K03498,0,0,0,0,0,0,0,
K03499,0,0,0,0,0,0,0,
K01990,0,0,0,0,0,0,0,
K09955,0,0,0,0,0,0,0,
K15921,0,0,0,0,0,0,0,
K01209,0,0,0,0,0,0,0,
K23509,0,0,0,0,0,0,0,
K23509,0,0,0,0,0,0,0,
K10820,0,0,0,0,0,0,0,
K23508,0,0,0,0,0,0,0,
K01804,0,0,0,0,0,0,0,
K03077,0,0,0,0,0,0,0,
K02529,0,0,0,0,0,0,0,
K15921,0,0,0,0,0,0,0,
K00286,0,0,0,0,0,0,0,
K04485,0,0,0,0,0,0,0,
K07067,0,0,0,0,0,0,0,
K03575,0,0,0,0,0,0,0,
K00619,0,0,0,0,0,0,0,
K05346,0,0,0,0,0,0,0,
K00111,0,0,0,0,0,0,0,
K02440,0,0,0,0,1,0,0,
K00864,0,0,0,0,1,0,0,
K21686,0,0,0,0,0,0,0,
K01596,0,0,1,0,1,0,0,
K01867,0,0,0,0,0,0,0,
K18336,0,0,0,0,0,0,0,
K21885,0,0,0,0,0,0,0,
K00059,0,0,0,0,0,0,0,
K02027,0,0,0,0,0,0,0,
K02025,0,0,0,0,0,0,0,
K03216,0,0,0,0,0,0,0,
K05275,0,0,0,0,0,0,0,
K14166,0,0,0,0,0,0,0,
K00854,0,0,0,0,0,0,0,
K01805,0,0,0,0,0,0,0,
K19265,0,0,0,0,0,0,0,
K02529,0,0,0,0,0,0,0,
K02529,0,0,0,0,0,0,0,
K00648,0,0,0,0,0,0,0,
K05814,0,0,0,0,0,0,0,
K05815,0,0,0,0,0,0,0,
K05813,0,0,0,0,0,0,0,
K01126,0,0,0,0,0,0,0,
K09932,0,0,0,0,0,0,0,
K07260,0,0,0,0,0,0,0,
K23155,0,0,0,0,0,0,0,
K02291,0,0,0,0,0,0,0,
K01784,0,0,0,0,0,0,0,
K16264,0,0,0,0,0,0,0,
K21885,0,0,0,0,0,0,0,
K01933,0,0,0,0,0,0,0,
K00764,0,0,0,0,0,0,0,
K07004,0,0,0,0,0,0,0,
K02034,0,0,0,0,0,0,0,
K02033,0,0,0,0,0,0,0,
K02035,0,0,0,0,0,0,0,
K06201,0,0,0,0,0,0,0,
K00262,0,0,0,0,0,0,0,
K00299,0,0,0,0,0,0,0,
K18476,0,0,0,0,0,0,0,
K01624,0,0,0,0,0,0,0,
K25026,0,0,0,0,0,0,0,
K02026,0,0,0,0,0,0,0,
K02027,0,0,0,0,0,0,0,
K06213,0,0,0,0,0,0,0,
K03593,0,0,0,0,0,0,0,
K02004,0,0,0,0,0,0,0,
K02003,0,0,0,0,0,0,0,
K02004,0,0,0,0,0,0,0,
K03436,0,0,0,0,0,0,0,
K00965,0,0,0,0,0,0,0,
K06994,0,0,0,0,0,0,0,
K08217,0,0,0,0,0,0,0,
K01142,0,0,0,0,0,0,0,
K01491,0,0,0,0,0,0,0,
K00600,0,0,0,0,0,0,0,
K10547,0,0,0,0,0,0,0,
K10548,0,0,0,0,0,0,0,
K10546,0,0,0,0,0,0,0,
K10545,0,0,0,0,0,0,0,
K00694,0,0,0,0,0,0,0,
K01915,0,0,0,0,0,0,0,
K03644,0,0,0,0,0,0,0,
K03801,0,0,0,0,0,0,0,
K06994,0,0,0,0,0,0,0,
K16044,0,0,0,0,0,0,0,
K07071,0,0,0,0,0,0,0,
K00627,0,0,0,0,0,0,0,
K00382,0,0,0,0,0,0,0,
K01255,0,0,0,0,0,0,0,
K00254,0,0,0,0,0,0,0,
K07149,0,0,0,0,0,0,0,
K07229,0,0,0,0,0,0,0,
K23980,0,0,0,0,0,0,0,
K06996,0,0,0,0,0,0,0,
K07107,0,0,0,0,0,0,0,
K03517,0,0,0,0,0,0,0,
K00865,0,0,0,0,0,0,0,
K04487,0,0,0,0,0,0,0,
K04085,0,0,0,0,0,0,0,
K02275,0,0,0,0,1,0,0,
K02274,1,1,1,1,6,1,0,
K06400,0,0,0,0,0,0,0,
K07391,0,0,0,0,0,0,0,
K07460,0,0,0,0,0,0,0,
K03470,0,0,0,0,0,0,0,
K03100,0,0,0,0,0,0,0,
K02884,0,0,0,0,0,0,0,
K00554,1,0,0,0,0,0,0,
K02860,0,0,0,0,0,0,0,
K06960,0,0,0,0,0,0,0,
K02959,0,0,0,0,0,0,0,
K03106,0,0,0,0,0,0,0,
K00990,0,0,0,0,0,0,0,
K03320,0,0,0,0,0,0,0,
K04751,0,0,0,0,0,0,0,
K03529,0,0,0,0,0,0,0,
K03110,0,0,0,0,0,0,0,
K00940,0,0,0,0,0,0,0,
K05881,0,0,0,0,0,0,0,
K05879,0,0,0,0,0,0,0,
K05878,0,0,0,0,0,0,0,
K01870,0,0,0,0,0,0,0,
K11754,0,0,0,0,0,0,0,
K05349,0,0,0,0,0,0,0,
K00820,0,0,0,0,0,0,0,
K00997,0,0,0,0,0,0,0,
K00867,0,0,0,0,0,0,0,
K03975,0,0,0,0,0,0,0,
K03431,0,0,0,0,0,0,0,
K01462,0,0,0,0,0,0,0,
K02996,0,0,0,0,0,0,0,
K02871,0,0,0,0,0,0,0,
K07146,0,0,0,0,0,0,0,
K06173,0,0,0,0,0,0,0,
K00886,0,0,0,0,0,0,0,
K02879,0,0,0,0,0,0,0,
K03040,0,0,0,0,0,0,0,
K02948,0,0,0,0,0,0,0,
K02952,0,0,0,0,0,0,0,
K02919,0,0,0,0,0,0,0,
K01265,0,0,0,0,0,0,0,
K02518,0,0,0,0,0,0,0,
K03076,0,0,0,0,0,0,0,
K00939,0,0,0,0,0,0,0,
K02876,0,0,0,0,0,0,0,
K02988,0,1,0,0,0,0,0,
K02907,0,0,0,0,0,0,0,
K02881,0,0,0,0,0,0,0,
K02933,0,0,0,0,0,0,0,
K02994,0,0,0,0,0,0,0,
K02931,0,0,0,0,1,1,0,
K02954,0,0,0,0,0,0,0,
K02895,0,0,0,0,0,0,0,
K02874,0,0,0,0,0,0,0,
K02961,0,0,0,0,0,0,0,
K02904,0,0,0,0,0,0,0,
K02982,0,0,0,0,1,0,0,
K02878,0,0,0,0,0,0,0,
K02890,4,4,2,0,1,10,0,
K02886,0,0,0,0,0,0,0,
K02965,0,0,0,0,0,0,0,
K02926,0,0,0,0,0,0,0,
K02892,0,0,0,0,0,0,0,
K02906,0,0,0,0,0,0,0,
K02946,0,0,0,0,0,0,0,
K02358,2,0,0,1,1,0,0,
K02355,7,26,3,3,22,25,8,
K03046,5,1,1,0,3,2,0,
K02992,0,0,0,0,0,0,0,
K02950,0,0,0,0,0,0,0,
K03043,3,6,0,0,16,5,1,
K02935,0,0,0,0,0,0,0,
K02864,0,0,0,0,0,0,0,
K05349,0,0,0,0,0,0,0,
K02483,0,0,0,0,0,0,0,
K02484,0,0,0,0,0,0,0,
K13049,0,0,0,0,0,0,0,
K15987,0,0,0,0,0,0,0,
K03088,0,0,0,0,0,0,0,
K03088,0,0,0,0,0,0,0,
K04567,0,0,0,0,0,0,0,
K07260,0,0,0,0,0,0,0,
K18476,0,0,0,0,0,0,0,
K03212,0,0,0,0,0,0,0,
K02493,0,0,0,0,0,0,0,
K01267,0,0,0,0,0,0,0,
K06877,0,0,0,0,0,0,0,
K01840,0,0,0,0,0,0,0,
K09791,0,0,0,0,0,0,0,
K02002,0,0,0,0,0,0,0,
K02001,0,0,0,0,0,0,0,
K02000,0,0,0,0,0,0,0,
K01251,0,1,1,0,0,0,0,
K06384,0,0,0,0,0,0,0,
K03924,0,0,0,0,0,0,0,
K07670,0,0,0,0,0,0,0,
K07654,0,0,0,0,0,0,0,
K05808,0,0,0,0,0,0,0,
K09927,0,0,0,0,0,0,0,
K03070,3,2,1,0,3,0,0,
K01889,0,0,0,0,0,0,0,
K01975,0,0,0,0,0,0,0,
K03437,0,0,0,0,0,0,0,
K02887,0,0,0,0,0,0,0,
K02520,0,0,0,0,0,0,0,
K02916,0,0,0,0,0,0,0,
K22297,0,0,0,0,0,0,0,
K03781,1,0,0,0,0,0,0,
K24017,0,0,0,0,0,0,0,
K02501,0,0,0,0,1,0,0,
K00817,0,0,0,0,0,0,0,
K13953,0,0,0,0,0,0,0,
K00013,0,0,0,0,0,0,0,
K02337,0,0,0,0,0,0,0,
K23825,0,0,0,0,0,0,0,
K14761,0,0,0,0,0,0,0,
K02348,0,0,0,0,0,0,0,
K06180,0,0,0,0,0,0,0,
K03101,0,0,0,0,0,0,0,
K06204,0,0,0,0,0,0,0,
K04074,0,0,0,0,0,0,0,
K02221,0,0,0,0,0,0,0,
K09772,0,0,0,0,0,0,0,
K05810,0,0,0,0,0,0,0,
K03531,0,0,0,0,0,0,0,
K03589,0,0,0,0,0,0,0,
K01924,0,0,0,0,0,0,0,
K02563,0,0,0,0,0,0,0,
K03588,0,0,0,0,0,0,0,
K01925,0,0,0,0,0,0,0,
K01000,0,0,0,0,0,0,0,
K01929,0,0,0,0,0,0,0,
K01928,0,0,0,0,0,0,0,
K01183,0,0,0,0,0,0,0,
K03088,0,0,0,0,0,0,0,
K11358,0,0,0,0,0,0,0,
K03696,0,0,0,0,0,0,0,
K03088,0,0,0,0,0,0,0,
K18555,0,0,0,0,0,0,0,
K03688,0,0,0,0,0,0,0,
K00784,0,0,0,0,0,0,0,
K21159,0,0,0,0,0,0,0,
K02004,0,0,0,0,0,0,0,
K02003,0,0,0,0,0,0,0,
K01533,0,0,0,0,0,0,0,
K07020,0,0,0,0,0,0,0,
K01462,0,0,0,0,0,0,0,
K16147,0,0,0,0,0,0,0,
K05343,0,0,0,0,0,0,0,
K16146,0,0,0,0,0,0,0,
K01192,0,0,0,0,0,0,0,
K00700,0,0,0,0,0,0,0,
K05838,0,0,0,0,0,0,0,
K07018,0,0,0,0,0,0,0,
K00526,0,0,0,0,0,0,0,
K07101,0,0,0,0,0,0,0,
K00525,0,0,0,0,3,1,0,
K03647,0,0,0,0,0,0,0,
K05350,0,0,0,0,0,0,0,
K06191,0,0,0,0,0,0,0,
K01811,0,0,0,0,0,0,0,
K12308,0,0,0,0,0,0,0,
K15923,0,0,0,0,0,0,0,
K17320,0,0,0,0,0,0,0,
K17319,0,0,0,0,0,0,0,
K17318,0,0,0,0,0,0,0,
K05349,0,0,0,0,0,0,0,
K00794,0,0,0,0,0,0,0,
K00765,0,0,0,0,0,0,0,
K05592,0,0,0,0,0,0,0,
K03790,0,0,0,0,0,0,0,
K08744,0,0,0,0,0,0,0,
K08999,0,0,0,0,0,0,0,
K01958,0,0,0,0,0,0,0,
K06131,0,0,0,0,0,0,0,
K07001,0,0,0,0,0,0,0,
K14059,0,0,0,0,0,0,0,
K03820,0,0,0,0,0,0,0,
K03727,0,0,0,0,0,0,0,
K07029,0,0,0,0,0,0,0,
K03118,0,0,0,0,0,0,0,
K13573,0,0,0,0,0,0,0,
K03116,0,0,0,0,0,0,0,
K13572,0,0,0,0,0,0,0,
K03924,0,0,0,0,0,0,0,
K04047,0,0,0,0,0,0,0,
K00963,0,0,0,0,0,0,0,
K07566,0,0,0,0,0,0,0,
K03333,0,0,0,0,0,0,0,
K03321,0,0,0,0,0,0,0,
K06213,0,0,0,0,0,0,0,
K03579,0,0,0,0,0,0,0,
K03320,0,0,0,0,0,0,0,
K03217,0,0,0,0,0,0,0,
K00453,0,0,0,0,0,0,0,
K09955,0,0,0,0,0,0,0,
K01556,0,0,0,0,0,0,0,
K06994,0,0,0,0,0,0,0,
K04047,0,0,0,0,0,0,0,
K07217,0,0,0,0,1,0,0,
K03088,0,0,0,0,0,0,0,
K03088,0,0,0,0,0,0,0,
K03088,0,0,0,0,0,0,0,
K18369,0,0,0,0,0,0,0,
K16937,0,0,0,0,0,0,0,
K07682,0,0,0,0,0,0,0,
K07695,0,0,0,0,0,0,0,
K00384,0,0,0,0,0,0,0,
K03671,0,0,0,0,0,0,0,
K03325,0,0,0,0,0,0,0,
K03741,0,0,0,0,0,0,0,
K03741,0,0,0,0,0,0,0,
K01990,1,0,0,0,0,0,0,
K10947,0,0,0,0,0,0,0,
K23778,0,0,0,0,0,0,0,
K03977,0,0,0,0,0,0,0,
K00655,0,0,0,0,0,0,0,
K00945,0,0,0,0,0,0,0,
K06178,0,0,0,0,0,0,0,
K06208,0,0,0,0,0,0,0,
K06024,0,0,0,0,0,0,0,
K05896,0,0,0,0,0,0,0,
K03496,0,0,0,0,0,0,0,
K02257,0,0,0,0,0,0,0,
K00655,0,0,0,0,0,0,0,
K25316,0,0,0,0,0,0,0,
K00297,0,0,0,0,0,0,0,
K00549,0,0,0,0,1,0,0,
K17686,0,0,0,0,0,0,0,
K01201,0,0,0,0,0,0,0,
K01198,0,0,0,0,0,0,0,
K06998,0,0,0,0,0,0,0,
K18955,0,0,0,0,0,0,0,
K16870,0,0,0,0,0,0,0,
K00973,0,0,0,0,0,0,0,
K01790,0,0,0,0,0,0,0,
K18855,0,0,0,0,0,0,0,
K13010,0,0,0,0,0,0,0,
K13018,0,0,0,0,0,0,0,
K01710,0,0,0,0,2,1,0,
K00067,0,0,0,0,0,0,0,
K16870,0,0,0,0,0,0,0,
K09691,0,0,0,0,0,0,0,
K17947,0,0,0,0,0,0,0,
K16568,0,0,0,0,0,0,0,
K07272,0,0,0,0,0,0,0,
K01005,0,0,0,0,0,0,0,
K01589,0,0,0,0,0,0,0,
K01588,0,0,0,0,0,0,0,
K01183,0,0,0,0,0,0,0,
K01183,0,0,0,0,0,0,0,
K03284,0,0,0,0,0,0,0,
K07560,0,0,0,0,0,0,0,
K07064,0,0,0,0,0,0,0,
K06980,0,0,0,0,0,0,0,
K07092,0,0,0,0,0,0,0,
K10773,0,0,0,0,0,0,0,
K10914,0,0,0,0,0,0,0,
K07098,0,0,0,0,0,0,0,
K00529,0,0,0,0,0,0,0,
K01647,0,0,0,0,0,0,0,
K03417,0,0,0,0,0,0,0,
K01720,0,0,0,0,0,0,0,
K22293,0,0,0,0,7,0,0,
K01692,0,0,0,0,0,0,0,
K02598,0,0,0,0,0,0,0,
K23188,0,0,0,0,0,0,0,
K09699,0,0,0,0,0,0,0,
K00167,0,0,0,0,0,0,0,
K00166,0,0,0,0,0,0,0,
K00817,0,0,0,0,0,0,0,
K08972,0,0,0,0,0,0,0,
K01756,0,0,0,0,0,0,0,
K01524,0,0,0,0,0,0,0,
K02492,0,0,0,0,0,0,0,
K01599,0,0,0,0,0,0,0,
K00231,0,0,0,0,0,0,0,
K01749,0,0,0,0,0,0,0,
K01719,0,0,0,0,0,0,0,
K01698,0,0,0,0,0,0,0,
K01845,0,0,0,0,0,0,0,
K21908,0,0,0,0,0,0,0,
K21600,0,0,0,0,0,0,0,
K07213,0,0,0,0,0,0,0,
K04091,0,0,0,0,0,0,0,
K08987,0,0,0,0,0,0,0,
K16137,0,0,0,0,0,0,0,
K24163,0,0,0,0,0,0,0,
K21700,0,0,0,0,0,0,0,
K16167,0,0,0,0,0,0,0,
K16168,0,0,0,0,0,0,0,
K19577,0,0,0,0,0,0,0,
K06221,0,0,0,0,0,0,0,
K00285,0,0,0,0,0,0,0,
K03719,0,0,0,0,0,0,0,
K09814,0,0,0,0,0,0,0,
K09813,0,0,0,0,0,0,0,
K03893,0,0,0,0,0,0,0,
K09771,0,0,0,0,0,0,0,
K00299,0,0,0,0,0,0,0,
K03657,0,0,0,0,0,0,0,
K18958,0,0,0,0,0,0,0,
K18917,0,0,0,0,0,0,0,
K03657,0,0,0,0,0,0,0,
K03426,0,0,0,0,0,0,0,
K06979,0,0,0,0,0,0,0,
K12373,0,0,0,0,0,0,0,
K07032,0,0,0,0,0,0,0,
K05595,0,0,0,0,0,0,0,
K07053,0,0,0,0,0,0,0,
K03719,0,0,0,0,0,0,0,
K01262,0,0,0,0,0,0,0,
K01990,0,0,0,0,0,0,0,
K21001,0,0,0,0,0,0,0,
K09691,0,0,0,0,0,0,0,
K09690,0,0,0,0,0,0,0,
K22278,0,0,0,0,0,0,0,
K16870,0,0,0,0,0,0,0,
K21003,0,0,0,0,0,0,0,
K16699,0,0,0,0,0,0,0,
K01056,0,0,0,0,0,0,0,
K02897,0,0,0,0,0,0,0,
K09807,0,0,0,0,0,0,0,
K00948,0,0,0,0,0,0,0,
K24120,0,0,0,0,0,0,0,
K07164,0,0,0,0,0,0,0,
K22316,0,0,0,0,0,0,0,
K09861,0,0,0,0,0,0,0,
K01821,0,0,0,0,0,0,0,
K00886,0,0,0,0,0,0,0,
K01265,0,0,0,0,0,0,0,
K01448,0,0,0,0,0,0,0,
K00606,0,0,0,0,0,0,0,
K01915,0,0,0,0,0,0,0,
K00982,0,0,0,0,0,0,0,
K03088,0,0,0,0,0,0,0,
K01126,0,0,0,0,0,0,0,
K01209,0,0,0,0,0,0,0,
K02529,0,0,0,0,0,0,0,
K02027,0,0,0,0,0,0,0,
K12308,0,0,0,0,0,0,0,
K07315,0,0,0,0,0,0,0,
K03088,0,0,0,0,0,0,0,
K20469,0,0,0,0,0,0,0,
K02283,0,0,0,0,0,0,0,
K00384,0,0,0,0,0,0,0,
K18697,0,0,0,0,0,0,0,
K00027,0,0,0,0,0,0,0,
K02034,0,0,0,0,0,0,0,
K02033,0,0,0,0,0,0,0,
K02035,0,0,0,0,0,0,0,
K01895,1,0,0,0,0,1,0,
K19113,0,0,0,0,0,0,0,
K15520,0,0,0,0,0,0,0,
K00937,0,0,0,0,0,0,0,
K23258,0,0,0,0,0,0,0,
K03306,0,0,0,0,0,0,0,
K07220,0,0,0,0,0,0,0,
K07305,0,0,0,0,0,0,0,
K03699,0,0,0,0,0,0,0,
K18909,0,0,0,0,0,0,0,
K18908,0,0,0,0,0,0,0,
K01214,0,0,0,0,0,0,0,
K17810,0,0,0,0,0,0,0,
K00033,0,0,0,0,0,0,0,
K03684,0,0,0,0,0,0,0,
K00632,0,0,0,0,0,0,0,
K20265,0,0,0,0,0,0,0,
K09022,0,0,0,0,0,0,0,
K00656,0,0,0,0,0,0,0,
K04069,0,0,0,0,0,0,0,
K01662,0,0,0,0,0,0,0,
K06048,0,0,0,0,0,0,0,
K00088,0,0,0,0,1,0,0,
K01681,0,0,0,0,0,0,0,
K12952,1,1,0,0,7,5,0,
K03284,0,0,0,0,0,0,0,
K00721,0,0,0,0,1,1,0,
K03215,0,0,0,0,0,0,0,
K03499,0,0,0,0,0,0,0,
K03499,0,0,0,0,0,0,0,
K01520,0,0,0,0,0,0,0,
K01092,0,0,0,0,0,0,0,
K00857,0,0,0,0,0,0,0,
K07492,0,0,0,0,0,0,0,
K15520,0,0,0,0,0,0,0,
K00548,0,0,0,0,0,0,0,
K07741,0,0,0,0,0,0,0,
K03086,0,0,0,0,0,0,0,
K13787,0,0,0,0,0,0,0,
K12132,0,0,0,0,0,0,0,
K01626,0,0,0,0,0,0,0,
K00895,0,0,0,0,0,0,0,
K00655,0,0,0,0,0,0,0,
K25026,0,0,0,0,0,0,0,
K01897,0,0,0,0,0,0,0,
K06962,0,0,0,0,0,0,0,
K02342,0,0,0,0,0,0,0,
K00766,0,0,0,0,0,0,0,
K02276,0,0,0,0,0,0,0,
K03889,0,0,0,0,0,0,0,
K03890,1,1,0,0,0,1,0,
K03891,0,0,0,0,0,0,0,
K01738,0,0,0,0,0,0,0,
K00640,0,0,0,0,0,0,0,
K07443,0,0,0,0,0,0,0,
K05522,0,0,0,0,0,0,0,
K01808,0,0,0,0,0,0,0,
K07386,0,0,0,0,0,0,0,
K01256,0,0,0,0,0,0,0,
K00705,0,0,0,0,0,0,0,
K22044,0,0,0,0,0,0,0,
K02803,0,0,0,0,0,0,0,
K06886,0,0,0,0,0,0,0,
K10805,0,0,0,0,0,0,0,
K07107,0,0,0,0,0,0,0,
K06020,0,0,0,0,0,0,0,
K03111,0,0,0,0,0,0,0,
K00337,0,0,0,0,0,0,0,
K00338,0,0,0,0,0,0,0,
K00339,0,0,0,0,0,0,0,
K00340,0,0,0,0,0,0,0,
K00341,0,0,0,0,0,0,0,
K00342,0,0,0,0,0,0,0,
K00343,0,0,0,0,0,0,0,
K03924,0,0,0,0,0,0,0,
K22452,0,0,0,0,0,0,0,
K20074,0,0,0,0,0,0,0,
K12132,0,0,0,0,0,0,0,
K03466,1,0,0,0,0,0,0,
K01586,0,0,0,0,0,0,0,
K01887,0,0,0,0,0,0,0,
K03449,0,0,0,0,0,0,0,
K00298,0,0,0,0,0,0,0,
K24163,0,0,0,0,0,0,0,
K07260,0,0,0,0,0,0,0,
K03699,0,0,0,0,0,0,0,
K03699,0,0,0,0,0,0,0,
K02483,0,0,0,0,0,0,0,
K01616,0,0,0,0,0,0,0,
K01785,0,0,0,0,0,0,0,
K11621,0,0,0,0,0,0,0,
K10947,0,0,0,0,0,0,0,
K11621,0,0,0,0,0,0,0,
K03088,0,0,0,0,0,0,0,
K22336,0,0,0,0,0,0,0,
K00800,0,0,0,0,0,0,0,
K06949,0,0,0,0,0,0,0,
K05602,0,0,0,0,0,0,0,
K03664,0,0,0,0,0,0,0,
K09811,0,0,0,0,0,0,0,
K09812,0,0,0,0,0,0,0,
K02836,0,0,0,0,0,0,0,
K12511,0,0,0,0,0,0,0,
K12510,0,0,0,0,0,0,0,
K02283,0,0,0,0,0,0,0,
K14267,0,0,0,0,0,0,0,
K01005,0,0,0,0,0,0,0,
K07552,0,0,0,0,0,0,0,
K10947,0,0,0,0,0,0,0,
K03524,0,0,0,0,0,0,0,
K01966,0,0,0,0,0,0,0,
K06287,0,0,0,0,0,0,0,
K01200,0,0,0,0,0,0,0,
K01433,0,0,0,0,0,0,0,
K00375,0,0,0,0,0,0,0,
K00024,0,0,0,0,0,0,0,
K00031,0,0,0,0,0,0,0,
K06188,0,0,0,0,0,0,0,
K03321,0,0,0,0,0,0,0,
K00602,0,0,0,0,0,0,0,
K11175,0,0,0,0,0,0,0,
K01902,0,0,0,0,0,0,0,
K00925,0,0,0,0,0,0,0,
K13788,0,0,0,0,0,0,0,
K01621,0,0,0,0,0,0,0,
K14998,0,0,0,0,0,0,0,
K21147,0,0,0,0,0,0,0,
K03149,0,0,0,0,0,0,0,
K03153,0,0,0,0,0,0,0,
K03154,0,0,0,0,0,0,0,
K00788,0,0,0,0,0,0,0,
K01951,0,0,0,0,0,0,0,
K03973,0,0,0,0,0,0,0,
K02302,0,0,0,0,0,0,0,
K15554,0,0,0,0,0,0,0,
K15555,0,0,0,0,0,0,0,
K19267,0,0,0,0,0,0,0,
K25307,0,0,0,0,0,0,0,
K11354,0,0,0,0,0,0,0,
K00281,0,0,0,0,0,0,0,
K00605,0,0,0,0,0,0,0,
K02437,0,0,0,0,0,0,0,
K24131,0,0,0,0,0,0,0,
K03574,0,0,0,0,0,0,0,
K01854,0,0,0,0,0,0,0,
K01547,0,0,0,0,0,0,0,
K01548,0,0,0,0,0,0,0,
K01546,0,0,0,0,0,0,0,
K01545,0,0,0,0,0,0,0,
K00874,0,0,0,0,0,0,0,
K01625,0,0,0,0,0,0,0,
K07104,0,0,0,0,0,0,0,
K19267,0,0,0,0,0,0,0,
K03639,0,0,0,0,0,0,0,
K03750,0,0,0,0,0,0,0,
K03635,0,0,0,0,0,0,0,
K03313,0,0,0,0,0,0,0,
K01512,0,0,0,0,0,0,0,
K02028,0,0,0,0,0,0,0,
K02030,0,0,0,0,0,0,0,
K09118,0,0,0,0,0,0,0,
K06988,0,0,0,0,0,0,0,
K01785,0,0,0,0,0,0,0,
K07177,0,0,0,0,0,0,0,
K03704,0,0,0,0,0,0,0,
K03574,0,0,0,0,0,0,0,
K19302,0,0,0,0,0,0,0,
K24915,0,0,0,0,0,0,0,
K02003,0,0,0,0,0,0,0,
K02004,0,0,0,0,0,0,0,
K01940,1,0,0,0,7,1,0,
K04762,0,0,0,0,0,0,0,
K01810,0,0,0,0,0,0,0,
K10237,0,0,0,0,0,0,0,
K10236,0,0,0,0,0,0,0,
K01673,0,0,0,0,0,0,0,
K01679,0,0,0,0,0,0,0,
K07175,0,0,0,0,0,0,0,
K03446,0,0,0,0,0,0,0,
K10947,0,0,0,0,0,0,0,
K13444,0,0,0,0,0,0,0,
K03313,0,0,0,0,0,0,0,
K01874,0,0,0,0,0,0,0,
K21686,0,0,0,0,0,0,0,
K01637,0,0,0,0,0,1,0,
K01638,0,0,0,0,0,0,0,
K01126,0,0,0,0,0,0,0,
K23265,0,0,0,0,0,0,0,
K23264,0,0,0,0,0,0,0,
K10947,0,0,0,0,0,0,0,
K01923,0,0,0,0,0,0,0,
K19668,0,0,0,0,0,0,0,
K18578,0,0,0,0,0,0,0,
K01945,0,0,0,0,0,0,0,
K13280,0,0,0,0,0,0,0,
K01939,0,0,0,0,0,0,0,
K07315,0,0,0,0,3,0,0,
K01624,0,0,0,0,0,0,0,
K03975,0,0,0,0,0,0,0,
K02566,0,0,0,0,0,0,0,
K03744,0,0,0,0,0,0,0,
K00762,0,0,0,0,0,0,0,
K07124,0,0,0,0,0,0,0,
K18675,0,0,0,0,0,0,0,
K01142,0,0,0,0,0,0,0,
K05349,0,0,0,0,0,0,0,
K01990,0,0,0,0,0,0,0,
K03147,0,0,0,0,0,0,0,
K07029,0,0,0,0,0,0,0,
K03695,0,0,0,0,0,0,0,
K14696,0,0,0,0,0,0,0,
K05571,0,0,0,0,0,0,0,
K05570,0,0,0,0,0,0,0,
K05569,0,0,0,0,0,0,0,
K05565,0,0,0,0,0,0,0,
K05567,0,0,0,0,0,0,0,
K10947,0,0,0,0,0,0,0,
K01494,0,0,0,0,0,0,0,
K02020,0,0,0,0,0,0,0,
K02018,0,0,0,0,0,0,0,
K18479,0,0,0,0,0,0,0,
K17317,0,0,0,0,0,0,0,
K17316,0,0,0,0,0,0,0,
K17315,0,0,0,0,0,0,0,
K02529,0,0,0,0,0,0,0,
K21688,0,0,0,0,0,0,0,
K21688,0,0,0,0,0,0,0,
K03424,0,0,0,0,0,0,0,
K01874,0,0,0,0,0,0,0,
K21430,0,0,0,0,0,0,0,
K07407,0,0,0,0,0,0,0,
K01785,0,0,0,0,0,0,0,
K02099,0,0,0,0,0,0,0,
K14261,0,0,0,0,0,0,0,
K07056,0,0,0,0,0,0,0,
K08281,0,0,0,0,0,0,0,
K00728,0,0,0,0,0,0,0,
K12373,0,0,0,0,0,0,0,
K19978,0,0,0,0,0,0,0,
K21449,0,0,0,0,0,0,0,
K17624,0,0,0,0,0,0,0,
K02909,0,0,0,0,0,0,0,
K02954,0,0,0,0,0,0,0,
K02913,0,0,0,0,0,0,0,
K02902,0,0,0,0,0,0,0,
K12308,0,0,0,0,0,0,0,
K02027,0,0,0,0,0,0,0,
K02529,0,0,0,0,0,0,0,
K15733,0,0,0,0,0,0,0,
K09796,0,0,0,0,0,0,0,
K07156,0,0,0,0,0,0,0,
K01580,0,0,0,0,0,0,0,
K00038,0,0,0,0,0,0,0,
K06204,0,0,0,0,0,0,0,
K06988,0,0,0,0,0,0,0,
K21159,0,0,0,0,0,0,0,
K00004,0,0,0,0,0,0,0,
K00847,0,0,0,0,0,0,0,
K13280,0,0,0,0,0,0,0,
K15554,0,0,0,0,0,0,0,
K03088,0,0,0,0,0,0,0,
K01626,0,0,0,0,0,0,0,
K03574,0,0,0,0,0,0,0,
K01990,0,0,0,0,0,0,0,
K07223,0,0,0,0,0,0,0,
K00133,0,0,0,0,0,0,0,
K00928,0,0,0,0,0,0,0,
K07090,2,0,0,0,0,0,0,
K02343,0,0,0,0,0,0,0,
K06187,0,0,0,0,0,0,0,
K02072,0,0,0,0,0,0,0,
K02071,0,0,0,0,0,0,0,
K02073,0,0,0,0,0,0,0,
K03973,0,0,0,0,0,0,0,
K25150,0,0,0,0,0,0,0,
K25149,0,0,0,0,0,0,0,
K12942,0,0,0,0,0,0,0,
K01255,0,0,0,0,0,0,0,
K01990,0,0,0,0,0,0,0,
K01992,0,0,0,0,0,0,0,
K02483,0,0,0,0,0,0,0,
K00075,0,0,0,0,0,0,0,
K02913,0,0,0,0,0,0,0,
K05786,0,0,0,0,0,0,0,
K09767,0,0,0,0,0,0,0,
K03799,0,0,0,0,0,0,0,
K12308,0,0,0,0,0,0,0,
K02529,0,0,0,0,0,0,0,
K02027,0,0,0,0,0,0,0,
K01187,0,0,0,0,0,0,0,
K11991,0,0,0,0,0,0,0,
K00761,0,0,0,0,0,0,0,
K03088,0,0,0,0,0,0,0,
K07393,0,0,0,0,0,0,0,
K13640,0,0,0,0,0,0,0,
K04043,0,0,0,0,0,0,0,
K03687,0,0,0,0,0,0,0,
K00344,0,0,0,0,0,0,0,
K11939,0,0,0,0,0,0,0,
K10234,0,0,0,0,0,0,0,
K10233,0,0,0,0,0,0,0,
K10232,0,0,0,0,0,0,0,
K02529,0,0,0,0,0,0,0,
K01265,0,0,0,0,1,0,0,
K05520,0,0,0,0,0,0,0,
K21064,0,0,0,0,0,0,0,
K01875,0,0,0,0,0,0,0,
K23188,0,0,0,0,0,0,0,
K23187,0,0,0,0,0,0,0,
K23186,0,0,0,0,0,0,0,
K07229,0,0,0,0,0,0,0,
K07029,0,0,0,0,0,0,0,
K11744,0,0,0,0,0,0,0,
K03587,0,0,0,0,0,0,0,
K03438,0,0,0,0,0,0,0,
K03925,0,0,0,0,0,0,0,
K03924,0,0,0,0,0,0,0,
K22452,0,0,0,0,0,0,0,
K02346,0,0,0,0,0,0,0,
K03704,0,0,0,0,0,0,0,
K11355,0,0,0,0,0,0,0,
K00058,0,0,0,0,0,0,0,
K19265,0,0,0,0,0,0,0,
K07738,0,0,0,0,0,0,0,
K03722,0,0,0,0,0,0,0,
K00016,0,0,0,0,0,0,0,
K01356,0,0,0,0,0,0,0,
K06975,0,0,0,0,0,0,0,
K00156,0,0,0,0,1,0,0,
K07192,0,0,0,0,0,0,0,
K16868,0,0,0,0,0,0,0,
K08139,0,0,0,0,0,0,0,
K08225,0,0,0,0,0,0,0,
K00851,0,0,0,0,0,0,0,
K03299,0,0,0,0,0,0,0,
K22736,0,0,0,0,0,0,0,
K03469,0,0,0,0,0,0,0,
K25286,0,0,0,0,0,0,0,
K18353,0,0,0,0,0,0,0,
K18353,0,0,0,0,0,0,0,
K24116,0,0,0,0,0,0,0,
K15554,0,0,0,0,0,0,0,
K02049,0,0,0,0,0,0,0,
K10747,0,0,0,0,0,0,0,
K08683,0,0,0,0,0,0,0,
K09164,0,0,0,0,0,0,0,
K23185,0,0,0,0,0,0,0,
K07229,0,0,0,0,0,0,0,
K02575,0,0,0,0,0,0,0,
K00360,0,0,0,0,0,0,0,
K00362,0,0,0,0,0,0,0,
K00363,0,0,0,0,0,0,0,
K02303,0,0,0,0,0,0,0,
K01719,0,0,0,0,0,0,0,
K03795,0,0,0,0,0,0,0,
K13639,0,0,0,0,0,0,0,
K03924,0,0,0,0,0,0,0,
K02351,0,0,0,0,0,0,0,
K02042,0,0,0,0,0,0,0,
K02041,0,0,0,0,0,0,0,
K02044,0,0,0,0,0,0,0,
K03710,0,0,0,0,0,0,0,
K02026,0,0,0,0,0,0,0,
K02025,0,0,0,0,0,0,0,
K02027,0,0,0,0,0,0,0,
K21298,0,0,0,0,0,0,0,
K02803,0,0,0,0,0,0,0,
K24967,0,0,0,0,0,0,0,
K02803,0,0,0,0,0,0,0,
K02784,0,0,0,0,0,0,0,
K21908,0,0,0,0,0,0,0,
K18476,0,0,0,0,0,0,0,
K01990,0,0,0,0,0,0,0,
K01992,0,0,0,0,0,0,0,
K01091,0,0,0,0,0,0,0,
K10834,0,0,0,0,0,0,0,
K21744,0,0,0,0,0,0,0,
K25133,0,0,0,0,0,0,0,
K25132,0,0,0,0,0,0,0,
K07052,0,0,0,0,0,0,0,
K00138,1,0,0,0,2,0,0,
K09959,0,0,0,0,0,0,0,
K06911,0,0,0,0,0,0,0,
K00374,0,0,0,0,0,0,0,
K00371,0,0,0,0,0,0,0,
K00373,0,0,0,0,0,0,0,
K01198,0,0,0,0,0,0,0,
K03088,0,0,0,0,0,0,0,
K00858,0,0,0,0,0,0,0,
K03574,0,0,0,0,0,0,0,
K03306,0,0,0,0,0,0,0,
K01620,0,0,0,0,0,0,0,
K01424,0,0,0,0,0,0,0,
K09858,0,0,0,0,0,0,0,
K00059,0,0,0,0,0,0,0,
K01224,0,0,0,0,0,0,0,
K01990,0,0,0,0,0,0,0,
K01992,0,0,0,0,0,0,0,
K22894,0,0,0,0,0,0,0,
K02259,0,0,0,0,0,0,0,
K25141,0,0,0,0,0,0,0,
K25140,0,0,0,0,0,0,0,
K00633,0,0,0,0,0,0,0,
K05349,0,0,0,0,0,0,0,
K01937,0,0,0,0,0,0,0,
K01554,0,0,0,0,0,0,0,
K03980,0,0,0,0,0,0,0,
K03631,0,0,0,0,0,0,0,
K00858,0,0,0,0,0,0,0,
K06442,0,0,0,0,0,0,0,
K01866,0,0,0,0,0,0,0,
K03652,0,0,0,0,0,0,0,
K01755,0,0,0,0,0,0,0,
K03402,0,0,0,0,0,0,0,
K00611,0,0,0,0,0,0,0,
K00821,0,0,0,0,0,0,0,
K00930,0,0,0,0,0,0,0,
K00620,0,0,0,0,0,0,0,
K00145,0,0,0,0,0,0,0,
K06996,0,0,0,0,0,0,0,
K01649,0,0,0,0,0,0,0,
K05799,0,0,0,0,0,0,0,
K02013,0,0,0,0,0,0,0,
K00941,0,0,0,0,0,0,0,
K00344,0,0,0,0,0,0,0,
K01890,0,0,0,0,0,0,0,
K02314,0,0,0,0,0,0,0,
K01607,0,0,0,0,0,0,0,
K03327,0,0,0,0,0,0,0,
K02939,0,0,0,0,0,0,0,
K02963,0,0,0,0,0,0,0,
K03111,0,0,0,0,0,0,0,
K02990,0,0,0,0,0,0,0,
K10947,0,0,0,0,0,0,0,
K01858,6,1,0,0,4,3,0,
K18926,0,0,0,0,0,0,0,
K00970,0,0,0,0,0,0,0,
K03574,0,0,0,0,0,0,0,
K03980,0,0,0,0,0,0,0,
K01496,0,0,0,0,0,0,0,
K01657,0,0,0,0,0,0,0,
K01609,0,0,0,0,0,0,0,
K01696,0,0,0,0,0,0,0,
K01695,0,0,0,0,0,0,0,
K13292,0,0,0,0,0,0,0,
K00265,0,0,0,0,0,0,0,
K00266,0,0,0,0,0,0,0,
K00873,0,0,0,0,0,0,0,
K07074,0,0,0,0,0,0,0,
K05349,0,0,0,0,0,0,0,
K00661,0,0,0,0,0,0,0,
K00320,0,0,0,0,0,0,0,
K01834,0,0,0,0,0,0,0,
K03088,0,0,0,0,0,0,0,
K01897,0,0,0,0,0,0,0,
K18701,0,0,0,0,0,0,0,
K03892,0,0,0,0,0,0,0,
K06996,0,0,0,0,0,0,0,
K07454,0,0,0,0,0,0,0,
K02342,0,0,0,0,0,0,0,
K21495,0,0,0,0,0,0,0,
K01426,0,0,0,0,0,0,0,
K03578,0,0,0,0,0,0,0,
K23518,0,0,0,0,0,0,0,
K07130,0,0,0,0,0,0,0,
K22894,0,0,0,0,0,0,0,
K07695,0,0,0,0,0,0,0,
K07682,0,0,0,0,0,0,0,
K01561,0,0,0,0,0,0,0,
K16937,0,0,0,0,0,0,0,
K07260,0,0,0,0,0,0,0,
K12308,0,0,0,0,0,0,0,
K02027,0,0,0,0,0,0,0,
K02529,0,0,0,0,0,0,0,
K02529,0,0,0,0,0,0,0,
K02025,0,0,0,0,0,0,0,
K02027,0,0,0,0,0,0,0,
K00852,0,0,0,0,0,0,0,
K01644,0,0,0,0,0,0,0,
K02033,0,0,0,0,0,0,0,
K02034,0,0,0,0,0,0,0,
K01176,0,0,0,0,0,0,0,
K01689,0,0,0,0,1,0,0,
K09009,0,0,0,0,0,0,0,
K01524,0,0,0,0,0,0,0,
K10947,0,0,0,0,0,0,0,
K03885,0,0,0,0,0,0,0,
K01358,0,0,0,0,0,0,0,
K01358,0,0,0,0,0,0,0,
K01788,0,0,0,0,0,0,0,
K25026,0,0,0,0,0,0,0,
K01714,0,0,0,0,0,0,0,
K02031,0,0,0,0,0,0,0,
K02033,0,0,0,0,0,0,0,
K02035,0,0,0,0,0,0,0,
K10804,0,0,0,0,0,0,0,
K08167,0,0,0,0,0,0,0,
K11601,0,0,0,0,0,0,0,
K11603,0,0,0,0,0,0,0,
K11602,0,0,0,0,0,0,0,
K03709,0,0,0,0,0,0,0,
K19577,0,0,0,0,0,0,0,
K01869,0,0,0,0,0,0,0,
K06915,0,0,0,0,0,0,0,
K25232,0,0,0,0,0,0,0,
K02237,0,0,0,0,0,0,0,
K02238,0,0,0,0,0,0,0,
K02238,0,0,0,0,0,0,0,
K02340,0,0,0,0,0,0,0,
K18816,0,0,0,0,0,0,0,
K02968,0,0,0,0,0,0,0,
K03596,0,0,0,0,3,1,0,
K02495,0,0,0,0,0,0,0,
K16568,0,0,0,0,0,0,0,
K09940,0,0,0,0,0,0,0,
K03705,0,0,0,0,0,0,0,
K03686,0,0,0,0,0,0,0,
K09761,0,0,0,0,0,0,0,
K02503,0,0,0,0,0,0,0,
K06217,0,0,0,0,0,0,0,
K07042,0,0,0,0,0,0,0,
K03699,0,0,0,0,0,0,0,
K03595,0,0,0,0,0,0,0,
K06889,0,0,0,0,0,0,0,
K01649,0,0,0,0,0,1,0,
K03584,0,0,0,0,0,0,0,
K00806,0,0,0,0,0,0,0,
K03975,0,0,0,0,0,0,0,
K09816,0,0,0,0,0,0,0,
K03711,0,0,0,0,0,0,0,
K09817,0,0,0,0,0,0,0,
K09815,0,0,0,0,0,0,0,
K01880,0,0,0,0,1,0,0,
K01187,0,0,0,0,0,0,0,
K05540,0,0,0,0,0,0,0,
K02529,0,0,0,0,0,0,0,
K15770,0,0,0,0,0,0,0,
K15771,0,0,0,0,0,0,0,
K15772,0,0,0,0,0,0,0,
K01129,0,0,0,0,0,0,0,
K25286,0,0,0,0,0,0,0,
K04750,0,0,0,0,0,0,0,
K02316,0,0,0,0,0,0,0,
K17686,0,0,0,0,0,0,0,
K01990,0,0,0,0,0,0,0,
K02031,0,0,0,0,0,0,0,
K07052,0,0,0,0,0,0,0,
K02034,0,0,0,0,0,0,0,
K02033,0,0,0,0,0,0,0,
K02035,0,0,0,0,0,0,0,
K21908,0,0,0,0,0,0,0,
K07027,0,0,0,0,0,0,0,
K00626,0,0,0,0,0,0,0,
K01028,0,0,0,0,0,0,0,
K00370,0,0,0,0,0,0,0,
K03636,0,0,0,0,0,0,0,
K03752,0,0,0,0,0,0,0,
K03750,0,0,0,0,0,0,0,
K03637,0,0,0,0,0,0,0,
K02575,0,0,0,0,0,0,0,
K02529,0,0,0,0,0,0,0,
K00852,0,0,0,0,0,0,0,
K09936,0,0,0,0,0,0,0,
K07048,0,0,0,0,0,0,0,
K17836,0,0,0,0,0,0,0,
K02064,0,0,0,0,0,0,0,
K02063,0,0,0,0,0,0,0,
K02062,0,0,0,0,0,0,0,
K00368,0,0,0,0,0,0,0,
K06997,0,0,0,0,0,0,0,
K07106,0,0,0,0,0,0,0,
K09001,0,0,0,0,0,0,0,
K01207,0,0,0,0,0,0,0,
K17331,0,0,0,0,0,0,0,
K17330,0,0,0,0,0,0,0,
K17329,0,0,0,0,0,0,0,
K03800,0,0,0,0,0,0,0,
K02004,0,0,0,0,0,0,0,
K03088,0,0,0,0,0,0,0,
K07006,0,0,0,0,0,0,0,
K18351,0,0,0,0,0,0,0,
K18352,0,0,0,0,0,0,0,
K00384,0,0,0,0,0,0,0,
K03671,0,0,0,0,0,0,0,
K05825,0,0,0,0,0,0,0,
K03497,0,0,0,0,0,0,0,
K01921,0,0,0,0,0,0,0,
K03496,0,0,0,0,0,0,0,
K03501,0,0,0,0,0,0,0,
K06346,0,0,0,0,0,0,0,
K03217,0,0,0,0,0,0,0,
K08998,0,0,0,0,0,0,0,
K02313,0,0,0,0,0,0,0,
K02338,0,0,0,0,0,0,0,
K00033,0,0,0,0,0,0,0,
K03629,0,0,0,0,0,0,0,
K02470,0,0,0,0,0,0,0,
K01990,0,0,0,0,0,0,0,
K01697,0,0,0,0,0,0,0,
K22934,0,0,0,0,0,0,0,
K00564,0,0,0,0,0,0,0,
K05596,0,0,0,0,0,0,0,
K06895,0,0,0,0,0,0,0,
K07401,0,0,0,0,0,0,0,
K01687,0,0,0,0,0,0,0,
K01724,0,0,0,0,0,0,0,
K01687,0,0,0,0,4,0,1,
K03305,0,0,0,0,0,0,0,
K16937,0,0,0,0,0,0,0,
K01669,0,0,0,0,0,0,0,
K02434,0,0,0,0,0,0,0,
K02433,0,0,0,0,0,0,0,
K02435,0,0,0,0,0,0,0,
K12132,0,0,0,0,0,0,0,
K05364,0,0,0,0,0,0,0,
K20074,0,0,0,0,0,0,0,
K07459,0,0,0,0,0,0,0,
K18831,0,0,0,0,0,0,0,
K10947,0,0,0,0,0,0,0,
K16568,0,0,0,0,0,0,0,
K03545,0,0,0,0,0,0,0,
K01358,0,0,1,0,0,0,0,
K01358,0,0,0,0,0,0,0,
K01897,0,0,0,0,0,0,0,
K03544,0,0,0,0,0,0,0,
K01873,0,0,0,0,0,0,0,
K04092,0,0,0,0,0,0,0,
K15510,0,0,0,0,0,0,0,
K12234,0,0,0,0,0,0,0,
K07051,0,0,0,0,0,0,0,
K03079,0,0,0,0,0,0,0,
K01858,0,0,0,0,0,0,0,
K03088,0,0,0,0,0,0,0,
K01183,0,0,0,0,0,0,0,
K18887,0,0,0,0,0,0,0,
K18888,0,0,0,0,1,0,0,
K02575,0,0,0,0,0,0,0,
K00370,0,0,0,0,0,0,0,
K00371,0,0,0,0,0,0,0,
K00373,0,0,0,0,0,0,0,
K00374,0,0,0,0,0,0,0,
K03635,0,0,0,0,0,0,0,
K03639,0,0,0,0,0,0,0,
K00077,0,0,0,0,0,0,0,
K03636,0,0,0,0,0,0,0,
K06200,2,0,0,0,6,0,0,
K02478,0,0,0,0,0,0,0,
K14393,0,0,0,0,0,0,0,
K06147,0,0,0,0,0,0,0,
K09759,0,0,0,0,0,0,0,
K10829,0,0,0,0,0,0,0,
K23227,0,0,0,0,0,0,0,
K23228,0,0,0,0,0,0,0,
K07229,0,0,0,0,0,0,0,
K12373,0,0,0,0,0,0,0,
K14161,0,0,0,0,0,0,0,
K14162,0,0,0,0,0,0,0,
K03830,0,0,0,0,0,0,0,
K18301,0,0,0,0,0,0,0,
K07178,0,0,0,0,0,0,0,
K07038,0,0,0,0,0,0,0,
K00567,0,0,0,0,0,0,0,
K03088,0,0,0,0,0,0,0,
K00567,0,0,0,0,0,0,0,
K01972,0,0,0,0,0,0,0,
K07284,0,0,0,0,0,0,0,
K20469,0,0,0,0,0,0,0,
K14415,0,0,0,0,0,0,0,
K00259,0,0,0,0,0,0,0,
K03790,0,0,0,0,0,0,0,
K01284,0,0,0,0,0,0,0,
K03284,0,0,0,0,0,0,0,
K06153,0,0,0,0,0,0,0,
K15526,0,0,0,0,0,0,0,
K03556,0,0,0,0,0,0,0,
K01607,0,0,0,0,0,0,0,
K03701,0,0,0,0,0,0,0,
K01607,0,0,0,0,0,0,0,
K20469,0,0,0,0,0,0,0,
K01990,0,0,0,0,0,0,0,
K07778,0,0,0,0,0,0,0,
K08982,0,0,0,0,0,0,0,
K06978,0,0,0,0,0,0,0,
K03284,0,0,0,0,0,0,0,
K03088,0,0,0,0,0,0,0,
K14155,0,0,0,0,0,0,0,
K03975,0,0,0,0,0,0,0,
K00797,0,0,0,0,0,0,0,
K08224,0,0,0,0,0,0,0,
K02341,0,0,0,0,0,0,0,
K00943,0,0,0,0,0,0,0,
K19270,0,0,0,0,0,0,0,
K23775,0,0,0,0,0,0,0,
K00078,0,0,0,0,0,0,0,
K07313,0,0,0,0,0,0,0,
K18937,0,0,0,0,0,0,0,
K20798,0,0,0,0,0,0,0,
K09164,0,0,0,0,0,0,0,
K03811,0,0,0,0,0,0,0,
K09813,0,0,0,0,0,0,0,
K09814,0,0,0,0,0,0,0,
K11753,0,0,0,0,0,0,0,
K03177,0,0,0,0,0,0,0,
K08167,0,0,0,0,0,0,0,
K02519,0,0,0,0,0,0,0,
K02834,0,0,0,0,0,0,0,
K02600,0,0,0,0,0,0,0,
K09748,0,0,0,0,0,0,0,
K01881,0,0,0,0,0,0,0,
K10563,0,0,0,0,0,0,0,
K06976,0,0,0,0,0,0,0,
K03526,0,0,0,0,0,0,0,
K11749,0,0,1,0,1,0,0,
K00099,0,0,0,0,0,0,0,
K06941,0,0,0,0,0,0,0,
K00981,0,0,0,0,0,0,0,
K02838,0,0,0,0,0,0,0,
K09903,0,0,0,0,0,0,0,
K02357,0,0,0,0,0,0,0,
K02967,0,0,0,0,0,0,0,
K03733,0,0,0,0,0,0,0,
K04096,0,0,0,0,0,0,0,
K07465,0,0,0,0,0,0,0,
K06402,0,0,0,0,0,0,0,
K07442,0,0,0,0,0,0,0,
K13527,0,0,0,0,0,0,0,
K20814,0,0,0,0,0,0,0,
K13570,0,0,0,0,0,0,0,
K03433,0,0,0,0,0,0,0,
K03432,0,0,0,0,0,0,0,
K13571,0,0,0,0,0,0,0,
K02500,0,0,0,0,0,0,0,
K17320,0,0,0,0,0,0,0,
K17319,0,0,0,0,0,0,0,
K12373,0,0,0,0,0,0,0,
K19701,0,0,0,0,0,0,0,
K01421,0,0,0,0,0,0,0,
K02440,0,0,0,0,0,0,0,
K03885,0,0,0,0,0,0,0,
K00232,0,0,0,0,0,0,0,
K00626,0,0,0,0,0,0,0,
K00059,0,0,0,0,0,0,0,
K06978,0,0,0,0,0,0,0,
K03305,0,0,0,0,0,0,0,
K22479,0,0,0,0,0,0,0,
K22479,0,0,0,0,0,0,0,
K12373,0,0,0,0,0,0,0,
K09992,0,0,0,0,0,0,0,
K05782,0,0,0,0,0,0,0,
K03574,0,0,0,0,0,0,0,
K11741,0,0,0,0,0,0,0,
K11741,0,0,0,0,0,0,0,
K07243,0,0,0,0,0,0,0,
K07224,0,0,0,0,0,0,0,
K16301,0,0,0,0,0,0,0,
K00320,0,0,0,0,0,0,0,
K01464,0,0,0,0,0,0,0,
K01431,0,0,0,0,0,0,0,
K15372,0,0,0,0,0,0,0,
K00140,0,0,0,0,0,0,0,
K23842,0,0,0,0,0,0,0,
K03783,0,0,0,0,0,0,0,
K01840,0,0,0,0,0,0,0,
K07229,0,0,0,0,0,0,0,
K01619,0,0,0,0,0,0,0,
K01488,0,0,0,0,0,0,0,
K00758,0,0,0,0,0,0,0,
K00389,0,0,0,0,0,0,0,
K23536,0,0,0,0,0,0,0,
K01489,0,0,0,0,0,0,0,
K23535,0,0,0,0,0,0,0,
K23537,0,0,0,0,0,0,0,
K07335,0,0,0,0,0,0,0,
K00971,0,0,0,0,0,0,0,
K00241,0,0,0,0,0,0,0,
K00242,0,0,0,0,0,0,0,
K00239,2,2,0,0,10,3,0,
K07058,0,0,0,0,0,0,0,
K00240,0,0,0,0,0,0,0,
K01867,0,0,0,0,0,0,0,
K08372,0,0,0,0,0,0,0,
K03117,0,0,0,0,0,0,0,
K03088,0,0,0,0,0,0,0,
K01255,0,0,0,0,0,0,0,
K00588,0,0,0,0,0,0,0,
K00796,0,0,0,0,0,0,0,
K01439,0,0,0,0,0,0,0,
K00674,0,0,0,0,0,0,0,
K01647,0,0,0,0,0,0,0,
K04517,0,0,0,0,0,0,0,
K18346,0,0,0,0,0,0,0,
K15525,0,0,0,0,0,0,0,
K06207,0,0,0,0,0,0,0,
K02031,0,0,0,0,0,3,0,
K13891,0,0,0,0,0,0,0,
K13890,0,0,0,0,0,0,0,
K13889,0,0,0,0,0,0,0,
K06193,0,0,0,0,0,0,0,
K06942,0,0,0,0,0,0,0,
K01990,0,0,0,0,0,0,0,
K09760,0,0,0,0,0,0,0,
K03527,0,0,0,0,0,0,0,
K03601,0,0,0,0,0,0,0,
K10112,0,0,0,0,0,0,0,
K03602,0,0,0,0,0,0,0,
K18352,0,0,0,0,0,0,0,
K18351,0,0,0,0,0,0,0,
K03282,0,0,0,0,0,0,0,
K02279,0,0,0,0,0,0,0,
K01434,0,0,0,0,0,0,0,
K01934,0,0,0,0,0,0,0,
K03790,0,0,0,0,0,0,0,
K02003,0,0,0,0,0,0,0,
K02004,0,0,0,0,0,0,0,
K08225,0,0,0,0,0,0,0,
K03168,0,0,0,0,0,0,0,
K00005,0,0,0,0,0,0,0,
K07284,0,0,1,0,0,0,0,
K02031,0,0,0,0,0,0,0,
K02034,0,0,0,0,0,0,0,
K02033,0,0,0,0,0,0,0,
K02026,0,0,0,0,0,0,0,
K09955,0,0,0,0,0,0,0,
K00991,0,0,0,0,0,0,0,
K07736,0,0,0,0,0,0,0,
K02036,0,0,0,0,0,0,0,
K02038,0,0,0,0,0,0,0,
K02037,0,0,0,0,0,0,0,
K02040,0,0,0,0,0,0,0,
K02168,0,0,0,0,0,0,0,
K07776,0,0,0,0,0,0,0,
K07768,0,0,0,0,0,0,0,
K02039,0,0,0,0,0,0,0,
K09012,0,0,0,0,0,0,0,
K09014,12,3,2,0,15,11,1,
K09015,0,0,0,0,0,0,0,
K05710,0,0,0,0,0,0,0,
K09013,1,0,0,0,1,0,0,
K11717,0,0,0,0,0,0,0,
K04488,0,0,0,0,0,0,0,
K07054,0,0,0,0,0,0,0,
K14998,0,0,0,0,0,0,0,
K00059,0,0,0,0,0,0,0,
K01462,0,0,0,0,0,0,0,
K09458,0,0,0,0,0,0,0,
K00648,0,0,0,0,0,0,0,
K02078,0,0,0,0,0,0,0,
K00163,0,0,0,0,0,0,0,
K02342,0,0,0,0,0,0,0,
K00790,0,0,0,0,0,0,0,
K00088,0,0,0,0,0,0,0,
K22491,0,0,0,0,0,0,0,
K18955,0,0,0,0,0,0,0,
K04078,0,0,0,0,0,0,0,
K06048,0,0,0,0,0,0,0,
K24163,0,0,0,0,0,0,0,
K02837,0,0,0,0,0,0,0,
K01754,0,0,0,0,0,0,0,
K05799,0,0,0,0,0,0,0,
K18928,0,0,0,0,0,0,0,
K18929,0,0,0,0,0,0,0,
K00782,0,0,0,0,0,0,0,
K23778,0,0,0,0,0,0,0,
K00661,0,0,0,0,0,0,0,
K23186,0,0,0,0,0,0,0,
K23187,0,0,0,0,0,0,0,
K23188,0,0,0,0,0,0,0,
K07396,0,0,0,0,0,0,0,
K17836,0,0,0,0,0,0,0,
K17836,0,0,0,0,0,0,0,
K02026,0,0,0,0,0,0,0,
K02025,0,0,0,0,0,0,0,
K02027,0,0,0,0,0,0,0,
K00946,0,0,0,0,0,0,0,
K01921,0,0,0,0,0,0,0,
K00057,0,0,0,0,0,0,0,
K00655,0,0,0,0,0,0,0,
K07778,0,0,0,0,0,0,0,
K07693,0,0,0,0,0,0,0,
K01990,0,0,0,0,0,0,0,
K00790,0,0,0,0,0,0,0,
K08972,0,0,0,0,0,0,0,
K03553,0,0,0,0,1,1,0,
K03565,0,0,0,0,0,0,0,
K10007,0,0,0,0,0,0,0,
K10006,0,0,0,0,0,0,0,
K10005,0,0,0,0,0,0,0,
K10008,0,0,0,0,0,0,0,
K06168,0,0,0,0,0,0,0,
K08256,0,0,0,0,0,0,0,
K03744,0,0,0,0,0,0,0,
K06215,5,0,3,0,3,2,0,
K03574,0,0,0,0,0,0,0,
K08681,0,0,0,0,0,0,0,
K18189,0,0,0,0,0,0,0,
K01159,0,0,0,0,0,0,0,
K03550,0,0,0,0,0,0,0,
K03551,0,0,0,0,0,0,0,
K03210,0,0,0,0,0,0,0,
K03072,0,0,0,0,0,0,0,
K03074,0,0,0,0,0,0,0,
K00759,0,0,0,0,0,0,0,
K01139,0,0,0,0,0,0,0,
K01971,0,0,0,0,0,0,0,
K01971,0,0,0,0,0,0,0,
K01069,0,0,0,0,0,0,0,
K01892,0,0,0,0,0,0,0,
K01876,0,0,0,0,0,0,0,
K06994,0,0,0,0,0,0,0,
K07478,0,0,0,0,0,0,0,
K02986,0,0,0,0,0,0,0,
K01872,0,0,0,0,0,0,0,
K07447,0,0,0,0,0,0,0,
K07082,0,0,0,0,0,0,0,
K01736,0,0,0,0,0,0,0,
K00891,0,0,0,0,0,0,0,
K01735,0,0,0,0,0,0,0,
K01126,0,0,0,0,0,0,0,
K06902,0,0,0,0,0,0,0,
K03786,0,0,0,0,0,0,0,
K02356,0,0,0,0,0,0,0,
K03625,0,0,0,0,0,0,0,
K02825,0,0,0,0,0,0,0,
K00609,0,0,0,0,0,0,0,
K01465,0,0,0,0,0,0,0,
K01956,0,0,0,0,0,0,0,
K01955,1,0,1,0,4,1,0,
K01591,0,0,0,0,0,0,0,
K01104,0,0,0,0,0,0,0,
K00942,0,0,0,0,0,0,0,
K03060,0,1,0,0,0,0,0,
K13038,0,0,0,0,0,0,0,
K00789,1,0,0,0,0,0,0,
K04066,0,0,0,0,0,0,0,
K00604,0,0,0,0,0,0,0,
K03500,0,0,0,0,0,0,0,
K01783,0,0,0,0,0,0,0,
K11752,0,0,0,0,0,0,0,
K00793,0,0,0,0,0,0,0,
K14652,0,0,0,0,0,0,0,
K03406,529,115,289,69,609,388,53,
K03811,0,0,0,0,0,0,0,
K06153,967,111,230,70,932,269,41,
K01118,735,60,47,44,847,72,12,
K06158,1223,188,338,96,1428,391,75,
K12979,1408,413,1067,163,1375,1141,107,
K21430,69,60,25,62,147,56,19,
K03789,80,28,28,15,74,55,16,
K01265,11,10,2,6,14,3,5,
K01754,845,443,187,550,875,381,167,
K09795,734,112,243,37,832,210,41,
K01687,173,34,41,24,203,87,8,
K06969,1727,65,120,29,1847,147,26,
K10563,255,35,106,36,328,200,13,
K00954,0,0,0,0,0,0,0,
K00154,1195,299,141,74,1674,194,146,
K01011,16,7,4,2,7,13,1,
K07506,0,0,0,0,0,0,0,
K07019,918,239,461,138,988,581,71,
K07263,1049,79,156,74,1274,300,41,
K08316,0,0,0,0,0,0,0,
K07263,2442,272,542,174,2730,692,86,
K03110,2524,696,1157,720,2529,1485,287,
K09812,984,353,456,203,1075,902,109,
K09811,1990,310,804,207,2329,1085,140,
K03089,5307,15335,5557,6673,4849,5931,3561,
K03814,109,11,33,23,89,27,5,
K03154,353,70,184,214,364,303,65,
K03149,2160,427,1117,300,2529,1890,144,
K03439,194,37,125,55,236,221,36,
K07559,0,0,0,0,0,0,0,
K02495,797,463,508,384,927,640,153,
K01519,1115,101,258,100,1163,564,68,
K00641,1465,148,339,83,1508,498,39,
K07090,60,1,4,0,108,3,0,
K03601,1442,433,658,382,1615,888,178,
K01649,7767,2946,4012,2977,10656,12575,1402,
K14287,700,179,308,84,672,492,56,
K03977,1877,382,620,196,2444,1028,103,
K17713,2498,462,1238,257,2678,1913,118,
K01892,1349,223,1128,209,1476,2470,99,
K03526,2480,750,1961,411,2536,2716,227,
K15539,2442,780,2695,382,2550,2652,269,
K02656,562,276,482,174,763,750,60,
K06941,1141,367,569,187,1125,671,125,
K04044,1631,650,1044,491,1798,2522,261,
K00940,0,0,0,0,0,0,0,
K04755,0,0,0,0,0,0,0,
K04082,1462,294,406,399,1774,875,107,
K04487,2023,1456,1119,1094,2183,2142,511,
K13628,0,0,0,0,0,0,0,
K04488,0,0,0,0,0,0,0,
K13643,2437,2276,1823,1057,2588,2532,533,
K00640,1610,2234,648,1038,1639,1109,535,
K15396,1400,95,397,104,1703,508,44,
K01092,1426,318,624,313,1312,1068,127,
K06077,0,0,0,0,0,0,0,
K03072,1426,233,945,139,1662,1290,87,
K03074,0,0,0,0,0,0,0,
K00773,2360,1018,2064,473,2303,2162,213,
K03210,0,0,0,0,0,0,0,
K07568,2116,477,999,319,2373,1267,129,
K07345,310,13,1,10,573,4,3,
K07347,376,0,0,0,574,3,0,
K15540,164,4,0,1,291,0,0,
K07345,70,2,3,0,78,0,0,
K07679,705,95,13,43,992,21,19,
K03824,1,0,0,0,3,0,0,
K07461,0,0,0,0,0,0,0,
K24843,220,47,52,22,304,416,10,
K24844,213,1,11,0,252,85,2,
K24845,0,0,0,0,0,0,0,
K01993,183,2,1,4,289,9,0,
K07496,12,0,0,2,20,2,0,
K07112,0,0,0,0,0,0,0,
K05592,323,12,15,9,436,46,8,
K04085,0,0,0,0,0,0,0,
K00962,499,319,104,124,711,436,53,
K05803,0,0,0,0,0,0,0,
K03177,379,200,200,66,623,266,33,
K02956,0,0,0,0,0,0,0,
K02834,112,6,8,12,85,56,4,
K08995,669,982,202,416,778,358,237,
K07504,2811,815,633,296,2868,932,164,
K22549,1160,70,211,48,1569,550,41,
K21061,706,87,292,48,850,702,60,
K22550,0,0,0,0,0,0,0,
K12658,1477,88,553,40,1833,1258,24,
K21062,11596,755,17239,364,13641,28238,542,
K13877,1836,276,3642,98,2110,4612,214,
K16090,155,11,20,5,194,72,7,
K13609,0,0,0,0,0,0,0,
K03790,420,32,74,15,394,114,9,
K21023,1463,233,224,189,1733,935,110,
K18100,753,69,80,37,763,87,33,
K06183,150,16,23,16,151,49,3,
K06978,0,0,0,0,0,0,0,
K18093,1131,54,78,14,1288,73,27,
K09934,754,50,129,17,848,135,20,
K06894,5230,260,1060,124,5297,1336,106,
K00368,27,0,2,0,22,7,0,
K01507,738,23,35,15,840,60,4,
K09933,2958,925,1313,517,3385,2421,228,
K03975,841,45,122,60,876,191,30,
K01141,0,0,0,0,0,0,0,
K03735,3,2,0,0,5,0,0,
K03735,2822,383,545,245,3332,939,166,
K04019,1710,79,173,43,1967,241,43,
K04023,1502,107,286,43,1726,361,55,
K01740,575,17,68,27,611,147,6,
K00111,922,59,130,16,1016,215,15,
K02444,1515,78,295,30,1722,309,26,
K04023,1208,39,80,27,1552,95,11,
K21023,4200,4104,2411,1419,5267,4615,976,
K07115,0,0,0,0,0,0,0,
K07304,0,0,0,0,0,0,0,
K00627,2478,396,496,166,3248,766,128,
K00163,5128,988,2187,536,5622,5286,412,
K00982,4172,555,1366,438,4733,2466,265,
K02843,1582,305,964,259,1663,1216,90,
K02841,1516,212,767,138,1547,868,90,
K02844,1545,272,711,203,1725,970,97,
K02848,793,115,298,160,1003,578,68,
K00612,3814,838,1901,555,4204,2641,254,
K06194,95,13,38,8,82,43,3,
K24847,837,31,36,29,844,62,23,
K09022,425,39,91,47,535,116,16,
K06876,654,246,195,120,723,249,109,
K01784,1519,730,466,553,1680,497,198,
K21006,2553,350,465,353,2379,606,190,
K21007,2204,277,443,219,1885,512,110,
K21008,442,66,190,50,441,228,38,
K21009,866,110,264,97,840,346,50,
K21010,0,0,0,0,0,0,0,
K21011,0,0,0,0,0,0,0,
K21012,0,0,0,0,0,0,0,
K00826,956,318,407,132,959,611,84,
K00382,3012,1655,1553,1085,3288,2314,577,
K09699,2675,869,2019,476,2970,3826,594,
K00167,1556,330,736,170,1714,1523,190,
K00166,3003,809,2288,314,3216,4153,404,
K25135,2302,851,1589,232,2298,2618,312,
K03719,0,0,0,0,0,0,0,
K03406,4044,1134,2556,434,5107,5105,356,
K14445,1657,227,838,97,2194,1814,101,
K01778,13,4,7,0,17,9,1,
K03543,134,17,23,12,136,52,1,
K07245,135,4,12,4,119,48,4,
K07156,280,31,92,41,298,195,26,
K03827,379,12,36,26,408,92,6,
K09017,1078,309,218,146,1099,254,77,
K00322,106,30,91,34,126,136,22,
K03734,3155,1048,1884,900,3770,2898,350,
K03288,0,0,0,0,0,0,0,
K03723,4337,670,1346,442,4873,1872,218,
K01207,56,23,36,16,62,76,5,
K01356,1185,814,331,467,1485,625,242,
K13053,486,187,140,133,726,281,70,
K03744,0,0,0,0,0,0,0,
K03168,1240,164,369,143,1620,729,62,
K00632,632,146,551,83,683,828,49,
K01825,6345,2691,2744,1251,8376,8747,855,
K15738,1974,932,1099,498,2245,2326,201,
K06149,0,0,0,0,0,0,0,
K12519,0,0,0,0,0,0,0,
K07345,137,3,0,0,221,1,1,
K10013,58,3,2,0,49,4,1,
K14287,128,10,2,4,204,9,3,
K03566,175,29,3,9,251,16,4,
K05349,880,19,41,27,1291,79,18,
K02016,203,4,9,4,286,63,0,
K02015,258,10,4,9,366,33,4,
K02013,131,2,2,1,151,17,0,
K02020,60,0,0,0,125,2,0,
K03475,499,13,4,9,788,6,2,
K11249,11,0,0,0,36,0,0,
K07178,30,5,1,3,26,2,0,
K12151,29,13,6,4,31,6,2,
K22041,39,2,0,1,68,4,0,
K03827,9,0,0,1,10,1,0,
K23016,25,2,1,1,40,5,2,
K01867,0,0,0,0,0,0,0,
K23015,275,51,2,31,339,7,16,
K23007,248,6,10,6,314,4,4,
K00041,354,8,8,4,554,32,0,
K02041,170,2,0,2,242,0,0,
K02044,206,4,2,0,306,6,0,
K02042,165,3,0,0,210,2,0,
K02042,320,0,0,0,513,0,1,
K22441,0,0,0,0,0,0,0,
K01011,107,14,5,2,109,13,1,
K09932,90,1,2,4,85,2,0,
K05845,276,95,55,52,590,126,17,
K05846,237,44,3,18,348,25,10,
K05847,270,12,15,14,494,28,4,
K05846,182,0,5,10,198,22,4,
K09012,261,39,2,32,424,13,10,
K11929,170,11,19,15,289,16,3,
K02750,619,18,6,2,821,8,17,
K03722,199,17,10,8,326,27,6,
K03744,200,6,6,3,254,14,2,
K07734,168,7,10,16,255,26,3,
K00766,276,55,24,40,419,119,12,
K00694,623,104,57,71,1042,152,35,
K20541,811,62,105,53,1218,214,10,
K20543,935,75,244,89,1490,677,41,
K20542,362,22,10,28,534,106,11,
K06970,192,10,2,6,238,22,6,
K03406,175,15,7,6,263,13,11,
K02028,9,0,0,0,24,0,0,
K02029,200,169,13,107,383,61,40,
K02030,161,135,27,103,341,41,29,
K06204,50,68,16,30,172,22,16,
K04047,60,4,3,6,87,4,1,
K02532,380,4,5,0,511,6,2,
K01193,416,18,3,10,456,26,2,
K00847,299,23,2,14,477,4,7,
K19334,0,0,0,0,0,0,0,
K11939,293,113,32,27,371,113,25,
K11934,0,0,0,0,0,0,0,
K03299,247,3,2,4,406,6,0,
K22131,313,13,12,9,305,31,3,
K22130,0,0,0,0,2,0,0,
K21948,102,8,10,13,100,9,7,
K08319,170,40,7,23,228,27,18,
K21964,179,48,9,3,277,48,6,
K21965,192,0,0,6,174,2,0,
K21966,575,12,8,3,896,26,0,
K21967,393,4,0,0,579,15,2,
K21968,202,1,2,0,240,2,0,
K02483,189,11,5,14,192,38,1,
K22650,0,0,0,0,0,0,0,
K21086,108,5,6,5,143,13,4,
K07345,1624,60,130,16,1669,952,8,
K15540,129,5,0,1,154,0,4,
K07347,649,3,2,7,986,22,0,
K07345,125,0,2,1,191,4,0,
K01077,180,46,3,47,371,14,7,
K05804,0,0,0,0,0,0,0,
K11209,110,6,0,2,131,2,0,
K01725,0,0,0,0,0,0,0,
K01673,111,3,0,0,145,7,0,
K11921,238,1,2,1,289,6,0,
K06158,116,23,25,27,154,32,4,
K21029,0,0,0,0,0,0,0,
K03750,149,22,32,26,198,58,10,
K13051,382,72,60,59,553,87,34,
K13892,401,35,19,37,576,77,12,
K13889,295,35,11,13,440,57,5,
K13890,280,5,8,8,338,38,2,
K13891,0,0,0,0,0,0,0,
K01070,0,0,0,0,0,0,0,
K00121,192,14,2,16,250,27,6,
K21959,277,33,13,19,374,29,10,
K01495,308,119,52,84,528,157,17,
K01995,46,2,3,1,50,8,2,
K01998,976,45,129,31,1230,198,40,
K01997,454,13,36,5,483,83,8,
K05799,1485,207,545,55,1502,895,84,
K19640,55,11,25,7,61,23,7,
K00381,741,358,357,175,806,696,75,
K04774,0,0,0,0,0,0,0,
K00548,5328,3062,1889,2347,6318,3078,915,
K00549,197,15,33,20,224,156,4,
K09962,1296,115,394,153,1480,1412,41,
K00799,250,5,11,2,357,18,1,
K09983,12,5,6,1,6,11,2,
K01449,15,3,3,4,12,10,2,
K07275,1027,343,439,228,1219,469,171,
K01873,1089,244,248,156,1361,358,106,
K03790,0,0,0,0,0,0,0,
K03623,312,9,26,57,341,30,9,
K06967,1304,177,272,50,1484,209,41,
K03808,725,140,134,83,689,148,33,
K03808,81,27,12,34,100,21,8,
K06192,0,0,0,0,0,0,0,
K03789,197,51,93,22,194,123,15,
K01673,0,0,0,0,0,0,0,
K04045,1266,139,365,78,1403,377,48,
K01114,2435,398,754,239,2509,1343,141,
K02106,2394,149,168,95,2574,469,29,
K00606,0,0,0,0,0,0,0,
K16264,278,17,26,15,293,43,5,
K07665,38,1,5,0,42,11,1,
K15725,1287,4,23,1,1222,24,9,
K15727,943,18,16,23,965,51,8,
K01952,703,124,685,51,881,577,42,
K02804,0,0,0,0,0,0,0,
K18691,1403,225,264,153,1875,356,62,
K03474,17,2,0,2,16,2,0,
K03584,828,286,418,123,823,917,63,
K03595,840,57,143,46,914,295,24,
K03685,1019,178,583,134,1037,1019,98,
K03596,1919,626,1861,424,1865,2116,295,
K03100,0,0,0,0,0,0,0,
K11720,2796,551,1215,344,2951,2065,118,
K07091,1937,427,1110,259,2057,1348,131,
K01255,3957,616,1791,637,3971,4044,270,
K02339,515,17,33,15,545,59,6,
K01873,5062,654,1998,651,5168,3434,233,
K06970,1110,82,115,37,1335,309,29,
K06899,955,101,226,67,1131,359,24,
K18917,0,0,0,0,0,0,0,
K03449,1314,190,559,99,1690,711,74,
K07461,0,0,0,0,0,0,0,
K05799,926,174,513,98,1127,663,108,
K13651,722,36,30,12,767,31,6,
K13655,202,33,50,10,286,51,15,
K07679,5719,951,1473,254,6653,1162,210,
K07345,740,40,30,7,872,21,7,
K07347,1601,249,198,87,1802,238,67,
K03406,980,127,187,18,1020,54,46,
K03701,1931,1364,1491,322,2129,1828,330,
K21407,0,0,0,0,0,0,0,
K09794,0,0,0,0,0,0,0,
K13587,1795,345,300,250,2019,505,136,
K07675,851,146,369,54,863,436,52,
K07689,1249,128,339,67,1503,442,51,
K02052,2402,255,826,145,3817,1139,85,
K02055,3530,355,617,186,5847,2102,133,
K02054,1966,127,197,74,2572,594,60,
K02053,1169,99,227,43,1468,449,31,
K19954,1632,21,138,30,1897,136,26,
K19954,2177,303,696,118,2860,1259,102,
K01783,1271,461,939,350,1468,1686,167,
K01091,1704,275,822,197,2003,1199,87,
K01657,2801,517,1382,406,3262,1841,166,
K01658,784,119,343,90,817,704,37,
K00766,1846,455,1484,271,2079,2229,152,
K01609,2053,369,1061,365,2440,2024,181,
K16869,10,1,3,2,14,9,0,
K10914,0,0,0,0,0,0,0,
K06134,775,76,231,44,804,342,24,
K07397,0,0,0,0,0,0,0,
K07124,933,477,509,147,1015,904,78,
K02503,0,0,0,0,0,0,0,
K00459,1966,277,405,182,2194,895,110,
K08973,1390,365,393,242,1602,710,101,
K00145,1886,674,1552,766,2176,2993,238,
K09001,51,4,2,3,42,9,1,
K15724,0,0,0,0,0,0,0,
K19304,1583,357,656,176,1921,823,130,
K01866,2417,814,1340,770,2679,2940,305,
K11904,338,0,15,2,315,36,1,
K06596,3354,189,212,116,3596,472,79,
K11903,0,0,0,0,0,0,0,
K06598,0,0,0,0,0,0,0,
K02660,2569,237,727,161,2836,1147,147,
K02659,1042,82,297,49,1237,448,36,
K02658,728,103,396,88,867,668,43,
K02657,1642,617,1337,265,1969,1488,197,
K01920,2186,360,553,290,2586,1163,154,
K03832,1518,91,144,68,1701,199,30,
K07735,1009,331,479,194,1145,625,131,
K07447,774,104,218,78,989,263,55,
K02825,724,69,139,47,865,288,29,
K00609,1496,189,449,185,1676,989,74,
K01465,1212,285,441,226,1212,984,135,
K02669,1422,368,333,155,1318,382,88,
K19303,0,0,0,0,0,0,0,
K06997,1156,1135,437,530,1498,572,326,
K00286,1955,1074,1153,687,2278,2391,479,
K02221,1404,574,655,269,1764,1214,166,
K09131,582,133,160,90,649,343,55,
K11016,13,0,4,2,22,13,0,
K11017,2623,123,507,103,3935,1157,48,
K01129,3023,58,263,46,3171,256,29,
K05594,503,123,165,82,661,446,42,
K03455,1706,1335,701,928,1868,1335,441,
K03320,0,0,0,0,0,0,0,
K06177,854,103,193,58,830,343,27,
K03638,988,320,491,287,1008,742,119,
K03750,260,72,237,57,225,292,21,
K16011,808,39,79,46,702,89,26,
K07029,370,102,182,166,408,194,97,
K03415,1987,3029,1221,2072,2496,1346,860,
K07140,912,156,337,145,929,702,52,
K09913,0,0,0,0,0,0,0,
K03313,16,10,8,5,33,23,3,
K07137,1120,125,142,63,1038,179,30,
K08985,1291,187,474,160,1194,579,54,
K15977,0,0,0,0,0,0,0,
K09930,699,32,91,23,790,116,30,
K01996,406,18,7,6,565,8,16,
K01995,116,19,98,8,119,68,8,
K01998,1786,334,1024,128,1994,1291,118,
K01997,1853,239,587,104,2369,980,62,
K01999,1755,368,522,106,2309,793,92,
K21023,1976,153,614,104,2013,777,67,
K00020,128,29,71,9,141,71,11,
K03580,1602,25,50,18,1800,51,9,
K06940,0,0,0,0,0,0,0,
K23677,0,0,0,0,0,0,0,
K03566,586,73,52,18,759,86,18,
K00148,146,1,7,2,117,15,1,
K00302,2736,315,1446,179,3229,2263,201,
K01433,0,0,0,0,0,0,0,
K00305,0,0,0,0,0,0,0,
K00303,1432,126,519,91,1792,872,88,
K00304,0,0,0,0,0,0,0,
K00600,2551,219,1089,173,3028,1487,127,
K01620,2028,330,554,164,2152,978,120,
K03457,1467,69,134,45,1478,199,22,
K21832,172,24,78,11,234,50,18,
K01506,0,0,0,0,0,0,0,
K00479,573,21,169,13,665,233,16,
K03333,2720,31,25,7,3344,41,8,
K03521,916,6,21,1,912,4,0,
K03522,0,0,1,0,0,0,0,
K21834,1741,135,1297,153,2008,1670,157,
K07552,75,0,1,1,95,1,0,
K06183,172,7,10,13,223,13,4,
K19789,170,18,17,16,223,28,10,
K06899,26,5,6,4,25,5,1,
K02897,0,0,0,0,0,0,0,
K09904,70,23,7,9,92,11,4,
K07014,298,79,23,20,411,83,10,
K12149,0,0,0,0,0,0,0,
K03762,210,16,4,10,317,22,2,
K02078,35,7,9,5,62,22,3,
K02078,24,11,5,8,52,24,2,
K07107,51,17,0,1,58,2,0,
K03634,95,3,0,0,97,0,4,
K00647,199,12,2,10,298,10,4,
K00059,135,8,2,1,188,12,4,
K06987,37,6,3,8,67,7,1,
K02654,371,4,4,0,495,34,0,
K02463,209,10,10,10,367,27,4,
K02461,141,0,2,0,190,12,1,
K02462,0,0,0,0,0,0,0,
K02460,293,0,2,4,453,13,0,
K02459,193,0,3,1,278,17,0,
K02458,33,0,0,0,44,0,0,
K02457,2,0,0,0,2,0,0,
K02455,10,0,0,0,16,1,0,
K02456,0,0,0,0,0,0,0,
K02454,139,0,2,0,186,8,0,
K02453,316,4,4,4,481,11,0,
K02452,170,4,0,3,214,8,0,
K01200,776,28,6,31,1274,24,6,
K02451,60,0,0,3,87,2,4,
K02465,18,11,2,5,22,1,1,
K02050,547,2,4,2,849,4,0,
K09476,439,3,4,0,626,0,0,
K07507,183,0,4,0,289,4,0,
K08172,184,16,4,12,230,8,2,
K04064,49,1,2,0,81,0,1,
K09475,95,11,2,10,236,9,3,
K07676,90,14,9,15,105,10,1,
K07677,43,2,0,1,54,0,1,
K07687,0,0,0,0,0,0,0,
K02469,618,51,22,50,669,62,30,
K00568,225,43,8,24,273,58,16,
K00525,574,64,69,105,865,139,18,
K00526,48,13,6,10,94,15,8,
K03742,94,14,3,6,130,17,0,
K11107,0,0,0,0,0,0,0,
K03834,237,6,10,3,331,15,2,
K03781,79,7,5,0,144,41,2,
K01911,13,1,0,3,28,2,1,
K02549,194,26,29,18,274,98,6,
K01661,127,26,32,8,194,105,11,
K02551,200,34,42,32,310,114,14,
K08680,0,0,0,0,0,0,0,
K02552,538,94,32,31,677,160,32,
K13688,1948,70,59,79,2798,121,28,
K05594,1,1,2,0,2,0,0,
K15270,244,2,4,0,328,6,1,
K00343,121,4,7,0,182,10,0,
K00342,253,18,10,19,353,275,7,
K00341,560,34,59,17,812,366,15,
K00336,439,64,52,45,643,362,30,
K00340,0,0,0,0,0,0,0,
K00339,0,0,0,0,0,0,0,
K00338,0,0,0,0,0,0,0,
K00337,0,0,0,0,0,0,0,
K00335,440,133,117,80,708,359,48,
K13378,394,90,110,67,542,278,29,
K00334,0,0,0,0,0,0,0,
K00331,297,133,45,74,396,158,33,
K00330,306,169,61,80,401,157,31,
K14260,158,21,6,24,262,16,3,
K08722,0,0,0,0,0,0,0,
K19270,235,10,34,7,341,120,3,
K09161,198,64,25,42,290,169,14,
K09899,191,28,37,10,273,147,22,
K00925,619,221,139,78,851,575,66,
K13788,236,34,5,14,330,103,8,
K00615,28,1,0,1,60,3,2,
K03475,220,1,0,9,365,18,9,
K02822,135,2,3,1,229,4,8,
K02821,131,6,0,2,157,4,8,
K06145,100,13,0,7,129,18,10,
K22110,0,0,0,0,0,0,0,
K10192,268,4,2,0,401,2,0,
K10195,272,10,2,2,444,10,4,
K10194,197,3,4,0,252,0,0,
K10193,379,8,2,4,573,6,6,
K01823,202,4,4,2,293,9,2,
K07095,216,32,24,33,342,69,11,
K22994,173,14,6,2,316,4,4,
K00065,0,0,0,0,0,0,0,
K16210,445,4,8,2,548,2,0,
K01730,238,22,2,4,408,18,10,
K04782,0,0,0,0,0,0,0,
K13735,596,89,32,53,879,116,22,
K11209,246,76,17,37,433,67,16,
K07589,76,14,10,8,140,21,2,
K07345,58,13,1,10,90,12,2,
K07071,0,0,0,0,0,0,0,
K10017,286,4,0,7,360,4,2,
K10015,95,23,0,21,140,14,10,
K10016,65,27,10,14,134,21,14,
K10014,203,43,11,70,434,19,15,
K00764,337,230,46,115,763,148,66,
K03186,0,0,0,0,0,0,0,
K03558,183,56,21,35,260,101,6,
K03749,167,39,26,18,255,62,1,
K11754,217,13,8,34,341,47,5,
K01963,222,36,29,37,367,87,11,
K03975,196,53,58,38,236,123,17,
K06173,119,14,9,7,153,24,2,
K00133,141,8,11,2,146,25,8,
K03473,161,16,9,17,225,34,7,
K21964,0,0,0,0,0,0,0,
K25180,190,23,2,22,260,22,7,
K25181,115,8,2,3,141,20,0,
K25182,220,18,2,2,303,24,9,
K25183,162,13,9,11,265,58,4,
K23777,205,8,15,6,298,34,3,
K11927,239,9,0,30,266,8,2,
K05541,22,1,0,1,28,0,0,
K00675,0,0,0,0,0,0,0,
K03585,302,68,34,37,474,75,26,
K11738,23,1,0,1,26,1,0,
K03975,1,0,0,0,1,0,0,
K01251,363,60,8,27,491,80,12,
K07262,170,12,4,11,277,22,7,
K09781,205,6,18,10,404,63,2,
K02003,514,21,68,10,574,111,10,
K02004,1508,39,47,8,1626,75,8,
K21695,0,0,0,0,0,0,0,
K00090,123,21,22,5,119,28,9,
K07506,1561,232,143,82,1731,192,95,
K09474,0,0,0,0,2,0,0,
K02002,1230,33,46,14,1489,100,18,
K18013,1188,9,22,6,1225,37,3,
K17735,1086,21,37,21,1405,65,12,
K07107,508,7,24,7,514,26,5,
K00471,980,18,41,10,1084,46,4,
K21826,692,19,31,19,793,36,3,
K18816,0,0,0,0,0,0,0,
K01752,2933,5866,1185,1413,5134,1595,2161,
K02002,2741,557,1327,165,3554,1710,245,
K02001,301,32,54,12,366,79,14,
K02168,158,13,33,7,158,20,5,
K02000,0,0,0,0,0,0,0,
K02167,1197,1187,547,593,1190,550,293,
K00130,2302,969,797,729,2536,1172,328,
K00108,2603,232,799,192,2641,1050,119,
K18326,1550,102,256,78,2052,417,75,
K05591,2000,237,474,132,2247,735,65,
K00459,0,0,0,0,0,0,0,
K20329,0,0,0,0,0,0,0,
K07347,1203,10,27,6,1255,82,2,
K15540,1422,4,22,3,1932,80,2,
K07345,1598,12,51,5,1632,111,0,
K01923,1057,65,167,24,773,350,13,
K07287,1570,387,2711,236,1557,2171,185,
K01714,3442,868,3281,490,3330,4187,282,
K03567,127,11,4,8,142,3,1,
K03548,67,6,10,4,71,13,3,
K03564,0,0,0,0,0,0,0,
K04085,530,85,109,84,664,159,26,
K00602,210,28,33,19,333,99,5,
K01945,93,12,14,9,191,49,7,
K05787,57,9,1,4,50,10,2,
K09891,1146,495,561,128,1751,1016,74,
K05982,50,9,8,6,61,18,3,
K01599,169,48,11,16,297,54,8,
K03426,345,33,26,34,597,135,18,
K07740,496,178,71,56,1114,203,16,
K03147,437,5,3,0,673,9,0,
K00788,81,5,1,6,136,4,0,
K03148,43,1,0,0,38,1,1,
K03046,459,15,17,17,662,121,6,
K03154,0,0,0,0,0,0,0,
K03149,0,0,0,0,0,0,0,
K08172,0,0,0,0,0,0,0,
K03150,0,0,0,0,0,0,0,
K03043,4010,649,1034,295,6280,8098,198,
K02935,129,33,40,35,250,111,6,
K02864,1699,367,357,117,2432,2028,65,
K02863,2417,610,517,301,3573,2985,119,
K02867,618,135,89,90,766,738,30,
K02601,767,223,209,92,940,790,57,
K03073,371,133,331,180,516,693,71,
K16922,2687,109,419,118,3115,958,91,
K14340,2784,287,750,172,3270,784,155,
K13472,1778,969,946,470,1967,892,283,
K19055,1041,631,616,163,1288,637,170,
K19092,0,0,0,0,0,0,0,
K06075,870,675,638,317,855,776,225,
K21695,118,0,3,4,128,10,1,
K02453,138,3,0,0,148,2,1,
K02461,487,8,12,6,445,21,1,
K02462,0,0,0,0,0,0,0,
K02460,420,10,11,2,442,14,7,
K02456,188,4,17,2,226,19,2,
K02452,77,1,2,0,94,1,0,
K02458,0,0,0,0,0,0,0,
K02457,392,3,4,4,423,4,2,
K07165,200,4,1,4,171,6,0,
K02459,0,0,0,0,0,0,0,
K15371,1254,257,414,378,1245,456,139,
K03668,0,0,0,0,0,0,0,
K03924,1258,243,338,209,1253,641,59,
K07114,637,65,127,56,646,203,29,
K03430,1135,95,61,87,1403,93,36,
K05306,374,18,33,28,388,57,8,
K01505,0,0,0,0,0,0,0,
K00219,891,87,246,57,1052,241,42,
K12262,0,0,0,0,0,0,0,
K03770,1737,912,532,210,2455,1048,364,
K01338,18173,7102,18481,2518,18795,23780,1705,
K03530,0,0,0,0,0,0,0,
K03544,14873,19150,9838,6727,20927,18795,4808,
K01358,492,854,497,263,601,555,191,
K03545,2703,2056,2690,1627,3315,3493,632,
K03893,23,0,2,0,48,4,0,
K09977,91,10,25,16,114,33,7,
K00858,1482,675,605,469,1569,931,236,
K02441,734,361,367,359,900,415,234,
K09916,302,235,157,81,356,241,67,
K01256,2676,1489,1158,781,3136,2303,576,
K03321,219,80,137,40,234,182,44,
K07003,3008,555,853,263,3633,922,247,
K18138,260,21,41,10,273,33,8,
K07404,0,0,0,0,0,0,0,
K03585,1276,25,147,49,1449,209,24,
K02483,915,105,209,140,1017,283,41,
K01692,1244,451,569,340,1360,1288,153,
K03426,73,9,24,4,99,20,3,
K07090,0,0,0,0,0,0,0,
K02014,713,7,15,14,706,22,8,
K15553,0,0,0,0,0,0,0,
K09022,0,0,0,0,0,0,0,
K01273,2084,678,78,760,2270,116,198,
K15553,998,22,29,30,1243,42,8,
K15555,437,80,31,124,494,104,48,
K15554,762,197,96,297,908,119,118,
K24700,786,147,20,266,969,41,83,
K03088,685,84,190,34,708,199,31,
K07165,1002,36,84,34,1006,115,16,
K16087,3506,65,87,15,3932,127,15,
K05807,241,88,104,54,407,145,26,
K03641,963,388,158,154,1184,922,93,
K03640,0,0,0,0,0,0,0,
K03646,616,405,149,189,1073,412,81,
K03559,71,14,6,10,60,13,10,
K03562,100,59,12,26,197,43,12,
K07107,31,10,2,6,50,6,2,
K00426,17,8,4,2,35,7,2,
K00425,2732,827,427,418,3316,4803,277,
K00424,0,0,0,0,0,0,0,
K01902,514,383,169,174,836,818,114,
K01903,296,36,82,34,380,293,13,
K00164,622,153,152,123,966,738,44,
K00658,0,0,0,0,0,0,0,
K00239,543,126,76,102,981,294,23,
K00240,0,0,0,0,0,0,0,
K00242,70,20,26,33,175,61,5,
K00241,210,44,42,36,293,85,15,
K01647,232,94,62,48,402,132,15,
K05522,14,2,0,1,19,4,2,
K01304,60,4,0,0,79,9,2,
K07160,103,1,1,0,139,16,0,
K23124,110,4,9,9,209,22,1,
K23123,164,7,0,14,255,12,3,
K01669,304,41,51,38,429,110,14,
K01546,271,0,0,0,378,10,0,
K01547,289,2,0,1,460,14,0,
K01548,173,20,40,4,235,66,9,
K07646,535,8,30,14,729,38,11,
K07667,16,5,2,0,19,6,1,
K01835,148,4,1,4,133,17,6,
K10947,0,0,0,0,0,0,0,
K03645,208,78,28,30,295,132,5,
K01175,50,6,2,8,55,7,0,
K12373,107,30,8,11,128,20,2,
K03839,0,0,0,0,0,0,0,
K03711,0,0,0,0,0,0,0,
K05685,220,2,0,3,318,6,1,
K13888,21,0,0,0,26,0,0,
K03673,184,0,0,2,358,0,0,
K01886,188,0,5,0,216,3,0,
K02804,560,173,71,77,712,277,31,
K02564,256,76,24,34,327,61,15,
K01443,278,113,23,52,385,105,40,
K02565,201,41,9,20,248,47,11,
K02566,203,15,16,24,296,12,9,
K01953,433,106,31,60,467,120,22,
K03184,347,136,205,56,642,255,31,
K06168,337,95,33,49,513,75,28,
K06193,94,5,0,7,142,2,0,
K06217,628,296,185,167,779,574,112,
K07042,285,123,39,61,378,106,45,
K06189,302,140,106,101,402,149,42,
K03820,306,16,5,15,460,30,7,
K10001,843,597,244,315,2568,329,123,
K10003,230,169,23,75,539,54,30,
K10002,127,44,16,32,326,20,6,
K10004,287,58,23,42,493,32,24,
K01250,307,22,24,32,399,62,11,
K01869,631,116,108,70,1031,266,38,
K03643,137,61,54,21,237,100,13,
K02340,79,6,4,5,106,8,5,
K00969,55,13,4,1,112,11,3,
K09710,64,32,40,8,155,24,9,
K00783,99,32,34,6,162,31,10,
K05515,443,21,12,15,579,19,1,
K05837,195,0,6,6,304,4,0,
K03642,261,17,24,20,376,49,7,
K07258,305,92,23,34,432,57,8,
K09158,182,135,29,72,326,77,20,
K03801,166,18,3,12,239,13,1,
K03644,243,143,37,50,367,118,12,
K03425,21,30,5,4,52,15,3,
K18968,451,261,48,133,883,102,54,
K06199,186,76,16,17,268,18,8,
K03704,0,0,0,0,1,0,0,
K03811,148,42,28,19,267,78,3,
K03326,375,33,4,16,583,16,4,
K01805,241,6,4,10,415,7,5,
K10439,247,14,7,7,411,24,2,
K10440,205,5,5,2,273,10,1,
K23238,207,66,62,22,237,141,5,
K01666,4,0,0,0,2,0,0,
K00852,0,0,0,0,0,0,0,
K04073,287,2,2,7,387,31,2,
K02554,191,0,4,2,385,2,2,
K05714,125,1,0,0,219,0,0,
K05713,142,2,0,4,180,4,2,
K00529,307,8,1,6,591,6,1,
K05711,208,2,0,2,366,0,0,
K05708,160,10,0,3,318,3,0,
K05710,0,0,0,0,0,0,0,
K05709,0,0,0,0,0,0,0,
K05817,62,1,4,1,114,1,1,
K19055,13,1,0,0,14,0,0,
K04016,195,6,22,2,285,100,4,
K04018,0,0,0,0,0,0,0,
K02200,0,0,0,0,0,0,0,
K04015,500,8,67,4,700,390,6,
K04014,208,10,19,2,320,275,4,
K03385,573,57,58,21,574,543,14,
K04013,0,0,0,0,0,0,0,
K07052,233,3,0,0,337,6,0,
K07274,0,0,0,0,0,0,0,
K06867,189,31,8,6,269,35,5,
K02381,284,5,2,8,411,29,4,
K06901,384,4,6,6,511,25,0,
K00926,294,0,0,2,473,6,2,
K01485,1,0,0,0,3,0,0,
K02847,97,3,0,1,147,6,1,
K11192,552,10,4,2,778,7,3,
K07106,278,14,6,15,390,34,9,
K15835,239,7,3,4,321,1,0,
K01207,439,4,0,4,692,0,2,
K07347,543,6,8,6,961,0,0,
K15540,359,2,0,0,519,0,0,
K07345,180,1,0,3,323,0,1,
K03367,7086,142,250,86,6911,444,95,
K07345,1409,112,92,31,1650,109,21,
K12518,2608,200,268,59,2979,245,50,
K12519,611,29,57,28,761,62,7,
K07679,1527,46,254,36,1662,193,32,
K07690,0,0,0,0,0,0,0,
K01584,843,6,0,6,1110,4,2,
K03759,407,0,4,0,707,1,0,
K24087,190,38,18,11,219,38,1,
K03152,195,18,17,5,286,67,3,
K00558,349,163,72,49,501,103,21,
K07458,0,0,0,0,0,0,0,
K02946,5183,2954,5999,1955,5425,10307,665,
K02906,7052,3299,6545,3028,8198,21147,934,
K02926,5592,2118,5758,2416,6841,17177,722,
K02892,2639,992,2548,733,2847,5046,258,
K02886,15518,5420,16058,3451,17117,32566,1436,
K02965,3953,1153,4754,885,4379,7224,397,
K02890,4998,1758,5053,1125,5940,8553,447,
K02982,10740,3448,10209,2335,12398,17131,861,
K02878,6561,1367,3913,949,8063,8401,292,
K02904,1600,329,1370,245,1820,2111,91,
K02961,4095,1032,2646,543,4573,4981,262,
K02874,12361,2639,8606,1155,13336,13857,626,
K02895,7996,2038,7102,1268,8445,10145,787,
K02931,21809,5233,18322,1977,23701,27633,1189,
K02954,9455,2688,11985,1237,9570,10627,772,
K02994,14581,3916,8279,2562,13065,14609,865,
K02933,19189,4571,13861,2446,18974,22023,1124,
K02881,6274,1383,4016,1066,6088,9011,437,
K02988,10901,2144,6219,1275,10982,16154,500,
K02907,881,158,534,116,990,1443,53,
K02876,5100,825,4634,964,5876,10239,321,
K03076,25729,5787,21316,3422,27426,45130,1451,
K02952,9119,3184,7209,1996,9444,11062,776,
K02948,6003,1934,3385,1078,6482,7682,328,
K02986,11840,4180,6223,2476,12153,14316,840,
K03040,23019,7029,16779,3635,24207,27513,1676,
K03701,223,41,82,28,220,110,18,
K02879,0,0,0,0,0,0,0,
K03781,0,0,0,0,0,0,0,
K03594,0,0,0,0,0,0,0,
K03111,0,0,0,0,0,0,0,
K02036,1750,121,222,68,2150,534,42,
K02039,1191,165,437,75,976,473,58,
K03413,3392,2345,3005,2869,3489,4087,1057,
K03699,35,0,4,3,33,2,1,
K07636,2283,125,256,97,2478,307,46,
K07657,1146,97,138,59,1262,162,21,
K03179,1141,257,324,114,1129,324,88,
K03181,942,76,305,55,1177,461,15,
K05297,2915,912,1893,727,3194,3549,415,
K05787,1809,2068,913,504,2997,1182,516,
K11904,1414,69,145,37,1433,184,21,
K03556,2428,978,1133,747,3024,1806,488,
K00567,729,436,339,290,877,581,127,
K19734,133,9,29,4,127,8,0,
K22956,7,0,1,0,6,0,0,
K02078,183,4,8,3,228,14,3,
K00059,1005,17,36,5,1127,55,5,
K05524,409,10,8,6,460,20,4,
K09516,2180,42,80,18,2547,126,11,
K00648,0,0,0,0,0,0,0,
K15898,1021,187,751,147,1282,1217,102,
K15897,1280,198,383,111,1446,536,62,
K15899,176,38,171,27,160,153,17,
K15894,0,0,0,0,0,0,0,
K01790,0,0,0,0,0,0,0,
K01709,0,0,0,0,0,0,0,
K00978,0,0,0,0,0,0,0,
K02397,1647,150,620,103,1948,1223,64,
K02396,6658,2435,4386,1465,9436,7882,755,
K02395,4704,2857,3406,1926,6137,5313,787,
K02394,1867,259,965,203,2234,1297,154,
K02393,925,158,421,84,1103,665,75,
K14744,155,5,0,2,228,0,0,
K01185,237,3,0,2,320,2,0,
K07491,254,3,0,3,342,2,0,
K06907,302,0,0,5,417,10,0,
K06907,557,2,7,6,906,8,1,
K06907,481,7,6,12,808,17,8,
K11904,556,6,2,4,877,21,3,
K06903,139,1,2,0,189,3,0,
K07480,64,0,0,0,101,0,0,
K03610,1182,739,898,364,1381,1122,180,
K03609,3817,2392,1686,1863,4208,5357,604,
K03608,742,446,439,373,731,585,160,
K06177,979,57,95,57,987,135,25,
K01267,2397,1141,659,708,2938,1394,317,
K22044,1300,160,167,82,1629,279,42,
K02052,492,53,121,26,605,208,26,
K00344,85,14,69,19,75,45,15,
K03797,4960,3375,3156,1737,5700,5067,1175,
K03773,2020,2459,1220,1376,2424,1474,675,
K05600,774,37,98,31,945,161,17,
K11311,878,35,198,39,945,254,22,
K11734,2402,405,739,283,2489,1027,191,
K00375,50,1,1,1,74,2,2,
K05782,0,0,0,0,0,0,0,
K00453,992,102,355,148,1087,627,47,
K07130,2171,410,653,312,2170,1768,96,
K06995,1094,27,299,18,1387,337,10,
K00020,0,0,0,0,0,0,0,
K00140,1435,267,1983,281,1536,2647,260,
K21021,467,85,245,55,561,486,53,
K03581,300,58,138,21,346,129,22,
K03582,2493,232,878,155,2950,1204,127,
K03583,3432,248,725,161,3728,1240,126,
K03566,1252,34,18,26,1636,69,19,
K08219,1456,36,49,27,1516,101,20,
K03602,430,119,106,40,378,159,14,
K00795,1075,291,385,223,1020,643,158,
K01662,3094,838,1575,682,3396,2221,332,
K16092,1795,39,120,33,2030,168,26,
K06858,135,11,32,6,183,32,5,
K01497,372,70,178,54,428,268,14,
K01095,33,10,8,1,41,5,1,
K00946,789,102,246,59,742,372,61,
K03625,587,86,363,85,620,498,72,
K14652,1858,579,997,434,1775,1777,119,
K00794,0,0,0,0,0,0,0,
K00793,448,69,144,62,480,334,28,
K11752,1316,312,734,269,1575,1093,88,
K07738,1464,377,1015,333,1518,1254,169,
K22843,1091,105,129,40,1249,235,35,
K05838,1055,584,910,262,1376,1018,168,
K02004,1234,120,230,151,1457,345,51,
K09950,818,141,360,142,790,596,67,
K01784,93,6,16,2,104,11,3,
K07275,0,0,0,0,0,0,0,
K07001,1728,122,476,118,2024,610,83,
K12678,2150,68,157,51,2307,203,23,
K22025,0,0,0,0,0,0,0,
K13021,935,135,106,43,1014,231,43,
K05799,231,5,1,2,292,4,0,
K24206,1983,82,286,74,2086,376,41,
K01483,184,10,26,2,228,45,3,
K01477,1038,114,208,29,1264,338,37,
K13485,146,8,30,2,178,53,7,
K16842,716,124,217,46,829,339,42,
K06901,1486,210,589,58,1425,690,85,
K07127,0,0,0,0,0,0,0,
K05825,852,358,173,333,951,325,130,
K17737,99,61,92,22,127,139,14,
K00799,0,0,0,0,0,0,0,
K03300,1519,52,60,31,1531,135,18,
K01495,446,32,62,20,516,106,6,
K07320,309,53,74,19,451,107,13,
K06889,1786,2034,1513,1663,1980,1403,554,
K01736,2473,745,1070,527,2662,1515,249,
K05820,1356,45,121,49,1771,189,40,
K08967,351,157,180,105,316,289,58,
K13776,3044,351,546,172,4037,876,254,
K06867,1665,374,1032,231,1963,1420,92,
K15540,1167,77,66,24,1573,73,21,
K07347,3532,400,624,150,4225,791,128,
K09771,0,0,0,0,0,0,0,
K09898,0,0,0,0,0,0,0,
K01953,1815,333,328,285,2153,558,121,
K15461,2383,627,228,627,2684,627,213,
K23753,2484,856,1069,496,2587,1794,280,
K00626,2076,391,616,217,2942,1404,184,
K01679,83,34,30,13,150,77,9,
K09924,2328,1197,905,721,2622,1872,338,
K05527,768,471,458,358,797,654,143,
K07146,1689,807,554,491,1683,793,142,
K07396,621,182,454,128,693,494,81,
K06148,2408,277,942,147,2697,822,83,
K21023,4187,1493,1508,580,4744,2068,348,
K22292,768,160,246,82,1085,505,69,
K00568,0,0,1,0,8,4,0,
K12960,1814,207,523,103,1923,1110,77,
K08963,1841,86,213,103,2223,700,54,
K02469,5460,1156,2536,880,5817,5770,427,
K00831,2438,571,1414,316,2400,2825,176,
K14170,2669,615,1932,333,2913,3117,203,
K00817,1904,283,1123,201,2193,1993,101,
K24018,5075,1415,3759,859,5616,6122,554,
K00945,1848,777,2044,425,2094,2432,207,
K02945,40969,14338,31957,5381,38722,51791,3551,
K05788,0,0,0,0,0,0,0,
K02473,1656,998,842,364,2158,1270,219,
K02474,947,514,572,152,1096,784,92,
K01953,3335,628,1476,179,4241,1912,122,
K13007,2825,631,924,295,3263,737,147,
K24300,6663,3934,4360,1442,7846,4131,866,
K02237,3,9,1,2,9,3,0,
K16137,546,87,78,63,768,139,20,
K16238,659,376,352,137,761,325,105,
K09967,0,0,0,0,0,0,0,
K01545,81,0,3,1,88,1,0,
K01546,1716,48,64,17,2137,109,22,
K01547,2151,29,44,25,2235,64,17,
K01548,679,16,21,20,870,52,12,
K07646,2170,150,224,112,2381,354,74,
K07001,35,3,9,3,62,13,1,
K07667,0,0,0,0,0,0,0,
K03406,1356,1020,997,358,1613,1373,360,
K03424,7235,5904,6538,1508,7207,8201,1386,
K18691,2341,284,646,216,2765,812,81,
K15977,78,4,10,6,67,22,0,
K02004,1281,173,304,86,1358,439,68,
K07690,0,0,0,0,0,0,0,
K04760,0,0,0,0,0,0,0,
K02003,640,105,131,67,675,263,31,
K10804,1136,645,427,321,1418,690,180,
K16291,2082,801,1209,505,2443,1606,261,
K01626,5805,4946,36520,1382,5873,13779,1061,
K06975,0,0,0,0,0,0,0,
K00077,1024,148,297,143,1216,563,72,
K13634,2014,1477,913,854,2357,1717,320,
K02356,1913,1172,2250,364,1495,1472,240,
K04063,207,282,127,78,236,221,55,
K23775,225,179,147,65,242,157,36,
K07090,23,0,1,0,12,2,0,
K01626,82,5,11,5,104,34,2,
K09927,0,0,0,0,0,0,0,
K05592,2407,367,1311,417,2419,1878,118,
K15777,76,2,4,3,74,7,7,
K03799,147,26,20,14,106,33,8,
K00569,0,0,0,0,0,0,0,
K14260,5501,11235,4414,4047,6103,5855,2248,
K20973,1712,382,594,284,1853,969,140,
K07305,0,0,0,0,0,0,0,
K00432,0,0,0,0,0,0,0,
K23775,9,5,4,2,11,15,4,
K06923,0,0,0,0,0,0,0,
K08968,0,0,0,0,0,0,0,
K07690,559,5,23,10,716,14,7,
K11910,1786,119,233,63,1775,659,35,
K11901,565,49,64,12,624,236,9,
K11900,1643,86,191,27,1578,628,8,
K11905,223,13,28,3,241,100,5,
K11896,1309,46,90,32,1479,170,26,
K11895,579,19,32,4,694,60,6,
K11907,2011,55,118,25,2118,213,29,
K11914,958,29,61,9,946,68,3,
K11894,670,10,41,9,656,56,4,
K11906,341,3,9,2,419,11,2,
K11893,1021,40,226,17,1001,295,16,
K11892,800,21,23,3,822,67,7,
K11891,2709,82,146,38,2751,231,37,
K11915,366,2,18,3,432,47,8,
K01894,939,85,125,56,1021,111,19,
K06204,901,87,164,81,1106,245,36,
K06206,441,11,93,22,481,176,5,
K25132,916,112,197,129,1074,213,35,
K25133,1133,32,81,41,1333,119,5,
K10834,714,13,67,27,778,159,12,
K07028,1832,1419,949,417,2137,1350,332,
K05365,3456,678,1441,474,4074,1780,219,
K01652,11136,4805,7231,6326,13241,14495,1657,
K01653,2887,1102,1344,928,3643,3417,299,
K00053,14233,4150,9150,2718,17031,17049,1234,
K17103,2299,493,722,413,3253,1125,130,
K07147,1603,1075,440,445,2057,822,226,
K17247,903,51,54,58,974,170,36,
K15359,889,51,48,63,1248,79,20,
K07400,1,0,0,0,0,0,0,
K05936,167,12,11,8,237,36,6,
K02189,125,17,19,6,146,31,3,
K02234,1917,178,617,146,2131,1020,72,
K02230,3198,311,1059,216,3430,1374,132,
K03405,704,86,236,90,836,373,62,
K13580,357,61,179,123,382,190,73,
K07246,1068,114,189,104,1248,354,48,
K00059,943,100,345,77,1215,378,60,
K03273,67,4,6,11,62,2,2,
K02071,196,18,33,21,204,39,5,
K02072,187,40,15,13,283,40,8,
K02073,580,151,104,61,649,393,40,
K06080,66,4,0,3,130,1,2,
K22900,119,8,5,4,139,14,0,
K01881,430,73,103,54,583,181,17,
K06079,42,10,9,12,67,8,0,
K15034,79,5,7,11,122,23,11,
K04075,211,4,11,13,324,18,0,
K19000,0,0,0,0,0,0,0,
K17230,0,0,0,0,0,0,0,
K03305,73,2,4,9,151,25,2,
K01582,464,0,2,1,637,2,0,
K03757,414,2,6,3,665,5,0,
K03765,456,6,0,7,632,0,2,
K01582,505,13,6,22,791,25,8,
K08234,0,0,0,0,0,0,0,
K01962,74,5,4,1,120,20,0,
K06158,2593,433,1182,296,2617,1385,154,
K05834,0,0,0,0,0,0,0,
K07337,95,11,87,2,123,57,1,
K09859,789,39,160,20,940,145,10,
K09859,2395,93,297,36,2647,410,19,
K07243,2511,227,730,167,2594,762,101,
K09768,0,0,0,0,0,0,0,
K03975,1561,366,978,295,1754,1749,175,
K01698,2628,483,1076,327,3063,1196,155,
K00937,1455,401,378,295,1595,621,127,
K01524,140,40,46,22,170,134,11,
K02028,1531,402,507,344,1656,1069,158,
K02029,590,23,30,13,629,47,3,
K02029,624,14,41,8,615,58,13,
K02030,631,22,47,15,741,47,5,
K05799,1171,102,291,82,1327,240,47,
K03671,3614,3783,4560,1193,4115,3400,814,
K03628,4037,1552,2551,1107,4145,3824,404,
K09691,1697,104,136,49,2387,211,20,
K09690,980,99,225,56,1094,238,25,
K01118,1284,128,122,43,1493,130,26,
K22441,5,0,6,0,4,2,1,
K00675,1339,89,138,67,1861,166,26,
K24206,1400,171,382,54,1536,375,57,
K00832,1701,154,161,71,1700,231,44,
K03702,1325,859,578,475,1659,802,290,
K03446,115,70,164,37,138,160,47,
K03543,1994,103,169,42,2481,135,40,
K01885,3685,929,1764,643,4126,3462,296,
K09950,0,0,0,0,0,0,0,
K01589,1879,2787,1229,1417,2228,1568,724,
K01588,1316,175,796,306,1365,1287,100,
K21645,2005,323,1240,478,2013,1295,202,
K01744,3218,194,874,113,3232,1829,74,
K00648,841,34,99,31,946,160,17,
K13075,731,36,116,26,1108,91,15,
K03310,2604,83,274,44,2766,383,26,
K01424,605,166,167,110,794,193,81,
K01868,1701,20,23,22,1953,69,15,
K06131,825,71,62,49,900,78,14,
K00574,13,1,7,1,17,6,0,
K09930,69,20,19,6,77,14,3,
K04088,1070,57,128,12,1264,161,37,
K04087,0,0,0,0,0,0,0,
K00981,666,0,16,3,963,27,4,
K03719,0,0,0,0,0,0,0,
K05834,0,0,0,0,0,0,0,
K02030,1468,365,425,69,1736,580,160,
K02029,744,55,76,14,678,126,31,
K02029,668,46,45,14,870,50,11,
K02028,236,43,71,12,227,93,19,
K01091,236,28,31,18,273,83,8,
K14056,123,103,69,23,154,69,19,
K09471,503,80,200,75,590,317,33,
K12254,1480,111,464,75,1651,392,50,
K01915,1569,360,836,264,1698,1038,147,
K07010,1348,135,315,177,1445,333,111,
K11076,1229,63,289,49,1349,338,34,
K11075,809,26,217,30,828,203,10,
K11074,882,104,377,85,1014,385,49,
K11073,1483,133,340,55,1707,314,39,
K00052,0,0,0,0,0,0,0,
K01649,299,30,36,52,376,91,6,
K05798,267,30,16,4,335,5,6,
K01897,657,311,126,102,1146,253,63,
K01652,456,61,70,39,678,114,7,
K01653,181,54,41,31,289,156,9,
K03435,262,52,38,26,370,98,6,
K03925,179,56,49,54,307,229,38,
K03438,307,87,57,42,503,196,27,
K03586,66,21,9,5,112,26,2,
K03587,435,84,58,37,704,131,28,
K01928,381,102,125,61,495,292,26,
K01929,399,59,114,62,539,277,20,
K01000,347,88,61,45,505,233,15,
K01925,338,74,99,43,485,278,13,
K03588,315,24,28,16,534,133,6,
K02563,258,29,68,25,442,148,8,
K01924,429,49,151,31,640,262,14,
K01921,354,76,114,36,473,287,27,
K03589,162,12,39,19,245,101,4,
K03590,505,64,147,17,709,376,38,
K03531,805,238,154,90,1344,922,42,
K02535,825,356,208,151,1038,952,89,
K13301,247,72,41,41,304,108,25,
K03070,717,140,101,92,1115,399,35,
K03574,2,0,0,0,1,0,0,
K18778,121,22,5,15,127,12,7,
K09862,0,0,0,0,0,0,0,
K00859,131,39,9,22,186,20,2,
K02505,41,1,1,0,48,1,0,
K00364,0,0,0,0,0,0,0,
K02504,370,1,0,0,540,2,0,
K02682,130,1,0,0,184,0,2,
K03673,167,0,0,0,225,2,0,
K13888,230,0,0,2,282,4,0,
K05685,500,13,4,2,717,2,0,
K07357,176,0,2,0,201,6,0,
K07357,176,3,2,2,239,0,4,
K07345,167,10,23,3,269,26,1,
K07346,173,2,0,0,264,0,0,
K07347,780,18,2,9,1073,2,0,
K07349,237,8,6,0,320,7,0,
K00767,59,0,1,3,86,2,1,
K01845,78,79,13,26,155,19,13,
K03807,0,0,0,0,0,0,0,
K03281,510,20,20,33,727,83,2,
K15724,48,20,13,14,105,47,13,
K06858,208,4,7,10,368,16,4,
K01243,111,9,1,10,176,13,1,
K01129,436,71,43,36,645,124,14,
K04772,329,294,74,80,609,159,50,
K01708,85,1,0,2,133,5,0,
K02647,0,0,0,0,0,0,0,
K03535,498,0,4,2,663,24,0,
K01706,102,3,0,3,194,2,0,
K07678,41,4,2,7,57,11,0,
K01630,0,0,0,0,0,0,0,
K00042,0,0,0,0,0,0,0,
K03215,297,138,74,62,532,166,16,
K00951,526,148,126,100,808,338,52,
K04765,194,4,4,5,259,11,4,
K01937,619,299,186,169,1066,244,89,
K01689,795,367,146,193,1219,671,96,
K07345,218,59,10,20,273,43,7,
K07347,857,5,6,13,1299,19,0,
K17218,123,6,7,7,183,2,1,
K16234,0,0,0,0,0,2,1,
K01745,392,28,23,8,553,109,9,
K01712,423,79,31,16,574,254,6,
K08195,405,64,20,10,487,90,16,
K10026,339,9,8,15,446,25,7,
K01737,188,3,3,4,279,3,1,
K00380,403,114,15,89,606,60,31,
K00381,314,55,25,95,388,114,20,
K09612,73,11,6,19,105,17,8,
K00390,0,0,0,0,0,0,0,
K06887,448,6,4,2,590,2,3,
K02302,226,76,6,69,290,26,38,
K00957,166,67,2,44,176,22,12,
K00956,224,121,22,75,302,71,34,
K00860,164,18,6,42,231,13,5,
K02028,8,0,0,2,13,0,0,
K02029,159,8,15,15,206,12,2,
K02030,184,32,10,11,259,34,7,
K05589,218,3,3,4,325,10,1,
K00991,71,3,6,6,131,13,0,
K01770,54,6,9,8,72,3,1,
K06176,203,2,5,7,251,6,0,
K21966,672,6,12,4,957,14,2,
K03787,161,55,25,31,226,53,17,
K00573,139,50,25,38,238,48,3,
K03555,93,4,3,4,110,27,4,
K06194,0,0,0,0,0,0,0,
K03087,0,0,0,0,0,0,0,
K12518,571,20,4,9,841,10,0,
K12519,134,0,2,0,229,4,0,
K12518,661,8,0,3,1063,2,4,
K12519,178,0,2,0,264,1,0,
K07358,264,32,4,34,511,9,8,
K06908,493,19,39,8,540,97,2,
K06906,595,29,36,7,734,81,9,
K06905,1080,10,34,13,1205,32,8,
K16137,595,844,338,482,613,463,287,
K21023,138,69,31,19,133,50,16,
K07107,0,0,0,0,0,0,0,
K05541,0,0,0,0,0,0,0,
K04080,0,0,0,0,0,0,0,
K01703,5643,1723,3548,2692,8411,8617,1146,
K01704,2086,504,1152,825,2944,3220,270,
K00052,4880,897,2627,707,6537,9362,292,
K00133,5393,1723,4523,1843,6593,9555,719,
K00133,1173,157,308,197,1356,494,47,
K08086,4385,1944,4420,1610,5222,5339,794,
K06173,1309,89,215,102,1411,244,35,
K01817,936,241,495,269,1028,839,80,
K01963,2352,818,2309,684,2613,3601,278,
K11754,1630,241,1193,257,1677,1790,154,
K03749,721,129,285,134,812,645,51,
K10022,155,11,35,2,100,58,5,
K03635,899,135,241,66,856,404,58,
K03637,598,113,161,120,806,341,67,
K03636,0,0,0,0,0,0,0,
K09936,2571,110,151,97,3002,179,55,
K20331,1726,124,388,57,2277,731,26,
K20333,1775,98,375,52,2340,519,38,
K20332,2232,76,207,61,2718,477,33,
K11752,37,3,11,3,37,14,3,
K18297,0,0,0,0,0,0,0,
K18306,1083,45,110,21,1310,187,11,
K18307,1219,63,115,15,1456,154,30,
K07175,208,119,112,69,608,252,73,
K09861,1415,56,69,82,1657,173,14,
K00066,1533,77,118,47,1619,201,29,
K19290,1484,62,128,23,1582,108,16,
K19291,1273,50,79,40,1382,157,20,
K00626,0,0,0,0,0,0,0,
K03412,24,3,8,2,28,8,1,
K07689,0,0,0,0,0,0,0,
K03411,86,24,35,18,80,34,14,
K00575,0,0,0,0,0,0,0,
K03406,618,28,37,14,646,78,12,
K03408,0,0,0,0,0,0,0,
K03408,0,0,0,0,0,0,0,
K03407,2109,145,128,66,2115,236,61,
K03406,531,33,37,11,529,44,7,
K25135,1020,55,81,41,1096,88,23,
K01113,607,277,94,155,585,122,72,
K01586,0,0,0,0,0,0,0,
K09808,1608,560,1129,535,1604,877,165,
K09810,1393,356,774,320,1618,1392,153,
K07644,46,0,7,1,55,10,2,
K09808,0,0,0,0,0,0,0,
K07665,759,35,96,21,894,74,12,
K06879,924,293,376,139,1118,467,80,
K04754,2465,936,1560,321,2758,2124,183,
K07315,720,423,421,220,909,667,170,
K00616,86,77,26,27,102,64,13,
K05539,3114,2895,1259,1553,3845,3048,646,
K07483,282,118,98,47,288,200,26,
K07497,263,39,104,12,360,96,12,
K16870,273,21,17,12,237,39,11,
K16699,904,56,87,26,1107,100,24,
K09471,193,17,22,26,152,26,22,
K00638,1068,295,154,107,1057,182,60,
K02839,164,19,18,11,175,22,5,
K18148,464,37,94,34,625,162,3,
K03563,736,841,429,317,928,623,221,
K01150,1016,954,432,287,1127,509,226,
K05597,818,65,136,44,816,220,20,
K10439,2621,5084,953,1482,2479,1492,1648,
K02529,702,177,285,113,876,324,99,
K00852,1351,163,240,125,1574,404,97,
K06726,306,31,29,15,420,77,15,
K03704,319,466,893,109,314,250,93,
K07484,73,0,0,1,152,0,0,
K21495,269,5,4,18,382,12,5,
K07483,0,0,0,0,0,0,0,
K09815,150,18,32,12,173,37,8,
K09823,789,254,320,125,996,506,97,
K09817,167,26,159,18,176,195,23,
K03781,147,5,13,12,137,18,9,
K09816,0,0,0,0,0,0,0,
K02071,1545,322,446,277,1553,853,103,
K02072,994,97,292,103,994,458,54,
K02073,953,155,524,171,998,955,82,
K07152,0,0,0,0,0,0,0,
K02257,866,339,376,102,865,586,82,
K02259,1566,234,696,100,2110,555,125,
K14998,849,215,164,31,1264,165,58,
K02276,838,166,235,57,1074,225,105,
K02274,1808,485,377,62,2880,399,149,
K02258,0,0,0,0,0,0,0,
K02275,2345,787,455,114,3636,561,292,
K01673,859,32,56,16,1010,89,19,
K05878,1185,68,133,24,1430,260,31,
K05879,68,6,14,5,72,35,7,
K11477,1020,904,270,656,1117,615,249,
K00101,56,21,17,11,58,16,6,
K03566,791,40,45,39,829,58,31,
K02055,1489,55,41,23,1701,95,5,
K03585,870,62,102,40,967,116,31,
K01286,129,7,7,0,143,7,1,
K01354,3053,210,372,115,3328,708,62,
K09160,673,128,331,157,589,462,60,
K03684,1129,162,271,79,1341,494,45,
K09902,0,0,0,0,0,0,0,
K11921,220,0,0,1,299,2,2,
K01713,14,4,12,3,13,12,2,
K01673,835,28,23,58,927,36,53,
K01725,546,34,50,31,608,58,14,
K03449,1394,72,60,16,1630,74,13,
K01826,0,0,0,0,0,0,0,
K19222,0,0,0,0,0,0,0,
K01007,373,45,46,41,469,137,11,
K09773,394,71,23,39,560,52,12,
K01626,125,40,9,22,216,36,6,
K00432,101,5,2,6,172,2,0,
K16087,603,6,0,14,853,6,4,
K07225,155,7,0,8,203,8,0,
K25132,78,5,4,10,93,0,2,
K25133,21,1,2,0,60,0,0,
K08997,1,0,0,0,5,0,1,
K10834,0,0,0,0,0,0,0,
K21086,175,13,6,20,246,12,3,
K03800,165,15,4,16,260,12,8,
K13695,37,7,1,1,40,7,0,
K07264,132,5,15,9,201,18,3,
K12963,0,0,0,0,0,0,0,
K12962,0,0,0,0,0,0,0,
K10011,304,10,4,19,412,17,2,
K13014,0,0,0,0,0,0,0,
K10012,152,15,3,9,181,17,0,
K07806,213,8,2,16,330,0,3,
K06074,315,43,27,14,443,10,15,
K00432,52,0,0,0,62,0,0,
K06073,0,0,0,0,0,0,0,
K01890,878,362,137,180,1985,640,134,
K04764,0,0,0,0,0,0,0,
K01889,247,28,37,10,289,132,4,
K01868,2692,1190,1044,359,4043,2519,265,
K02887,0,0,0,0,0,0,0,
K02916,0,0,0,0,0,0,0,
K02520,0,0,0,0,0,0,0,
K09965,122,46,0,49,210,11,27,
K03837,11,1,0,1,9,1,0,
K05595,0,0,0,0,0,0,0,
K07053,405,19,1,16,582,11,2,
K06905,104,28,14,13,102,14,1,
K06906,0,0,0,0,0,0,0,
K06907,0,0,0,0,0,0,0,
K06908,0,0,0,0,0,0,0,
K06903,3,0,0,0,2,0,0,
K01185,124,0,0,0,151,2,0,
K07816,210,13,7,2,286,4,2,
K22474,1,1,0,0,0,0,0,
K06151,246,10,4,8,320,14,2,
K06152,385,3,4,13,585,7,0,
K08308,270,34,13,19,361,28,5,
K11604,209,27,9,13,315,20,5,
K11607,172,2,7,11,289,16,7,
K11605,203,7,0,2,290,10,0,
K11606,198,32,0,12,266,16,4,
K15523,526,336,174,156,800,399,92,
K24204,198,37,16,40,264,38,4,
K00065,239,11,9,7,403,32,2,
K07038,180,5,10,4,198,16,2,
K06956,618,209,82,106,750,504,76,
K19333,66,3,1,1,85,6,0,
K08169,84,5,3,2,127,2,0,
K03797,780,865,271,354,1083,1048,238,
K03799,0,0,0,0,0,0,0,
K03607,206,68,78,52,288,164,25,
K08968,191,112,56,55,360,182,41,
K03808,304,42,43,8,332,118,3,
K06192,736,46,53,43,910,80,10,
K11392,0,0,0,0,0,0,0,
K07346,357,9,2,11,462,10,4,
K05603,142,23,25,14,184,78,6,
K09975,0,0,0,0,0,0,0,
K05836,214,12,4,5,236,35,3,
K01468,280,77,32,12,383,99,13,
K01458,292,13,12,28,433,41,2,
K05517,84,28,9,6,95,17,1,
K14052,210,3,0,16,296,12,4,
K09470,407,28,41,70,1078,23,7,
K09473,164,30,25,83,404,14,14,
K14056,151,12,21,24,275,5,8,
K09472,244,66,20,68,755,48,19,
K09471,223,63,14,50,533,45,6,
K05834,0,0,0,0,0,0,0,
K07347,462,36,13,22,668,26,18,
K15540,329,8,8,14,457,30,6,
K07345,200,14,23,8,333,40,3,
K07345,213,2,2,8,296,6,9,
K03811,198,7,0,5,289,7,1,
K06211,171,1,1,1,217,3,1,
K00031,248,26,1,19,337,19,8,
K06181,144,16,7,6,178,4,1,
K12152,71,28,0,9,72,23,6,
K00566,347,39,38,64,460,62,16,
K07153,123,12,8,17,195,15,8,
K01756,100,15,14,13,161,34,3,
K01190,612,6,5,3,741,16,4,
K02532,0,0,0,0,0,0,0,
K00633,0,0,0,0,0,0,0,
K02529,527,41,14,12,495,58,20,
K12113,324,40,22,8,487,52,16,
K12111,533,19,2,26,757,14,16,
K12240,3741,318,460,821,2243,2525,780,
K12242,587,52,70,70,440,316,51,
K04782,201,11,5,19,119,47,26,
K01851,1014,64,71,181,650,533,99,
K18297,23,0,0,3,37,1,2,
K01576,1613,52,39,38,1554,45,25,
K00077,519,29,40,18,531,43,14,
K01995,276,16,20,8,289,21,6,
K01997,654,22,11,17,658,29,8,
K01998,1012,107,128,29,1016,111,33,
K01996,595,21,35,23,627,26,7,
K03837,1630,109,214,55,1748,400,61,
K01682,141,67,89,36,195,302,27,
K02014,2583,24,66,31,2633,163,9,
K02013,879,40,48,34,1138,104,8,
K02016,831,14,51,17,933,95,5,
K02015,840,43,105,21,928,116,18,
K11959,2074,79,118,14,2352,257,22,
K11960,1342,10,16,4,1522,61,6,
K11961,1091,10,27,8,1232,32,11,
K11962,823,8,19,7,999,26,2,
K11963,708,2,15,6,746,42,7,
K03190,684,86,216,119,860,230,66,
K01430,360,8,24,11,479,47,3,
K24217,508,43,53,17,524,96,10,
K19113,711,93,135,76,940,171,56,
K01429,238,26,49,13,254,56,8,
K01428,2561,122,257,102,2819,421,81,
K05516,1523,987,1598,578,1839,3201,434,
K18997,0,0,0,0,0,0,0,
K04046,1660,105,390,120,1751,533,45,
K03314,0,0,0,0,0,0,0,
K02618,1502,75,375,78,1518,379,49,
K14393,1384,321,147,107,1566,251,179,
K02613,825,83,45,16,841,61,20,
K02612,214,63,36,21,197,81,42,
K02611,394,62,49,16,484,123,37,
K02609,467,54,59,21,468,125,48,
K02610,0,0,0,0,0,0,0,
K01912,1654,208,178,41,1660,410,91,
K00632,1781,373,200,61,2067,322,198,
K02614,97,29,21,7,109,37,15,
K15866,339,112,84,48,372,156,51,
K02617,854,91,178,44,947,201,37,
K02616,823,111,345,88,696,367,53,
K01114,1917,118,168,87,2071,273,41,
K23773,0,0,0,0,0,0,0,
K00673,589,196,411,147,608,572,94,
K03719,174,1,1,3,185,2,4,
K02028,590,64,69,49,718,100,35,
K10015,597,46,179,15,693,152,37,
K10016,589,23,44,8,565,50,12,
K02030,418,13,10,2,432,11,15,
K01692,1502,201,550,150,1437,833,64,
K00248,1444,191,921,150,1392,1144,102,
K00059,50,5,1,3,40,1,0,
K01692,0,0,0,0,0,0,0,
K00248,1177,258,723,148,1527,1471,72,
K00626,1740,324,824,202,1927,1904,115,
K08683,0,0,0,0,0,0,0,
K10227,1501,89,40,31,1566,119,32,
K07677,3089,236,544,70,2762,971,94,
K07677,3061,249,417,164,3219,832,109,
K07687,312,27,16,13,344,63,23,
K03719,166,193,48,81,203,72,77,
K01750,1966,129,467,57,2327,1707,89,
K11737,203,3,4,1,214,14,4,
K03762,0,0,0,0,0,0,0,
K06006,487,22,25,16,467,45,8,
K06190,929,531,504,422,1047,795,249,
K09780,0,0,0,0,0,0,0,
K07053,2104,1173,2841,769,2379,2225,535,
K07566,951,351,533,130,1182,968,107,
K05896,766,76,222,81,974,468,46,
K06024,1135,114,263,74,1315,615,41,
K06178,577,169,314,75,564,584,25,
K11734,1118,144,565,97,1284,523,39,
K15034,0,0,1,0,2,0,0,
K03651,512,22,20,20,575,50,22,
K03088,268,23,22,6,277,35,8,
K00813,262,93,164,60,296,264,43,
K00500,1211,289,631,156,1393,1538,119,
K01724,0,0,0,0,0,0,0,
K04750,960,25,38,18,993,67,25,
K02072,501,5,10,10,683,11,0,
K02073,226,11,11,3,248,18,4,
K13639,0,0,0,0,0,0,0,
K11917,497,434,116,259,505,223,192,
K04091,1494,55,92,133,1649,185,22,
K00299,690,76,60,161,920,211,35,
K11249,809,40,97,45,819,137,23,
K04487,1452,511,890,262,1715,1002,134,
K20938,163,4,0,2,188,3,0,
K02028,1425,363,125,405,1595,163,92,
K10009,731,41,102,56,889,188,23,
K02424,1053,67,133,64,1427,369,20,
K05396,3542,894,928,838,4265,1803,241,
K00640,1648,972,648,715,1885,1246,314,
K02168,3320,71,202,57,3904,361,39,
K06145,573,45,43,29,550,67,18,
K07339,0,0,0,0,0,0,0,
K18843,0,0,0,0,0,0,0,
K02014,4226,174,238,138,4650,301,54,
K24116,2593,51,166,49,2869,152,15,
K03543,92,6,5,3,111,10,2,
K19265,0,0,0,0,0,0,0,
K06911,92,6,1,1,126,3,0,
K07056,38794,32316,306036,14511,42585,141276,17611,
K07121,283,69,87,24,353,103,6,
K12961,165,19,18,22,263,24,7,
K04065,0,1,0,0,1,1,0,
K03814,0,0,0,0,0,0,0,
K07648,234,12,11,12,362,78,5,
K07139,326,18,17,20,505,44,10,
K00265,853,187,100,284,1410,244,81,
K00266,204,26,31,40,316,32,11,
K03600,0,0,0,0,0,0,0,
K03599,81,23,19,32,153,75,14,
K12112,83,5,3,4,80,0,4,
K20265,205,6,2,8,221,12,9,
K22479,8,0,1,0,6,0,0,
K06152,150,0,0,0,201,6,0,
K06151,342,10,2,2,551,3,0,
K22474,264,6,2,2,389,0,0,
K03710,0,0,0,0,0,0,0,
K07660,159,45,11,15,226,20,9,
K07637,461,8,10,20,752,14,5,
K18850,1,3,0,0,6,0,0,
K01258,47,4,1,2,62,46,4,
K11072,293,26,15,6,398,51,0,
K11071,169,1,4,2,237,7,0,
K11070,207,6,7,3,253,31,0,
K11069,161,21,15,11,215,45,6,
K12410,8,0,0,0,8,2,0,
K09808,243,19,19,13,342,38,2,
K09810,47,1,0,3,60,2,1,
K09808,107,3,22,11,185,19,5,
K22589,251,41,24,25,414,38,12,
K03723,664,40,32,40,862,84,24,
K06077,0,0,0,0,0,0,0,
K03885,353,141,55,89,528,171,41,
K07000,31,4,3,1,43,3,1,
K01207,301,92,42,31,522,133,15,
K07251,211,53,23,13,288,84,19,
K07337,195,17,6,18,292,38,7,
K02503,137,38,13,33,196,67,12,
K22479,0,0,0,0,0,0,0,
K02779,208,44,31,10,276,42,8,
K18921,0,0,0,0,0,0,0,
K03424,126,13,10,7,186,42,6,
K02341,169,8,0,11,299,15,2,
K00943,23,0,2,0,39,8,1,
K07082,141,22,14,17,179,22,2,
K02619,112,5,4,6,194,16,1,
K09458,168,22,22,8,286,30,5,
K00059,293,202,162,40,417,278,34,
K02078,0,0,0,0,0,0,0,
K00645,768,309,117,107,1147,625,88,
K00648,286,61,89,37,493,204,27,
K03621,314,73,69,57,517,174,16,
K07040,1848,236,375,43,1766,1463,46,
K02911,0,0,0,0,0,0,0,
K06179,544,78,72,30,622,494,32,
K25422,0,0,0,0,0,0,0,
K08300,1315,437,294,206,1736,915,83,
K12149,68,61,2,22,109,12,7,
K12148,1411,1215,679,301,2098,1054,206,
K02846,140,27,12,14,181,20,3,
K11744,24,0,0,3,36,0,1,
K12262,48,11,3,6,64,14,1,
K07146,13,1,0,1,28,1,1,
K02517,211,19,16,24,320,23,0,
K08161,293,13,6,16,405,16,2,
K03305,417,73,22,30,643,162,28,
K01649,69,1,4,6,105,6,0,
K03669,199,13,4,5,339,11,4,
K12147,0,0,0,0,0,0,0,
K03670,513,28,15,34,727,82,3,
K11941,424,22,3,14,477,9,2,
K11105,474,16,4,25,681,35,7,
K03762,625,179,58,116,927,286,39,
K03719,43,6,2,1,27,3,0,
K06223,168,0,0,0,183,2,0,
K00558,522,7,4,5,668,4,0,
K06223,245,276,6,147,388,23,56,
K14744,91,0,0,4,112,0,0,
K06903,38,0,1,1,48,1,0,
K06907,203,8,4,0,304,8,4,
K06908,137,0,1,2,135,1,0,
K06906,157,0,0,0,241,0,1,
K06905,151,7,2,8,190,2,0,
K03703,128,68,17,33,191,42,12,
K00995,0,0,0,0,0,0,0,
K07689,225,145,40,87,351,102,51,
K11932,176,76,19,26,194,102,14,
K11737,206,30,24,38,270,46,15,
K10974,29,6,0,4,54,5,1,
K00768,32,3,3,4,39,7,0,
K02226,135,17,15,7,155,61,2,
K02233,52,4,7,1,61,9,0,
K02232,110,3,13,4,168,20,0,
K02231,0,0,0,0,0,0,0,
K02227,299,15,19,21,441,24,5,
K17228,592,22,29,13,601,51,6,
K09958,0,0,0,2,1,1,1,
K00998,377,87,105,56,458,170,8,
K07224,201,16,36,11,143,37,2,
K16301,763,10,10,16,761,28,1,
K07224,1184,15,34,17,1382,59,5,
K07243,699,5,10,2,805,24,6,
K21001,1043,73,113,66,1184,149,45,
K00575,804,213,276,165,744,292,69,
K03412,437,88,290,76,629,249,46,
K02200,471,97,217,72,516,298,55,
K02048,138,26,16,22,124,62,5,
K09022,0,0,0,0,0,0,0,
K10716,2543,1607,896,1267,3203,2211,373,
K08717,334,35,64,15,330,80,13,
K00873,520,28,44,15,497,21,21,
K11529,1242,30,76,40,1417,79,19,
K00042,1287,29,59,28,1527,117,12,
K01608,1252,47,95,37,1534,119,23,
K01816,0,0,0,0,0,0,0,
K09017,206,16,7,4,196,44,5,
K11477,0,0,0,0,0,0,0,
K09781,0,0,0,0,0,0,0,
K10536,627,1,10,6,784,36,8,
K11073,1195,76,38,36,1462,67,20,
K12251,648,20,26,8,740,26,16,
K10536,959,11,15,12,1132,12,9,
K03566,840,159,17,94,915,42,29,
K03790,630,38,24,34,744,40,6,
K05799,972,1764,720,1604,927,938,649,
K15736,1483,332,266,289,1505,346,168,
K00116,903,78,141,45,1188,190,17,
K01821,21,0,4,0,23,5,0,
K02014,23,1,0,1,29,1,0,
K15359,0,0,0,0,0,0,0,
K07165,1531,45,45,36,2082,127,29,
K18904,852,106,66,143,938,86,41,
K23514,0,0,0,0,0,0,0,
K03543,550,18,37,36,500,86,8,
K03446,928,98,103,55,942,188,41,
K12542,210,34,43,16,191,119,15,
K12541,2947,324,855,137,3140,1220,164,
K12543,3518,859,1473,405,3647,1628,305,
K07089,174,25,81,23,187,89,20,
K11209,1303,199,249,134,1445,824,64,
K06998,1244,49,92,45,1160,190,26,
K01698,1167,108,442,144,1262,870,59,
K23514,366,35,34,28,327,55,12,
K07165,649,63,110,92,576,96,39,
K16088,1036,42,48,41,1378,99,27,
K05834,1105,232,319,205,1235,483,144,
K14414,1082,137,222,153,1306,296,83,
K21090,51,4,0,1,63,5,0,
K01752,447,65,37,36,678,89,21,
K01665,242,46,17,18,347,33,8,
K17879,0,0,0,0,0,0,0,
K19354,36,1,0,0,26,0,1,
K08289,15,1,0,1,30,0,1,
K09917,0,0,0,0,0,0,0,
K05591,213,36,25,21,330,42,4,
K09918,71,44,12,40,93,23,20,
K09900,126,29,3,8,149,2,1,
K01354,270,45,49,34,328,82,18,
K10857,8,4,2,1,19,3,0,
K06204,92,32,18,26,162,56,8,
K01259,211,55,25,34,339,115,3,
K02345,38,12,16,7,62,20,1,
K02217,469,210,129,42,591,288,31,
K07156,123,41,21,7,102,75,5,
K07245,133,10,2,3,150,5,2,
K03112,3507,909,1852,1398,3845,2393,293,
K01735,3278,1867,2386,1876,3593,3446,855,
K02666,1799,580,1345,410,1916,1540,224,
K00891,0,0,0,0,0,0,0,
K02665,458,30,62,15,529,46,2,
K02664,352,3,40,13,378,39,4,
K02663,10,0,0,0,8,3,0,
K02662,849,20,78,15,855,74,9,
K05366,2662,509,1064,304,2948,1374,155,
K00027,117,28,24,19,135,91,7,
K01174,4051,1712,1827,943,4348,3695,402,
K02909,2091,1572,1936,923,1939,2073,342,
K04066,2255,111,227,101,2683,391,72,
K01887,3307,503,1232,515,3316,2029,231,
K03758,702,134,478,70,749,518,60,
K03758,12065,1768,11365,588,14275,21418,511,
K01478,7307,1046,3183,635,10528,11311,419,
K00611,5783,571,2226,221,9078,8747,191,
K00926,4494,330,1364,140,6601,5808,93,
K03721,1659,189,391,146,1741,585,49,
K02437,1071,221,791,124,1192,1919,188,
K00281,7465,998,3030,438,8648,7949,644,
K01752,3139,413,1640,189,3382,2803,318,
K00605,4459,653,3704,278,4723,5803,387,
K03704,3805,7928,4188,1465,4466,2114,950,
K03517,82,35,33,29,83,47,18,
K11073,1247,21,66,19,1371,75,17,
K01426,836,79,174,81,838,219,74,
K18292,73,21,37,10,93,47,9,
K18289,430,28,91,24,534,108,21,
K18291,740,41,37,24,949,50,24,
K01286,640,32,83,26,716,84,19,
K18072,86,1,16,1,83,24,1,
K07274,0,0,0,0,0,0,0,
K18073,653,83,114,50,705,162,30,
K06169,786,150,177,160,677,251,83,
K14055,1978,512,1606,195,2204,4763,185,
K06938,178,55,290,35,202,451,33,
K10815,2031,474,1350,189,2115,2501,224,
K10816,1267,160,514,84,1194,992,86,
K07552,977,160,206,150,992,369,89,
K00375,1129,169,205,144,1333,297,97,
K07001,2,1,0,0,0,0,0,
K03338,2431,393,1113,304,2384,1086,383,
K03335,818,72,271,51,878,333,61,
K03337,855,62,280,61,857,319,47,
K00140,1695,160,894,112,1586,951,98,
K06606,1337,192,625,82,1445,826,76,
K03336,2310,191,583,152,2439,809,105,
K03753,51,0,0,0,47,0,0,
K03752,80,2,2,4,99,5,1,
K09896,118,50,6,22,126,51,8,
K03673,0,0,0,0,0,0,0,
K02335,717,68,62,84,1123,165,36,
K03978,200,11,15,4,284,10,2,
K09894,226,59,13,20,320,76,11,
K02495,176,30,7,21,234,59,8,
K07712,234,14,6,12,270,17,5,
K07708,267,18,14,12,386,35,4,
K01915,340,34,11,13,376,73,7,
K06207,667,180,123,113,925,313,36,
K20866,257,38,25,43,310,89,17,
K07058,178,19,5,10,250,20,15,
K07560,51,5,12,10,104,12,0,
K07326,310,7,2,7,437,22,2,
K15125,2638,17,48,21,3923,88,17,
K16345,351,35,45,31,554,94,6,
K03655,183,2,0,4,241,9,1,
K03312,0,0,0,0,0,0,0,
K01139,272,11,3,16,451,21,2,
K00556,0,0,0,0,0,0,0,
K00942,163,154,72,40,266,97,32,
K03060,0,0,0,0,0,0,0,
K01972,337,4,0,4,498,6,2,
K12518,112,0,0,0,147,0,0,
K12519,0,0,0,0,0,0,0,
K07345,49,0,2,0,79,0,0,
K08350,0,0,0,0,0,0,0,
K08349,0,0,0,0,0,0,0,
K06934,88,28,2,9,61,13,8,
K16923,175,26,1,16,203,9,3,
K00989,248,10,4,7,267,14,0,
K00762,4,0,0,0,15,0,0,
K05501,1,0,0,0,1,0,0,
K13038,177,48,19,16,181,42,17,
K01520,0,0,0,0,0,0,0,
K03630,214,63,26,13,241,78,23,
K02902,308,127,70,40,449,313,19,
K02913,118,48,62,9,159,133,8,
K10563,19,1,0,2,55,2,0,
K00954,0,0,0,0,0,0,0,
K12984,0,0,0,0,0,0,0,
K02527,167,19,0,15,224,6,2,
K02844,248,12,6,16,373,19,5,
K02849,234,18,36,14,299,31,10,
K02847,174,11,10,7,189,8,4,
K02841,189,8,3,1,357,20,0,
K02843,238,26,10,20,363,48,6,
K03274,197,30,9,23,268,45,4,
K00639,364,85,80,36,519,214,6,
K00060,10,6,5,1,15,19,1,
K09798,0,0,0,0,0,0,0,
K22719,133,8,5,4,129,0,0,
K15633,243,28,20,27,320,66,6,
K03676,77,22,13,7,92,48,6,
K03071,133,57,26,12,243,86,10,
K00057,241,51,49,46,415,144,16,
K00640,245,18,47,17,368,61,11,
K00375,258,5,2,0,348,1,1,
K03534,0,0,0,0,0,0,0,
K01629,72,2,0,0,72,2,0,
K01813,69,0,4,2,48,0,0,
K00848,220,2,5,11,316,38,8,
K02855,60,0,0,0,127,0,0,
K01804,1,0,0,0,2,1,0,
K02854,0,0,0,0,0,0,0,
K02856,348,11,9,7,350,23,0,
K07640,166,7,1,4,303,8,2,
K03216,0,0,0,0,0,0,0,
K07662,164,25,6,14,318,24,6,
K06006,216,801,85,147,512,133,130,
K13283,193,36,19,27,344,75,6,
K00850,418,181,92,102,694,261,34,
K23163,58,17,9,10,137,7,4,
K01803,30,28,6,3,47,21,3,
K09012,206,60,23,22,271,72,4,
K08154,174,2,2,0,143,17,0,
K02446,0,0,0,0,0,0,0,
K00864,239,14,19,12,342,28,6,
K02440,320,45,31,21,572,101,4,
K02553,33,0,1,0,39,2,0,
K02548,73,45,25,30,126,45,3,
K09892,0,0,0,0,0,0,0,
K03667,290,37,12,46,452,33,13,
K01419,89,63,25,15,107,67,12,
K03591,162,31,33,29,169,57,13,
K05499,60,2,0,2,55,5,1,
K04066,360,43,23,17,532,80,6,
K03764,54,15,5,8,88,24,4,
K02909,0,0,0,0,0,0,0,
K01760,293,17,19,14,440,48,7,
K12525,487,33,117,108,573,399,26,
K00297,0,0,0,0,2,1,0,
K12700,0,0,0,0,0,0,0,
K03326,3,0,0,0,4,1,0,
K01595,486,18,9,15,765,44,2,
K03088,811,53,95,26,813,132,13,
K08989,690,28,27,54,603,58,11,
K07663,1028,358,252,260,1285,422,88,
K07641,1154,149,392,111,1286,305,72,
K06143,1381,242,271,344,1484,515,102,
K00799,0,0,0,0,0,0,0,
K02014,1449,84,117,50,1540,223,45,
K07165,1511,56,115,63,1768,146,31,
K23514,563,34,47,40,625,66,16,
K02342,164,6,8,16,146,13,3,
K07182,844,75,217,97,882,376,37,
K02003,0,0,0,0,0,0,0,
K13888,528,2,23,4,597,20,4,
K03088,695,84,69,57,654,167,17,
K10531,2127,141,182,64,2204,351,55,
K01531,2707,117,150,99,3034,197,37,
K07507,556,65,95,54,660,98,25,
K06911,1393,44,39,39,1659,61,23,
K18369,3646,604,2329,310,4645,7010,255,
K14055,3859,469,1690,243,4735,5795,173,
K01921,30,0,0,0,53,0,1,
K01265,203,14,7,5,290,15,1,
K03777,525,12,9,13,745,51,9,
K14155,0,0,0,0,0,0,0,
K03315,252,10,2,20,331,23,5,
K02529,322,29,10,8,397,18,7,
K02073,242,30,12,21,461,32,16,
K21744,281,21,4,9,445,23,4,
K07051,943,45,49,3,946,106,14,
K01735,705,18,21,9,920,40,12,
K03724,695,84,64,41,972,161,44,
K22044,0,0,0,0,0,0,0,
K03449,631,14,18,10,613,33,11,
K07727,641,46,84,20,550,42,17,
K01023,0,0,0,0,0,0,0,
K02014,1803,23,61,22,2107,96,18,
K22303,222,7,9,1,221,16,6,
K07649,62,0,2,1,72,4,1,
K07774,188,7,7,19,348,12,12,
K07795,301,4,0,0,340,7,0,
K07794,70,0,0,0,86,0,0,
K07793,310,0,0,4,438,4,0,
K00638,0,0,0,0,0,0,0,
K05825,133,26,3,10,190,20,2,
K08344,99,1,4,0,142,0,0,
K00375,116,1,1,4,147,5,0,
K03734,268,4,6,4,358,4,2,
K03557,546,105,351,107,631,659,52,
K00602,3053,320,1015,176,3277,1885,115,
K01945,3093,498,2937,248,3275,3761,190,
K20972,3638,474,754,294,3879,1075,178,
K05595,780,220,202,174,1069,261,33,
K13541,0,0,0,0,0,0,0,
K03394,880,98,377,69,979,458,50,
K02229,622,118,443,71,562,485,86,
K06042,0,0,0,0,0,0,0,
K00595,1473,207,409,323,1585,605,148,
K05895,837,50,183,51,832,230,32,
K00111,1105,33,75,25,1381,82,28,
K00803,1034,83,189,70,1017,200,37,
K11904,1965,16,60,11,2303,83,15,
K01115,2458,51,40,19,2962,85,12,
K07126,1489,52,46,8,1475,39,11,
K00253,2942,429,1272,151,2985,1855,155,
K01969,2369,249,1098,120,2251,1721,187,
K13766,943,165,498,58,928,819,84,
K01968,1376,235,813,179,1588,1445,179,
K03781,319,15,12,12,347,42,4,
K12262,0,0,0,0,0,0,0,
K03088,382,23,13,6,440,19,5,
K09796,0,0,0,0,0,0,0,
K07152,597,99,137,71,529,315,22,
K03574,628,74,91,15,677,162,24,
K01457,2,0,0,0,1,0,0,
K01941,1522,41,76,16,1764,67,20,
K09967,624,13,11,4,669,22,2,
K04749,115,63,19,15,240,17,14,
K14287,190,14,9,21,256,29,3,
K08964,229,16,47,16,276,84,10,
K09880,75,4,14,9,90,36,0,
K08963,6,0,0,2,7,0,0,
K08967,0,0,0,0,0,0,0,
K06445,298,14,16,16,336,27,7,
K00899,0,0,0,0,0,0,0,
K03271,217,68,50,36,316,118,7,
K00346,578,147,120,73,695,275,58,
K00347,513,80,80,47,704,370,48,
K00348,225,36,50,32,239,219,19,
K00349,184,23,45,17,268,153,8,
K00350,244,28,31,22,286,155,13,
K00351,428,41,60,18,533,205,10,
K03734,326,46,49,44,459,228,31,
K05952,54,3,9,11,100,20,4,
K02346,118,0,2,7,179,2,8,
K01270,11,1,0,1,13,1,0,
K00769,113,9,6,14,152,12,6,
K11750,274,28,36,32,359,108,14,
K11926,324,78,48,50,571,122,17,
K00931,227,35,40,26,323,136,12,
K00147,119,19,20,12,108,42,0,
K07451,0,0,0,0,0,0,0,
K00558,200,52,17,20,220,22,10,
K09982,49,2,0,1,53,0,1,
K09702,214,25,16,9,277,5,4,
K05275,28,0,0,1,55,2,0,
K12507,277,4,2,3,415,1,1,
K00313,354,1,4,7,454,0,2,
K03855,0,0,0,0,0,0,0,
K03522,366,0,5,1,559,0,1,
K03521,182,0,1,0,212,2,1,
K19709,258,4,1,4,412,2,2,
K03785,202,0,0,2,211,0,0,
K05887,45,4,4,3,41,4,0,
K03892,72,13,0,0,123,4,2,
K03893,52,0,0,0,61,0,0,
K07786,13,0,0,0,15,0,0,
K00537,0,0,0,0,0,0,0,
K03543,306,12,0,6,527,11,4,
K07690,200,26,27,9,252,17,4,
K07679,1090,27,30,21,1591,49,10,
K01580,251,8,4,4,357,4,2,
K20265,592,2,6,1,815,8,0,
K25317,14,0,0,1,31,0,1,
K18850,0,0,0,0,0,0,0,
K06996,212,7,4,4,284,1,2,
K14063,207,34,14,32,362,4,16,
K00276,196,8,0,22,327,8,2,
K00146,25,1,1,2,42,7,0,
K16868,0,0,0,0,0,0,0,
K07150,100,5,0,7,120,9,0,
K12973,212,0,2,8,280,2,1,
K09712,0,0,0,0,0,0,0,
K06911,193,6,2,6,265,16,0,
K06188,10,1,0,0,12,2,0,
K00570,45,1,0,0,66,0,0,
K00891,0,0,0,0,0,0,0,
K03554,16,2,0,1,19,0,0,
K09913,0,0,0,0,0,0,0,
K03546,579,19,12,19,777,37,11,
K03488,0,0,0,0,0,0,0,
K03547,211,8,11,11,254,27,6,
K07657,229,2,8,4,323,14,6,
K07636,330,35,8,35,506,41,5,
K02040,222,5,10,15,312,13,1,
K00549,286,11,4,12,336,35,0,
K03311,410,74,19,84,607,126,18,
K11736,150,16,2,5,191,7,5,
K16053,71,0,2,9,115,2,0,
K00681,69,0,0,0,112,0,1,
K03386,278,64,36,35,452,82,23,
K08682,1630,822,304,271,2389,1251,152,
K07568,229,9,18,5,323,36,2,
K00773,329,39,32,16,382,134,6,
K03210,100,24,9,21,120,67,8,
K03072,426,120,83,65,685,251,42,
K13040,128,10,14,7,177,9,2,
K03074,0,0,0,0,0,0,0,
K13041,0,0,0,0,0,0,0,
K08358,57,2,0,0,111,11,0,
K08359,201,6,0,2,257,16,0,
K08357,594,8,21,4,727,214,0,
K07738,123,36,15,23,166,90,12,
K11752,304,48,63,56,479,145,14,
K00794,174,14,35,22,261,79,3,
K03625,161,17,14,11,229,72,1,
K00946,14,0,1,0,16,0,0,
K23107,0,0,0,0,0,0,0,
K01662,325,80,30,34,436,83,16,
K00795,332,63,51,37,448,106,27,
K03602,125,64,25,40,157,62,15,
K03151,381,43,16,20,642,36,11,
K10094,52,1,0,1,70,0,0,
K03152,0,0,0,0,0,0,0,
K00077,82,30,9,12,156,26,3,
K09767,181,39,23,24,301,89,7,
K07679,3173,191,570,85,3564,655,85,
K07345,640,21,25,3,627,25,5,
K15540,649,29,25,13,691,56,8,
K07347,2184,44,84,21,2277,74,20,
K07345,1451,20,81,28,1517,96,7,
K07345,2726,30,26,16,3137,44,16,
K21405,1879,571,742,258,2104,1031,293,
K14052,495,139,246,74,502,236,54,
K00868,0,0,0,0,0,0,0,
K10806,1223,41,64,19,1391,74,11,
K03455,3285,917,987,437,4409,969,276,
K03657,4054,3473,2841,1867,4811,3624,975,
K08978,0,0,0,0,0,0,0,
K21023,4224,362,1598,187,4934,1627,134,
K19337,468,28,62,63,569,142,28,
K21711,38,4,8,8,43,10,1,
K01959,3567,1069,1543,666,5394,2324,309,
K02014,1206,169,232,88,1592,256,84,
K07165,2032,53,141,51,2672,190,26,
K23514,623,35,52,37,598,66,11,
K03406,2793,1691,1586,1130,3439,2279,404,
K01406,1451,851,1873,368,1496,1498,323,
K18765,0,0,0,0,0,0,0,
K07491,0,0,0,0,0,0,0,
K18093,1197,137,79,32,1116,67,31,
K03406,2742,1691,1859,1410,3702,3487,545,
K03406,1250,28,117,42,1338,352,11,
K18900,643,90,198,55,618,320,23,
K19055,0,0,0,0,0,0,0,
K11354,1177,48,74,30,1282,124,13,
K03566,0,0,0,0,0,0,0,
K03498,780,26,50,34,966,77,22,
K03269,43,7,3,1,38,11,0,
K07401,0,0,0,0,0,0,0,
K07001,772,27,67,26,807,104,7,
K03654,1667,2061,1241,845,1670,1326,627,
K06075,0,0,0,0,0,0,0,
K07039,814,627,448,366,928,1020,168,
K05812,0,0,0,0,0,0,0,
K09790,0,0,0,0,0,0,0,
K21699,582,74,82,68,631,190,40,
K12255,1398,208,281,120,1583,502,78,
K00669,282,1,2,4,351,7,1,
K03088,197,16,21,12,284,51,11,
K03808,470,211,97,311,561,191,173,
K03808,658,47,45,66,850,70,38,
K06192,2204,282,511,287,2526,712,140,
K09857,0,0,0,0,0,0,0,
K07160,1175,70,67,59,1329,112,49,
K02160,158,12,2,6,186,13,1,
K23124,1102,79,144,17,1235,134,17,
K02358,33001,10880,24762,4350,36340,52293,2046,
K03073,2555,1718,1734,947,2668,2061,376,
K02601,5111,3239,6273,1893,4742,5530,703,
K02867,7111,1296,8358,1217,7084,11415,406,
K02863,6489,1754,6235,1044,6615,13854,469,
K02864,16897,3561,16510,1036,18307,28249,655,
K02935,11848,2582,8470,759,12831,16767,407,
K03043,22001,5346,14941,3109,24912,37468,1465,
K03046,30463,7593,24128,3633,35430,62520,2327,
K02950,9804,6459,9292,3276,9824,13813,1117,
K02992,12962,6206,13313,3706,13340,21175,1452,
K02355,37540,11115,33648,7320,40989,72090,3551,
K02358,32698,10386,23073,4136,33987,50693,1936,
K02013,0,0,0,0,0,0,0,
K02015,541,21,25,25,543,58,12,
K02016,498,12,15,12,435,65,5,
K02014,677,37,34,31,570,166,23,
K12243,855,21,33,48,706,144,19,
K12238,1437,52,89,149,1331,389,73,
K14698,1090,75,139,123,893,517,163,
K14699,851,78,75,122,647,330,126,
K12239,2624,308,330,565,1846,1848,481,
K03406,833,141,729,108,986,1004,41,
K21023,1261,145,698,50,1448,946,30,
K02343,2986,460,1103,266,3295,1405,152,
K09747,1799,1157,6723,349,1690,2493,361,
K23256,1951,538,500,387,2472,787,240,
K06187,1212,215,409,217,1375,760,59,
K00249,838,275,292,151,1042,450,125,
K00759,0,0,0,0,0,0,0,
K01420,689,348,199,128,975,393,73,
K02495,4708,2740,2517,1423,5206,4692,708,
K09792,0,0,0,0,0,0,0,
K09926,821,208,344,79,1085,395,87,
K21699,942,74,175,64,1144,262,59,
K11073,817,21,57,57,791,82,31,
K01480,584,49,77,101,794,91,50,
K06916,873,67,285,115,862,310,60,
K07644,0,0,0,0,0,0,0,
K07240,92,10,23,1,85,27,6,
K07665,216,34,39,26,272,58,7,
K19353,1644,867,196,284,1618,204,208,
K00033,1825,1357,999,1582,2054,1958,559,
K00036,1416,528,438,530,1671,659,166,
K03554,1255,405,637,205,1470,1016,99,
K05939,52,2,11,4,43,16,3,
K03453,0,0,0,0,0,0,0,
K11741,0,0,0,0,0,0,0,
K13633,0,0,0,0,0,0,0,
K20975,2198,137,251,134,2634,435,76,
K09760,15,6,24,7,19,21,3,
K06076,10141,5964,5946,1117,15490,10512,1059,
K00432,0,0,0,0,0,0,0,
K02233,755,1816,477,634,883,490,362,
K02226,105,7,24,3,127,25,0,
K00768,463,42,227,33,521,341,28,
K02232,1140,91,512,65,1318,664,61,
K02231,0,0,0,0,0,0,0,
K02225,1288,68,193,42,1485,361,34,
K02227,1498,129,518,117,1649,745,65,
K02224,938,73,535,63,1031,491,47,
K04719,0,0,0,0,0,0,0,
K19221,1130,160,491,131,1306,912,51,
K00588,2,0,0,1,1,1,0,
K10763,1760,978,1744,1061,1832,2723,338,
K03548,1216,273,460,272,1331,523,146,
K09938,2078,255,576,432,2334,854,148,
K01933,2395,572,1119,378,2605,2257,144,
K11175,790,592,275,377,822,464,143,
K00951,1261,276,486,204,1348,759,106,
K09912,0,0,0,0,0,0,0,
K04765,0,0,0,0,0,0,0,
K03215,4225,1997,2397,1093,4887,3308,599,
K12339,915,229,714,281,861,904,127,
K19609,1587,927,862,803,1964,1510,273,
K19610,1093,58,79,55,1280,150,24,
K07678,3627,652,1076,435,3813,1251,263,
K03778,1765,116,238,51,2280,445,33,
K03668,0,0,0,0,0,0,0,
K00537,516,182,103,97,629,194,38,
K03809,440,92,140,89,584,256,71,
K01246,1078,278,189,101,1179,321,41,
K07264,2211,196,249,97,2772,305,52,
K14058,53,5,11,4,79,20,0,
K01796,26,4,3,0,40,2,2,
K02742,0,0,0,0,0,0,0,
K11103,1298,233,348,149,1461,839,88,
K07637,1109,262,507,70,1548,816,80,
K07660,734,160,184,77,668,284,29,
K07639,1811,188,313,96,2255,345,53,
K02362,0,0,0,0,0,0,0,
K07661,751,36,88,20,919,225,17,
K00525,4903,2254,1976,1407,5530,5164,553,
K02390,288,45,91,12,366,159,11,
K02389,3642,803,1782,222,4679,3285,206,
K02388,1389,302,1163,135,1767,1505,142,
K02387,326,54,140,26,407,297,16,
K00575,1019,281,419,71,1175,650,71,
K03415,4332,3595,4815,2524,5705,5390,1257,
K02386,1219,240,462,123,1575,548,73,
K02398,4312,16487,4703,6572,5437,5529,3608,
K02399,0,4,0,1,1,2,0,
K08219,16,7,15,5,19,25,3,
K21087,0,0,0,0,0,0,0,
K01915,2375,554,1241,411,2805,1446,276,
K05774,1,0,0,0,0,0,2,
K06213,2889,2238,951,684,3737,1454,484,
K21495,0,0,0,0,0,0,0,
K01872,5085,1333,5011,773,5103,6621,362,
K00928,0,0,0,0,0,0,0,
K03563,0,0,0,0,0,0,0,
K01620,2200,340,740,300,2352,1553,130,
K05526,1105,320,350,166,1156,547,107,
K00794,0,0,0,0,0,0,0,
K01484,1282,260,627,199,1373,816,123,
K06447,2880,455,2124,275,3401,2894,223,
K00673,1940,374,2409,229,2006,2868,192,
K00673,1536,226,844,105,1716,1003,76,
K00840,1375,172,354,97,1581,552,54,
K21825,2422,1005,1243,535,2964,1857,272,
K10025,813,128,688,103,1057,669,53,
K06987,1429,224,1226,123,1515,1140,64,
K10023,692,99,853,66,774,737,35,
K10024,655,126,426,38,691,389,26,
K10022,116,14,30,5,116,40,6,
K01895,2743,412,921,320,2853,1162,168,
K00526,5170,2404,2284,1280,5838,7607,641,
K07090,80,6,9,4,103,10,4,
K13985,1154,55,95,80,1349,158,36,
K19736,1551,77,118,57,1828,222,31,
K18968,1812,215,238,81,1974,346,48,
K03406,1555,761,456,506,1759,912,235,
K01937,867,369,193,640,854,302,173,
K01126,1040,155,290,139,1257,425,56,
K03406,1334,53,282,74,1324,354,21,
K16074,1585,29,53,25,1853,80,17,
K03306,3788,349,3190,78,3953,4654,86,
K00216,179,5,6,8,207,6,0,
K01252,0,0,0,0,0,0,0,
K02363,176,15,3,4,268,5,4,
K02361,316,8,0,12,497,11,4,
K08225,95,1,0,6,156,0,3,
K23185,10,1,0,1,5,0,0,
K23186,283,15,0,8,374,5,0,
K23187,0,0,0,0,0,0,0,
K02364,542,52,47,23,649,207,22,
K23188,0,0,0,0,0,0,0,
K07214,224,7,0,9,282,2,2,
K05375,0,0,0,0,0,0,0,
K19611,634,18,3,25,861,18,8,
K01972,49,9,1,17,65,24,9,
K09962,0,0,0,0,0,0,0,
K09954,0,0,0,0,0,0,0,
K03528,157,9,8,19,197,16,7,
K06203,350,10,10,12,610,17,10,
K01738,296,187,54,88,422,161,69,
K02784,316,185,66,78,506,239,59,
K08483,545,295,206,160,898,388,61,
K11382,12,2,1,0,12,0,1,
K02777,0,0,0,0,0,0,0,
K08478,252,45,6,17,369,9,11,
K08475,216,14,6,4,292,25,13,
K08476,1,0,0,0,1,0,0,
K02483,155,22,9,21,195,27,9,
K12339,169,47,32,36,256,74,10,
K02045,271,24,4,31,413,8,6,
K02047,172,187,16,147,198,86,60,
K02046,121,64,5,38,176,17,10,
K02048,207,157,24,167,401,52,47,
K07223,207,132,13,37,340,60,33,
K22477,13,1,0,0,32,2,1,
K01448,39,3,0,0,43,0,3,
K16087,30,0,0,0,56,0,2,
K00228,0,0,0,0,0,0,0,
K09768,0,0,0,0,0,0,0,
K01354,700,8,0,2,817,2,3,
K03832,300,0,0,2,325,2,1,
K16235,31,0,0,1,59,0,0,
K00027,31,2,2,1,32,14,0,
K00547,0,0,0,0,0,0,0,
K17733,162,15,21,9,174,67,8,
K05879,123,17,5,6,199,17,1,
K05878,116,17,36,4,162,27,4,
K00059,83,3,1,2,107,12,0,
K01808,170,0,0,0,252,0,0,
K00616,162,16,2,10,239,24,4,
K12945,31,3,4,5,36,4,0,
K02569,119,12,19,5,138,16,4,
K02574,10,1,1,0,4,4,0,
K02568,0,0,0,0,0,0,0,
K02567,279,72,76,23,296,341,30,
K02573,0,0,0,0,0,0,0,
K02570,9,0,1,2,10,6,0,
K02572,61,15,12,6,51,41,1,
K07674,322,53,45,22,468,62,16,
K07685,141,39,33,21,249,68,21,
K18138,565,35,12,30,883,43,8,
K22450,115,12,5,8,166,10,0,
K06887,153,6,6,1,196,4,0,
K00537,65,14,4,10,86,8,7,
K01439,111,13,6,6,162,13,3,
K06957,193,16,4,22,250,20,3,
K07260,0,0,0,0,0,0,0,
K06999,0,0,0,0,0,0,0,
K07054,249,11,10,28,266,33,2,
K01923,186,17,6,12,296,38,1,
K07287,393,72,79,65,577,336,17,
K01714,210,136,110,98,367,318,24,
K06218,7072,3842,10318,662,7242,8134,627,
K03567,2,3,0,0,2,0,0,
K03548,18,0,1,4,15,1,1,
K03564,0,0,0,0,0,0,0,
K01423,228,47,35,33,405,63,13,
K08172,14,1,3,1,32,3,0,
K00537,0,0,0,0,0,0,0,
K01426,133,2,0,0,109,9,0,
K10763,9,0,0,1,20,2,0,
K02824,51,3,4,1,76,8,4,
K00761,233,9,4,4,394,19,7,
K01933,297,38,19,28,393,90,16,
K11175,113,13,7,23,187,15,7,
K09983,7,4,2,0,7,1,1,
K02036,0,0,0,0,0,0,0,
K02038,32,6,5,1,47,2,1,
K02037,370,2,4,5,483,12,0,
K00937,610,177,83,48,784,219,25,
K01524,0,0,0,0,0,0,0,
K06213,396,48,19,15,566,25,10,
K21084,729,102,50,66,1039,172,31,
K13529,0,0,0,0,0,0,0,
K04046,133,2,7,3,219,9,0,
K05882,16,0,0,1,44,1,0,
K03790,0,0,0,0,0,0,0,
K07799,246,34,16,7,319,10,1,
K07788,622,18,12,4,833,36,6,
K07789,690,10,11,7,859,28,2,
K18326,210,8,11,15,298,13,0,
K07642,223,7,4,6,316,18,0,
K07664,57,2,3,10,54,4,1,
K18828,1,0,0,0,1,0,0,
K09946,445,428,101,65,918,284,58,
K08303,299,20,8,9,425,28,5,
K07029,240,26,4,32,328,32,8,
K08323,307,4,0,3,550,4,0,
K08322,226,6,1,10,281,17,0,
K08173,525,7,9,4,697,11,0,
K00040,246,0,0,2,405,5,5,
K22293,174,10,2,4,276,4,2,
K11645,556,60,36,72,948,206,26,
K02783,155,0,0,0,250,0,0,
K02782,623,2,0,6,1092,4,0,
K02781,110,0,4,0,142,8,0,
K00068,229,7,2,2,328,3,0,
K02466,120,3,0,2,155,0,2,
K02468,166,16,12,9,189,9,0,
K02467,84,15,0,4,156,12,0,
K00941,267,67,77,29,549,56,6,
K00878,263,3,2,1,400,9,2,
K06182,176,11,10,8,269,2,4,
K01425,18,4,2,5,29,7,0,
K01258,444,40,12,25,663,60,3,
K12368,561,131,52,75,906,107,42,
K03710,1,0,0,0,3,5,0,
K01857,360,13,4,1,490,12,0,
K03319,464,6,0,4,628,14,1,
K01951,188,7,1,8,295,8,3,
K00088,369,76,20,82,549,46,19,
K03601,0,0,0,0,0,0,0,
K08191,367,16,4,6,558,10,2,
K13936,0,0,0,0,0,0,0,
K03977,274,19,13,21,427,55,7,
K17713,214,13,16,19,333,74,7,
K01892,369,156,184,54,527,281,21,
K03526,471,146,176,66,769,349,24,
K15539,305,52,61,55,508,133,10,
K02656,214,46,53,32,369,93,26,
K06941,401,229,208,116,1015,210,71,
K00940,30,13,5,10,56,12,1,
K07751,121,2,2,5,220,15,1,
K04044,317,63,15,44,429,137,16,
K04755,0,0,0,0,0,0,0,
K04082,211,44,18,29,302,34,11,
K04487,282,226,66,158,546,155,89,
K13628,0,0,0,0,0,0,0,
K04488,0,0,0,0,0,0,0,
K13643,149,213,31,121,387,74,49,
K15396,282,305,99,199,609,170,105,
K08970,38,3,1,5,65,1,0,
K01092,0,0,0,0,0,0,0,
K05820,0,0,0,0,0,0,0,
K00600,392,9,6,13,423,25,8,
K05916,70,0,0,0,101,0,0,
K00316,403,5,3,15,614,85,4,
K00137,368,23,6,27,689,69,2,
K02052,233,18,4,37,528,29,10,
K02055,198,39,27,65,471,56,21,
K00137,537,116,39,145,1185,96,29,
K01950,317,42,35,29,389,94,12,
K04752,0,0,0,0,0,0,0,
K07715,352,60,58,48,545,135,19,
K01952,1049,387,161,55,1248,559,36,
K07711,0,0,0,0,0,0,0,
K18691,187,2,2,5,259,2,2,
K11991,6,0,0,0,3,1,0,
K13954,146,12,3,6,214,8,5,
K18697,19,0,0,0,27,2,1,
K15835,162,2,4,10,244,9,0,
K00997,0,0,0,0,0,0,0,
K03474,55,7,6,7,114,23,2,
K03584,92,32,8,3,132,47,3,
K03595,229,5,13,20,478,53,0,
K03685,126,35,29,45,187,130,10,
K03100,15,4,2,5,26,6,0,
K03596,251,25,39,36,384,111,21,
K03598,102,21,4,22,180,31,15,
K03803,0,0,0,0,0,0,0,
K03597,286,93,29,44,626,51,15,
K03088,2016,2812,563,559,5103,1542,439,
K00278,166,23,7,16,285,10,11,
K15460,2,0,0,0,3,0,0,
K05590,184,26,25,24,300,31,4,
K06866,138,14,17,0,144,24,2,
K03648,14,7,1,0,22,6,2,
K03687,22,7,2,4,16,16,2,
K00858,347,50,19,27,440,64,20,
K03631,236,225,15,129,409,60,55,
K06186,26,21,6,9,69,11,5,
K09801,0,0,0,0,0,0,0,
K18588,72,36,6,14,117,41,7,
K03664,275,166,72,41,362,232,31,
K03329,0,0,0,0,0,0,0,
K22042,0,0,0,0,0,0,0,
K00657,112,6,2,3,200,3,2,
K15977,0,0,0,0,0,0,0,
K00375,180,14,4,0,173,15,2,
K05594,0,0,0,0,0,0,0,
K06191,61,4,2,5,83,0,2,
K03647,40,4,1,3,65,0,0,
K00525,386,3,0,8,456,0,5,
K11616,14,6,5,4,28,13,0,
K00526,0,0,0,0,0,0,0,
K07700,382,18,15,6,562,25,3,
K07702,1,0,0,0,0,0,0,
K22110,0,0,0,0,0,0,0,
K03292,295,18,4,15,454,4,2,
K03292,152,2,0,0,280,3,2,
K15922,405,4,0,0,629,1,0,
K01785,231,0,0,0,328,0,0,
K01624,298,0,0,0,411,0,2,
K08318,210,0,0,0,324,0,0,
K18478,179,0,0,2,300,4,0,
K02444,316,24,8,16,523,26,2,
K02000,348,12,7,23,446,6,21,
K02001,294,7,8,9,475,16,4,
K02002,20,0,1,2,24,4,0,
K08224,374,2,0,0,517,2,3,
K15974,133,15,12,11,166,40,8,
K03543,228,6,8,17,317,29,6,
K03446,413,8,15,12,592,18,4,
K03214,178,3,0,2,184,7,4,
K03672,94,44,27,42,157,60,9,
K05812,124,2,3,0,136,4,0,
K09181,623,106,138,51,1018,215,32,
K00998,362,130,41,30,514,88,18,
K05811,73,4,0,2,68,4,0,
K00111,2786,2571,1261,1601,3278,2170,834,
K10001,7405,2574,4784,822,8954,7498,757,
K10003,1194,75,182,31,1565,419,20,
K10002,658,51,81,30,785,198,18,
K10004,1838,229,1003,128,2188,1086,105,
K17060,1913,51,118,37,2270,192,38,
K17061,1060,97,197,49,1248,360,22,
K02442,612,13,24,8,777,40,5,
K07274,1850,110,173,58,2127,245,34,
K08966,1341,75,87,36,1524,199,13,
K03928,1144,61,256,21,1324,467,29,
K00032,173,7,11,9,203,11,5,
K00355,0,0,0,0,0,0,0,
K12252,195,11,33,2,244,20,3,
K12253,402,10,29,14,447,51,10,
K00249,927,21,22,10,1080,53,7,
K15866,639,4,39,9,616,37,4,
K02205,1595,0,15,8,1568,38,5,
K07647,1951,79,85,31,2087,91,18,
K07772,565,8,43,10,623,50,10,
K02167,728,81,169,39,807,193,57,
K11739,0,0,0,0,0,0,0,
K11740,1253,132,161,47,1574,171,67,
K01791,1286,230,153,57,1504,182,81,
K14415,1170,66,92,36,1200,181,18,
K09022,536,1016,187,851,476,255,432,
K01753,1008,422,339,469,1210,520,259,
K00874,1,0,0,0,1,1,0,
K13587,397,33,47,15,405,76,17,
K07112,609,37,39,33,715,102,10,
K07112,3,0,0,0,0,2,0,
K07090,0,0,0,0,0,0,0,
K17218,794,144,1070,63,806,1221,108,
K22441,25,4,11,3,15,11,2,
K02483,734,37,76,44,888,112,20,
K10814,693,177,1216,80,627,1255,85,
K11734,522,23,12,32,777,35,7,
K13985,233,37,39,42,441,57,16,
K05810,1124,1611,620,325,1778,1160,274,
K03704,0,0,0,0,0,0,0,
K00563,96,2,0,3,130,5,2,
K23242,32,2,1,6,67,2,0,
K02796,241,5,2,7,357,9,2,
K02795,360,46,41,16,486,484,29,
K02794,510,41,52,18,698,462,10,
K03761,490,2,265,5,784,872,1,
K03566,477,30,43,35,504,152,24,
K07118,0,0,0,0,0,0,0,
K18954,16,0,1,0,12,4,1,
K01061,24,6,10,2,41,15,6,
K05898,586,31,38,56,667,49,17,
K09017,0,0,0,1,0,0,0,
K19745,922,34,71,37,1059,138,25,
K06867,891,70,71,52,1065,153,24,
K06969,974,36,187,58,1065,279,21,
K16088,303,10,3,1,251,13,1,
K06160,2479,65,188,58,2463,258,42,
K03896,1270,7,18,12,1365,55,9,
K01273,1701,33,147,34,1915,211,25,
K18139,870,28,24,14,800,40,9,
K21488,0,0,0,0,0,0,0,
K02004,1122,47,196,36,1196,235,38,
K07799,1418,95,302,115,1696,403,38,
K07788,2276,121,327,104,2488,506,72,
K07789,2504,142,414,114,2883,489,46,
K18903,1338,101,320,56,1451,485,29,
K21023,1767,62,319,79,1885,430,35,
K21757,1469,284,228,183,1555,356,87,
K10778,0,0,0,0,0,0,0,
K07708,1503,202,332,104,1767,516,75,
K07712,2144,221,570,123,2882,782,111,
K03216,264,42,45,15,241,37,6,
K03071,214,58,160,38,225,237,13,
K03676,476,121,310,58,463,571,27,
K15633,3457,1078,1224,663,3928,2195,261,
K22719,2255,699,1060,425,2312,1235,230,
K03797,1057,366,536,222,1175,676,120,
K02959,0,0,0,0,0,0,0,
K02860,0,0,0,0,0,0,0,
K00554,0,0,0,0,0,0,0,
K02884,0,0,0,0,0,0,0,
K10806,0,0,0,0,0,0,0,
K04763,1248,54,179,67,1333,251,24,
K03981,1750,477,1124,312,1667,1300,153,
K00003,2672,505,1239,372,2925,2255,207,
K01733,2547,503,1062,290,2714,2093,135,
K07679,5289,80,249,70,6116,380,55,
K07687,0,0,0,0,0,0,0,
K07749,1006,120,170,68,1069,286,23,
K09980,7443,4024,6531,2201,8679,12639,960,
K16862,0,0,0,0,0,0,0,
K07462,1868,142,471,122,2114,638,58,
K03670,603,18,17,4,624,30,12,
K07148,1047,305,104,302,1236,346,99,
K13487,2196,381,1024,376,2380,1212,178,
K13488,611,97,598,68,686,572,68,
K13486,1506,72,241,64,1489,388,29,
K13489,710,76,197,48,734,400,19,
K13490,2485,287,1061,145,2515,1371,138,
K13491,1254,205,422,164,1333,565,113,
K11444,918,193,320,83,957,462,49,
K02836,1606,323,677,275,1673,1192,108,
K04567,2603,346,932,230,2582,1644,128,
K23778,872,67,103,34,848,194,15,
K06889,724,28,139,32,824,491,18,
K03286,226,226,101,134,372,261,78,
K01595,3718,685,1609,893,4368,3194,429,
K00939,5808,2133,5355,1185,5931,10175,473,
K14742,1352,216,604,224,1610,933,109,
K15984,209,71,82,30,211,110,16,
K18301,99,38,30,26,71,101,26,
K18302,1900,2073,1141,1849,2085,2867,951,
K18303,3110,825,646,589,3598,1482,395,
K00631,1368,384,552,164,1570,747,116,
K09914,0,0,0,0,0,0,0,
K00563,0,0,0,0,0,0,0,
K03704,0,0,0,0,0,0,0,
K01439,0,0,0,0,0,0,0,
K22132,247,9,14,7,261,24,4,
K01766,367,27,71,19,397,138,21,
K02426,0,0,0,0,0,0,0,
K00674,1461,206,393,132,1677,647,63,
K00537,1033,191,241,210,997,549,47,
K24163,496,9,11,6,556,21,3,
K00990,1908,385,465,233,2101,977,111,
K14267,0,0,0,0,0,0,0,
K01265,1809,506,639,426,2037,1035,191,
K02967,17997,11636,16302,6527,16231,21478,2613,
K02357,13046,6697,11122,3978,12024,14113,1235,
K09903,3086,1098,3576,519,3247,4588,265,
K02838,1833,699,2234,395,1953,3230,221,
K00806,1339,368,1929,339,1504,2154,157,
K00981,1286,31,141,85,1544,537,21,
K00099,1755,231,907,180,1719,1469,83,
K11749,2729,1020,1667,725,3304,2536,433,
K07277,6054,1979,3737,1087,6718,5063,496,
K06142,1796,973,2144,353,1865,2484,199,
K02536,1805,505,1038,252,2313,1559,126,
K02372,1097,430,783,162,1103,875,70,
K00677,1638,466,1322,182,1858,1373,108,
K00748,1422,133,549,115,1745,904,68,
K03470,935,135,291,54,1141,480,33,
K02337,5609,710,2848,554,6558,3408,333,
K01962,2589,1049,1624,579,3196,2425,290,
K04075,960,174,444,74,1019,436,63,
K01937,6177,1141,3926,795,7134,7038,381,
K01627,1789,330,925,328,1818,1446,147,
K01689,5587,1203,2463,556,5625,5148,388,
K05589,320,160,165,65,292,167,46,
K00991,0,0,0,0,0,0,0,
K00121,2701,306,419,534,3235,1076,125,
K01070,1159,197,619,392,1269,783,134,
K01770,506,228,509,168,649,506,73,
K06176,1890,163,317,189,2674,543,44,
K03787,1592,364,762,219,1934,1027,100,
K00573,1140,114,529,109,1643,880,92,
K06194,972,274,268,139,1092,362,71,
K03555,907,615,619,219,1017,778,119,
K03087,0,0,0,0,0,0,0,
K05524,0,0,0,0,0,0,0,
K06903,201,7,32,12,177,68,3,
K06907,658,37,90,28,711,193,6,
K08195,1067,92,161,46,1125,283,32,
K03830,0,0,0,0,0,0,0,
K09918,141,12,27,7,137,32,6,
K03837,1101,541,128,303,1071,205,169,
K13256,0,0,0,0,0,0,0,
K01752,2086,46,176,39,2617,175,18,
K03566,1774,42,58,29,2253,116,13,
K03088,428,8,19,9,411,49,6,
K07165,606,21,62,20,705,97,20,
K03559,913,14,18,9,858,23,8,
K07345,1082,13,28,15,975,28,5,
K15540,1151,30,39,12,1089,20,2,
K07347,2881,47,48,22,3243,89,22,
K18297,1098,308,374,311,1374,836,166,
K03832,491,44,32,38,520,59,13,
K03561,254,22,15,24,303,18,2,
K05794,184,6,34,2,139,22,1,
K03559,0,0,0,0,0,0,0,
K07002,822,1754,363,2312,1199,550,555,
K02073,3675,1073,1249,1174,4400,2756,164,
K02028,860,69,71,33,1151,120,22,
K02030,0,0,0,0,0,0,0,
K21136,1511,621,688,719,1711,1009,362,
K21137,1017,149,114,142,1164,276,86,
K03321,1101,85,271,61,1271,470,28,
K01692,1381,938,540,243,1515,352,164,
K02050,318,9,14,4,388,15,4,
K11065,192,17,57,27,259,54,6,
K00381,3447,2217,1499,1441,3285,3145,899,
K00404,7496,8424,1846,5599,6860,6429,2874,
K25316,504,308,265,181,484,479,158,
K03825,617,153,437,97,577,408,86,
K20975,220,17,78,5,243,58,5,
K13609,1759,21,95,7,2019,127,13,
K02030,1280,65,252,24,1412,659,6,
K02029,587,8,53,2,656,102,5,
K02028,1660,16,78,6,1964,123,12,
K07112,0,0,0,0,0,0,0,
K11073,0,0,0,0,0,0,0,
K00375,1250,86,232,94,1438,292,46,
K07734,957,63,111,56,1039,206,32,
K22479,0,0,0,0,0,0,0,
K02030,1223,342,133,288,1221,183,71,
K07154,0,0,0,0,0,0,0,
K02029,0,0,0,0,0,0,0,
K01960,2654,2172,1290,1397,2839,1996,743,
K07496,332,582,67,214,382,257,114,
K04063,1031,1320,390,521,1367,942,478,
K01091,10,1,13,1,14,8,0,
K01726,1219,114,185,88,1427,276,26,
K01414,3176,782,951,594,4135,2212,279,
K07070,0,0,0,0,0,0,0,
K06152,1385,15,24,47,1708,37,29,
K06151,3193,54,64,39,4019,72,11,
K22474,907,28,49,13,1040,68,16,
K13779,211,30,34,6,250,42,10,
K11731,164,15,23,8,159,20,6,
K13778,1415,195,187,73,1707,270,83,
K13774,0,0,0,0,0,0,0,
K22108,1217,388,694,334,1235,962,182,
K03088,46,1,0,1,52,0,0,
K05559,3079,732,750,578,3548,1068,269,
K05560,338,34,50,18,394,53,11,
K05561,1473,157,360,104,1656,412,60,
K05562,338,45,59,21,312,113,20,
K05563,172,9,21,8,148,35,9,
K05564,1,0,0,0,0,0,0,
K02014,1240,27,26,30,1472,55,14,
K02002,21,15,12,6,28,8,2,
K01907,1380,73,170,71,1827,247,32,
K00019,127,6,8,6,146,20,1,
K13896,1132,147,364,77,1124,469,57,
K13895,1023,107,193,61,1072,326,52,
K13894,93,6,17,4,75,17,3,
K13893,1280,96,225,58,1443,188,37,
K01626,911,171,284,492,958,706,224,
K07689,2100,1451,1711,1143,2254,1959,517,
K03703,2030,432,747,230,2185,1036,121,
K08744,844,337,746,218,946,661,97,
K03566,524,35,42,7,703,38,11,
K02055,2059,181,221,86,2466,326,70,
K01271,1329,211,386,70,1448,553,60,
K02055,1282,176,299,42,1564,426,68,
K00146,1003,2711,31,1897,1072,74,1168,
K05712,1603,904,146,455,2080,222,408,
K04033,410,244,67,51,493,75,79,
K07487,631,71,90,20,707,90,27,
K07459,1893,373,746,177,2387,824,136,
K12070,2360,698,710,189,2677,810,133,
K19156,0,0,0,0,0,0,0,
K19155,0,0,0,0,0,0,0,
K09962,0,0,0,0,0,0,0,
K03630,0,0,0,0,0,0,0,
K12071,1089,32,34,21,1208,41,8,
K11904,2541,76,87,32,2712,96,16,
K11896,2378,91,107,30,2673,192,28,
K00558,1209,42,75,25,1372,59,16,
K03111,0,0,0,0,0,0,0,
K07484,0,0,0,0,0,0,0,
K09962,0,0,0,0,0,0,0,
K07459,2527,704,818,185,3196,1030,90,
K12055,607,22,33,14,656,38,6,
K07733,18,10,6,2,24,4,1,
K07483,468,78,175,15,589,59,21,
K07497,816,71,113,39,1082,116,27,
K07687,1542,299,318,112,1687,270,78,
K07687,146,85,106,19,181,156,10,
K07677,3776,585,844,293,4562,1294,205,
K07677,4306,1537,2023,980,5514,3109,824,
K09919,944,46,291,40,1002,222,25,
K02481,500,165,358,83,523,393,54,
K03576,705,121,49,115,805,135,44,
K05834,532,158,237,68,517,271,61,
K02909,477,319,74,145,671,151,173,
K22083,2516,134,276,144,2878,555,47,
K01610,242,85,128,55,240,177,31,
K04083,4244,1238,2060,901,4466,4244,346,
K04762,98,106,106,46,130,148,54,
K07638,171,39,116,29,191,67,18,
K05844,0,0,0,0,0,0,0,
K07659,1595,334,501,261,1782,805,155,
K06959,4195,532,1374,429,4697,2436,180,
K02614,727,68,132,44,741,221,24,
K01919,3633,984,1399,677,4048,1647,336,
K09947,0,0,0,0,0,0,0,
K07338,122,11,43,5,125,59,1,
K07231,847,57,203,47,1079,250,30,
K21024,1847,183,388,185,1664,591,69,
K04564,1278,971,659,410,1585,512,162,
K06895,9565,3375,6759,1907,11063,9203,1070,
K09964,1061,149,1077,58,1198,1598,59,
K05596,1107,599,293,385,1350,353,231,
K21417,975,19,14,7,1039,18,3,
K00004,1125,38,43,15,1476,71,18,
K03762,538,44,45,88,520,121,35,
K02028,493,30,27,8,523,77,11,
K06987,729,96,119,33,827,108,48,
K10023,455,101,118,57,511,162,34,
K16370,195,94,37,69,330,53,29,
K21495,63,13,2,3,105,14,2,
K03427,530,195,43,51,749,120,49,
K01154,417,238,164,79,566,199,48,
K01153,790,195,91,79,1188,239,55,
K17723,18,7,12,3,16,15,3,
K17722,1974,389,846,234,2302,1446,161,
K01464,1690,221,350,123,2078,779,75,
K03457,2987,146,612,49,3516,889,52,
K06016,1888,252,443,106,2291,781,103,
K15553,1205,244,106,477,1363,190,91,
K02000,1201,57,114,220,1254,208,23,
K11073,504,16,148,14,543,169,18,
K01915,507,2,29,5,604,41,5,
K07679,1504,46,310,25,1612,329,20,
K04033,0,0,0,0,0,0,0,
K07690,968,88,157,41,1147,268,22,
K07687,923,82,171,53,1039,262,22,
K15257,38,6,1,1,62,10,1,
K06201,155,16,2,17,250,45,6,
K09907,249,48,41,59,360,258,16,
K01887,336,62,67,57,457,101,15,
K03980,262,8,3,4,378,5,4,
K10022,611,114,60,51,896,52,54,
K03406,2142,521,412,314,2610,647,191,
K18843,269,33,118,32,364,124,10,
K01118,493,20,52,15,495,85,7,
K19784,676,137,130,94,858,308,41,
K01584,2478,1109,984,488,3028,1415,251,
K02342,1121,280,538,194,1209,566,122,
K03469,113,5,11,4,121,26,3,
K01069,1363,115,205,131,1428,345,55,
K08307,3308,2312,1445,1060,3487,2618,584,
K05799,101,20,8,10,166,26,0,
K18326,63,6,3,4,125,1,0,
K02529,0,0,0,0,0,0,0,
K00852,288,21,17,22,408,41,8,
K10439,184,50,28,27,216,62,17,
K10440,100,25,17,9,136,59,7,
K10441,337,9,12,13,469,32,3,
K03549,420,55,7,28,526,47,6,
K06726,0,0,0,0,0,0,0,
K03924,239,18,26,21,350,41,5,
K01914,1,0,0,0,0,0,0,
K03718,151,5,0,4,142,2,0,
K21908,146,5,2,0,205,3,5,
K19778,50,3,6,0,37,0,1,
K03758,520,2,0,0,706,0,0,
K01584,636,8,2,5,975,6,0,
K03758,361,28,2,12,590,6,8,
K06205,181,93,36,67,292,94,20,
K03495,556,165,97,94,867,236,38,
K03501,141,30,13,14,197,46,8,
K02108,605,278,125,114,838,420,48,
K02110,300,120,70,59,420,243,27,
K02109,388,131,81,56,511,320,24,
K02113,351,167,72,55,484,360,27,
K02111,1152,338,250,182,1433,1373,72,
K02115,510,104,270,60,832,706,40,
K02112,1888,259,607,158,2688,3433,54,
K02114,15,4,9,1,31,39,1,
K04042,386,146,103,71,690,268,49,
K00820,457,109,90,63,692,199,26,
K02040,411,182,44,61,747,142,34,
K02037,252,43,9,17,416,48,18,
K02038,218,35,26,27,337,39,12,
K02036,140,53,30,22,277,44,10,
K02039,121,52,10,17,160,38,11,
K02030,117,124,0,31,163,15,8,
K02029,149,16,0,6,266,7,0,
K08996,0,0,0,0,0,0,0,
K06901,51,10,6,8,104,15,8,
K19784,179,15,3,13,236,5,1,
K06133,129,64,17,17,180,67,7,
K03650,225,19,12,9,253,12,1,
K03217,266,7,21,25,391,40,2,
K08998,47,4,2,4,48,13,0,
K03536,69,3,3,12,93,10,5,
K02914,155,74,36,38,203,94,23,
K02313,415,105,77,75,549,140,18,
K02338,302,57,33,43,370,157,23,
K03629,196,20,50,41,264,81,16,
K02470,951,331,202,154,1308,608,71,
K21064,283,17,4,10,333,18,2,
K09474,210,6,2,4,298,16,6,
K04080,1697,2645,377,954,1912,2050,762,
K04081,1486,2817,227,1130,1536,1447,736,
K07085,225,40,21,15,374,83,6,
K00835,0,0,0,0,0,0,0,
K01176,289,21,18,15,457,32,8,
K00090,110,69,21,17,125,34,8,
K18918,0,0,0,0,0,0,0,
K00874,334,5,0,8,434,15,4,
K02525,227,6,6,6,317,23,6,
K02532,72,2,0,0,134,4,3,
K07407,500,30,25,35,731,155,22,
K03286,28,1,0,2,48,0,0,
K01223,150,17,4,2,224,8,6,
K03826,61,10,0,0,64,2,0,
K01246,42,20,8,7,57,3,2,
K12686,399,30,67,14,718,49,6,
K19734,202,12,2,4,225,0,6,
K01878,207,37,77,36,303,132,13,
K01879,447,60,73,98,585,285,21,
K02800,439,38,13,31,769,85,17,
K00009,224,30,10,17,323,24,11,
K02562,1,0,0,0,0,0,0,
K11249,0,0,0,0,0,0,0,
K14762,0,0,0,0,0,0,0,
K05875,188,17,16,10,261,27,8,
K04564,127,5,8,3,137,17,0,
K02379,276,60,14,61,390,40,23,
K00124,296,102,58,79,611,468,53,
K00127,435,139,67,84,809,540,43,
K02380,189,26,13,34,280,102,17,
K01042,320,25,37,15,336,90,5,
K03833,377,28,34,30,497,112,13,
K00138,141,25,18,29,229,82,4,
K08160,43,1,0,11,74,2,1,
K00854,204,10,7,5,306,13,4,
K01805,296,41,3,16,460,15,10,
K10543,222,6,0,4,310,12,0,
K10545,295,2,0,2,356,9,2,
K01991,1195,62,91,92,1257,150,36,
K16566,228,39,12,28,220,29,27,
K08679,352,31,39,24,467,27,12,
K00012,1079,569,103,401,1228,181,209,
K00847,0,0,0,0,0,0,0,
K00854,614,96,225,106,611,329,64,
K24116,1571,36,43,15,1860,98,24,
K09946,615,45,58,31,548,101,29,
K01714,11,1,1,1,21,4,2,
K13954,6062,1186,3149,391,6148,9413,363,
K19092,8,6,6,0,11,11,2,
K18918,973,611,473,320,1039,991,206,
K03924,1033,124,253,65,1115,507,55,
K00873,2888,854,1686,344,3456,3322,201,
K21019,1046,178,380,185,1214,711,79,
K05835,104,0,0,2,102,0,2,
K06445,1775,449,346,215,1703,700,93,
K00799,1517,407,457,370,1982,960,178,
K01990,2887,2763,1573,1205,3839,3002,838,
K09928,78,29,36,25,63,47,9,
K02238,1038,14,60,27,1156,85,14,
K07090,373,10,4,10,441,14,1,
K05834,0,0,0,0,0,0,0,
K02014,1299,38,30,13,1541,35,2,
K19296,0,0,0,0,0,0,0,
K19295,179,2,4,1,196,12,0,
K19294,1487,15,27,7,1778,37,7,
K19293,751,15,22,5,990,44,14,
K01795,1642,28,37,6,1824,69,16,
K16081,2336,48,76,31,2361,109,22,
K19292,1484,14,24,5,1540,26,9,
K02032,797,35,52,12,921,98,12,
K07729,161,26,39,17,241,62,15,
K10974,1406,116,170,66,1575,230,52,
K01485,368,20,22,22,477,38,5,
K01778,75,20,55,27,80,99,18,
K18900,415,47,45,45,468,82,10,
K03719,2,0,0,0,0,0,0,
K12518,766,11,2,16,1225,4,4,
K12519,0,0,0,0,0,0,0,
K07345,982,11,2,2,1505,2,3,
K07675,929,263,893,152,1065,917,111,
K07154,913,103,662,88,1107,650,37,
K01055,157,8,18,6,145,12,7,
K03805,0,0,0,0,0,0,0,
K04084,1014,72,77,77,1158,116,24,
K02199,0,0,0,0,0,0,0,
K07666,909,185,233,241,1034,288,104,
K07645,965,115,149,97,1159,257,59,
K00836,1128,28,53,19,1173,69,3,
K05375,436,28,52,15,363,57,8,
K07148,375,4,10,13,492,9,0,
K02529,282,124,17,43,381,29,40,
K10540,1487,1353,233,147,1664,1352,274,
K10542,439,549,42,74,660,157,165,
K10541,180,115,7,11,299,59,45,
K00029,171,30,12,24,267,40,9,
K03748,0,0,0,0,0,0,0,
K01489,205,20,13,9,272,51,6,
K06518,0,0,0,0,0,0,0,
K01874,339,13,12,7,388,18,4,
K03593,231,44,40,24,291,62,8,
K00876,258,20,9,14,341,14,2,
K01494,201,33,27,23,295,113,11,
K07289,603,108,104,81,950,244,31,
K03077,0,0,0,0,2,0,0,
K03079,0,0,0,0,0,0,0,
K00880,171,3,1,7,187,13,0,
K10440,120,3,0,2,129,6,0,
K10441,257,3,2,2,427,6,1,
K10439,214,0,0,0,252,8,0,
K23271,218,19,0,7,362,20,3,
K03326,0,0,0,0,0,0,0,
K00963,275,64,44,35,447,145,15,
K00963,296,52,40,48,519,107,22,
K01991,314,103,78,62,503,176,40,
K25307,81,33,16,21,158,23,4,
K16692,470,115,161,39,669,278,51,
K03606,314,69,241,15,528,401,24,
K01710,647,75,43,20,910,193,20,
K00973,355,22,26,12,473,143,8,
K01790,81,4,9,5,79,40,4,
K00067,0,0,0,0,0,0,0,
K16568,380,51,56,4,436,316,10,
K01784,478,166,60,41,653,299,32,
K01710,487,109,53,56,688,186,45,
K00973,345,55,43,25,500,130,20,
K01790,147,33,16,20,241,71,3,
K00067,311,121,69,58,448,247,27,
K16870,222,181,35,78,343,59,39,
K09690,284,47,16,13,433,40,15,
K09691,260,72,47,23,380,67,2,
K01784,319,19,22,23,536,77,13,
K16568,726,103,53,34,1133,194,19,
K00033,277,54,55,35,440,206,18,
K11755,0,0,0,0,0,0,0,
K02500,193,29,17,9,276,113,11,
K01814,369,21,29,22,580,119,4,
K02501,37,3,2,6,51,19,0,
K01089,133,9,26,8,187,80,8,
K00817,132,16,19,5,215,62,3,
K00013,238,14,20,16,322,112,6,
K00765,196,10,34,15,280,138,2,
K02014,491,10,0,7,854,0,8,
K05358,317,5,4,15,514,26,2,
K14441,22,4,0,6,29,3,1,
K03284,254,33,23,25,457,39,5,
K21430,171,20,3,8,243,35,4,
K00799,128,8,2,6,136,13,2,
K01752,52,9,3,4,72,13,0,
K07258,0,0,0,0,0,0,0,
K03837,368,24,29,28,568,99,9,
K11534,252,7,8,6,257,15,9,
K01619,246,22,23,22,396,80,14,
K19302,0,0,0,0,0,0,0,
K00677,76,3,1,0,87,2,2,
K08276,0,0,0,0,0,0,0,
K06149,0,0,0,0,0,0,0,
K07085,360,16,5,13,427,18,7,
K03674,48,43,22,9,57,25,3,
K05844,292,33,31,30,513,70,10,
K11073,781,174,109,101,1226,525,30,
K11076,249,78,45,50,364,92,18,
K11075,259,15,14,20,398,50,5,
K11074,183,25,24,18,264,81,14,
K03212,107,6,2,6,151,16,4,
K09996,98,27,11,22,210,38,7,
K09998,415,134,102,58,756,205,16,
K09999,100,28,4,7,169,45,6,
K09997,182,30,10,18,281,72,13,
K10000,437,149,83,52,635,467,40,
K11904,723,28,14,31,1176,32,14,
K07679,172,1,7,2,227,4,1,
K07690,2539,889,713,426,3297,730,216,
K12518,3704,34,114,17,4831,111,7,
K03313,319,101,93,58,416,209,28,
K06077,560,906,552,323,531,942,175,
K00275,3991,4929,3583,1930,3931,6358,1198,
K03722,2969,490,905,594,3186,1489,194,
K03406,1204,254,723,148,1370,1004,115,
K06204,654,293,661,353,796,1061,228,
K17214,725,255,378,221,712,576,59,
K17215,1387,236,601,220,1428,590,250,
K17213,1406,297,671,225,1455,806,204,
K01808,680,85,321,67,802,381,39,
K17207,1249,137,205,113,1405,229,96,
K17206,762,38,114,32,926,93,21,
K17205,989,60,94,36,1173,157,27,
K23993,14,3,3,0,33,8,2,
K00820,696,79,46,51,835,86,24,
K01443,677,397,109,301,769,246,164,
K24967,1171,164,91,153,1468,121,69,
K18453,1253,119,109,52,1630,162,38,
K17879,2165,560,578,388,2941,769,206,
K01726,845,337,479,165,1037,842,114,
K06938,382,76,97,49,437,174,30,
K09125,857,25,42,27,985,72,6,
K08289,2007,291,730,330,2387,1758,89,
K21829,0,0,0,0,0,0,0,
K19746,826,44,163,38,977,320,27,
K19744,333,20,62,22,346,73,9,
K03732,1298,74,121,105,1692,216,37,
K06999,1038,63,145,90,1178,432,60,
K09969,4405,2571,2773,435,7718,3192,700,
K09970,1490,129,305,47,1895,466,53,
K09971,1117,184,469,48,1597,497,72,
K09972,1635,188,554,64,1980,696,51,
K01999,857,65,51,32,791,89,26,
K01761,3001,931,1706,448,3408,3145,443,
K03719,971,411,191,120,924,202,127,
K22041,609,203,338,246,701,461,126,
K08159,1082,133,434,110,1246,505,39,
K01438,117,19,17,9,120,15,1,
K00145,412,149,190,109,916,209,33,
K00930,238,43,72,52,410,137,27,
K01940,745,178,203,110,1543,483,57,
K01755,184,44,19,41,362,52,7,
K24136,164,19,2,7,176,2,2,
K07358,20,1,0,0,21,1,0,
K07350,11,0,1,1,5,6,0,
K07347,390,16,53,10,543,292,5,
K07349,0,0,0,0,0,0,0,
K07348,0,0,0,0,0,0,0,
K07346,301,16,60,19,375,238,13,
K07351,491,32,75,46,625,400,14,
K07345,1654,117,272,86,2277,1931,35,
K02257,119,17,3,12,174,17,11,
K02298,411,294,99,246,829,453,95,
K02300,0,0,0,0,0,0,0,
K02299,0,0,0,0,0,0,0,
K02297,371,168,100,166,636,263,50,
K08218,687,312,181,189,973,242,62,
K07286,137,10,0,11,211,13,4,
K05527,230,128,64,63,394,183,30,
K03545,522,223,214,101,705,367,48,
K01358,553,326,212,266,925,682,139,
K03544,1477,1485,594,614,2718,2011,472,
K01338,2207,649,682,380,2375,2698,178,
K03530,1026,214,214,189,1613,1293,93,
K03770,526,191,105,84,743,404,40,
K02237,53,0,1,4,84,5,0,
K11925,198,60,7,57,297,55,8,
K12500,0,0,0,0,0,0,0,
K06920,0,0,0,0,0,0,0,
K11938,0,0,0,0,0,0,0,
K05800,155,2,1,2,153,16,3,
K18889,419,30,39,21,648,71,10,
K18890,436,9,7,16,700,31,7,
K04752,92,0,4,4,104,0,0,
K03320,127,9,8,5,195,36,1,
K10805,6,0,0,0,10,0,0,
K01486,304,11,9,10,518,29,4,
K09914,0,0,0,0,0,0,0,
K07443,0,0,0,0,0,0,0,
K05839,0,0,0,0,0,0,0,
K19162,118,353,43,119,292,44,54,
K18138,141,11,4,7,249,34,6,
K02075,0,0,0,0,0,0,0,
K02077,0,0,0,0,0,0,0,
K02909,0,0,0,0,0,0,0,
K03585,348,60,54,56,572,151,8,
K03577,170,62,36,36,324,68,12,
K06039,77,3,0,14,110,31,0,
K05802,770,38,20,31,1021,50,11,
K04067,104,12,2,7,150,7,3,
K09790,243,69,18,26,467,90,9,
K00759,293,47,19,24,461,65,9,
K02343,460,127,84,80,679,177,43,
K09747,107,49,25,37,197,118,20,
K06187,168,34,18,31,270,86,8,
K04079,1602,515,422,316,1667,1845,158,
K00939,291,84,50,64,416,178,22,
K02647,330,5,5,24,412,40,12,
K00865,271,4,0,7,435,8,3,
K01772,193,28,6,23,247,48,4,
K03455,13,0,0,0,13,1,0,
K00892,0,0,0,0,0,0,0,
K08223,394,35,23,16,603,23,7,
K11751,157,17,23,11,190,34,4,
K17686,194,177,8,112,326,57,35,
K03976,0,0,0,0,0,0,0,
K09973,0,0,0,0,0,0,0,
K07340,4,8,0,0,1,1,0,
K19591,0,0,0,0,0,0,0,
K10972,287,43,43,9,369,166,15,
K01483,113,33,8,11,166,5,12,
K10973,174,70,11,36,191,22,9,
K01608,338,43,0,52,470,10,8,
K01816,180,8,0,6,305,2,12,
K00042,288,14,0,18,300,2,0,
K10975,389,0,0,2,550,2,0,
K01466,365,15,11,14,441,24,4,
K14977,0,0,0,0,0,0,0,
K00073,214,1,2,1,332,8,0,
K02381,292,25,4,6,537,0,2,
K00926,254,13,2,11,349,2,5,
K05838,34,14,3,7,21,14,4,
K10804,155,12,20,15,202,18,2,
K02003,237,47,15,31,384,31,9,
K02004,302,8,9,18,475,33,11,
K01589,12,2,4,0,33,7,3,
K01588,88,7,6,18,123,16,5,
K03269,135,15,16,17,208,35,6,
K03767,114,7,2,2,147,2,0,
K01883,0,0,0,0,0,0,0,
K06167,199,1,0,0,254,0,2,
K07507,3,0,0,0,6,0,0,
K01491,104,48,17,16,95,50,6,
K14761,0,0,0,0,0,0,0,
K07497,78,22,11,6,141,16,2,
K01004,0,0,0,0,0,0,0,
K01467,1150,913,173,515,1244,374,244,
K17850,538,77,54,94,586,109,37,
K03088,264,44,29,40,278,33,28,
K25495,938,166,182,95,978,334,62,
K23779,750,407,90,326,888,161,110,
K00558,2483,3325,2085,1148,3253,1746,791,
K14060,1305,1374,353,648,1936,526,310,
K02002,1023,76,139,127,1082,320,14,
K07304,294,22,27,31,311,63,6,
K18903,1631,162,282,53,1775,151,41,
K03585,0,0,0,0,0,0,0,
K11902,1573,423,1046,283,1744,666,205,
K11901,757,146,223,55,760,487,24,
K11900,2406,280,466,165,2742,1105,78,
K11903,1258,321,852,158,1293,1019,83,
K11897,617,12,25,12,682,60,4,
K11896,1587,50,139,36,1636,236,37,
K11895,825,38,100,20,756,178,23,
K06016,532,21,51,23,696,62,18,
K08172,986,62,95,56,1148,145,36,
K05515,1422,78,78,23,1691,91,37,
K18189,0,0,0,0,0,0,0,
K07346,966,39,106,19,1140,125,17,
K00626,125,247,2,187,138,12,151,
K07516,994,931,43,644,1067,34,343,
K18013,861,103,27,54,754,64,38,
K01046,5,0,0,0,11,1,0,
K01118,365,8,16,9,433,12,4,
K11741,0,0,0,0,0,0,0,
K03566,1023,86,60,80,1259,98,46,
K03594,1301,1198,222,453,1589,805,338,
K01792,87,41,93,29,124,126,9,
K10806,1381,778,1310,715,1536,1548,310,
K02040,1955,422,428,228,2140,701,134,
K02037,2916,170,251,129,3029,342,62,
K02038,1947,146,200,61,2109,291,36,
K02498,578,134,56,30,679,238,23,
K02496,412,155,80,91,540,382,45,
K01719,144,75,51,44,217,108,27,
K01749,179,52,14,38,219,58,5,
K05851,823,155,103,96,1355,250,41,
K06202,5,2,1,2,10,1,1,
K01778,153,16,36,10,190,75,10,
K09921,164,7,11,22,203,34,2,
K03733,163,13,9,13,250,29,2,
K20862,107,11,7,4,115,10,0,
K03657,341,46,25,64,487,113,30,
K03284,244,6,14,16,442,51,0,
K07120,36,0,1,1,63,5,0,
K05786,0,0,0,0,0,0,0,
K01058,306,10,7,13,349,14,5,
K03654,393,51,45,40,669,155,13,
K05835,0,0,0,0,0,0,0,
K05834,9,3,0,2,9,0,0,
K01048,326,24,8,32,476,43,9,
K21064,215,30,5,8,294,42,3,
K23359,118,8,5,2,175,4,4,
K02381,295,0,0,0,304,5,0,
K00926,148,0,1,0,278,3,0,
K10974,323,18,10,10,450,20,2,
K01126,86,8,3,9,164,7,7,
K02445,315,19,16,11,450,200,7,
K00111,315,12,18,2,464,118,4,
K00112,229,7,12,4,391,97,0,
K00113,139,3,6,5,199,34,4,
K09125,232,72,46,34,392,135,15,
K04085,0,0,0,0,0,0,0,
K01534,390,22,2,30,412,17,8,
K08316,94,9,0,2,111,1,2,
K08993,0,0,0,0,0,0,0,
K03110,503,38,36,11,645,55,11,
K09812,173,35,43,39,242,77,9,
K09811,47,6,4,10,79,37,3,
K03089,0,0,0,0,0,0,0,
K01999,543,252,122,211,1086,288,97,
K01997,170,56,17,58,337,40,13,
K01998,298,49,20,44,537,61,14,
K01995,159,35,9,37,204,54,10,
K01996,121,20,11,23,133,52,15,
K05825,388,13,16,17,647,25,4,
K05813,283,8,0,4,331,0,0,
K05814,150,1,0,0,236,0,0,
K05815,128,0,0,2,144,0,2,
K10112,183,1,6,4,245,17,1,
K01126,82,0,2,11,80,57,5,
K13936,0,0,0,0,0,0,0,
K03576,375,15,12,8,355,30,5,
K00549,653,30,16,26,734,290,23,
K04069,0,0,0,0,0,0,0,
K11202,0,0,0,0,0,0,0,
K11203,211,5,0,0,306,9,0,
K11202,0,0,0,0,0,0,0,
K23991,626,18,4,6,954,32,9,
K01061,25,1,6,4,45,4,0,
K00757,404,46,35,24,550,263,18,
K01104,149,7,13,12,213,22,4,
K03975,245,1,1,4,317,8,0,
K09760,348,3,13,16,344,27,8,
K03183,152,9,8,14,156,19,2,
K03690,94,2,2,14,136,10,0,
K03688,371,60,42,34,497,114,14,
K03116,278,170,106,76,413,214,32,
K03117,215,173,113,80,335,198,44,
K03118,184,36,8,16,295,49,15,
K03424,177,9,3,6,202,6,7,
K01698,88,6,7,4,207,13,0,
K05785,11,2,0,2,13,3,1,
K05995,293,57,23,32,415,189,16,
K03182,468,70,58,41,651,109,25,
K00632,0,0,0,0,0,0,0,
K01825,341,115,34,193,691,87,34,
K05368,0,0,0,0,0,0,0,
K03498,340,17,8,22,573,47,3,
K00230,129,11,8,12,140,8,3,
K06016,1113,108,242,61,1036,382,44,
K01426,1495,76,178,46,1520,252,31,
K01426,1812,139,476,116,1907,655,88,
K03762,1222,16,50,24,1514,104,10,
K18900,1263,23,20,30,1490,47,9,
K01425,432,26,117,22,485,73,10,
K00088,5758,1385,3393,883,6525,6442,503,
K01951,2929,247,864,274,3243,2042,106,
K03486,18,2,0,0,40,5,0,
K07733,0,0,0,0,0,0,0,
K02040,873,18,74,29,850,87,25,
K02040,1561,13,23,3,1599,54,8,
K02455,1128,55,80,25,1169,109,12,
K02454,903,24,38,27,1065,47,27,
K03406,0,0,0,0,0,0,0,
K03406,2249,530,525,398,2581,662,170,
K09888,573,42,134,50,624,357,13,
K03406,241,19,38,12,253,73,9,
K20035,69,9,32,11,76,39,7,
K00322,0,0,0,0,0,0,0,
K04761,4,1,1,5,6,0,0,
K22105,4,1,1,0,1,0,1,
K00557,14,1,0,0,13,2,0,
K16092,559,5,12,12,864,25,6,
K01776,128,12,4,6,147,13,3,
K04771,120,61,83,45,154,94,13,
K01423,0,0,0,0,0,0,0,
K03598,5383,1550,3183,1086,6166,5314,404,
K03597,4723,4416,3470,2298,5509,7459,1331,
K03088,18523,30031,15681,17986,21009,32295,9581,
K00278,2527,360,602,147,2816,915,66,
K19168,0,0,0,0,0,0,0,
K03807,1387,198,571,206,1649,1209,117,
K03406,2076,310,410,133,2404,560,151,
K03424,74,3,2,2,57,2,1,
K03435,1298,130,289,106,1494,354,53,
K03832,339,14,12,0,289,16,7,
K02014,3874,56,65,32,4362,129,14,
K03561,835,17,20,8,907,36,8,
K01081,1217,20,31,30,1379,37,19,
K02014,2818,65,129,22,3270,181,35,
K07168,0,0,0,0,0,0,0,
K00012,1230,42,118,20,1239,163,12,
K07264,585,48,141,49,672,229,34,
K12963,0,0,0,0,0,0,0,
K12962,0,0,0,0,0,0,0,
K13014,605,34,84,30,650,98,17,
K09945,8169,8075,3989,6553,14455,6121,3496,
K02342,76,10,25,3,74,20,4,
K03719,0,0,0,0,0,0,0,
K11927,622,22,38,17,826,47,7,
K03790,1319,383,547,206,1393,664,131,
K10805,1334,436,772,264,1525,1176,180,
K07054,1108,155,258,100,1406,387,74,
K02623,1560,104,168,102,1628,281,21,
K00449,1235,54,98,37,1637,149,24,
K06222,104,24,15,23,80,31,13,
K00448,0,0,0,0,0,0,0,
K03406,8,0,0,0,8,0,1,
K15270,0,0,0,0,0,0,0,
K08191,1504,15,49,14,1671,60,6,
K00457,3043,431,383,212,3299,503,152,
K09017,328,70,150,28,331,158,11,
K25901,70,8,21,7,65,26,0,
K03786,438,16,24,14,530,24,3,
K03088,865,53,38,49,918,106,10,
K07165,1043,72,231,111,1146,283,72,
K16152,4135,61,115,73,4563,218,57,
K12545,937,27,73,34,911,113,16,
K12536,1571,14,40,20,1811,32,10,
K12537,1268,13,47,11,1274,70,10,
K12538,363,14,9,7,409,7,0,
K00557,0,0,0,0,0,0,0,
K06901,1176,94,148,60,1273,282,26,
K08225,457,71,138,35,493,102,34,
K03152,0,0,0,0,0,0,0,
K00425,3191,1261,522,682,3560,958,352,
K00426,163,48,31,25,191,33,12,
K11391,64,9,16,2,78,29,0,
K03282,192,90,102,47,255,91,16,
K03781,2223,430,293,181,2631,336,111,
K06867,359,26,46,10,344,30,14,
K04485,1818,170,641,158,2112,935,85,
K23676,5136,1328,3759,615,6239,4195,530,
K05799,93,24,28,17,115,34,14,
K11103,2,0,0,1,0,0,0,
K21023,4796,1115,2372,652,5864,5277,330,
K00600,0,0,0,0,0,0,0,
K06020,3536,794,1439,555,3480,2963,261,
K00262,1528,638,811,420,2191,2171,155,
K04770,2312,551,806,367,2893,1398,221,
K03773,1260,287,1717,207,1272,2326,71,
K02523,1205,208,470,108,1329,786,90,
K06193,0,0,0,0,0,0,0,
K02888,8264,1811,6619,1322,7885,13345,505,
K02899,5113,1089,16024,467,4505,9760,258,
K03979,2665,361,1385,501,2952,2310,189,
K00931,1793,282,377,323,1843,775,139,
K05805,569,146,155,98,627,308,53,
K02968,268,276,158,148,208,198,54,
K03980,2687,70,184,64,3297,283,24,
K11753,1838,689,1377,474,2020,1478,228,
K01870,5679,1741,3280,1220,6472,5552,606,
K03101,533,87,252,69,672,258,36,
K03774,706,263,432,124,710,698,80,
K03527,503,248,285,149,556,490,61,
K08084,0,0,0,0,0,2,0,
K02671,744,75,43,37,1008,70,22,
K02672,909,22,25,7,1019,64,9,
K02673,366,38,108,11,464,110,10,
K02655,134,17,18,22,127,31,7,
K02667,0,0,0,0,0,0,0,
K03153,0,0,0,0,5,0,0,
K05807,1016,65,133,50,1113,98,31,
K06180,1433,392,766,419,1438,1221,170,
K05810,1067,138,283,86,1259,481,73,
K03695,45475,90226,35825,43684,70840,73881,33975,
K07806,1299,112,334,106,1254,424,67,
K10012,911,116,163,95,883,260,40,
K10011,2046,367,608,195,2228,890,94,
K00108,0,0,0,0,0,0,0,
K05834,98,2,23,4,115,35,1,
K06938,0,0,0,0,0,0,0,
K02012,140,6,3,6,136,4,1,
K09012,428,41,75,34,553,91,19,
K21470,968,507,600,378,1136,691,208,
K21699,36,9,34,10,39,41,7,
K01480,1288,39,34,7,1513,50,15,
K17290,1015,1997,732,586,1256,1128,467,
K02558,57,7,40,6,49,35,3,
K03186,0,0,0,0,0,0,0,
K21405,2422,892,1538,620,2825,1958,446,
K07795,0,0,0,0,0,0,0,
K07774,827,103,106,73,972,234,43,
K07649,462,21,27,17,498,38,3,
K06980,1293,124,175,64,1432,240,26,
K09159,551,196,169,120,520,241,57,
K07506,721,81,124,48,733,161,44,
K11249,501,12,43,18,586,42,14,
K02002,910,94,85,32,914,153,33,
K01066,695,24,50,23,835,63,22,
K02525,852,199,138,117,873,145,84,
K03192,0,0,0,0,0,0,0,
K03189,231,14,19,5,265,38,10,
K03188,769,16,17,10,915,67,14,
K03187,616,26,89,19,729,107,15,
K22105,769,14,30,19,785,68,8,
K07290,2433,1182,613,744,2538,1221,317,
K07393,35,2,0,0,56,2,0,
K15977,117,3,4,6,168,0,2,
K05594,237,113,50,64,418,115,14,
K25864,29,5,9,5,56,12,2,
K03975,167,8,9,6,259,15,2,
K19775,11,4,1,2,22,4,3,
K08191,175,13,10,5,240,44,0,
K01812,320,4,0,2,372,8,0,
K01685,147,13,8,2,169,12,0,
K07862,38,16,5,13,77,22,4,
K01951,226,71,40,31,423,113,23,
K22230,251,0,1,20,319,19,2,
K07043,151,10,7,6,214,19,2,
K00219,194,23,9,9,222,18,3,
K11391,0,0,0,0,0,0,0,
K00375,63,21,11,13,112,9,8,
K14052,0,0,0,0,0,0,0,
K00823,448,118,59,53,803,217,19,
K00135,195,45,27,21,391,206,18,
K00799,11,0,0,0,16,0,0,
K18555,334,8,18,8,533,13,8,
K22736,179,4,2,1,227,0,4,
K07504,244,144,221,46,260,158,29,
K03327,514,14,4,15,629,9,10,
K03086,724,528,60,121,864,229,104,
K03649,0,0,0,0,0,0,0,
K02316,1640,1248,399,476,2390,1932,321,
K02970,224,99,90,44,308,185,27,
K25706,115,8,18,12,208,34,4,
K08591,20,2,1,1,16,1,0,
K01633,147,10,2,12,234,43,6,
K06153,348,11,0,7,530,13,4,
K19163,10,5,0,1,22,1,0,
K19164,120,68,16,14,203,71,9,
K00427,421,41,22,13,792,14,2,
K14348,132,4,11,0,110,2,0,
K00974,10,1,1,0,13,0,0,
K00101,0,0,0,0,0,0,0,
K07184,246,23,12,13,278,22,10,
K18446,368,37,53,42,569,125,8,
K00982,544,48,73,50,719,152,16,
K03272,465,81,96,51,671,177,35,
K16263,328,21,11,16,540,24,1,
K09806,10,5,6,2,23,3,2,
K07238,41,17,13,24,45,26,16,
K02858,0,0,0,0,0,0,0,
K15777,50,12,2,5,63,19,1,
K02529,149,138,15,39,193,41,19,
K01809,390,36,20,36,480,15,11,
K17467,0,0,0,0,0,0,0,
K06859,9,1,0,0,6,1,0,
K06859,23,4,0,3,39,5,1,
K00005,245,68,51,19,354,153,24,
K05878,237,4,9,18,389,66,7,
K05879,4,0,0,0,1,0,0,
K05880,0,0,0,0,0,0,0,
K05881,0,0,0,0,0,0,0,
K12340,287,10,4,8,433,12,3,
K01515,251,34,15,12,341,27,9,
K09920,77,15,8,5,81,35,4,
K03651,227,140,75,81,333,163,27,
K07000,185,9,5,13,209,32,4,
K02622,268,66,38,76,380,83,36,
K03923,105,5,0,0,195,2,0,
K02621,409,30,42,70,607,129,19,
K00655,198,37,22,20,287,30,10,
K04753,120,3,22,22,171,29,6,
K03783,269,0,2,2,407,3,0,
K11537,75,0,0,0,166,0,0,
K03457,302,138,31,67,561,85,25,
K03710,243,32,14,13,316,74,14,
K08308,0,0,0,0,0,0,0,
K06221,86,10,6,3,96,9,2,
K12957,592,159,39,64,1040,307,29,
K08325,412,42,25,44,813,162,15,
K07127,12,0,4,0,10,0,0,
K11477,999,23,34,11,863,36,11,
K07665,921,88,66,56,1113,58,22,
K07644,257,19,63,11,292,62,17,
K01974,1318,61,232,86,1225,326,33,
K07074,604,62,94,53,537,136,35,
K24206,1385,37,88,29,1472,94,12,
K01273,2511,389,1915,87,3146,1717,211,
K06966,143,56,40,31,146,81,26,
K12410,879,243,89,217,865,154,73,
K01003,586,38,55,39,716,51,8,
K01591,0,0,0,0,0,0,0,
K00059,1687,273,1299,189,2177,1222,136,
K03406,1530,404,1167,199,1803,1314,216,
K07126,0,0,0,0,0,0,0,
K07126,0,0,0,0,0,0,0,
K13821,459,18,291,7,479,541,18,
K11928,3738,167,1735,67,4156,3525,42,
K21959,711,46,43,52,897,79,14,
K05520,489,100,100,50,556,216,33,
K08988,767,13,33,31,873,76,8,
K06872,463,49,166,60,575,294,29,
K06872,910,111,340,73,1169,494,66,
K02004,195,24,99,23,267,119,17,
K18346,365,32,99,42,401,173,20,
K03810,14,4,2,1,17,1,0,
K09915,162,17,17,27,243,23,8,
K03790,152,17,13,16,253,36,4,
K08162,278,18,4,11,407,13,6,
K03675,135,18,7,6,228,37,8,
K03688,243,22,22,34,406,62,8,
K04477,57,12,7,10,123,47,6,
K12972,227,32,20,25,366,38,6,
K11216,654,89,33,31,843,69,9,
K11531,285,22,6,18,490,33,4,
K10558,417,26,22,16,561,61,4,
K10556,289,8,2,8,433,31,0,
K10557,351,22,6,3,503,14,0,
K10555,304,25,9,14,460,58,7,
K08321,6,4,0,2,8,1,1,
K15532,0,0,0,0,0,0,0,
K16210,219,13,0,7,333,4,3,
K11530,0,0,0,0,0,0,0,
K21742,256,5,0,4,318,8,2,
K03779,229,4,0,0,290,11,0,
K03780,205,2,0,2,295,5,4,
K11106,547,7,0,6,858,6,2,
K18967,239,6,0,3,319,1,0,
K03321,316,4,8,6,394,33,3,
K01627,1,0,1,1,3,0,0,
K02493,21,1,1,0,24,1,0,
K02835,118,3,0,14,93,4,1,
K02492,165,24,16,20,249,21,6,
K02494,144,11,6,4,245,17,2,
K00919,253,41,10,41,373,43,17,
K00948,358,144,54,89,523,235,62,
K01056,103,26,15,18,112,22,7,
K06942,336,105,46,53,490,136,16,
K11527,382,23,15,18,709,38,10,
K04757,0,0,0,0,0,0,0,
K07315,0,0,0,0,0,0,0,
K00688,249,14,10,15,445,37,4,
K04749,0,0,0,0,0,0,0,
K12678,1137,224,124,81,2203,248,32,
K08363,0,0,0,0,0,0,0,
K03406,508,34,47,14,792,89,0,
K02839,35,2,4,3,54,4,0,
K18148,60,11,3,6,112,8,2,
K21936,138,0,0,0,276,3,0,
K00266,476,15,42,23,692,364,6,
K05796,0,0,0,0,0,0,0,
K11904,570,29,2,6,709,12,10,
K18540,19,4,0,1,12,4,1,
K24206,205,0,6,8,331,23,2,
K17214,261,0,0,1,333,11,0,
K13694,0,0,0,0,0,0,0,
K17215,267,13,4,6,332,10,2,
K17213,394,5,1,15,648,5,3,
K23779,160,6,0,1,192,2,0,
K03502,319,26,2,11,301,26,6,
K03503,108,5,0,0,178,0,0,
K05984,224,59,17,20,298,26,7,
K22278,1524,31,54,10,1851,36,12,
K00140,572,432,326,232,568,822,77,
K00822,11744,6951,6108,7532,12524,20523,1907,
K21699,1437,97,88,78,1680,132,42,
K16345,1663,59,110,34,1956,144,14,
K03546,721,46,162,34,655,219,12,
K03546,0,0,0,0,0,0,0,
K03547,1010,57,169,57,1013,234,25,
K03406,2200,1602,520,960,2866,1436,440,
K17737,5,0,0,0,6,2,0,
K11414,27,7,6,8,31,19,3,
K01028,1212,1031,525,1819,1255,1091,793,
K01029,1179,868,465,540,1555,1116,200,
K00626,939,588,459,633,1333,1123,238,
K00075,139,15,8,6,229,32,2,
K03524,0,0,0,0,0,0,0,
K00867,8,6,0,0,15,0,0,
K19113,109,58,21,17,147,16,5,
K18201,23,7,2,0,23,4,1,
K23514,302,33,26,29,337,79,14,
K07165,539,48,79,53,524,91,34,
K07794,378,2,0,3,495,7,3,
K07793,1641,37,68,10,1769,98,10,
K07120,430,13,32,15,468,28,14,
K03648,144,25,37,12,147,63,2,
K01695,31,1,5,2,27,12,0,
K01696,6815,1873,2513,1796,9594,9073,469,
K03566,949,119,261,65,908,328,47,
K05594,0,0,0,0,0,0,0,
K09165,2478,4090,1944,700,3264,1686,725,
K06136,1294,159,362,104,1339,426,61,
K00138,1719,192,704,152,2213,1087,101,
K01972,1287,711,365,277,1528,538,162,
K03529,4719,3203,4210,2352,5230,5067,1166,
K03528,0,0,0,0,0,0,0,
K13481,1433,1877,364,528,1826,572,655,
K13482,2749,899,660,321,3545,775,303,
K07402,937,277,187,140,1080,224,130,
K01487,726,140,154,69,916,272,42,
K05799,1108,56,140,56,1331,212,18,
K05782,1237,110,196,81,1165,329,35,
K09923,0,0,0,0,0,0,0,
K07259,0,0,0,0,0,0,0,
K12297,2687,578,922,354,3012,1149,217,
K00254,2368,3815,4025,566,3184,1527,648,
K03812,0,0,0,0,0,0,0,
K22067,1433,49,139,27,1719,289,32,
K07183,264,3,6,4,260,10,0,
K02575,990,10,17,9,1053,33,0,
K20074,1365,23,59,7,1514,70,13,
K00362,2636,28,52,24,2730,69,25,
K00363,169,0,0,0,201,2,0,
K00372,2014,186,392,80,2305,491,74,
K03286,83,67,47,32,85,180,32,
K02303,0,0,0,0,0,0,0,
K03088,10907,18022,10295,8694,12581,34400,5635,
K16074,1286,491,822,351,1595,798,231,
K01007,1616,311,465,159,1811,663,96,
K02553,0,0,0,0,0,0,0,
K09773,0,0,0,0,0,0,0,
K01720,851,535,383,376,883,615,171,
K07790,0,0,0,0,0,0,0,
K20455,2052,451,906,395,2071,1698,194,
K09788,0,0,0,0,0,0,0,
K01659,2379,599,1060,395,2333,2092,162,
K03417,2627,945,2597,483,2563,3929,231,
K22293,2244,894,1282,619,2013,2735,248,
K01665,657,67,106,86,869,221,40,
K02203,152,42,78,34,163,113,19,
K00390,1663,474,420,330,1998,615,137,
K03457,1589,71,97,28,1874,190,29,
K16841,0,0,0,0,0,0,0,
K00059,134,28,47,32,148,43,15,
K17623,76,11,28,23,87,30,6,
K03469,0,0,0,0,0,0,0,
K00655,713,34,44,37,942,50,4,
K01782,2398,1633,1351,988,2733,2304,545,
K03284,0,0,0,0,0,0,0,
K22314,0,0,0,0,0,0,0,
K00626,1549,235,508,154,1999,1069,150,
K06940,0,0,0,0,0,0,0,
K03286,1905,1260,1159,616,2645,1282,451,
K03522,1402,241,569,330,1767,1156,146,
K03521,6509,2661,3649,1529,7548,7497,662,
K00311,3597,1293,1839,1134,4512,4376,449,
K01223,226,23,10,40,402,30,5,
K03488,163,46,19,28,269,48,9,
K07240,106,14,7,20,131,32,11,
K07240,104,3,6,2,143,10,4,
K01607,48,2,0,3,59,1,2,
K07506,178,55,41,16,245,65,12,
K05515,639,0,9,14,841,12,2,
K06887,4,0,0,0,8,0,0,
K03587,112,4,1,0,238,0,0,
K03286,6,2,0,0,10,0,0,
K00997,147,0,0,2,202,0,0,
K00059,134,4,0,0,211,0,0,
K02372,83,0,0,2,124,0,0,
K02078,82,0,0,0,144,1,0,
K02003,155,0,0,2,133,6,0,
K02004,261,2,0,2,293,6,0,
K06887,3,0,0,0,8,0,0,
K15976,0,0,0,0,0,0,0,
K03435,53,4,0,2,75,1,1,
K00039,94,6,2,1,123,14,0,
K00875,166,2,4,6,256,25,0,
K17850,14,0,0,2,24,0,0,
K01478,63,14,2,3,48,4,4,
K17836,0,0,0,0,0,0,0,
K03758,515,152,48,80,1019,274,44,
K03315,178,18,4,9,250,8,7,
K05349,406,37,12,17,627,52,6,
K03292,275,3,0,6,273,15,2,
K07301,302,28,10,5,376,14,4,
K19595,136,2,0,4,154,2,2,
K19594,636,2,0,8,860,4,4,
K19593,203,2,0,0,241,0,0,
K17686,476,478,26,589,877,148,158,
K19591,70,47,7,37,101,34,6,
K12151,0,0,0,0,0,0,0,
K03790,277,2,6,6,355,18,1,
K06177,46,3,2,3,67,7,2,
K06998,105,2,1,6,136,0,3,
K01467,143,12,0,6,208,4,7,
K22549,161,12,7,10,206,5,0,
K21061,147,2,23,15,215,68,3,
K22550,0,0,0,0,0,0,0,
K12658,245,16,25,15,389,214,11,
K21062,223,11,10,15,387,98,9,
K13877,333,23,43,18,373,162,9,
K13609,314,25,13,14,391,82,5,
K00836,229,19,15,10,371,62,8,
K13745,164,12,27,17,262,66,4,
K18650,90,3,0,2,129,2,1,
K15977,42,3,0,0,53,1,0,
K07347,18,0,0,0,30,0,0,
K07345,104,0,0,0,125,0,0,
K07347,419,49,26,26,618,72,4,
K15540,0,0,0,0,0,0,0,
K07345,109,0,0,2,159,2,0,
K05802,273,41,24,26,476,28,2,
K07727,61,3,1,1,82,4,2,
K16078,213,19,2,5,263,11,3,
K02355,941,226,142,106,1461,479,71,
K03549,229,11,13,19,303,53,9,
K07506,0,0,0,0,0,0,0,
K01066,276,38,16,24,487,60,10,
K22041,152,23,8,6,237,10,4,
K12944,0,0,0,0,0,0,0,
K16329,166,4,0,0,208,0,0,
K16328,34,0,0,0,19,5,0,
K01284,335,20,12,8,413,23,2,
K03829,168,12,8,3,223,11,2,
K19270,288,10,30,2,390,170,8,
K23107,289,6,7,8,372,55,2,
K16066,108,39,14,15,175,141,10,
K09771,0,0,0,0,0,0,0,
K00428,577,19,54,10,664,251,7,
K03281,134,5,2,5,238,27,1,
K01935,0,0,0,0,0,0,0,
K15545,98,1,0,1,166,0,2,
K21757,297,70,34,39,436,88,35,
K08224,209,24,4,6,215,18,12,
K07038,406,10,0,7,573,2,2,
K10748,60,27,4,12,80,9,1,
K02495,171,23,9,18,252,12,11,
K01679,193,18,7,6,239,18,3,
K01809,286,15,8,6,381,32,5,
K03566,0,0,0,0,0,0,0,
K16136,375,33,15,19,689,49,10,
K02791,319,20,8,10,492,5,1,
K14155,164,6,6,4,285,8,1,
K12945,32,1,0,2,48,0,0,
K01488,194,5,13,3,318,26,3,
K14347,87,1,3,1,156,0,2,
K16044,227,21,10,28,350,15,19,
K02099,302,57,25,59,495,88,24,
K10538,105,35,8,26,166,9,11,
K10539,221,12,6,10,347,19,9,
K10537,182,35,0,15,284,21,20,
K00853,257,4,0,0,340,17,0,
K01804,346,12,0,8,375,22,6,
K05350,326,14,0,17,408,26,2,
K03617,109,11,4,7,182,16,2,
K03616,96,2,0,3,96,2,3,
K03615,155,8,0,3,218,13,0,
K05804,78,10,1,6,133,6,0,
K03614,259,7,5,4,353,6,4,
K03612,84,4,1,5,130,14,1,
K03613,182,20,7,5,318,26,4,
K10773,155,18,2,11,270,19,6,
K03305,366,37,5,10,398,43,4,
K23779,9,2,1,1,24,7,2,
K05782,75,1,3,0,88,0,0,
K04343,1,0,0,1,0,0,0,
K09022,0,0,0,0,0,0,0,
K06950,78,16,1,6,94,4,11,
K01714,114,9,0,4,136,20,2,
K01866,16,6,2,2,23,9,2,
K00799,0,0,0,0,0,0,0,
K00275,194,67,25,25,300,88,17,
K09001,318,109,21,59,434,137,18,
K06077,80,43,8,3,156,49,9,
K06075,38,4,4,2,57,8,1,
K04565,1,0,0,1,5,4,0,
K21698,184,30,22,49,248,63,14,
K06938,0,0,0,0,0,0,0,
K07118,157,10,6,18,213,34,2,
K03760,416,10,6,6,641,8,3,
K16137,137,32,6,13,157,18,4,
K10680,257,23,4,33,269,2,6,
K01759,152,31,19,25,181,160,9,
K03683,65,16,4,10,102,37,6,
K07390,2,1,3,0,10,2,0,
K19303,298,61,27,29,419,20,6,
K04564,729,165,97,56,879,733,37,
K03604,95,2,4,0,130,6,0,
K00574,317,262,80,155,754,178,84,
K00793,127,57,22,30,242,94,19,
K03327,308,48,10,44,557,66,27,
K00873,315,70,39,56,601,104,37,
K19236,52,32,0,4,48,13,7,
K06078,0,0,0,0,0,0,0,
K11717,176,45,17,24,276,23,7,
K02426,0,0,0,0,0,0,0,
K09015,231,47,13,54,320,72,20,
K09013,6,1,0,2,4,2,0,
K09014,227,89,21,52,341,101,31,
K05997,170,99,25,63,210,68,21,
K07347,165,0,1,0,254,3,1,
K07346,291,28,5,20,442,7,4,
K07345,292,16,14,13,499,19,3,
K00114,267,13,437,23,287,351,10,
K02030,1245,93,953,109,1594,1097,55,
K17226,752,54,376,137,1051,528,59,
K05555,786,51,311,66,859,332,13,
K02073,923,39,33,29,1196,42,6,
K02071,1144,24,62,13,1184,54,6,
K02072,0,0,0,0,0,0,0,
K00382,136,8,15,11,136,25,2,
K03119,0,0,0,0,0,0,0,
K03446,1118,101,29,113,1219,67,59,
K00045,258,14,25,11,225,35,19,
K10111,1003,47,45,22,1157,56,24,
K10229,488,81,103,45,600,144,23,
K10228,884,35,37,10,1158,40,6,
K03106,3263,1275,2410,1396,3483,3854,592,
K23536,0,0,0,0,0,0,0,
K23535,21,2,3,1,15,2,0,
K23537,1138,20,51,5,1204,64,2,
K09017,504,48,110,39,476,109,21,
K07335,45,3,0,0,38,2,1,
K07300,188,2,0,1,227,3,0,
K18456,2363,70,183,54,2648,261,33,
K00301,246,20,43,18,245,76,7,
K00425,1656,47,74,13,1711,74,14,
K00426,86,0,1,1,75,0,2,
K07223,0,0,0,0,0,0,0,
K03719,1066,227,108,112,1222,217,65,
K07687,666,25,11,15,583,51,4,
K07679,3143,73,109,75,3414,185,50,
K21712,1385,19,45,16,1486,48,11,
K21712,1662,52,39,18,1679,47,10,
K12262,305,1,5,2,398,3,2,
K02452,405,6,9,9,450,35,8,
K02453,1206,16,39,17,1168,55,15,
K02454,820,18,24,7,877,25,2,
K02455,1020,29,55,13,1288,51,13,
K02456,496,3,3,1,615,7,3,
K02457,157,4,7,2,170,2,1,
K02458,116,6,10,2,120,10,0,
K02459,198,4,12,4,188,21,3,
K02460,522,16,30,14,538,46,12,
K02461,404,17,38,23,310,32,9,
K19416,146,353,92,139,195,132,87,
K02462,0,0,0,0,0,0,0,
K03791,197,6,21,15,224,25,15,
K07741,890,257,257,115,1163,339,57,
K06909,1300,47,87,27,1424,115,21,
K03497,1356,446,417,181,1450,767,161,
K06899,925,159,253,54,1174,400,58,
K14977,160,47,47,32,170,125,16,
K15896,0,0,0,0,0,0,0,
K06872,962,106,199,35,1103,320,11,
K00003,890,27,71,3,899,74,12,
K03566,437,33,42,22,430,52,5,
K16235,1009,111,192,102,1105,197,101,
K03558,922,351,429,193,1006,426,73,
K00764,3452,1608,2061,1062,3711,3680,424,
K10764,2280,629,2384,587,2294,3015,279,
K10125,2083,90,413,78,2163,637,41,
K10126,1433,110,419,47,1718,617,21,
K15554,1331,41,40,28,1353,62,12,
K15555,876,6,10,18,1088,25,9,
K03406,630,96,222,44,609,440,30,
K03566,660,339,138,245,641,241,106,
K01473,955,163,136,55,1030,142,66,
K14063,0,0,0,0,0,0,0,
K13587,9,9,7,3,4,7,4,
K13589,0,0,0,0,0,0,0,
K08482,1513,510,345,455,1820,628,226,
K16066,1132,65,140,43,1089,224,31,
K01996,702,225,127,52,568,93,39,
K01995,228,36,93,8,320,222,14,
K01998,1410,232,715,111,2137,1160,82,
K01997,1627,120,366,24,2440,546,58,
K01999,2523,488,994,175,3533,1435,193,
K03566,1187,93,97,67,1490,165,44,
K00763,1705,166,341,95,2134,675,41,
K01916,783,221,537,120,938,648,49,
K22522,0,0,0,0,0,0,0,
K02314,2382,283,458,191,2606,808,64,
K02939,12,2,7,0,24,12,1,
K12573,12875,2220,21388,2208,12392,23119,1065,
K02963,0,0,0,0,0,0,0,
K02990,0,0,0,0,0,0,0,
K03218,0,0,0,0,0,0,0,
K02012,1253,111,129,74,1337,246,34,
K03406,140,18,82,12,197,67,15,
K02011,0,0,0,0,0,0,0,
K01939,2213,680,1425,425,2448,1382,441,
K02502,5119,1398,3482,919,5655,5252,494,
K04087,889,387,534,449,1040,952,193,
K04088,3210,1585,4573,1499,3624,6806,718,
K03665,9882,6813,11591,5031,10834,15742,2413,
K00791,148,49,89,31,143,158,16,
K03572,2157,1632,2142,546,2403,1587,330,
K03666,0,0,0,0,0,0,0,
K01448,2477,575,1943,343,2778,1819,306,
K06925,94,26,35,26,110,70,8,
K17758,1200,44,84,57,1296,201,28,
K18979,575,86,119,39,714,128,34,
K13288,843,95,197,77,779,304,36,
K06949,13,0,2,0,21,0,0,
K02557,52,17,47,12,62,24,5,
K02556,1960,684,1463,576,2307,1611,287,
K01011,591,106,254,150,690,471,81,
K01079,67,17,14,7,95,53,9,
K01613,0,0,0,0,0,0,0,
K07186,684,143,121,98,739,149,33,
K02621,2223,789,1533,584,2143,1806,296,
K09857,0,0,0,0,0,0,0,
K06985,106,15,29,4,124,71,4,
K02622,1568,197,918,108,1718,1234,70,
K07000,900,159,432,126,1007,703,25,
K03651,1460,264,754,183,1760,824,70,
K09920,341,119,256,104,395,324,66,
K01515,1048,307,332,229,1295,596,137,
K03457,2137,541,1597,494,2851,1975,288,
K03147,1972,38,122,33,2363,130,27,
K12340,513,69,96,59,585,156,17,
K02527,110,27,98,15,105,88,10,
K03297,557,95,57,29,629,66,14,
K03272,131,7,7,7,91,23,2,
K11085,1226,253,358,125,1494,255,81,
K03734,673,18,89,27,1020,280,4,
K22736,596,116,187,74,744,319,62,
K06204,609,11,11,6,707,6,0,
K14415,288,74,116,74,297,118,71,
K11089,1971,181,193,100,1909,208,63,
K02770,262,17,24,7,317,18,9,
K00882,747,55,59,29,819,77,23,
K02392,1268,242,374,110,1318,799,58,
K02393,0,0,0,0,0,0,0,
K02391,571,115,232,42,632,458,24,
K03721,2327,415,1050,210,2453,2230,138,
K06992,684,33,32,18,867,52,32,
K01940,1263,20,54,14,1416,31,7,
K01448,13,1,2,1,29,4,0,
K09007,1207,8,11,8,1214,6,6,
K14584,0,0,0,0,0,0,0,
K16137,414,21,13,37,446,29,13,
K09796,700,119,164,43,803,209,43,
K02014,2666,36,55,16,2902,103,20,
K07740,74,14,35,6,67,36,1,
K02498,1134,78,158,71,1329,240,32,
K03611,0,0,0,0,0,0,0,
K02496,2522,872,2535,542,2742,3621,418,
K02496,1292,473,1099,509,1519,1627,266,
K01749,1380,432,1556,465,1673,2002,231,
K08083,2401,1154,1565,610,2646,2858,338,
K01755,1240,371,476,249,1440,1113,119,
K00799,190,29,96,36,259,201,22,
K05851,3818,413,686,287,4528,1019,127,
K06140,52,12,34,16,23,58,5,
K06202,1148,260,554,171,1196,717,69,
K01586,2143,625,1304,509,2563,1752,182,
K01778,1604,647,1244,346,1817,1643,222,
K09921,868,201,327,195,1123,693,84,
K03733,890,134,360,80,1006,468,60,
K20862,564,129,226,97,667,353,61,
K03320,1273,627,931,434,1242,784,250,
K04752,2269,1864,3572,658,2627,3057,701,
K09806,713,108,40,126,786,163,53,
K07391,342,50,47,26,404,44,18,
K03406,2225,298,272,212,2636,462,130,
K03566,1723,375,125,540,2079,204,176,
K21023,575,45,39,45,619,51,11,
K03327,0,0,0,0,0,0,0,
K03656,1521,68,143,49,1697,137,26,
K03816,0,0,0,0,0,0,0,
K14056,326,172,479,85,307,581,62,
K01775,2096,1400,1008,538,2044,1471,380,
K00285,1789,579,1681,194,1939,2103,198,
K09022,0,0,0,0,0,0,0,
K03719,382,144,55,82,462,61,29,
K06940,58,15,21,16,58,24,13,
K09471,1950,194,440,127,2131,665,47,
K06132,342,59,45,33,392,106,21,
K12254,2041,340,888,303,2305,1609,220,
K06995,1375,464,930,178,1609,984,116,
K02913,0,0,0,0,0,0,0,
K02902,4948,1701,5609,705,4508,5254,287,
K12368,1856,157,289,120,2254,560,68,
K03630,57,4,25,8,62,32,8,
K13038,2613,669,1105,406,2960,1312,296,
K01520,840,190,463,129,954,561,63,
K15778,2580,1005,780,612,2714,1653,227,
K00930,487,250,382,140,617,747,65,
K00762,136,59,137,33,133,159,29,
K01142,1280,2508,1518,1025,1490,1388,732,
K09940,0,0,0,0,0,0,0,
K00989,932,319,1070,215,1097,1433,145,
K00942,726,143,347,93,675,531,58,
K03060,3623,3056,3499,980,4070,4128,568,
K01139,3461,1471,2092,908,3910,2623,526,
K09022,1681,617,1224,286,1987,2092,189,
K03561,1444,147,198,231,1605,422,47,
K03559,525,65,172,65,550,226,15,
K03832,1250,11,47,29,1413,105,10,
K04761,1636,435,368,300,1908,591,136,
K03655,2815,454,845,327,3428,1150,238,
K06077,0,0,0,0,0,0,0,
K11912,855,39,162,16,864,230,22,
K11912,704,29,60,19,636,139,13,
K11891,1066,44,178,36,1038,269,33,
K11915,0,0,0,0,0,0,0,
K11890,0,0,0,0,0,0,0,
K11892,1506,93,321,80,1672,492,58,
K11893,1070,62,182,46,1200,411,67,
K11906,509,35,80,26,538,166,13,
K07154,150,46,60,21,212,35,25,
K06123,939,59,130,108,1129,281,22,
K07679,2460,315,373,160,2541,582,115,
K02077,1482,10,14,4,1713,27,2,
K01496,336,1,4,8,403,16,0,
K15552,99,9,10,11,88,14,7,
K10831,509,76,83,120,678,195,33,
K15551,1001,273,288,463,1282,569,102,
K03719,123,1,2,5,156,5,0,
K00606,155,8,2,1,170,9,0,
K13979,399,28,72,19,523,54,17,
K02647,197,5,16,0,237,18,0,
K13021,1476,89,147,34,1592,152,22,
K05786,530,23,134,10,553,185,3,
K00457,1018,171,354,72,1084,397,44,
K21090,1806,113,153,48,2202,164,17,
K03387,1027,117,74,66,1193,155,11,
K01759,0,0,0,0,0,0,0,
K24119,578,19,67,23,563,288,10,
K00383,1137,536,624,176,1310,554,116,
K00963,1219,461,617,419,1410,1377,163,
K19713,1168,254,390,177,1328,453,103,
K17230,1318,197,1111,118,1170,1365,87,
K09990,485,37,53,14,555,67,17,
K03919,483,75,83,44,481,116,34,
K10778,411,49,90,52,371,138,17,
K00459,1411,324,351,350,1550,765,132,
K02020,895,142,108,125,1038,255,64,
K02018,499,28,41,25,668,46,5,
K02017,876,91,130,52,864,110,30,
K07576,843,193,297,63,1081,468,36,
K13993,0,0,0,0,0,0,0,
K14055,2056,243,688,75,2701,2356,68,
K01420,717,487,233,99,769,301,94,
K13953,11,2,11,0,18,18,0,
K14055,0,0,0,0,0,0,0,
K14055,388,38,139,11,468,317,15,
K14055,1131,111,246,31,1344,537,31,
K00355,612,32,36,20,598,52,2,
K18697,832,70,117,52,1040,180,11,
K09458,805,387,93,270,971,207,122,
K01754,238,44,83,24,336,152,11,
K11811,582,119,149,70,554,184,42,
K03741,672,533,163,427,731,284,180,
K03892,422,1232,92,1081,573,129,341,
K06140,1190,304,385,114,1234,293,76,
K11073,1497,127,267,93,1696,352,62,
K02055,68,9,22,7,76,27,9,
K13936,1158,32,59,11,1415,78,15,
K14155,1086,39,51,67,1119,150,47,
K03862,1062,117,78,70,1324,103,53,
K03863,4,0,0,0,8,0,0,
K11475,4,0,2,0,4,4,0,
K21833,292,4,73,11,302,109,11,
K07006,1928,51,81,31,2001,88,16,
K04754,17,6,1,0,25,2,1,
K00146,68,5,13,3,80,8,3,
K14393,110,0,1,6,183,3,3,
K01895,563,110,49,76,1365,84,49,
K11102,343,8,6,8,477,40,6,
K07038,0,0,0,0,0,0,0,
K12266,186,24,2,10,298,21,6,
K00355,0,0,0,0,0,0,0,
K12264,437,7,2,0,662,25,2,
K07347,429,25,8,10,667,20,6,
K12265,0,0,0,0,0,0,0,
K15540,172,0,0,0,175,0,0,
K07345,176,0,0,0,314,0,0,
K07592,11,0,0,0,12,0,0,
K21966,152,1,2,2,256,1,0,
K13735,1487,36,14,8,1875,28,4,
K14057,0,0,0,0,0,0,0,
K17737,29,2,1,5,48,0,0,
K16514,542,2,0,2,690,0,0,
K08224,528,4,0,0,710,0,0,
K01910,532,0,4,1,777,4,2,
K01646,44,0,0,1,64,0,0,
K01644,147,1,0,2,205,7,0,
K01643,346,2,2,5,464,1,6,
K05964,84,0,0,0,115,0,1,
K13930,149,0,0,2,158,0,0,
K07002,186,0,2,0,275,0,2,
K01682,755,16,6,12,1047,15,0,
K03319,269,0,0,0,333,0,0,
K04084,161,19,20,19,329,77,15,
K07791,198,2,17,9,259,13,3,
K03926,0,0,0,0,0,0,0,
K01744,1049,257,135,76,1427,946,76,
K07113,347,269,30,70,454,194,83,
K04078,697,265,173,206,664,801,83,
K04077,2127,928,387,664,2574,3065,253,
K19810,40,4,1,0,27,1,0,
K02356,322,98,48,56,462,161,29,
K16348,32,4,0,5,39,3,1,
K03098,12,1,4,1,26,7,1,
K11741,5,0,0,0,6,0,0,
K00247,33,5,4,3,85,7,1,
K00244,270,51,40,19,432,326,11,
K00246,0,0,0,0,0,0,0,
K00245,0,0,0,0,0,0,0,
K22051,1170,216,227,129,1607,1321,75,
K04568,0,0,0,0,0,0,0,
K01613,119,10,2,6,127,6,0,
K06949,204,18,19,8,353,19,2,
K03446,229,23,23,13,237,78,5,
K13288,0,0,0,0,0,0,0,
K03543,240,1,4,2,410,0,2,
K01703,2,0,0,0,0,1,0,
K03319,24,1,5,0,23,27,3,
K01704,0,0,0,0,0,0,0,
K03291,744,50,137,10,1156,648,12,
K11925,411,6,5,8,640,13,1,
K02064,247,10,5,2,370,11,4,
K02063,220,10,8,10,284,24,6,
K01652,1129,72,184,73,1340,749,17,
K01653,1,0,0,0,3,0,0,
K03975,1850,99,979,40,1659,2067,34,
K02336,620,21,21,14,830,36,6,
K03580,551,61,51,30,773,94,14,
K05801,7,0,0,0,8,1,0,
K06177,0,0,0,0,0,0,0,
K04744,745,130,133,92,1153,257,26,
K03771,479,127,129,98,847,365,19,
K00097,248,26,16,16,414,71,7,
K02528,179,48,18,34,273,88,8,
K06195,178,62,27,16,254,35,5,
K01525,74,29,0,10,119,10,6,
K00287,16,2,3,1,33,9,0,
K11745,376,31,71,14,488,369,4,
K05835,0,0,0,0,0,0,0,
K11746,8,1,0,0,11,0,1,
K01955,577,99,86,48,867,382,21,
K01956,331,51,51,37,533,81,15,
K00215,427,55,47,27,560,81,9,
K03527,23,11,4,4,53,36,6,
K01870,265,37,61,51,402,270,18,
K03774,0,0,0,0,0,0,0,
K03101,0,0,0,0,0,0,0,
K11753,367,91,73,58,497,121,24,
K03717,204,46,22,20,310,45,6,
K02968,0,0,0,0,0,0,0,
K03313,244,65,34,36,334,103,23,
K03686,113,7,7,6,197,3,0,
K04043,419,220,156,234,604,870,151,
K07034,0,0,0,0,0,0,0,
K03831,97,20,4,24,223,36,3,
K00616,251,21,15,17,370,43,8,
K03310,330,9,13,10,428,12,0,
K01733,0,0,0,0,0,0,0,
K09861,0,0,0,0,0,0,0,
K12524,439,58,85,39,640,208,15,
K00872,0,0,0,0,0,0,0,
K02533,277,18,41,26,316,126,7,
K07773,495,285,148,111,793,535,55,
K05805,50,6,5,5,58,17,0,
K05804,80,21,13,5,84,6,6,
K15634,0,0,0,0,0,0,0,
K08309,371,121,83,56,644,187,48,
K01529,0,0,0,0,0,0,0,
K03720,0,0,0,0,0,0,0,
K21021,287,28,3,33,375,23,10,
K06020,236,8,17,19,263,43,3,
K01640,16761,68389,33436,11865,60569,7944,19270,
K02040,386,54,45,25,438,32,12,
K00249,0,0,0,0,0,0,0,
K01142,733,22,38,18,756,62,11,
K07278,2060,387,453,298,2355,718,132,
K09800,3407,405,1385,304,3538,1183,165,
K03712,565,130,75,137,519,248,72,
K03543,1343,275,325,191,1620,459,152,
K03446,734,46,48,19,843,118,25,
K03269,70,11,25,3,56,37,3,
K01886,3362,420,1412,271,3669,1960,134,
K01883,1283,327,1114,131,1428,1302,97,
K00343,450,160,128,93,516,78,46,
K07726,0,0,0,0,0,0,0,
K07726,0,0,0,0,0,0,0,
K00342,2044,376,1104,160,2293,1882,101,
K00341,3557,516,1629,172,4165,2820,145,
K00340,25,4,25,3,22,34,1,
K00336,2888,554,1454,194,3206,2464,145,
K00339,0,0,0,0,0,0,0,
K00338,0,0,0,0,0,0,0,
K00337,0,0,0,0,0,0,0,
K00335,2885,487,1355,235,3030,2616,160,
K13378,2615,606,1647,334,3206,2781,253,
K00334,0,0,0,0,0,0,0,
K00331,1443,339,763,209,1465,1383,156,
K00330,417,159,344,98,526,494,66,
K01637,3050,1492,1852,883,3103,2619,326,
K18850,799,205,303,83,862,412,42,
K02348,0,0,0,0,0,0,0,
K01756,2161,260,839,124,1856,1618,79,
K07153,180,46,77,21,200,162,5,
K00566,42,13,22,6,45,22,3,
K12152,0,0,0,0,0,0,0,
K00031,21991,13136,15406,4051,29165,26786,3430,
K03704,360,954,1206,234,585,296,226,
K06891,3850,7934,2509,2986,6262,3955,1893,
K03694,23633,28654,18998,16641,38298,39393,10772,
K21420,579,323,584,90,477,257,52,
K02518,0,0,0,0,0,0,0,
K00684,665,429,183,116,802,321,160,
K00384,932,110,106,61,1010,263,40,
K03466,4120,728,1417,611,5341,1627,271,
K03634,775,110,144,68,915,342,41,
K07478,1500,308,577,168,1867,838,141,
K06199,296,52,87,56,315,188,15,
K01875,2832,653,1382,476,2848,2977,242,
K02302,662,87,432,108,604,770,78,
K07393,20,8,8,6,22,7,1,
K11179,381,30,66,50,538,163,17,
K07237,210,4,9,5,215,11,0,
K07236,101,12,17,9,125,21,6,
K07235,452,160,182,154,517,250,95,
K21757,1019,49,94,37,1053,80,11,
K01856,1264,1294,135,156,1450,197,277,
K03464,412,137,86,27,411,190,74,
K03381,1298,459,412,106,1804,1038,230,
K18900,44,13,5,1,81,3,1,
K03975,8,3,0,0,13,2,1,
K03561,191,15,14,23,246,19,9,
K03559,0,0,0,0,0,0,0,
K12942,237,25,22,9,342,43,8,
K12941,537,5,4,11,662,14,0,
K12940,327,2,0,5,497,7,0,
K14057,67,1,3,0,78,0,0,
K19092,213,3,0,1,263,0,2,
K02529,261,2,6,2,393,10,2,
K12518,625,30,2,14,1000,14,8,
K12519,111,0,2,2,192,2,0,
K13888,303,0,0,2,421,4,0,
K05685,532,8,5,0,797,4,3,
K06133,0,0,0,0,0,0,0,
K01295,245,8,13,0,367,102,0,
K12055,215,14,6,2,258,9,0,
K02314,272,0,7,0,465,2,0,
K21449,270,54,17,18,273,19,12,
K01885,183,31,20,25,330,51,8,
K11535,114,30,17,24,124,21,14,
K03322,294,24,10,17,409,12,7,
K19265,216,9,3,10,259,3,0,
K04103,205,49,26,26,263,142,8,
K25316,1,0,0,0,0,0,0,
K08177,31,1,0,0,24,0,0,
K00845,0,0,0,0,0,0,0,
K02478,246,24,8,33,338,30,10,
K02477,0,0,0,0,0,0,0,
K03790,180,4,2,7,289,15,6,
K14261,611,153,76,111,1015,362,32,
K12262,132,6,4,9,187,6,0,
K18843,292,104,141,13,307,182,10,
K07345,220,114,52,44,377,97,37,
K15540,203,16,14,25,253,45,15,
K07347,659,19,10,23,898,29,10,
K07345,263,14,4,20,449,54,11,
K15540,182,15,6,15,345,13,7,
K09912,71,23,6,11,113,15,1,
K06218,16,8,0,0,30,0,1,
K21990,365,75,51,20,566,35,13,
K02193,264,23,17,19,342,108,7,
K02194,156,14,39,17,266,139,8,
K02195,280,16,9,16,361,52,5,
K02196,32,3,3,1,31,11,2,
K02197,59,0,2,3,97,12,0,
K02198,486,2,22,10,742,99,2,
K02199,145,1,4,2,228,29,5,
K02200,82,0,7,1,151,16,0,
K04754,456,91,117,62,628,344,49,
K07192,164,4,11,14,212,21,4,
K06076,33,0,0,4,65,5,0,
K00626,244,85,37,62,454,71,15,
K01782,322,136,69,233,610,198,45,
K07326,126,87,58,109,301,248,35,
K08296,0,0,0,0,0,0,0,
K15125,579,31,26,28,932,11,5,
K07320,224,15,22,17,296,65,6,
K01736,261,32,40,47,322,108,12,
K07261,100,18,17,13,118,60,6,
K15461,0,1,0,0,9,1,0,
K07090,0,0,0,0,0,0,0,
K09906,0,0,0,0,0,0,0,
K00647,546,225,141,135,917,251,70,
K06213,379,3,2,0,397,2,0,
K07810,65,0,0,3,86,0,0,
K07798,277,2,0,2,314,1,2,
K07787,827,0,2,6,1400,14,4,
K04033,1036,206,265,125,1090,379,94,
K03719,27,2,1,1,44,2,0,
K01556,3354,923,1427,1454,3648,3780,278,
K00355,94,18,103,13,107,101,2,
K07090,742,22,49,4,747,57,4,
K03923,1221,53,34,23,1542,71,19,
K00681,3080,858,1370,599,4124,2075,467,
K03321,1531,27,128,27,1623,148,14,
K03299,2111,27,52,26,2487,91,33,
K19337,790,72,116,38,850,178,16,
K06015,760,54,71,43,814,141,33,
K03406,2262,457,656,342,2553,1123,181,
K15268,1188,15,52,14,1368,44,5,
K03830,0,0,0,0,0,0,0,
K09022,0,0,0,0,0,0,0,
K01273,620,15,26,8,776,12,9,
K22187,1291,42,73,24,1513,121,30,
K19746,807,20,25,11,1042,65,19,
K09022,0,0,0,0,0,0,0,
K02034,1121,19,24,7,1314,55,16,
K02033,1194,31,50,16,1444,49,7,
K02035,2809,90,216,33,3380,294,28,
K01455,1229,38,51,20,1393,110,8,
K02031,2031,111,193,29,2149,340,47,
K01953,125,2,39,11,173,65,4,
K05516,188,75,16,73,329,89,25,
K18997,0,0,0,0,0,0,0,
K07496,723,462,145,267,1483,268,85,
K09476,264,27,37,30,403,158,11,
K05526,872,72,126,31,771,1038,28,
K01484,179,10,13,22,232,29,9,
K06447,223,32,22,49,399,66,9,
K00673,239,23,8,27,298,50,15,
K00840,216,16,1,18,311,34,16,
K01066,0,0,0,0,1,0,0,
K00425,746,1088,138,493,845,673,227,
K00426,0,0,0,1,2,0,0,
K00508,0,0,0,0,0,0,0,
K00508,154,73,6,67,253,27,32,
K15537,351,25,6,16,493,39,8,
K13075,102,14,14,0,120,19,4,
K00648,276,9,5,13,338,16,2,
K00370,289,5,4,0,318,11,0,
K00374,0,0,0,0,0,0,0,
K00371,0,0,0,0,0,0,0,
K00373,0,0,0,0,0,0,0,
K02575,430,0,0,0,599,1,0,
K07673,150,28,4,6,199,10,2,
K13735,0,0,0,0,0,0,0,
K07684,0,0,0,0,0,0,0,
K13635,223,27,12,35,285,30,9,
K07232,232,14,0,1,295,0,6,
K07229,95,15,2,6,132,4,6,
K07300,44,2,4,4,74,3,0,
K12979,12,0,0,0,25,0,0,
K06217,76,14,0,7,144,9,1,
K16301,1559,1721,336,545,4925,953,267,
K07224,266,6,0,12,345,14,2,
K07243,99,8,1,7,135,5,0,
K11928,449,11,8,32,551,18,5,
K13821,1001,86,196,86,1293,517,37,
K22041,17,2,0,1,16,0,0,
K00459,306,0,2,10,438,4,0,
K07339,18,0,0,1,38,0,1,
K02028,1,1,0,0,0,0,0,
K18843,0,0,0,0,0,0,0,
K10009,118,12,7,8,132,24,4,
K02424,93,14,0,5,143,10,1,
K05396,324,18,13,40,516,149,16,
K02425,59,5,9,10,73,15,3,
K02405,7,0,1,0,18,2,0,
K02406,155,33,20,9,169,104,4,
K02407,499,62,48,33,645,83,20,
K02422,97,11,2,11,148,2,4,
K02423,106,15,2,1,117,1,5,
K02408,58,2,0,0,35,2,0,
K02409,267,0,2,4,341,12,2,
K02410,98,3,4,4,151,3,0,
K02411,48,0,2,4,85,7,0,
K02412,210,2,6,2,326,9,0,
K02413,45,6,0,3,64,6,0,
K02414,223,0,8,10,219,13,2,
K02415,90,6,10,6,101,11,0,
K02416,242,13,0,0,324,2,0,
K02417,67,0,0,0,86,6,0,
K02418,69,0,1,2,105,1,0,
K02419,186,0,5,1,244,4,0,
K02420,55,0,0,0,62,0,0,
K02421,84,0,2,4,148,0,0,
K02397,0,0,0,0,1,0,0,
K02396,166,6,4,13,176,40,4,
K02395,126,8,8,7,151,15,0,
K02394,187,6,2,0,214,14,0,
K02393,150,3,0,0,213,6,0,
K02392,97,0,0,2,139,10,0,
K02391,27,0,0,1,43,0,0,
K02390,144,5,0,2,195,8,2,
K02389,283,0,0,0,387,10,0,
K02388,79,1,2,0,103,14,1,
K02387,67,0,2,1,107,9,0,
K02386,177,2,0,2,225,6,0,
K02398,76,0,8,4,76,8,2,
K02399,0,0,0,0,0,0,0,
K02400,211,1,1,11,263,13,5,
K03566,0,0,0,0,0,0,0,
K03516,0,0,0,0,0,0,0,
K02401,389,0,0,1,498,6,0,
K03414,124,2,7,1,191,2,0,
K03412,160,2,6,1,179,29,2,
K03413,0,0,0,0,0,0,0,
K00575,24,0,4,0,21,4,0,
K05877,192,6,10,4,215,40,0,
K05874,258,13,17,12,417,66,4,
K03407,370,44,21,24,450,86,3,
K03408,0,0,0,0,0,0,0,
K02557,243,22,18,30,382,117,8,
K02556,264,17,11,24,311,28,12,
K02402,166,7,2,5,220,12,2,
K02403,123,74,4,48,149,7,16,
K05839,43,48,16,11,92,13,6,
K14064,158,120,37,37,225,111,29,
K23256,160,19,11,13,295,44,5,
K07470,0,0,0,0,0,0,0,
K00453,134,23,11,17,305,58,7,
K01531,287,21,3,13,312,4,3,
K07507,249,0,4,4,330,0,0,
K03566,386,3,4,3,508,0,0,
K22479,0,0,0,0,0,0,0,
K07781,230,95,41,51,332,66,15,
K10716,515,2553,143,581,919,346,409,
K03704,0,0,0,0,0,0,0,
K00344,131,13,25,13,185,25,1,
K04750,193,250,48,145,357,144,65,
K02618,117,32,6,24,172,19,8,
K02609,228,94,10,374,382,26,14,
K02610,77,11,2,72,137,8,2,
K02611,113,35,0,133,129,16,2,
K02612,59,17,1,38,99,2,0,
K02613,175,131,21,215,240,53,33,
K01692,112,71,10,105,184,56,17,
K15866,222,143,27,189,352,160,35,
K00074,500,191,67,251,803,298,79,
K02614,87,31,8,49,103,45,9,
K02615,375,175,64,197,512,194,46,
K01912,422,178,50,241,600,251,60,
K02616,52,3,4,28,64,17,4,
K02617,0,0,0,0,0,0,0,
K01432,226,18,7,10,255,12,4,
K09022,0,0,0,0,0,0,0,
K00799,131,70,1,18,161,23,15,
K07006,33,15,1,1,31,2,2,
K09794,0,0,0,0,0,0,0,
K01840,338,33,0,18,440,19,13,
K20885,249,6,0,0,284,2,3,
K09933,278,226,51,87,415,112,54,
K21613,158,0,4,4,262,2,0,
K24116,250,4,0,1,323,2,2,
K02030,194,5,0,2,194,0,0,
K02029,214,6,1,0,266,0,1,
K02028,147,0,2,1,201,0,1,
K02030,222,2,2,1,382,4,2,
K13633,369,14,15,0,440,32,1,
K00134,0,0,0,0,0,0,0,
K12973,0,0,0,0,0,0,0,
K01241,0,0,0,0,0,0,0,
K19338,0,0,0,0,0,0,0,
K02032,173,3,0,2,274,2,0,
K02034,167,4,0,3,212,0,0,
K02033,22,0,0,0,23,0,0,
K02035,194,0,0,0,234,2,0,
K03919,0,0,0,0,0,0,0,
K05786,92,7,1,1,87,4,0,
K02362,0,0,0,0,0,0,0,
K01085,118,5,2,3,142,1,1,
K09477,847,161,143,75,1098,587,32,
K05966,244,2,0,0,370,0,0,
K01643,130,0,2,0,159,2,0,
K05964,0,0,0,0,0,0,0,
K01644,135,0,0,0,182,2,0,
K01910,127,0,0,0,136,0,0,
K01646,0,0,0,0,0,0,0,
K02057,0,0,0,0,0,0,0,
K07702,0,0,0,0,0,0,0,
K02058,367,12,1,2,533,12,4,
K20264,166,7,6,6,191,7,4,
K20263,393,6,7,6,538,6,0,
K07783,326,71,32,42,660,44,25,
K02012,361,64,40,25,792,94,29,
K02011,320,46,17,16,518,20,8,
K02010,49,3,1,4,91,1,2,
K08368,106,2,2,6,130,0,0,
K00313,415,2,0,9,508,1,0,
K03855,0,0,0,0,0,0,0,
K03522,278,0,2,4,407,6,6,
K03521,241,0,2,0,408,3,2,
K05245,467,0,0,2,598,0,0,
K08297,255,11,10,4,305,24,0,
K08298,219,22,10,2,332,11,5,
K02182,255,6,0,0,306,19,4,
K08299,105,8,5,0,105,53,4,
K08279,2,0,0,0,6,2,0,
K01066,265,91,14,27,329,56,13,
K08277,0,0,0,0,0,0,0,
K23492,191,6,0,66,290,48,10,
K07552,22,1,1,0,26,8,0,
K23470,0,0,0,0,0,0,0,
K05275,213,11,8,15,245,30,5,
K08159,133,18,6,9,174,2,3,
K01996,192,17,2,2,299,7,0,
K01995,37,0,0,0,39,2,0,
K01998,258,1,3,12,289,15,6,
K01997,350,2,3,3,606,7,0,
K01999,256,8,10,15,429,25,9,
K07665,215,22,7,17,347,14,2,
K07644,302,17,4,15,404,29,2,
K01607,107,11,0,8,128,3,3,
K01607,174,5,0,0,309,7,0,
K06221,111,7,1,5,107,11,0,
K03482,107,8,0,4,167,3,2,
K02750,379,8,6,4,559,2,0,
K01232,106,3,1,6,139,10,0,
K12340,42,2,1,1,66,2,1,
K15547,223,21,13,4,324,43,1,
K15549,178,7,4,8,276,16,4,
K01580,612,150,80,58,1671,323,22,
K20265,258,26,11,17,505,56,1,
K18900,28,3,0,1,32,0,1,
K23275,22,0,0,1,39,2,0,
K07396,0,0,0,0,0,0,0,
K19813,485,12,4,13,724,4,12,
K23274,214,0,0,0,315,0,2,
K01816,182,2,1,3,264,18,0,
K02003,0,0,0,0,0,0,0,
K02004,91,4,5,0,129,4,1,
K02004,374,3,7,0,675,3,1,
K07243,293,52,12,39,438,31,16,
K07230,0,0,0,0,0,0,0,
K01753,157,24,4,27,199,18,6,
K13629,221,4,13,8,240,33,1,
K13636,53,7,4,1,75,3,1,
K18480,0,0,0,0,0,0,0,
K02067,99,22,21,20,205,43,5,
K02065,86,21,14,15,161,35,3,
K02066,142,19,17,29,284,41,4,
K09802,0,0,0,0,0,0,0,
K07182,0,0,0,0,0,0,0,
K05786,703,76,103,64,661,168,23,
K03567,0,0,0,0,0,0,0,
K07093,1773,275,303,210,1957,641,79,
K02019,1220,28,47,30,1254,62,21,
K02242,1143,60,173,30,1261,274,22,
K01012,5099,3596,3546,1977,6431,5073,1013,
K00652,2141,686,1381,736,2679,1861,331,
K02170,920,501,588,416,1262,854,290,
K02169,1143,371,570,314,1381,878,257,
K01935,1159,526,523,295,1554,835,189,
K20035,22634,19082,14758,7263,26567,36374,4209,
K20035,3069,347,798,209,4063,1329,108,
K20035,3909,1440,1928,844,4836,3773,354,
K11921,584,81,43,43,712,107,29,
K06139,1446,114,449,122,1636,504,63,
K06137,337,29,65,16,374,95,9,
K06138,0,0,0,0,0,0,0,
K06136,0,0,0,0,0,0,0,
K06135,0,0,0,0,0,0,0,
K01506,7,4,0,2,11,3,0,
K00468,2247,471,791,294,2502,1791,223,
K21023,1301,72,64,54,1289,83,21,
K05358,0,0,0,0,0,0,0,
K03086,2153,66,91,25,2976,118,27,
K02316,15853,18904,17748,7249,17876,24863,5218,
K02970,1969,2088,1182,1296,1716,1694,493,
K25706,718,128,717,131,659,721,60,
K08591,98,15,50,10,84,49,2,
K00974,677,145,331,91,856,348,45,
K01633,0,0,0,0,0,0,0,
K00950,0,0,0,0,0,0,0,
K06415,2246,416,513,276,3021,729,161,
K09786,1811,616,250,157,2840,644,200,
K07180,4182,3000,1199,752,7296,2337,1117,
K01525,2121,3561,1101,1120,3396,1762,1470,
K02439,0,0,0,0,0,0,0,
K06195,87,13,41,5,80,46,3,
K02528,471,168,331,89,658,338,50,
K00097,138,14,35,6,153,61,2,
K04744,3296,871,2270,429,3249,2892,223,
K03771,0,0,0,0,0,0,0,
K07102,2276,1166,2045,646,2408,1979,328,
K00992,614,115,313,123,723,408,60,
K05801,0,0,0,0,0,0,0,
K02519,17,3,4,4,17,8,0,
K02600,565,192,104,100,836,380,58,
K09748,183,70,27,21,294,80,13,
K03431,260,69,74,47,525,169,27,
K03075,0,0,0,0,0,0,0,
K03798,253,61,14,18,369,149,16,
K00796,0,0,0,0,0,0,0,
K02427,712,471,166,243,886,918,184,
K03624,76,29,7,13,132,51,9,
K07574,0,0,0,0,0,0,0,
K07259,454,93,42,82,654,209,36,
K07771,144,20,22,13,160,57,7,
K03979,49,2,1,1,88,3,2,
K07643,0,0,0,0,0,0,0,
K02899,25,8,1,6,42,8,1,
K02888,284,85,96,85,558,451,18,
K02523,171,50,21,31,223,96,14,
K07724,0,0,0,0,0,0,0,
K03402,111,26,24,23,212,36,11,
K02558,88,8,1,1,113,2,2,
K03406,103,7,5,4,116,36,5,
K09800,570,53,45,44,887,230,28,
K03841,0,0,0,0,0,0,0,
K01507,0,0,0,0,0,0,0,
K07278,363,8,25,18,531,45,3,
K07304,182,16,10,20,317,49,6,
K03699,259,29,14,5,391,16,6,
K01082,89,60,13,19,218,42,14,
K07109,0,0,0,0,0,0,0,
K01119,650,36,34,6,905,79,6,
K07322,12,0,0,0,20,1,0,
K03773,15,4,3,2,20,1,1,
K07269,135,83,18,32,208,94,19,
K02939,122,41,24,14,134,94,8,
K02963,212,74,30,40,239,286,19,
K02990,158,15,11,25,215,197,20,
K15125,448,46,34,19,615,169,8,
K09456,760,2,6,3,1016,0,2,
K12573,504,150,62,125,903,227,51,
K03218,0,0,0,0,0,0,0,
K01939,371,107,93,34,524,159,37,
K13771,0,0,0,0,0,0,0,
K04087,336,190,140,130,471,460,80,
K09937,0,0,0,0,0,0,0,
K04088,360,123,66,99,603,454,30,
K03665,459,162,98,126,836,305,31,
K00791,3,2,1,0,2,1,0,
K03572,579,430,113,203,1091,344,80,
K03666,0,0,0,0,0,0,0,
K01448,441,37,39,35,462,73,8,
K23997,346,47,52,50,480,75,19,
K06925,0,0,0,0,0,0,0,
K18979,255,29,7,25,389,16,5,
K16568,376,2,4,2,615,4,0,
K12205,109,2,2,0,129,9,2,
K12204,205,1,3,0,371,3,2,
K12203,504,1,0,0,714,1,4,
K12222,89,1,0,0,151,0,0,
K12227,200,4,3,0,259,4,0,
K12214,297,4,0,0,393,0,0,
K12213,419,2,0,0,779,2,0,
K12209,414,2,2,2,830,0,2,
K12211,378,6,4,0,561,0,0,
K12212,393,0,0,2,584,1,0,
K12206,1419,20,10,10,2379,32,5,
K18923,106,107,11,10,187,38,14,
K06218,47,30,3,13,40,9,7,
K12218,527,2,4,0,838,10,4,
K12228,312,2,2,0,622,2,0,
K12217,566,0,1,8,1008,3,2,
K16862,0,0,0,0,0,0,0,
K03496,492,498,19,341,866,105,102,
K07497,521,4,0,1,638,0,1,
K07483,173,0,0,4,308,6,0,
K06917,0,0,0,0,0,0,0,
K01008,1099,301,417,218,1277,708,102,
K10217,1213,14,41,5,1285,22,16,
K02554,446,10,16,8,564,38,4,
K04073,539,21,17,2,566,24,6,
K01666,821,14,32,6,896,26,12,
K01617,552,5,35,9,616,34,5,
K15067,365,14,16,9,401,18,5,
K00452,453,6,10,2,422,5,1,
K03392,1135,20,46,6,1328,69,8,
K08195,640,8,6,9,798,12,7,
K18093,275,5,6,1,228,15,2,
K01556,1554,51,57,31,1567,93,21,
K05517,1164,42,16,28,1434,29,20,
K00104,1154,168,154,182,1239,163,99,
K11472,723,64,50,76,851,108,25,
K11473,363,50,134,45,489,167,64,
K09936,0,0,0,0,0,0,0,
K09936,412,13,53,30,489,83,9,
K03322,391,13,37,24,344,33,19,
K01495,592,619,196,743,766,256,404,
K06999,18,1,10,5,15,15,1,
K06987,717,60,131,53,709,234,29,
K10022,884,166,133,121,880,365,43,
K02228,1533,337,467,121,1566,738,95,
K01915,1093,132,368,110,1141,430,83,
K14052,2063,226,598,101,2128,684,108,
K00673,947,58,101,26,1051,164,29,
K02014,2338,72,74,25,2662,130,31,
K18968,52,2,5,4,67,8,9,
K11904,1423,46,56,12,1251,69,8,
K01915,991,62,122,43,1239,296,16,
K04093,0,0,0,0,0,0,0,
K03151,2822,807,2106,620,2788,2499,244,
K06207,6769,1532,4948,974,6635,8241,394,
K06940,116,2,6,4,159,9,1,
K00688,3915,1334,695,1058,4605,1669,424,
K03406,138,7,11,6,124,9,2,
K03841,0,0,0,0,0,0,0,
K05603,416,83,105,74,445,127,38,
K03098,0,0,0,0,0,0,0,
K03406,985,1656,535,546,882,623,445,
K05836,0,0,0,0,0,0,0,
K09975,0,0,0,0,0,0,0,
K01712,6626,12132,4410,3398,10065,8630,4832,
K03457,3349,2057,1537,749,4910,3782,1041,
K02002,2013,953,1313,491,2957,1928,826,
K02001,1086,325,454,142,1582,889,175,
K02000,1424,457,615,221,1635,765,273,
K01745,2611,749,1088,287,3221,1343,267,
K01745,3191,1159,1956,486,3925,2934,526,
K16234,3314,295,423,206,4184,589,158,
K01468,1502,504,1524,343,1847,1255,237,
K01458,1552,344,580,157,1793,761,146,
K01259,2319,1102,1439,597,2699,1834,304,
K07560,1154,326,460,145,1394,610,112,
K03670,4554,2761,2166,1277,4733,3309,542,
K03669,4187,896,1590,568,4417,2447,337,
K02030,2288,654,939,241,2252,1362,130,
K03406,183,38,70,33,232,106,15,
K02029,0,0,0,0,0,0,0,
K02028,0,0,0,0,0,0,0,
K09761,1159,319,408,337,1267,657,112,
K03118,1096,195,559,110,1132,731,62,
K03117,650,87,89,65,708,169,31,
K03688,1187,827,1160,373,1494,1177,249,
K03116,0,0,0,0,0,0,0,
K01523,0,0,0,0,0,0,0,
K01496,0,0,0,0,0,0,0,
K03690,565,72,142,36,650,231,16,
K03183,1041,303,477,166,1098,555,85,
K03821,1404,35,86,24,1644,138,8,
K22250,165,36,105,10,214,113,14,
K03821,1492,381,541,160,1786,759,123,
K03667,1964,751,776,419,2491,1378,239,
K01419,2907,3110,958,2169,3932,4094,1109,
K11066,0,0,0,0,0,0,0,
K13075,239,15,9,4,345,18,4,
K01620,135,19,6,7,248,45,4,
K00156,202,16,12,24,257,40,4,
K11933,98,8,4,7,152,15,4,
K05601,394,1,8,1,450,35,3,
K07459,355,73,25,39,425,60,15,
K09824,0,0,0,0,0,0,0,
K13888,271,10,19,26,374,69,5,
K05685,508,9,19,18,742,121,9,
K03704,861,1167,241,228,1919,671,234,
K06891,178,188,124,88,297,115,24,
K03694,2700,2314,723,1376,4300,2964,559,
K16012,103,3,2,3,156,8,0,
K00684,0,0,0,0,0,0,0,
K02518,0,0,0,0,0,0,0,
K16013,361,19,22,22,563,67,4,
K00384,270,22,14,8,371,21,3,
K03719,405,259,120,119,710,421,60,
K03466,975,205,99,143,1478,364,63,
K03634,212,8,16,13,298,27,11,
K07478,269,41,27,16,327,61,18,
K01875,1410,910,524,356,1905,2334,234,
K07306,874,50,84,32,1347,350,16,
K07306,1373,130,290,32,1828,2470,28,
K07307,279,36,75,1,432,592,11,
K07308,494,48,122,21,684,997,9,
K23349,271,14,57,5,364,532,6,
K00656,207,43,15,19,377,114,7,
K08219,0,0,0,0,0,0,0,
K04069,0,0,0,0,0,0,0,
K06212,325,70,32,19,343,346,15,
K09136,563,90,42,33,768,254,13,
K01424,784,106,60,48,983,397,23,
K00831,714,409,244,216,1084,695,108,
K00800,315,5,6,12,402,13,4,
K00945,514,233,132,137,784,573,82,
K02945,4849,2261,904,814,7128,7021,503,
K05788,1299,804,214,257,2012,1525,160,
K11085,345,21,16,12,517,63,10,
K11085,362,57,22,18,485,86,10,
K00912,0,0,0,0,0,0,0,
K00799,228,11,15,8,237,30,3,
K00820,1713,281,301,173,1866,432,78,
K04042,1977,478,313,913,1916,481,207,
K02112,5551,1750,4936,551,5833,7435,419,
K02114,0,0,0,0,0,0,0,
K02115,2792,791,1888,240,3069,4166,157,
K02111,11400,3057,13395,1178,11069,16752,794,
K02113,7007,1932,6330,877,6918,11368,474,
K02109,4911,1616,6059,854,4986,8963,503,
K02108,8562,2163,10081,996,7385,12335,652,
K02110,0,0,0,0,0,0,0,
K03497,1439,510,2688,227,1493,1638,147,
K03496,764,230,605,123,781,890,78,
K03495,1421,206,341,163,1777,573,84,
K03501,0,0,0,0,0,0,0,
K16234,1566,188,223,87,2355,262,73,
K03650,719,105,115,25,963,42,18,
K13652,0,0,0,0,0,0,0,
K03217,1883,278,595,212,2138,811,138,
K03536,2721,580,1534,323,2648,1820,137,
K02313,4187,2280,3370,1527,4092,4524,593,
K02338,3633,902,2164,469,4397,3951,263,
K03629,1738,224,732,189,2144,771,88,
K02470,6627,1219,3185,701,7217,6156,406,
K07165,2249,146,268,82,2790,274,52,
K00655,0,0,0,0,0,0,0,
K01879,1115,215,572,117,1127,756,85,
K03273,0,0,0,0,0,0,0,
K01878,1928,348,758,268,2197,1261,96,
K01246,819,234,325,164,856,471,119,
K02517,452,82,84,89,414,150,44,
K03499,510,60,316,70,505,413,35,
K03500,2217,183,540,164,2648,796,61,
K00604,1118,110,359,99,1281,555,55,
K01462,1245,231,408,184,1111,660,69,
K04096,820,91,189,102,919,305,57,
K00344,222,40,53,22,245,131,18,
K07566,0,0,0,0,0,0,0,
K00228,534,48,116,60,696,258,16,
K03321,83,4,19,7,88,10,4,
K00014,0,0,0,0,0,0,0,
K02002,368,19,50,9,402,78,11,
K01133,1639,50,55,24,1770,87,19,
K03566,724,363,114,152,803,143,64,
K15977,0,0,0,0,0,0,0,
K03179,673,27,59,13,754,90,22,
K08319,851,206,164,125,938,317,113,
K21948,686,126,133,99,788,214,87,
K22130,805,101,321,49,971,227,80,
K03299,1458,50,71,19,1814,77,37,
K22131,562,69,170,70,706,244,68,
K00641,256,21,31,10,275,29,11,
K02030,458,53,59,23,546,100,19,
K00209,3149,1217,2168,795,3429,3078,261,
K12945,943,101,354,66,958,506,44,
K21023,1278,195,277,124,1426,376,154,
K02482,207,26,34,19,242,33,15,
K00428,33,1,1,0,36,2,1,
K21023,828,79,82,19,1009,114,23,
K01714,114,59,57,46,134,95,25,
K01166,0,0,0,0,0,0,0,
K21023,2113,630,1380,366,2434,1161,645,
K11527,3026,344,497,202,3416,654,158,
K03776,1896,468,676,145,1841,864,122,
K03415,2315,84,153,72,2718,218,48,
K16088,621,274,106,71,793,143,83,
K07506,0,0,0,0,0,0,0,
K11249,0,0,0,0,0,0,0,
K07165,1007,11,19,23,1021,47,12,
K23514,366,37,36,45,352,49,14,
K07234,996,28,84,23,1240,127,37,
K00208,2,0,1,0,1,0,0,
K13896,1014,186,315,126,1219,747,52,
K13895,1185,163,479,89,1477,660,53,
K13894,69,13,19,7,95,38,1,
K13893,1281,88,152,57,1588,252,51,
K03307,1365,63,120,50,1481,170,28,
K21959,1110,1577,1368,1458,1264,1927,762,
K15125,11535,9790,8917,6649,13040,7940,3804,
K00243,0,0,0,0,0,0,0,
K13652,0,0,0,0,0,0,0,
K07483,0,0,0,0,0,0,0,
K07326,2061,92,171,24,2474,243,40,
K05590,2148,225,238,104,2283,566,60,
K16053,1043,207,81,268,1087,224,81,
K01118,727,34,45,29,880,53,11,
K01055,1003,127,196,82,1312,405,39,
K03767,1424,397,355,229,1526,915,107,
K18893,1935,125,180,67,2350,309,49,
K09919,120,6,14,4,132,13,4,
K06188,0,0,0,0,0,0,0,
K03578,2303,296,476,159,2569,1061,89,
K03088,0,0,0,0,0,0,0,
K16872,0,0,0,0,0,0,0,
K00906,2255,275,501,181,2301,834,111,
K12979,1189,331,286,232,1274,290,82,
K01738,2283,497,1396,319,2558,2045,137,
K09989,475,123,153,82,570,339,25,
K23124,122,5,25,12,113,28,15,
K07160,161,12,74,15,162,88,9,
K04063,254,55,24,38,588,113,14,
K12975,406,80,22,32,596,44,20,
K07345,127,2,2,0,163,0,0,
K12518,609,2,0,4,874,0,0,
K12519,135,0,0,2,213,2,1,
K12368,903,312,189,222,1715,845,91,
K12369,488,39,25,53,764,111,17,
K12370,242,3,12,24,426,61,3,
K12371,90,12,17,8,141,28,6,
K12372,0,0,0,0,0,0,0,
K00694,819,54,37,21,1199,84,7,
K20541,580,42,59,28,1005,187,13,
K20542,299,30,31,14,419,119,5,
K20543,789,57,66,38,1218,242,16,
K21023,479,59,53,48,629,91,2,
K11103,792,259,176,233,1446,324,80,
K03656,163,20,6,16,226,33,0,
K01524,14,6,4,4,15,8,1,
K03732,288,49,47,60,452,59,20,
K03671,540,456,82,143,818,611,93,
K03628,281,286,21,167,511,105,48,
K02851,380,166,80,56,543,142,36,
K05790,190,43,39,33,276,55,12,
K01791,235,15,25,19,323,72,10,
K02472,325,40,52,46,339,94,17,
K01710,292,32,51,40,423,129,10,
K00973,232,34,15,23,327,101,12,
K16704,89,9,7,13,127,32,2,
K02805,224,7,16,8,185,45,7,
K16693,264,6,2,16,320,27,5,
K12582,198,4,8,12,306,32,7,
K02853,372,10,12,16,606,34,5,
K02852,296,26,12,9,491,17,11,
K03293,558,7,2,5,685,16,0,
K01448,137,8,12,9,221,17,5,
K03581,69,3,1,1,91,4,1,
K03582,316,26,15,25,512,64,16,
K14682,0,0,0,0,0,0,0,
K01407,593,61,52,56,912,129,16,
K03583,800,213,120,67,1202,245,36,
K02680,62,0,0,2,72,6,1,
K02679,47,2,4,1,86,4,1,
K00560,50,3,4,5,52,4,1,
K08484,336,48,24,39,550,85,16,
K13292,0,0,0,0,0,0,0,
K08311,202,51,48,51,267,121,20,
K03573,151,18,10,8,288,13,0,
K08227,0,0,0,0,0,0,0,
K05939,375,23,25,23,478,118,1,
K02529,172,36,4,5,211,14,13,
K01586,38,2,1,3,64,2,0,
K03487,2,0,0,0,0,0,0,
K07396,115,11,2,2,141,4,9,
K02471,409,148,8,4,490,55,173,
K02747,115,56,1,6,226,106,200,
K02744,0,0,0,0,0,0,0,
K02746,148,62,7,11,263,189,171,
K16371,162,85,5,4,183,77,97,
K02745,0,0,0,0,0,0,0,
K02081,279,202,14,13,322,190,267,
K06159,164,13,5,7,263,14,2,
K03449,0,0,0,0,0,0,0,
K07357,40,5,0,1,49,0,1,
K07347,548,10,8,2,733,2,0,
K07349,0,0,0,0,0,0,0,
K07346,214,2,0,8,274,2,6,
K07345,214,4,8,3,310,8,0,
K07357,277,7,1,0,282,0,2,
K05685,223,3,0,0,327,2,0,
K13888,57,0,0,1,80,5,0,
K03673,149,8,0,0,229,0,0,
K09475,569,2,0,0,726,1,1,
K15268,232,34,20,13,340,11,5,
K14060,304,21,8,7,383,12,8,
K03630,42,0,0,0,93,0,0,
K04567,400,51,78,12,578,82,14,
K02836,129,4,9,13,151,69,4,
K07462,289,30,57,30,330,116,12,
K03981,146,6,9,7,201,20,10,
K04763,183,33,42,16,294,79,15,
K06143,277,29,32,27,470,87,15,
K03840,0,0,0,0,0,0,0,
K07641,388,4,0,7,612,2,6,
K07663,191,0,2,5,230,30,2,
K19168,121,27,16,20,223,34,8,
K09159,173,61,36,11,298,109,8,
K06980,116,10,4,18,156,38,2,
K11068,207,10,6,12,306,7,0,
K00281,508,25,23,70,655,120,10,
K07023,0,0,0,0,0,0,0,
K00059,0,0,0,0,0,0,0,
K00605,364,99,71,24,464,322,16,
K02437,0,0,0,0,0,0,0,
K18800,442,102,70,33,587,233,23,
K03185,234,38,24,27,302,67,4,
K01262,276,60,31,50,447,120,15,
K09895,193,30,27,35,294,82,10,
K09888,11,4,1,0,14,5,0,
K00058,674,459,1126,133,841,1037,124,
K01934,0,0,0,0,0,0,0,
K01807,309,132,95,172,546,140,40,
K05596,34,7,4,2,79,10,2,
K09807,6,5,2,2,13,11,1,
K06895,148,47,32,28,215,108,18,
K03885,105,0,0,0,132,1,0,
K03442,20,2,1,2,26,6,0,
K01624,92,7,6,3,116,11,1,
K00927,742,324,73,122,1145,472,63,
K03472,804,418,189,149,1337,560,67,
K12518,408,7,2,0,631,7,0,
K12519,0,0,0,0,0,0,0,
K02011,250,8,17,20,338,26,12,
K02012,93,4,12,4,172,7,3,
K00615,478,54,51,58,840,82,16,
K07387,0,0,0,0,0,0,0,
K06989,239,23,6,151,257,126,36,
K00529,356,149,52,178,414,137,63,
K06182,88,50,41,117,117,15,23,
K05710,0,0,0,0,0,0,0,
K13409,178,31,6,12,203,41,12,
K01480,0,0,0,0,0,0,0,
K13408,321,5,7,2,455,21,2,
K07304,50,0,0,3,69,4,2,
K07305,0,0,0,0,0,0,0,
K00789,278,135,41,84,401,190,33,
K23228,172,44,196,19,216,170,14,
K01821,0,0,0,0,0,0,0,
K18919,0,0,0,0,0,0,0,
K18919,0,0,0,0,0,0,0,
K23227,98,3,2,0,145,0,0,
K02014,108,2,0,2,142,2,2,
K10829,0,0,0,0,0,0,0,
K05365,675,50,8,21,1004,21,24,
K03579,603,63,70,40,931,129,20,
K01975,118,8,4,8,147,7,0,
K06206,306,70,33,53,405,64,13,
K06204,1377,293,410,159,1850,1353,57,
K01894,250,26,12,19,316,47,4,
K00970,73,6,10,1,86,17,2,
K07645,0,0,0,0,0,0,0,
K00950,2,0,0,0,7,0,0,
K07666,265,13,16,14,356,42,4,
K00606,165,24,26,35,270,43,5,
K01918,10,2,1,1,16,2,0,
K01579,0,0,0,0,0,0,0,
K01990,300,23,7,41,446,42,7,
K14588,267,105,18,123,294,40,43,
K01673,0,0,0,0,0,0,0,
K00760,0,0,0,0,0,0,0,
K00797,180,12,17,8,232,18,11,
K22024,73,4,4,2,134,5,0,
K22129,288,19,3,25,451,28,8,
K02526,159,5,5,5,199,10,4,
K09910,146,12,3,13,232,45,8,
K13935,2,0,0,0,4,0,0,
K13928,1,0,0,0,2,0,0,
K13934,88,3,4,5,98,27,2,
K13936,92,12,6,7,134,27,2,
K13933,194,10,2,0,293,11,3,
K13932,235,13,14,6,203,18,2,
K13930,10,0,0,0,10,0,0,
K13929,0,0,0,0,0,0,0,
K13931,0,0,0,0,0,0,0,
K01682,707,45,8,17,895,47,8,
K00382,943,244,363,113,990,400,67,
K00627,486,172,71,46,643,332,21,
K00163,844,95,136,50,1326,999,17,
K05799,351,52,78,21,467,274,14,
K11734,80,123,34,35,192,40,17,
K07141,155,11,9,6,196,7,4,
K07402,171,21,12,3,243,4,6,
K08137,186,13,0,0,274,2,2,
K05804,0,0,0,0,0,0,0,
K01676,235,37,13,13,315,21,7,
K02742,115,4,0,2,179,3,0,
K01150,153,6,3,2,169,5,2,
K09761,44,1,3,3,77,7,1,
K01920,0,0,0,0,0,0,0,
K07735,0,0,0,0,0,0,0,
K07679,461,19,14,6,637,14,2,
K07447,0,0,0,0,0,0,0,
K07690,69,1,0,1,109,2,0,
K02669,186,4,0,1,200,0,0,
K06997,151,22,22,13,160,25,13,
K00286,143,67,29,28,307,101,9,
K02221,102,33,1,13,203,38,4,
K09131,36,0,1,5,67,1,2,
K01519,80,7,2,3,90,8,6,
K02495,62,4,0,7,109,10,0,
K01425,200,68,52,19,500,46,13,
K03439,229,67,16,24,247,118,20,
K09923,0,0,0,0,0,0,0,
K03575,126,19,16,18,165,49,7,
K08306,0,0,0,0,0,0,0,
K00756,154,3,1,2,209,0,0,
K01119,319,9,5,6,445,35,6,
K11535,252,13,2,2,419,24,1,
K07497,155,26,3,11,198,13,4,
K07483,0,0,0,0,0,0,0,
K07646,0,0,0,0,0,0,0,
K01547,1293,72,186,48,1511,319,34,
K01546,1012,15,14,12,1189,21,9,
K01548,0,0,0,0,0,0,0,
K06895,871,281,307,117,912,356,115,
K03299,188,15,9,5,193,10,3,
K14261,0,0,0,0,0,0,0,
K00851,1132,297,162,124,1200,211,100,
K06145,982,323,317,142,970,412,82,
K05835,15,1,2,2,11,6,0,
K03566,39,0,0,0,31,0,0,
K00799,923,234,250,188,1085,286,61,
K03406,170,1,2,7,177,8,2,
K00799,784,251,222,107,1155,277,94,
K01462,173,6,10,7,196,7,3,
K07058,1168,319,693,213,1618,862,133,
K01897,1499,425,597,201,2064,514,90,
K01897,4370,1500,2271,629,5222,3391,340,
K01054,786,363,299,237,897,414,103,
K17865,0,0,0,0,0,0,0,
K21695,0,0,0,0,0,0,0,
K09954,539,27,19,18,560,53,10,
K01625,0,0,0,0,0,0,0,
K00036,1058,2392,569,2140,1353,1004,1464,
K01057,0,0,0,0,0,0,0,
K19337,114,161,11,59,85,10,42,
K01792,0,0,0,0,0,0,0,
K07267,1005,169,221,129,1130,315,57,
K10112,1999,171,266,90,1955,405,135,
K17317,809,44,84,47,859,113,36,
K17316,349,19,13,21,418,41,15,
K17315,1620,60,45,56,1913,91,50,
K18479,1676,141,182,186,1932,306,137,
K02483,660,26,26,14,651,61,8,
K00845,0,0,0,0,0,0,0,
K01690,1492,876,426,743,1625,714,439,
K00134,1908,3095,421,1594,2402,783,952,
K01734,841,412,294,208,962,273,141,
K03088,530,18,19,25,568,27,11,
K07165,1309,105,138,96,1429,279,65,
K16087,3128,81,172,80,3764,266,69,
K07215,672,32,47,40,649,53,16,
K09790,784,29,20,26,961,85,15,
K03406,4348,3864,1774,2906,6399,3377,1154,
K01953,2683,149,607,81,2831,875,48,
K05946,826,32,70,26,1065,132,16,
K18930,372362,283575,720215,44445,397388,724958,66326,
K18929,729,27,57,11,817,59,17,
K00782,0,0,0,0,0,0,0,
K18928,106,3,8,0,106,13,3,
K02550,1012,177,201,54,1036,301,69,
K05799,1087,172,151,262,1250,603,169,
K03664,73,20,53,15,80,56,13,
K03308,2941,222,343,109,3648,487,52,
K18588,267,73,146,53,306,167,21,
K03631,2847,1706,1688,887,2967,2192,349,
K06186,0,0,0,0,0,0,0,
K09801,0,0,0,0,0,0,0,
K03711,0,0,0,0,0,0,0,
K03687,13589,22014,6293,11458,14812,12422,6109,
K04043,103272,202815,43151,76635,136012,135639,56930,
K03686,3124,1488,1754,2143,3519,4493,1096,
K00215,1638,702,1089,1438,2013,2616,728,
K01956,3355,2378,1622,1410,3474,2895,809,
K01955,7554,3085,3675,1582,8636,5897,821,
K03624,1535,836,1542,469,1574,1486,258,
K07574,126,176,286,33,127,90,23,
K02427,2645,2050,1238,1196,3388,1533,536,
K03798,14754,16709,14740,12609,17592,24696,6711,
K00796,1477,683,1016,434,1677,1353,302,
K03431,3365,2012,2715,1133,4379,4731,877,
K01803,2982,1400,3222,924,3083,4165,442,
K03075,1383,1284,2711,815,1665,1591,295,
K09748,1316,438,1000,439,1385,852,118,
K02600,4306,773,4122,736,4866,6805,311,
K02519,13953,2661,10788,1892,13505,16422,829,
K02834,785,126,604,89,759,870,39,
K03177,2377,962,3129,544,2278,3318,354,
K02956,24012,12119,63122,5081,20261,39604,4826,
K00962,5844,1144,2910,504,6106,7762,300,
K00767,614,75,68,35,638,104,14,
K03806,610,104,162,95,600,197,40,
K03182,1474,238,423,176,1690,877,62,
K00523,1896,641,861,306,2169,1158,259,
K00344,223,2,6,2,215,5,2,
K07232,0,0,0,0,0,0,0,
K13926,3033,341,729,228,3634,1338,139,
K01992,0,0,0,0,0,0,0,
K02415,0,0,0,0,0,0,0,
K01993,2188,255,1381,94,2589,1888,97,
K01934,1329,730,465,263,1474,552,200,
K09888,1674,624,1433,230,1755,1784,143,
K09892,2565,1533,2213,571,2845,3059,400,
K09895,1356,343,757,257,1621,1132,94,
K01262,2932,584,3100,343,3322,4200,209,
K03185,2870,560,1863,393,3051,3637,242,
K18800,2360,578,2253,347,2466,3610,239,
K02012,2498,455,578,427,3142,1062,116,
K02011,2197,107,251,95,2464,348,49,
K00605,1161,635,626,353,1319,823,145,
K02437,0,0,0,0,0,0,0,
K00281,2870,491,578,292,3542,829,217,
K15431,1419,57,64,35,1688,115,23,
K22839,1107,62,94,37,1260,167,21,
K22840,0,0,0,0,0,0,0,
K22838,1775,81,176,41,2153,135,32,
K23519,598,391,66,353,539,53,167,
K23777,784,164,97,134,888,244,72,
K07340,0,0,0,0,0,0,0,
K03406,1250,370,359,119,1690,510,94,
K02454,1855,1010,725,416,2153,841,399,
K18446,842,63,264,21,811,478,21,
K05800,0,0,0,0,0,0,0,
K01438,2453,964,1060,580,3023,1324,340,
K14682,2249,399,1031,311,2761,1466,152,
K24158,3345,3373,1806,3270,5878,2663,863,
K00299,951,817,176,897,1242,223,170,
K15553,1320,103,112,131,1843,202,39,
K04091,1182,70,131,187,1679,267,30,
K15554,1142,24,38,37,1638,75,9,
K15555,616,36,97,86,644,133,25,
K00867,599,196,346,110,646,405,41,
K01915,711,111,243,76,687,375,42,
K07010,2195,368,896,283,2508,862,174,
K01915,3850,906,2301,433,4052,3186,350,
K12256,6358,1378,4814,752,7800,6611,607,
K11073,6106,2051,4883,725,7530,5701,604,
K01555,1832,830,1392,338,2188,2551,278,
K01800,0,0,0,0,0,0,0,
K00451,3050,1008,2012,439,3251,3367,367,
K03556,3336,1019,1222,302,3725,2328,304,
K18622,1365,114,150,32,1777,238,29,
K06518,420,24,40,20,467,52,11,
K06205,0,0,0,0,0,0,0,
K22491,15,13,16,16,25,14,7,
K09932,1247,56,132,80,1726,210,33,
K13938,951,71,63,40,1147,181,21,
K01495,742,259,243,103,833,389,69,
K07589,198,115,90,36,232,120,20,
K22345,72,8,14,11,65,29,4,
K09948,0,0,0,0,0,0,0,
K06203,1492,394,320,243,1730,372,93,
K12583,53,1,2,1,43,2,0,
K00432,1043,373,399,201,1331,661,118,
K03775,1052,636,521,462,1282,979,237,
K13788,2016,210,510,130,2285,700,89,
K00955,110,23,36,20,85,110,10,
K00957,2392,635,788,613,2798,1957,206,
K04691,1917,272,464,174,2277,707,95,
K02014,2776,19,44,29,3252,45,16,
K00817,0,0,0,0,0,0,0,
K10094,0,0,0,0,0,0,0,
K00013,2489,153,528,137,2939,918,86,
K00765,191,22,71,19,212,146,6,
K00790,1450,279,627,213,1467,930,70,
K07323,902,295,704,258,1119,1097,133,
K07122,0,0,0,0,0,0,0,
K02067,442,212,378,101,530,497,49,
K02066,986,455,1581,238,1012,1123,118,
K02065,2148,231,602,137,2620,979,54,
K06041,2265,252,411,135,2516,722,63,
K03270,915,100,317,67,1182,542,40,
K11719,642,97,152,48,700,295,32,
K09774,2243,1236,1626,493,2430,2017,296,
K06861,1821,456,656,283,1855,1211,154,
K03092,2783,1837,1536,1005,3415,2042,638,
K05808,10684,12718,11935,4356,16686,14151,3796,
K02806,1426,762,791,359,1683,1745,206,
K06958,250,84,85,43,263,223,18,
K07238,54,9,12,12,87,12,5,
K02784,0,0,0,0,0,0,0,
K04564,405,12,9,22,461,30,9,
K01679,554,76,33,57,597,53,25,
K03592,1283,170,99,117,1371,159,74,
K09889,1619,1002,916,707,2197,1360,536,
K09935,0,0,0,0,0,0,0,
K11904,363,10,2,4,557,2,0,
K11896,470,0,6,0,626,4,2,
K11895,80,0,0,2,105,1,0,
K11896,293,0,2,0,322,2,0,
K11900,386,2,2,1,615,7,0,
K07347,746,13,7,6,1030,26,2,
K07346,96,0,0,0,136,3,0,
K06887,39,0,0,0,79,0,0,
K05791,320,32,76,12,446,240,4,
K05792,604,83,160,30,727,723,17,
K05793,358,42,54,6,409,360,14,
K05794,1246,119,173,34,1345,1401,31,
K05795,1282,167,147,64,1389,1460,48,
K05795,1116,111,110,42,1200,1229,28,
K18697,66,1,0,5,102,3,1,
K07112,429,86,22,60,623,176,20,
K04085,0,0,0,0,0,0,0,
K02757,497,4,6,4,585,17,0,
K01223,271,12,23,2,456,33,3,
K18968,1103,363,326,345,1266,803,92,
K00821,860,125,187,131,905,256,78,
K08281,897,189,214,133,945,209,70,
K00763,1235,176,185,115,1373,320,56,
K01916,343,58,60,46,356,138,33,
K09471,1304,40,87,34,1535,117,13,
K01915,1202,68,132,46,1344,195,21,
K01406,1033,60,79,39,1226,92,28,
K18900,1472,115,159,95,1788,231,25,
K00433,676,20,16,16,769,31,11,
K09932,602,15,30,6,560,37,9,
K02336,1625,202,355,170,1788,452,91,
K01406,1425,50,87,40,1539,110,15,
K08166,1014,92,264,138,1137,341,79,
K07645,350,71,42,72,396,74,43,
K07666,614,21,93,26,592,76,17,
K12262,0,0,0,0,0,0,0,
K11747,911,47,133,47,1173,383,19,
K03799,476,8,27,9,515,22,1,
K03744,707,34,89,12,662,105,10,
K23239,659,69,51,137,682,88,15,
K01868,6025,1696,4315,813,6560,6868,449,
K02520,2469,1855,4912,3455,3712,16786,1613,
K02916,1569,881,2570,827,2132,7430,470,
K02887,3996,2340,3323,1614,4841,13417,957,
K01889,1345,328,614,322,1781,1634,121,
K01890,5055,1421,3375,807,5937,6129,494,
K04764,3667,4824,6905,1254,4173,6406,1123,
K18555,0,0,0,0,0,0,0,
K08224,2030,2899,1167,1480,2662,1178,897,
K08223,325,121,262,71,368,375,44,
K01679,1833,371,278,95,2016,586,105,
K16138,679,52,82,44,738,110,28,
K02005,570,13,24,20,655,36,10,
K20330,106,4,6,3,104,12,5,
K20330,1095,101,79,29,1145,114,41,
K04750,0,0,0,0,0,0,0,
K20035,695,26,45,54,677,110,15,
K20034,2158,875,571,690,2521,1234,369,
K14986,2825,1095,539,1091,3264,989,609,
K14987,0,0,0,0,0,0,0,
K00074,521,153,332,118,487,460,103,
K08726,17,2,24,8,31,12,8,
K02003,765,113,166,82,749,220,55,
K02004,834,92,147,81,802,175,53,
K01897,138,24,36,14,221,32,10,
K00626,1525,143,92,82,1896,268,73,
K00059,0,0,0,0,0,0,0,
K06445,967,403,130,475,1080,475,333,
K06076,2373,1729,1801,2059,2452,2866,1114,
K00496,847,237,212,84,1178,307,138,
K07044,1,0,0,0,0,0,0,
K02050,0,0,0,0,0,0,0,
K02051,923,92,335,166,1106,749,49,
K18991,462,77,81,53,430,71,40,
K02072,0,0,0,0,0,0,0,
K02071,610,49,69,78,780,184,25,
K02073,373,85,97,161,468,200,46,
K07677,2568,118,142,36,2864,194,42,
K07677,2462,89,128,31,2760,119,30,
K10844,27,2,5,5,64,11,3,
K07687,0,0,0,0,0,0,0,
K15363,1354,145,154,107,1454,213,82,
K12685,2038,131,202,66,2329,329,86,
K12685,1075,32,42,17,1225,49,21,
K03517,0,0,0,0,0,0,0,
K07666,1128,71,100,49,1350,119,19,
K02280,2888,456,503,203,3956,939,182,
K12511,14,0,0,0,19,2,1,
K12510,441,27,30,24,745,78,24,
K02283,1106,61,84,40,1263,161,34,
K02282,1220,115,91,83,1359,242,26,
K02279,596,4,9,12,757,25,8,
K02278,638,100,113,37,721,162,47,
K02651,636,250,139,47,648,333,70,
K02651,1008,501,219,101,1586,212,152,
K06920,263,9,17,9,206,11,0,
K10026,840,82,219,51,990,353,23,
K03641,31976,7679,36146,3791,28725,48440,1890,
K03640,0,0,0,0,0,0,0,
K03646,4858,1522,2365,882,5451,3861,388,
K03560,955,710,1036,221,835,583,124,
K03562,1151,404,526,155,1237,734,99,
K01075,51,11,12,16,64,38,2,
K03551,1369,1796,901,1132,1480,960,543,
K03550,1038,219,379,269,1230,627,77,
K01159,428,91,153,89,439,221,38,
K01876,1555,219,977,134,1325,1031,74,
K18189,0,0,0,0,0,0,0,
K04047,916,181,274,136,982,526,58,
K03704,3393,1956,1545,797,3978,2463,553,
K03745,0,0,0,0,0,0,0,
K18093,21301,12917,14721,3915,28039,24830,4472,
K03442,692,185,200,95,643,217,43,
K09767,1613,1866,775,1201,1818,1308,480,
K00077,1109,121,140,78,1302,224,32,
K02482,2244,221,278,128,2237,355,52,
K03574,0,0,0,0,0,0,0,
K00798,0,0,0,0,0,0,0,
K03070,2671,529,877,336,3071,1697,137,
K00620,0,0,0,0,0,0,0,
K06915,5690,2975,3279,1375,5653,6015,613,
K03406,3003,2109,989,1478,4192,1724,736,
K01433,367,58,149,45,367,226,27,
K01141,2032,379,658,334,2100,1221,91,
K06384,675,68,179,38,788,193,22,
K03791,465,27,28,13,467,27,4,
K03743,1050,785,616,500,1456,833,323,
K03553,4053,3767,6649,1771,4389,7970,1089,
K03565,0,0,0,0,0,0,0,
K05812,16,4,11,0,31,9,0,
K21900,1,0,0,0,6,1,0,
K22900,25,14,11,6,22,7,5,
K14441,1123,79,214,81,1170,299,46,
K03827,0,0,0,0,0,0,0,
K03549,3224,120,403,143,4154,1122,46,
K14205,1756,303,644,185,2159,909,137,
K02346,522,22,9,5,519,13,3,
K01881,1173,113,376,97,1376,649,61,
K08218,3036,690,2337,427,3370,2870,262,
K07443,539,73,125,59,536,214,34,
K03704,536,396,2735,129,310,273,54,
K01494,398,198,146,59,473,230,24,
K10017,0,0,0,0,0,0,0,
K06987,1263,270,556,128,1446,743,142,
K10015,885,97,157,36,1044,174,54,
K10016,59,3,6,1,58,6,1,
K01434,4078,2242,1599,584,6198,2089,796,
K02030,0,0,0,0,0,0,0,
K11209,932,113,155,82,1019,294,41,
K09858,553,93,154,51,619,173,42,
K03286,2335,720,980,204,3650,894,255,
K08993,1114,279,539,226,1401,713,155,
K00868,81,4,6,11,66,40,1,
K21087,6,2,0,4,13,2,1,
K02027,469,205,2,9,594,37,130,
K02025,173,81,0,8,251,8,39,
K02026,153,53,0,8,214,10,37,
K02081,228,180,9,3,250,27,160,
K02082,206,212,4,5,252,37,155,
K08302,406,225,0,5,595,42,190,
K00567,2,0,0,0,1,0,0,
K00007,412,2,0,2,608,0,0,
K00854,220,2,4,0,309,0,0,
K01420,242,368,107,113,409,116,70,
K00209,28,3,0,0,26,2,0,
K14055,0,0,0,0,0,0,0,
K21602,287,60,63,63,369,94,12,
K01053,253,11,5,8,341,53,7,
K08092,212,31,12,9,221,6,0,
K19334,137,2,0,1,139,0,0,
K00880,250,11,0,4,370,15,0,
K03078,85,13,4,6,188,21,6,
K03079,54,0,0,0,52,2,0,
K00325,0,0,0,0,0,0,0,
K03077,0,0,0,0,0,0,0,
K00324,694,115,84,70,873,761,27,
K03758,153,13,2,7,249,5,8,
K13938,173,35,13,8,251,41,5,
K07661,198,50,22,20,359,40,11,
K07639,289,17,6,10,376,13,8,
K01299,296,11,9,12,458,20,12,
K06897,282,13,0,6,498,9,6,
K04775,35,1,1,1,57,0,0,
K02173,0,0,0,0,0,0,0,
K01774,9,0,0,2,8,3,0,
K19956,147,4,0,2,167,13,2,
K02800,227,4,0,5,337,11,9,
K02821,163,2,0,2,274,1,0,
K03578,270,18,6,12,321,16,6,
K01118,0,0,0,0,0,0,0,
K09978,0,0,0,0,0,0,0,
K03778,405,107,63,51,521,341,20,
K03668,29,15,4,7,35,14,2,
K09712,29,15,5,11,36,32,1,
K03297,284,128,49,76,427,167,41,
K03737,922,120,106,59,1552,394,22,
K14058,197,13,8,5,312,30,2,
K16074,0,0,0,0,1,0,0,
K15580,271,55,46,38,383,127,17,
K19802,201,104,66,4,258,92,9,
K14054,0,0,0,0,0,0,0,
K03721,222,43,33,37,374,105,18,
K11065,0,0,0,0,0,0,0,
K03762,334,46,45,31,442,72,17,
K01451,641,22,16,32,1063,25,15,
K08990,283,34,34,56,491,43,23,
K06918,229,20,12,2,323,54,8,
K03971,35,4,3,6,37,14,1,
K03973,55,11,7,4,81,11,2,
K03969,126,28,8,14,133,37,6,
K03970,0,0,0,0,0,0,0,
K03974,15,1,1,0,21,1,0,
K00355,411,7,2,6,484,6,0,
K19226,280,41,20,23,392,33,11,
K19227,129,11,10,10,138,19,2,
K19228,180,5,3,0,258,8,0,
K19229,227,2,8,6,284,18,3,
K19230,160,6,6,5,224,27,7,
K01147,485,70,18,36,584,62,12,
K06200,466,53,29,46,1062,212,22,
K08313,23,2,0,3,36,1,0,
K04069,201,23,22,8,240,39,4,
K03077,22,2,2,3,23,1,0,
K01591,77,21,9,9,124,36,9,
K04062,0,0,0,0,0,0,0,
K03113,0,0,0,0,0,0,0,
K12151,0,0,0,0,0,0,0,
K19804,319,63,35,51,376,109,18,
K08992,24,19,8,14,45,18,9,
K03366,0,0,0,0,0,0,0,
K00864,241,7,2,8,420,23,4,
K17203,118,1,4,1,149,25,0,
K17204,230,0,9,3,327,6,1,
K17202,141,2,2,7,184,6,0,
K00615,151,2,0,0,258,8,0,
K01681,303,8,8,25,365,33,2,
K01096,0,0,0,0,0,0,0,
K01497,0,0,0,0,0,0,0,
K03168,498,85,55,71,720,202,26,
K13634,0,0,0,0,0,0,0,
K04774,342,189,86,73,500,155,55,
K06178,12,10,3,0,15,7,0,
K19221,0,0,0,0,0,0,0,
K07566,85,54,28,48,146,104,22,
K07053,160,63,23,44,285,109,14,
K01657,352,160,62,65,537,27,44,
K01658,134,47,23,24,236,3,24,
K00766,201,79,45,45,472,18,49,
K13498,368,175,112,67,764,138,73,
K01696,298,119,54,55,723,91,47,
K01695,178,74,28,37,367,29,30,
K07275,167,53,22,5,248,141,3,
K04065,0,0,0,0,0,0,0,
K06940,0,0,0,0,0,0,0,
K06190,150,16,5,9,152,28,2,
K03832,5,2,0,1,13,1,0,
K10806,0,0,0,0,0,0,0,
K09780,0,0,0,0,0,0,0,
K08167,358,59,30,52,533,91,22,
K04047,945,422,148,197,1326,809,101,
K06131,340,70,97,44,475,159,16,
K02032,0,0,0,0,0,0,0,
K09901,0,0,0,0,0,0,0,
K15583,219,15,13,16,343,73,3,
K15582,203,14,33,13,283,84,8,
K15581,57,1,0,4,58,4,0,
K15580,299,33,35,5,425,49,12,
K15580,973,158,158,94,1553,420,25,
K05595,148,9,24,19,200,10,2,
K04072,727,269,141,98,1500,664,69,
K00857,26,1,0,1,38,2,2,
K08679,151,6,1,1,242,0,0,
K03746,0,0,0,0,0,0,0,
K00012,312,69,41,52,381,87,34,
K02485,384,103,70,76,663,172,32,
K07001,487,156,85,72,744,123,29,
K01433,290,90,63,58,434,98,16,
K22522,162,5,1,7,156,9,6,
K03169,67,6,2,16,127,16,3,
K01142,0,0,0,0,0,0,0,
K08320,0,0,0,0,0,0,0,
K06917,283,7,11,22,426,40,2,
K01008,163,26,46,37,259,121,16,
K04773,584,85,74,35,834,166,26,
K01424,218,10,6,4,262,20,1,
K08281,180,19,11,12,270,25,5,
K01183,515,70,43,56,723,153,46,
K09916,0,0,0,0,0,0,0,
K07305,149,67,13,46,202,60,14,
K00134,2963,2404,1031,499,2922,3699,582,
K01792,27,12,2,4,29,8,1,
K07274,39,20,4,5,80,34,9,
K07180,3849,2921,718,1006,9382,3341,626,
K09786,1147,996,188,396,2762,951,213,
K03088,98,18,0,10,171,5,11,
K02014,344,107,5,83,489,16,23,
K03704,0,0,0,0,0,0,0,
K18839,0,0,0,0,0,0,0,
K07552,29,4,2,3,26,2,2,
K01775,0,0,0,0,0,0,0,
K00285,243,64,38,88,438,72,24,
K06415,870,578,191,186,1960,541,118,
K03603,20,10,0,6,30,6,2,
K03314,414,30,14,20,472,35,16,
K03611,144,28,7,42,257,112,18,
K09160,17,2,0,1,21,5,0,
K01557,96,48,19,35,166,67,25,
K08305,373,53,22,62,639,169,16,
K09902,82,17,11,14,125,29,12,
K03610,276,195,88,79,397,198,30,
K03609,71,16,14,13,100,23,8,
K03684,0,0,0,0,0,0,0,
K01897,228,27,10,36,335,20,9,
K03608,0,0,0,0,0,0,0,
K07285,76,25,10,29,183,17,2,
K03722,201,16,7,14,357,16,0,
K14742,0,0,0,0,0,0,0,
K11742,0,0,0,0,0,0,0,
K11743,112,0,0,5,145,30,3,
K17463,141,6,1,6,101,14,9,
K17468,140,2,0,2,207,12,2,
K17467,161,2,0,1,177,2,0,
K17473,163,0,2,2,239,0,0,
K17466,0,0,0,0,0,0,0,
K17465,0,0,0,0,0,0,0,
K17464,0,0,0,0,0,0,0,
K01625,25,1,0,0,36,5,1,
K00036,371,97,20,61,562,200,28,
K19337,329,150,43,92,532,150,58,
K00873,905,158,150,74,997,695,26,
K02560,4,0,0,0,11,1,0,
K19304,215,26,20,24,414,35,10,
K09815,427,208,142,60,820,166,26,
K09817,97,8,7,17,160,49,1,
K03551,15,4,1,3,17,1,0,
K09816,0,0,0,0,0,0,0,
K03550,199,17,20,20,251,27,11,
K01159,141,8,2,11,189,15,2,
K18189,0,0,0,0,0,0,0,
K01876,188,23,30,30,249,59,9,
K08310,0,0,0,0,0,0,0,
K07136,296,62,22,31,465,51,20,
K15256,108,12,2,4,191,12,1,
K08685,1899,245,517,71,2339,528,124,
K06871,1502,165,252,75,1924,402,88,
K05521,480,56,39,57,576,108,23,
K04343,0,0,0,0,0,0,0,
K18199,0,0,0,0,0,0,0,
K13633,0,0,0,0,0,0,0,
K07071,1272,83,281,73,1468,416,61,
K03406,1859,247,798,60,1986,384,80,
K03367,6888,114,179,72,7157,459,108,
K05540,0,0,0,0,0,0,0,
K02687,618,60,183,90,797,377,29,
K01961,1741,176,471,101,1972,941,49,
K03406,2425,447,1531,230,2423,1980,125,
K02160,0,0,0,0,0,0,0,
K03786,0,0,0,0,0,0,0,
K02488,1681,116,530,68,1716,552,51,
K01823,897,303,464,242,1103,687,160,
K03113,949,291,624,223,875,1106,75,
K03327,2,0,0,0,4,0,0,
K01432,4,0,0,0,3,0,0,
K06219,882,316,288,285,1129,624,144,
K02278,949,35,101,32,1057,69,18,
K12511,95,53,38,22,99,42,15,
K12510,615,55,126,26,740,107,24,
K02283,904,64,65,10,1128,97,17,
K02282,1986,101,177,41,2527,218,51,
K02279,1252,149,102,32,1544,277,43,
K02651,0,0,0,0,0,0,0,
K02651,0,0,0,0,0,0,0,
K00059,1385,371,157,221,1881,340,134,
K09936,0,0,0,0,0,0,0,
K03406,1366,1314,328,706,1789,563,516,
K00626,0,0,0,0,0,0,0,
K17686,2939,2131,1542,1553,3890,2391,840,
K07178,0,0,0,0,0,0,0,
K19591,0,0,0,0,0,0,0,
K07552,1547,1587,2001,1756,1995,3565,811,
K09760,2689,365,2126,143,2890,2927,109,
K08369,573,31,50,22,568,92,14,
K21053,62,11,23,4,76,24,3,
K22468,1303,308,870,240,1467,1135,123,
K00799,1587,55,117,47,2038,259,20,
K07506,688,123,134,51,825,171,43,
K07638,154,4,20,6,197,27,9,
K02483,741,71,126,51,814,174,29,
K03566,1381,58,127,63,1545,126,35,
K05834,1327,68,137,29,1625,118,43,
K19713,708,52,252,43,835,365,40,
K03975,1015,333,107,176,1230,174,103,
K07045,1186,615,241,912,1343,628,374,
K01652,713,94,153,91,831,253,54,
K02503,0,0,0,0,0,0,0,
K03566,796,104,153,55,936,240,39,
K02028,1005,95,162,29,965,202,30,
K02030,1204,39,97,14,1421,154,11,
K02029,527,13,33,7,551,57,6,
K12252,1049,35,110,22,1038,210,10,
K00600,164,12,10,7,179,16,1,
K09125,373,22,33,4,454,13,10,
K06920,239,27,44,16,214,33,4,
K12262,844,288,360,80,997,237,41,
K02257,632,399,406,221,973,435,77,
K02298,2233,465,1222,209,2451,2243,101,
K02300,0,0,0,0,0,0,0,
K02299,0,0,0,0,0,0,0,
K02297,3181,400,712,183,4045,1917,74,
K03611,358,25,33,18,343,28,7,
K05916,1139,369,379,236,1345,711,134,
K12266,1722,502,412,603,1869,808,224,
K03415,1250,807,474,730,1555,970,290,
K06940,659,23,82,8,751,165,7,
K09137,591,104,143,73,678,175,26,
K01921,1372,105,276,81,1597,566,50,
K05810,538,43,51,17,480,58,8,
K18831,538,80,87,32,490,171,23,
K19166,460,69,145,35,563,271,23,
K00681,1185,32,32,17,1308,60,9,
K00428,1383,72,1140,40,1681,1414,34,
K06919,1654,52,80,19,1896,127,19,
K07733,0,0,0,0,0,0,0,
K01426,4100,2035,452,639,4902,683,385,
K11070,1004,23,37,14,1078,64,16,
K11071,600,8,15,5,781,24,6,
K11072,1017,28,27,11,1085,65,5,
K03566,2344,418,185,259,3177,332,129,
K08223,223,6,4,1,245,10,4,
K05797,504,5,50,13,523,60,3,
K08738,0,0,0,0,0,0,0,
K20199,651,25,25,14,611,35,9,
K20200,0,0,0,0,0,0,0,
K18954,1207,39,77,27,1337,82,21,
K00481,2123,43,48,17,2313,89,23,
K16089,1113,47,16,22,1221,46,18,
K06942,189,20,32,6,223,110,3,
K01056,1401,132,478,109,1387,1013,79,
K02897,687,80,151,65,721,268,54,
K00948,8689,1071,7860,979,7876,11241,286,
K03568,0,0,0,0,0,0,0,
K11206,0,0,0,0,0,0,0,
K08301,2196,601,1248,387,2344,2032,146,
K06287,1520,444,816,268,1768,1231,142,
K03570,1034,105,277,78,1189,434,59,
K03571,0,0,0,0,0,0,0,
K03569,1856,352,588,230,1955,1101,103,
K02435,750,198,195,248,645,342,76,
K02433,2552,424,774,401,2823,1759,145,
K02434,3179,810,1779,432,3662,2986,254,
K03642,419,65,58,52,399,155,43,
K07301,468,25,34,22,445,82,18,
K13936,71,6,13,4,65,6,0,
K01607,0,0,0,0,0,0,0,
K02471,33,9,28,5,46,23,4,
K15011,1029,189,390,115,1332,1181,67,
K15012,0,0,0,0,0,0,0,
K09807,2164,600,651,348,2287,1601,163,
K12368,5917,1330,2830,370,7366,5020,449,
K12368,2908,383,739,119,3284,934,106,
K12368,3285,303,654,195,4056,1166,92,
K12369,1784,152,413,88,2180,524,44,
K12370,920,69,251,31,1093,354,28,
K12371,1229,189,438,104,1338,730,62,
K02837,1210,1365,462,264,1853,594,332,
K12372,0,0,0,0,0,0,0,
K05846,1251,120,145,146,1288,231,26,
K05845,1094,52,89,66,1187,190,15,
K05846,523,28,24,44,511,77,16,
K05847,1766,152,203,98,1877,524,38,
K01581,1466,361,624,194,1568,702,54,
K07126,355,26,67,8,385,64,11,
K07336,595,29,128,78,703,211,54,
K16090,3831,51,89,48,4345,260,27,
K00380,1132,22,44,22,1283,67,8,
K01113,91,1,6,3,94,17,0,
K08994,306,41,110,50,359,169,25,
K03296,728,52,96,29,749,92,35,
K18300,0,0,0,0,0,0,0,
K18298,1768,388,606,340,2247,840,340,
K00645,2506,71,77,52,2556,157,31,
K00485,5011,244,206,93,5241,398,71,
K06222,6,0,0,0,5,0,0,
K01255,104,18,5,9,115,66,3,
K02759,0,0,0,0,0,0,0,
K02760,0,0,0,0,0,0,0,
K01444,141,16,4,6,240,39,5,
K02761,192,24,18,8,312,31,9,
K19577,164,0,0,2,254,1,3,
K08307,34,8,3,7,40,8,4,
K01069,444,266,180,169,711,259,79,
K12237,391,58,16,23,464,60,13,
K03469,0,0,0,0,0,0,0,
K02342,0,0,0,0,0,0,0,
K23185,269,7,6,10,397,16,0,
K23187,208,2,0,4,271,12,2,
K02014,624,4,2,2,916,6,4,
K07347,379,3,2,4,412,11,0,
K15540,202,20,0,7,274,21,2,
K07345,19,2,1,1,17,1,1,
K02014,289,6,2,1,320,0,0,
K03897,227,4,2,13,254,3,1,
K03895,226,11,2,7,292,7,5,
K03896,60,0,0,0,69,1,1,
K03894,224,0,0,8,220,0,0,
K00839,269,8,6,4,376,29,2,
K02083,296,7,7,1,410,11,4,
K02337,1,0,0,0,3,0,0,
K03470,12,0,0,1,14,2,0,
K00748,135,8,5,3,174,4,2,
K00677,273,61,18,23,360,91,12,
K02372,8,3,1,4,21,19,1,
K02536,0,0,0,0,0,0,0,
K07277,918,481,322,181,1680,775,94,
K06142,0,0,0,0,0,0,0,
K11749,599,154,191,86,1045,405,34,
K00981,328,59,65,50,584,111,14,
K00806,284,40,42,26,452,84,14,
K00099,300,85,52,53,455,203,30,
K02838,151,72,27,44,257,132,21,
K09903,142,60,18,33,236,111,6,
K02357,218,23,25,27,314,67,14,
K02967,984,258,230,70,1184,1231,41,
K01265,236,68,16,52,375,76,11,
K00990,404,30,13,18,535,52,3,
K00674,239,100,50,27,401,122,21,
K06205,0,0,0,0,0,0,0,
K06175,124,4,4,12,204,20,2,
K06894,612,35,18,27,1038,83,7,
K05367,0,0,0,0,0,0,0,
K15723,15399,12418,17531,6380,18175,34440,4487,
K06879,147,18,12,13,212,31,9,
K06966,370,38,48,21,516,100,22,
K06968,6,0,0,0,6,1,1,
K01146,0,0,0,0,0,0,0,
K03566,172,11,11,10,241,6,6,
K01766,137,18,10,9,161,13,2,
K22132,0,0,0,0,0,0,0,
K02426,0,0,0,0,0,0,0,
K08304,183,24,33,23,257,72,7,
K02030,90,28,70,14,117,97,9,
K21023,2551,205,555,210,3065,965,119,
K02348,0,0,0,0,0,0,0,
K07043,0,0,0,0,0,0,0,
K01624,998,207,127,60,1083,87,35,
K00927,1504,740,1150,591,1738,1618,298,
K03472,909,178,601,159,920,904,76,
K00615,2277,431,781,317,2388,1501,217,
K00789,4418,1637,2185,1576,5258,5057,464,
K01972,1965,93,271,50,1985,366,22,
K08304,966,114,279,58,1241,477,43,
K03316,534,46,21,73,504,56,17,
K21990,3,0,2,0,0,1,0,
K01251,7214,1681,3940,817,7987,8616,363,
K00297,1541,371,786,170,1691,1034,92,
K02030,1621,85,174,74,2013,143,29,
K11927,3039,816,1728,789,3254,2746,332,
K12262,2263,1508,1710,962,2683,3084,493,
K00833,2305,418,452,254,2638,769,110,
K10001,19,3,6,0,15,5,0,
K09761,0,0,0,0,0,0,0,
K00285,1423,180,526,196,1890,1054,128,
K09022,0,0,0,0,0,0,0,
K11068,0,0,0,0,0,0,0,
K13928,346,29,16,7,341,43,8,
K13935,953,144,57,126,1093,90,98,
K13934,722,85,73,112,726,49,72,
K13933,274,112,30,183,292,39,110,
K13932,524,309,79,339,504,132,262,
K13930,77,40,12,39,83,5,29,
K13929,539,210,40,359,567,90,198,
K13931,0,0,0,0,0,0,0,
K00406,3620,946,1306,267,3755,2434,218,
K00404,2982,1001,1769,281,3350,3360,252,
K00405,0,0,0,0,0,0,0,
K00407,0,0,0,0,0,0,0,
K00406,3799,1797,1675,472,4706,3789,476,
K00404,8693,1370,5170,483,9771,13516,440,
K00405,0,0,0,0,0,0,0,
K00407,0,0,0,0,0,0,0,
K03776,8964,1699,7848,337,10230,13745,315,
K07020,0,0,0,0,0,0,0,
K07052,2853,7052,2161,2975,3882,2794,1401,
K16011,3951,1971,2789,778,4367,2961,466,
K09690,1306,174,373,103,1405,364,61,
K09691,1922,587,1575,241,2245,1028,160,
K21001,13605,3071,6683,1021,17047,7894,748,
K01711,3731,1803,2862,568,4278,4559,407,
K15856,1746,564,791,183,2172,1525,130,
K01681,1186,164,235,89,1356,331,42,
K07052,0,0,0,0,0,0,0,
K06968,83,5,6,0,93,6,4,
K03327,32,1,10,0,33,5,0,
K04085,3,0,1,0,1,0,1,
K03473,1829,368,1419,375,2150,1752,146,
K08309,236,6,6,4,279,11,1,
K23508,257,48,23,6,344,54,8,
K10820,370,36,10,7,661,38,6,
K23509,227,4,0,0,333,13,0,
K23509,5,0,0,1,9,1,0,
K23773,0,1,0,0,0,1,0,
K07391,98,21,10,12,84,16,4,
K09897,0,0,0,0,0,0,0,
K07497,570,77,42,33,752,59,22,
K01129,2,0,0,0,5,0,0,
K03653,45,1,2,0,88,1,0,
K06920,0,0,0,0,0,0,0,
K00626,12,1,1,0,17,2,0,
K05275,0,0,0,0,0,0,0,
K01607,0,0,0,0,0,0,0,
K01821,0,0,0,0,0,0,0,
K07391,178,9,51,5,203,9,5,
K08178,298,3,2,2,333,10,2,
K01652,944,138,223,68,1168,828,32,
K11258,74,8,8,5,85,57,1,
K00826,361,40,99,36,560,387,11,
K01687,714,61,150,45,1035,658,30,
K01754,322,40,54,40,423,390,12,
K02521,65,7,9,4,65,14,0,
K00053,161,32,12,23,219,51,1,
K00874,18,2,4,0,13,3,1,
K01821,62,29,6,11,105,11,4,
K21086,222,14,6,8,285,30,8,
K07290,562,45,23,56,872,58,17,
K01521,0,0,0,0,0,0,0,
K07058,297,32,32,13,300,29,9,
K14051,321,29,16,13,414,41,7,
K13816,0,0,0,0,0,0,0,
K06006,0,0,0,0,0,0,0,
K16052,128,2,5,2,137,3,3,
K01857,238,52,2,6,335,30,13,
K01443,304,36,2,4,430,23,10,
K12685,913,32,146,3,1222,746,5,
K13283,16,1,0,0,22,0,0,
K00383,255,41,3,11,330,24,3,
K02436,140,22,12,11,182,41,4,
K00094,75,25,7,4,139,26,4,
K02775,173,0,0,0,319,0,0,
K16371,166,0,1,0,250,8,0,
K02774,0,0,0,0,0,0,0,
K02773,0,0,0,0,0,0,0,
K08302,335,1,2,5,426,2,2,
K07115,152,1,4,1,216,8,1,
K06887,17,2,0,0,33,1,0,
K01414,693,320,149,237,892,505,131,
K15984,185,11,1,18,211,10,4,
K01119,146,23,10,8,171,36,6,
K08323,158,3,3,0,178,2,0,
K00262,298,21,6,17,459,18,9,
K06149,158,29,22,12,176,64,8,
K16322,1909,1110,495,346,2675,2445,209,
K06144,0,0,0,0,0,0,0,
K02068,168,18,4,4,221,23,2,
K02069,0,0,0,0,0,0,0,
K06606,0,0,0,0,0,0,0,
K08138,120,4,2,2,202,4,0,
K00140,444,10,11,8,641,20,0,
K03338,232,14,10,14,254,33,6,
K03337,0,0,0,0,0,0,0,
K03336,442,8,6,9,588,1,6,
K00010,200,0,3,7,258,9,0,
K03335,73,0,2,5,80,8,0,
K03825,20,1,1,0,32,1,0,
K06911,153,4,6,4,278,4,0,
K06145,143,9,8,7,179,24,0,
K00851,12,0,0,0,12,0,0,
K06155,223,5,8,5,345,105,2,
K05595,14,0,0,0,29,0,0,
K00133,320,72,53,38,555,194,37,
K11477,68,7,1,0,164,4,2,
K00700,807,218,165,116,1282,791,63,
K02438,767,199,151,127,1373,762,76,
K00975,512,98,50,65,745,342,34,
K00703,519,38,32,39,788,246,27,
K00688,397,61,30,33,653,317,17,
K00111,29,0,0,1,51,2,0,
K02444,4,0,0,0,6,0,0,
K01607,0,0,0,0,0,0,0,
K02441,182,40,35,22,309,51,9,
K03556,595,13,25,14,854,39,3,
K02439,0,0,0,0,0,0,0,
K00688,505,21,21,28,808,92,7,
K00705,420,8,7,10,542,103,8,
K07400,0,0,0,0,0,0,0,
K02242,222,216,53,58,369,152,33,
K04759,262,37,27,20,367,35,10,
K02170,0,0,0,0,0,0,0,
K07490,0,0,0,0,0,0,0,
K06959,435,74,27,37,465,51,14,
K04758,0,0,0,0,0,0,0,
K07559,0,0,0,0,0,0,0,
K04760,241,4,11,8,346,7,6,
K07659,171,64,35,39,409,62,10,
K01610,134,57,19,33,180,118,19,
K07638,0,0,0,0,0,0,0,
K04083,1410,751,455,325,1944,1775,170,
K04762,0,0,0,0,0,0,0,
K20881,0,0,0,0,0,0,0,
K05366,771,157,83,109,1047,120,39,
K08312,0,0,0,0,0,0,0,
K12288,248,2,6,2,369,21,0,
K12289,24,2,0,0,44,2,0,
K12290,103,0,0,0,146,0,0,
K12291,57,0,0,0,104,0,0,
K02507,293,0,4,8,412,3,0,
K00891,230,33,25,26,267,113,18,
K01735,282,46,27,27,350,64,9,
K03112,471,121,83,56,663,218,34,
K06223,255,64,29,41,297,83,8,
K01783,165,40,26,27,299,107,7,
K01091,68,14,4,8,106,11,5,
K02302,20,1,0,2,23,1,0,
K01867,0,0,0,0,0,0,0,
K00362,244,18,2,1,385,44,7,
K02598,0,0,0,0,0,0,0,
K00363,0,0,0,0,0,0,0,
K01485,40,0,0,1,57,1,4,
K06141,8,2,1,2,12,3,1,
K02529,228,11,11,9,252,19,0,
K01222,283,159,74,72,407,156,51,
K02761,172,4,0,3,284,10,0,
K02759,0,0,0,0,0,0,0,
K02760,144,3,1,1,190,1,0,
K03767,393,92,34,23,608,88,8,
K02478,393,41,41,31,560,112,14,
K02477,170,9,10,3,246,20,4,
K06915,395,33,58,26,610,112,18,
K07726,4,4,2,2,10,6,1,
K01664,0,0,0,0,0,0,0,
K00821,0,0,0,0,0,0,0,
K10914,187,41,6,17,275,38,2,
K07592,286,95,47,36,365,126,10,
K07397,0,0,0,0,0,0,0,
K00855,386,8,3,6,444,1,1,
K07019,121,16,13,7,155,7,8,
K09898,0,0,0,0,0,0,0,
K11249,127,1,3,6,218,16,3,
K02529,0,0,0,0,0,0,0,
K06998,1,0,0,2,7,0,0,
K15551,217,128,5,31,309,19,41,
K10831,210,51,2,23,257,11,15,
K15552,47,12,0,4,63,1,8,
K06158,112,4,2,10,114,8,3,
K03119,0,0,0,0,0,0,0,
K11748,192,11,12,7,276,28,2,
K11747,507,37,41,19,705,86,6,
K07070,55,16,3,4,78,19,6,
K03775,136,80,24,46,209,144,26,
K03745,7,0,0,0,7,1,0,
K03772,472,251,161,90,1218,374,58,
K07235,15,9,0,4,31,19,0,
K07236,97,4,0,14,91,12,1,
K07237,314,155,38,51,279,151,42,
K02950,1147,897,233,258,1490,984,202,
K02992,817,555,187,186,1209,1007,137,
K02355,2818,1185,632,560,3631,4200,329,
K02358,6259,2087,1060,701,8217,8134,408,
K02192,61,148,6,60,154,22,28,
K03594,632,194,168,140,1392,573,55,
K02946,285,28,83,20,448,350,18,
K02906,541,38,85,34,707,714,8,
K02926,515,33,77,20,672,655,15,
K02892,237,15,24,11,247,318,8,
K02886,745,42,130,19,998,921,16,
K02965,266,22,39,12,311,335,5,
K02890,355,53,55,12,412,455,7,
K02982,1288,151,233,42,1403,1461,27,
K02878,685,89,122,24,825,881,19,
K02904,210,16,82,4,229,231,3,
K02961,401,56,232,15,433,425,16,
K02874,465,209,172,121,769,833,51,
K02895,216,97,69,80,327,479,23,
K02931,270,148,120,113,476,965,32,
K02954,186,66,53,73,350,477,30,
K02994,376,128,63,47,485,706,14,
K02933,633,161,147,115,945,1006,42,
K02881,300,68,76,47,517,474,23,
K02988,493,114,92,50,707,915,29,
K02907,95,18,9,5,112,124,3,
K02876,842,118,155,51,1081,1220,49,
K03076,3808,886,894,234,5578,5175,167,
K02919,636,177,252,57,874,605,32,
K02952,1378,473,446,174,2128,1299,106,
K02948,929,341,194,100,1501,946,65,
K02986,1415,419,218,105,1995,1532,80,
K03040,2662,757,417,242,3369,2792,184,
K02879,538,109,72,41,693,535,31,
K03499,294,318,97,89,550,207,84,
K13638,0,0,0,0,0,0,0,
K03282,0,0,0,0,0,0,0,
K09890,0,0,0,0,0,0,0,
K03500,317,49,38,19,441,53,10,
K00604,162,23,2,20,247,11,0,
K01462,106,39,12,30,142,33,11,
K04096,253,4,2,8,393,13,2,
K03747,514,498,221,154,1004,588,103,
K07479,136,91,16,22,151,47,20,
K07566,105,20,7,5,128,5,3,
K00014,39,3,2,1,29,2,5,
K01726,14,0,0,1,15,0,1,
K02483,783,92,99,50,912,164,26,
K11209,602,159,184,107,640,378,52,
K19222,0,0,0,0,0,0,0,
K08296,256,49,73,13,293,72,12,
K00057,1123,530,633,312,1376,1183,182,
K02014,2862,158,270,104,3542,439,41,
K20974,2110,220,413,118,2298,521,85,
K01716,1382,1659,1317,826,1441,1970,428,
K03406,81,16,14,10,93,8,5,
K00647,0,0,0,0,0,0,0,
K07397,796,611,278,308,1052,638,206,
K04079,2010,1064,1111,845,2608,2383,552,
K06911,0,0,0,0,0,0,0,
K01061,0,0,0,0,0,0,0,
K03311,799,73,93,51,937,164,38,
K01902,844,118,274,83,974,284,23,
K01903,5588,1296,3437,510,5467,9583,361,
K00382,9044,2268,4060,1364,9152,13983,739,
K00164,6625,1707,4452,674,7065,8610,426,
K00658,0,0,0,0,0,0,0,
K00239,5777,2287,3685,1173,6192,7160,651,
K00240,0,0,0,0,0,0,0,
K00242,2277,632,1770,383,2510,3009,228,
K00241,3697,2205,3280,1045,3848,5572,468,
K14393,509,123,255,68,642,476,47,
K01647,0,0,0,0,0,0,0,
K02002,1885,497,1656,215,2133,2130,127,
K16147,2552,630,292,485,2997,608,307,
K05343,2965,389,316,263,3171,540,167,
K00700,1094,134,171,137,1303,325,91,
K01214,589,107,104,48,648,128,44,
K06044,2402,194,143,144,2802,307,115,
K00705,1050,117,147,77,1170,173,72,
K01236,1269,95,85,77,1422,133,46,
K00703,1367,123,76,79,1548,142,54,
K00059,39,14,29,15,47,23,7,
K01845,423,31,16,9,429,29,8,
K00146,1230,60,170,32,1440,244,49,
K14063,459,197,181,150,422,216,91,
K01266,1020,110,120,68,1266,227,45,
K01406,1775,298,590,132,1787,535,90,
K12536,2219,279,284,264,2359,393,91,
K12537,1008,103,271,102,1017,363,65,
K12538,926,169,128,98,1011,205,72,
K19294,29,1,1,0,25,4,1,
K21830,2311,62,131,47,2400,175,20,
K06956,1585,126,170,197,1740,379,39,
K00287,96,15,32,22,89,35,9,
K21196,0,0,0,0,0,0,0,
K02012,256,3,13,2,244,15,1,
K02011,1177,8,33,6,1273,41,8,
K02010,1385,26,25,12,1303,28,8,
K01534,1764,332,418,272,2002,565,202,
K21703,0,0,0,0,0,0,0,
K19302,0,0,0,0,0,0,0,
K00560,564,131,153,109,686,188,97,
K13292,1788,371,482,386,2132,1058,152,
K07090,89,24,43,39,106,60,16,
K08484,1275,168,356,100,1423,309,58,
K08311,2483,2152,2958,1503,2969,3089,866,
K01754,1581,473,1100,461,1775,1539,335,
K01807,0,0,0,0,0,0,0,
K00058,5140,904,2373,584,5861,6825,223,
K02030,1055,895,339,435,1087,771,199,
K07394,721,128,573,162,1039,655,84,
K01434,2268,215,331,119,2832,657,114,
K11074,26,5,12,2,34,23,1,
K11075,806,202,732,80,974,1030,96,
K11076,1509,202,697,135,1781,1004,101,
K11073,2924,753,2170,416,3597,2736,331,
K02198,845,157,440,115,1021,641,66,
K02199,0,0,0,0,0,0,0,
K02197,437,97,230,44,523,352,37,
K02195,498,115,245,60,569,303,33,
K02196,0,0,0,0,0,0,0,
K02194,1534,414,510,170,1710,653,96,
K02193,834,114,291,78,959,492,50,
K04061,0,0,0,0,0,0,0,
K03408,1,7,5,0,4,6,0,
K03496,2344,5300,2529,5696,3205,3861,2702,
K02557,2225,583,1853,340,2368,1988,196,
K02556,897,354,1582,95,953,1146,86,
K03407,3698,1276,3814,1415,4558,4337,656,
K03412,0,0,0,0,0,0,0,
K03414,3916,2471,3663,3250,5017,5635,1107,
K03413,640,432,749,357,688,1094,174,
K02405,1379,820,1924,1217,1851,3191,376,
K04562,847,1232,2429,873,848,1928,473,
K02404,7,2,11,0,6,23,0,
K02400,2519,838,2239,593,2976,3115,457,
K02401,1707,166,543,114,1892,691,69,
K02421,999,28,105,23,1127,148,14,
K02419,788,74,229,34,1065,228,19,
K02420,0,0,0,0,0,0,0,
K02418,631,62,167,43,781,256,36,
K02417,0,0,0,0,0,0,0,
K02416,1208,212,818,152,1275,1877,117,
K02414,2080,360,922,165,2293,1510,108,
K02415,0,0,0,0,0,0,0,
K20977,3440,1245,1785,350,4040,2644,273,
K20976,0,0,0,0,0,0,0,
K02412,800,95,399,55,818,434,48,
K20978,0,0,0,0,0,0,0,
K02413,0,0,0,0,0,0,0,
K02411,1049,188,746,87,1053,1082,88,
K02410,1,1,1,0,3,0,0,
K02409,2093,612,1595,252,2279,2147,185,
K10943,2221,647,1432,384,2443,1572,185,
K02408,0,0,0,0,0,0,0,
K10942,1855,216,793,135,2363,2179,90,
K10941,2148,664,1785,337,2541,2357,194,
K02407,5601,14731,6755,8463,7145,8723,4203,
K02423,0,0,0,0,0,0,0,
K02422,0,0,0,0,0,0,0,
K02406,4123,6876,3370,6085,6049,6285,2124,
K06603,0,0,0,0,0,0,0,
K03776,32,3,17,5,36,36,0,
K21135,1314,48,40,28,1422,84,19,
K21133,4043,70,208,59,4469,263,35,
K07665,549,85,141,52,595,196,26,
K07644,1544,72,90,22,1683,155,17,
K18093,2294,55,54,47,2145,102,20,
K02535,0,0,0,0,0,0,0,
K03531,6426,4405,4335,2051,7171,7583,829,
K03590,7095,1295,5430,707,8535,10182,533,
K03589,1535,363,1816,212,1792,2415,134,
K01921,357,66,211,64,336,267,43,
K01924,1796,393,1239,192,2029,1782,126,
K02563,1714,438,2062,165,1791,2032,174,
K03588,972,93,444,70,1048,580,35,
K01925,2249,142,777,67,2492,781,83,
K01000,1183,223,991,98,1460,1339,109,
K01929,1743,174,710,48,2196,895,57,
K01928,1724,286,891,111,2103,1209,88,
K03587,2443,608,3642,298,2535,3011,238,
K03438,1362,245,702,168,1749,884,100,
K03586,0,0,0,0,0,0,0,
K03925,1929,1026,2298,676,2270,2990,405,
K07056,492871,1224952,4183532,559493,481039,1986233,771173,
K07121,2703,715,1073,455,3124,1615,255,
K07460,502,228,344,109,487,281,43,
K03271,933,190,246,117,998,415,66,
K04065,205,67,90,51,233,186,21,
K03600,0,0,0,0,0,0,0,
K03599,738,381,457,163,930,978,109,
K00413,250,40,115,49,268,320,31,
K00412,7960,3743,6367,1117,8822,11051,908,
K00411,4468,1490,2822,548,5626,7654,415,
K02996,1745,833,2387,648,2217,4526,423,
K02871,8678,2798,6116,1271,7954,10312,553,
K00249,114,22,35,14,152,60,16,
K06916,0,0,0,0,0,0,0,
K01867,1737,340,947,284,1820,1186,62,
K07018,1693,306,562,222,1854,917,105,
K09908,1646,1115,903,944,2053,1378,442,
K06518,593,54,111,81,671,322,56,
K19302,42,12,28,5,62,25,3,
K07157,0,0,0,0,0,0,0,
K03652,971,169,256,137,1084,373,74,
K00147,3197,1311,2128,863,3369,3420,342,
K00969,690,189,569,268,819,761,130,
K09710,1190,296,1167,243,1100,1517,142,
K00783,849,71,450,65,856,620,45,
K05515,3092,262,1414,177,3293,1343,110,
K05837,1462,113,266,53,1527,388,35,
K08305,2061,528,1091,351,2213,1349,166,
K03642,2217,1041,2011,456,2399,2527,345,
K07258,4083,1329,2015,781,4305,3423,384,
K09158,755,397,474,237,770,614,102,
K03801,1603,564,1483,250,1682,2120,103,
K03644,2699,1275,2333,461,2826,3342,315,
K08305,75,26,43,14,111,58,8,
K01297,0,0,0,0,0,0,0,
K02340,393,89,104,44,404,164,30,
K01869,3565,411,1861,240,3630,2206,129,
K09890,0,0,0,0,0,0,0,
K03643,0,0,0,0,0,0,0,
K03820,848,243,222,81,873,239,36,
K06189,1461,242,332,186,1729,490,97,
K06217,670,349,370,168,679,438,93,
K07042,0,0,0,0,0,0,0,
K06168,3699,1479,1718,799,3827,2642,367,
K07126,175,27,53,21,190,39,11,
K01845,1420,297,812,230,1446,833,83,
K00788,764,142,522,113,801,762,75,
K20971,5154,1335,1723,689,6340,2474,453,
K09456,3933,2425,1750,990,4994,3759,609,
K01241,3319,1188,1320,735,3925,2276,341,
K06181,342,6,13,12,357,30,4,
K03719,560,140,434,110,616,436,57,
K13283,0,0,0,0,0,0,0,
K02031,269,117,84,30,375,130,16,
K13895,264,36,13,15,414,51,11,
K13894,46,3,0,0,41,2,0,
K13893,224,16,7,12,293,43,4,
K21090,532,95,44,30,800,88,22,
K13694,129,78,25,19,287,39,17,
K19803,146,130,104,53,286,54,20,
K00040,181,5,6,13,204,1,3,
K01686,221,22,2,6,284,24,2,
K02356,0,0,0,0,0,0,0,
K03835,192,37,9,17,304,16,4,
K03291,59,1,0,0,77,0,0,
K07812,287,2,4,7,395,18,2,
K06940,0,0,0,0,0,0,0,
K03532,316,34,29,22,421,83,4,
K03574,193,21,16,12,327,19,5,
K11183,185,28,15,15,160,82,4,
K00882,230,8,9,4,286,63,6,
K02770,182,8,6,4,238,64,14,
K01151,0,0,0,0,0,0,0,
K16089,32,0,0,1,46,0,0,
K11733,0,0,0,0,0,0,0,
K02057,128,1,0,0,159,4,0,
K09471,227,15,4,15,316,14,3,
K14056,143,41,18,26,254,12,11,
K09470,514,233,142,201,1488,92,89,
K14052,0,0,0,0,0,0,0,
K01141,37,5,7,3,69,4,0,
K02345,101,28,2,11,107,11,2,
K07345,45,8,2,1,71,8,0,
K15540,131,4,0,0,250,0,0,
K07347,569,2,2,0,908,2,0,
K07345,326,7,8,6,500,6,0,
K06077,510,123,50,67,917,148,40,
K07803,36,23,14,4,77,28,4,
K07709,0,0,0,0,0,0,0,
K07713,0,0,0,0,0,0,0,
K18030,0,0,0,0,0,0,0,
K18030,0,0,0,0,0,0,0,
K18029,0,0,0,0,0,0,0,
K01673,0,0,0,0,0,0,0,
K08305,0,0,0,0,0,0,0,
K12542,0,0,0,0,0,0,0,
K12541,0,0,0,0,0,0,0,
K12543,0,0,0,0,0,0,0,
K00252,3217,337,1656,234,4089,5271,162,
K03566,1381,216,191,139,1611,316,62,
K00324,2615,752,749,588,3224,1783,181,
K00325,2084,271,576,265,2167,1226,120,
K18118,4156,289,1642,267,4415,3186,94,
K03300,1924,53,96,42,2153,92,19,
K03324,2391,704,899,459,3035,1145,301,
K02066,1749,325,1064,196,2089,1110,118,
K02065,954,230,1035,169,1060,1015,149,
K02067,598,109,265,52,613,328,55,
K06373,0,0,2,0,1,2,0,
K18480,0,0,0,0,0,0,0,
K11102,2154,303,687,298,2487,998,136,
K11384,3449,2990,1718,1620,4248,2572,877,
K11383,137,30,20,5,128,19,9,
K21090,15,0,2,0,12,1,0,
K13590,2332,185,341,156,2823,321,76,
K11066,0,0,0,0,0,0,0,
K03673,1902,562,1147,323,2149,1348,169,
K17230,11,8,10,3,12,9,1,
K02335,7107,3335,4513,1790,7403,7171,987,
K03978,0,0,0,0,0,0,0,
K02204,2496,568,1703,242,2696,2387,169,
K09472,53,2,0,0,35,1,1,
K01438,1054,34,46,22,1015,45,13,
K07222,754,23,29,15,1006,29,11,
K09022,0,0,0,0,0,0,0,
K13747,2268,264,876,288,2255,1682,83,
K00290,3598,519,1851,297,3394,3045,152,
K11904,2196,34,72,20,2570,69,8,
K02030,792,260,245,291,1007,322,223,
K02028,31,21,2,7,50,3,9,
K22551,1612,1652,130,1317,2004,202,537,
K03704,93,59,4,51,107,8,15,
K09927,333,20,4,19,512,8,7,
K09791,35,2,4,3,41,10,1,
K00979,195,46,14,22,207,55,8,
K06219,279,56,48,39,403,114,19,
K03633,282,63,72,45,422,134,15,
K03804,176,29,15,26,177,70,5,
K03632,1031,132,258,102,1518,667,53,
K21470,783,523,297,219,1300,581,151,
K00813,23,4,4,5,39,17,0,
K01069,0,0,0,0,0,0,0,
K14062,424,106,72,79,541,412,16,
K01893,8044,2880,3014,848,10071,13586,641,
K00763,374,90,63,33,577,219,24,
K01256,505,78,75,31,727,282,10,
K15555,0,0,0,0,0,0,0,
K15554,57,0,0,0,96,1,0,
K04091,190,1,0,0,285,0,0,
K15553,222,1,0,0,331,2,0,
K00299,118,0,0,2,149,2,0,
K00254,254,15,25,5,409,14,2,
K07140,6,3,0,0,8,2,0,
K18657,0,0,0,0,0,0,0,
K12297,516,59,50,40,619,120,19,
K15738,422,89,60,61,702,134,23,
K03808,347,23,8,11,509,56,12,
K06192,311,36,31,14,408,44,8,
K09458,5284,3925,6786,675,8071,5510,658,
K09857,0,0,0,0,0,0,0,
K04770,127,65,55,23,263,65,11,
K01716,0,0,0,0,0,0,0,
K03286,81,21,7,8,109,38,5,
K09911,0,0,0,0,0,0,0,
K13053,0,0,0,0,0,0,0,
K07343,0,0,0,0,0,0,0,
K03658,336,28,25,36,463,154,24,
K01734,0,0,0,0,0,0,0,
K09909,136,26,8,17,257,29,15,
K06969,779,688,272,333,1125,976,195,
K06929,0,0,0,0,0,0,0,
K11940,0,0,0,0,0,0,0,
K11179,11,3,0,1,8,1,0,
K01512,0,0,0,0,0,0,0,
K19416,115,50,12,13,181,49,17,
K07345,63,0,4,0,113,0,2,
K07346,164,0,2,0,261,2,0,
K07347,657,4,4,2,1039,0,0,
K07349,85,0,1,0,99,1,0,
K07349,0,0,0,0,0,0,0,
K14057,148,18,4,4,159,2,2,
K21966,157,0,0,10,282,4,5,
K22468,462,126,96,46,851,75,40,
K01358,399,60,46,28,650,95,16,
K01989,521,316,243,268,1344,263,87,
K05832,186,21,18,21,270,10,3,
K05833,157,23,11,22,354,16,2,
K12368,72,9,3,4,90,0,3,
K02847,2,1,0,1,1,0,0,
K02849,178,7,0,1,307,0,5,
K22015,510,14,9,8,866,16,2,
K08315,345,19,67,4,407,249,5,
K12145,0,0,0,0,1,0,0,
K12144,0,0,0,0,0,0,0,
K12142,150,3,14,4,232,8,0,
K12143,0,0,0,0,0,0,0,
K12141,557,0,22,0,679,29,2,
K12139,146,0,0,2,205,5,0,
K12140,0,0,0,0,0,0,0,
K12137,321,2,9,2,409,21,0,
K12138,0,0,0,0,0,0,0,
K12136,255,0,4,0,269,14,0,
K05796,110,0,3,0,131,11,0,
K04651,61,0,0,0,71,4,0,
K04653,78,0,6,0,133,7,0,
K15836,548,26,31,16,820,171,2,
K07677,679,75,46,40,1146,140,20,
K07687,183,25,9,8,237,21,7,
K11903,3,0,1,0,10,2,2,
K11901,276,45,23,38,402,84,18,
K11900,337,27,17,49,470,135,13,
K11905,86,10,4,10,127,29,0,
K11896,304,1,8,4,501,23,3,
K11895,171,4,6,6,220,12,1,
K11894,274,7,3,4,305,30,0,
K11906,101,0,1,0,133,4,2,
K11893,192,4,5,1,237,24,0,
K11892,137,2,14,5,145,17,0,
K11907,405,7,15,9,590,86,3,
K11909,91,2,4,2,125,25,0,
K11910,310,6,12,6,395,23,2,
K11891,742,19,40,14,871,130,8,
K11911,135,4,2,2,160,18,0,
K11904,661,0,2,2,825,29,4,
K19048,0,0,0,0,0,0,0,
K07746,0,0,0,0,0,0,0,
K01751,271,6,18,3,403,120,2,
K01464,190,7,5,1,317,21,0,
K07402,21,1,0,0,27,4,0,
K00926,0,0,0,0,0,0,0,
K12527,1022,36,43,8,1112,386,6,
K12529,316,0,28,10,420,255,1,
K12528,1164,22,82,2,1456,962,10,
K16346,541,2,13,4,625,67,2,
K01487,547,6,19,2,591,124,4,
K06901,436,2,21,3,560,131,0,
K00087,222,7,22,8,329,80,0,
K13480,0,0,0,0,0,0,0,
K13479,0,0,0,0,0,0,0,
K07306,556,18,31,4,755,105,3,
K06282,545,47,130,4,751,477,7,
K00124,231,15,53,2,382,195,4,
K06281,436,12,53,2,662,273,6,
K03605,200,16,65,2,283,295,0,
K04651,46,2,9,2,61,47,0,
K04652,280,6,30,2,349,128,3,
K04653,72,0,4,0,89,52,0,
K04654,288,6,26,3,372,150,4,
K04655,267,4,35,5,405,148,5,
K04656,615,8,58,11,924,104,2,
K03192,104,0,2,6,148,38,0,
K04720,28,0,0,1,56,3,1,
K09960,208,3,0,0,282,0,0,
K09961,289,0,0,0,438,2,0,
K06909,294,1,4,2,438,1,0,
K07474,167,5,14,0,336,2,0,
K03791,76,1,0,3,105,1,1,
K00558,147,5,0,3,153,0,0,
K02317,94,0,0,0,91,4,0,
K22300,99,60,20,15,141,40,4,
K10906,575,0,4,4,753,3,0,
K02624,1698,1015,485,501,2121,702,229,
K08195,1729,62,291,18,1955,351,27,
K01039,1623,929,267,435,1985,308,207,
K01040,732,361,152,247,977,321,122,
K07823,904,523,263,380,1194,484,201,
K00449,1264,120,106,85,1529,217,47,
K00448,762,171,194,49,982,227,39,
K02625,2192,286,488,115,2797,597,130,
K01857,991,142,380,114,1167,504,60,
K01055,0,0,0,0,0,0,0,
K01607,0,0,0,0,0,0,0,
K18138,2038,405,615,248,2411,1685,135,
K18139,0,0,0,0,0,0,0,
K03585,2285,267,538,183,2450,1428,92,
K03577,1843,682,667,224,2071,796,145,
K10680,32,6,4,3,40,10,1,
K15270,0,0,0,0,0,0,0,
K19577,1130,93,194,50,1209,426,36,
K22617,233,14,32,11,212,32,6,
K08682,0,0,0,0,0,0,0,
K22310,509,33,61,33,512,74,17,
K01451,1739,62,87,22,2076,179,27,
K03762,1924,35,48,14,2341,81,12,
K01426,1572,192,379,188,1832,531,106,
K05818,992,394,633,118,1161,365,195,
K05349,447,18,69,24,521,61,7,
K06131,0,0,0,0,0,0,0,
K03744,1267,165,327,133,1595,628,52,
K01226,1956,394,71,211,2254,109,121,
K02024,1556,140,58,49,1688,73,58,
K23993,2016,273,152,162,2387,252,132,
K15257,51,3,13,3,41,18,2,
K11991,0,0,0,0,0,0,0,
K15256,492,26,76,23,537,115,8,
K01338,1297,470,200,203,1652,827,192,
K18575,0,0,0,0,0,0,0,
K14475,0,0,0,0,0,0,0,
K21023,2464,1351,659,717,2725,594,517,
K20975,1234,100,205,50,1330,253,38,
K00117,2852,66,109,55,3142,222,42,
K07267,1934,450,231,272,2485,492,174,
K05782,1416,18,91,21,1343,62,14,
K02014,1302,26,24,8,1180,20,10,
K07229,0,0,0,0,0,0,0,
K10947,0,0,0,0,0,0,0,
K03293,2191,356,2034,201,2255,2526,120,
K18622,32,3,3,0,17,1,0,
K02055,1077,47,139,50,1262,329,26,
K23779,3,0,0,0,6,0,0,
K21831,0,0,0,0,0,0,0,
K03782,1347,118,133,87,1549,213,36,
K07023,1056,121,62,45,1193,130,36,
K20275,1796,73,91,27,1786,161,26,
K05834,67,1,2,1,91,8,1,
K09965,99,51,97,32,105,164,14,
K03719,596,126,424,30,556,468,18,
K03088,602,36,47,16,603,79,12,
K07039,398,81,241,51,422,356,13,
K03826,0,0,0,0,0,0,0,
K06998,555,31,97,46,664,141,18,
K19610,644,8,16,19,750,14,4,
K19609,827,14,20,9,877,38,3,
K19611,2364,41,78,30,2286,116,21,
K23722,446,14,22,7,523,20,25,
K01247,324,17,35,10,454,41,7,
K00123,2857,368,564,220,3623,1608,156,
K00126,0,0,0,0,0,0,0,
K08738,593,80,114,54,492,102,18,
K18093,1305,98,231,50,1442,369,29,
K06893,525,236,430,169,511,591,56,
K07396,699,111,204,36,859,156,28,
K02014,2684,67,52,42,3017,114,20,
K10536,0,0,0,0,0,0,0,
K18201,2029,392,124,240,2163,240,75,
K12251,0,0,0,0,0,0,0,
K01710,2462,172,248,100,2776,419,54,
K00973,1109,180,273,92,1396,306,80,
K01790,640,14,53,17,672,131,10,
K00067,964,85,134,44,986,227,22,
K10125,1597,154,314,124,1767,333,64,
K10126,1146,131,377,105,1248,453,72,
K01082,210,55,201,34,227,175,21,
K08312,1126,318,636,309,1437,1032,178,
K20881,967,84,68,72,1394,115,11,
K07516,294,2,0,4,250,4,0,
K07107,0,0,0,0,0,0,0,
K22278,1529,287,88,128,1667,162,85,
K11904,485,64,56,33,508,100,17,
K11073,1416,53,85,21,1652,70,15,
K16137,174,10,26,10,148,43,4,
K07124,698,33,53,24,725,92,9,
K09136,1364,111,205,125,1507,373,55,
K01426,1190,150,450,197,1446,572,80,
K02019,363,37,74,29,435,115,13,
K09190,888,211,44,111,1047,13,49,
K00919,0,0,0,0,0,0,0,
K02494,0,0,0,0,0,0,0,
K02492,2054,432,1142,230,2000,1072,115,
K02835,1450,207,1180,170,1691,1006,76,
K02493,934,109,512,64,1029,569,33,
K21029,780,117,553,91,926,821,51,
K01776,913,99,364,78,1093,410,43,
K12976,311,175,108,95,384,202,54,
K00574,656,198,140,82,762,193,103,
K06940,0,0,0,0,0,0,0,
K09701,667,149,76,71,867,139,72,
K06954,1389,336,249,148,1561,320,125,
K01669,770,456,208,181,935,233,178,
K22491,1339,771,337,374,1805,374,296,
K18208,1902,5275,632,2678,2888,1253,2039,
K07071,2284,2210,1695,1345,2682,2504,732,
K02824,307,10,26,20,326,44,6,
K01772,0,0,0,0,0,0,0,
K00761,1419,160,545,126,1727,814,53,
K00760,1432,294,593,208,1693,1007,98,
K00116,241,100,160,63,222,237,39,
K07286,1161,1622,465,847,1381,1091,388,
K03406,1629,305,662,228,1755,842,75,
K23010,1343,544,1283,661,1548,1607,287,
K23541,0,0,0,0,0,0,0,
K00564,885,56,132,27,942,164,20,
K00018,1405,118,250,127,1708,559,58,
K05835,19,7,18,7,24,24,6,
K03566,1615,139,172,50,1701,233,58,
K12941,948,68,29,29,915,82,23,
K23057,935,33,77,10,1103,131,12,
K23056,808,24,129,31,861,146,13,
K23055,928,46,116,38,1111,167,15,
K23058,3457,753,1661,265,3913,2525,201,
K11735,2435,870,1127,664,2740,1215,513,
K01479,876,92,308,52,899,258,29,
K03312,247,7,38,4,340,48,4,
K04782,835,80,284,36,819,246,11,
K07289,1962,364,718,174,2116,995,158,
K03575,0,0,0,0,0,0,0,
K08177,3727,554,661,197,4771,1209,251,
K01693,2218,734,1303,434,2301,2228,199,
K02501,1079,249,857,237,1168,1565,79,
K01814,1320,259,512,192,1317,1236,69,
K02500,963,128,321,141,1192,910,50,
K02030,0,0,0,0,0,0,0,
K09798,91,14,12,2,79,32,3,
K03797,1026,62,103,79,1140,157,24,
K21699,27,6,14,6,36,22,8,
K01501,373,37,43,22,468,46,19,
K18297,598,101,82,137,623,152,59,
K13609,721,489,455,269,798,599,143,
K05594,0,0,0,0,0,0,0,
K07116,1366,1365,787,673,1688,1137,457,
K07165,0,0,0,0,0,0,0,
K18900,457,184,120,75,505,99,46,
K05275,600,73,38,40,557,24,36,
K03406,1409,195,230,123,1632,270,75,
K07233,580,11,41,25,666,30,8,
K11073,109,13,26,14,115,29,9,
K03975,0,0,0,0,0,0,0,
K06995,0,0,0,0,0,0,0,
K01835,1316,191,236,134,1233,274,36,
K06911,0,0,0,0,0,0,0,
K18297,202,60,80,53,240,75,15,
K06133,15,2,1,1,15,1,1,
K14347,1403,351,360,248,1631,882,103,
K07052,743,58,109,29,824,129,24,
K21959,17,6,3,2,17,1,2,
K08324,1174,49,65,51,1322,63,16,
K02014,2310,26,43,14,2791,136,6,
K01153,2879,105,336,51,3765,211,37,
K01154,1666,204,540,78,2076,658,59,
K03427,2886,239,536,111,3175,590,72,
K07666,477,15,30,15,477,53,9,
K07645,452,14,34,16,467,72,0,
K05782,13,0,1,2,9,4,0,
K05548,1091,52,87,13,1363,157,23,
K05783,698,11,9,0,738,18,6,
K05784,665,18,29,18,896,44,24,
K05549,1085,29,52,17,1183,50,23,
K05550,0,0,0,0,0,0,0,
K00651,358,12,46,16,413,56,6,
K01638,689,344,178,768,2248,476,62,
K01637,457,186,103,435,1354,315,39,
K01690,8,5,0,18,24,2,0,
K00906,0,0,0,0,0,0,0,
K00851,135,10,2,23,144,6,8,
K13641,184,7,2,17,241,3,7,
K00548,956,8,54,14,1464,73,5,
K02443,0,0,0,0,0,0,0,
K00065,218,16,1,0,343,0,6,
K00803,539,4,3,3,655,9,0,
K08368,300,2,1,0,423,6,2,
K03521,151,0,2,0,299,11,0,
K00313,72,0,3,9,104,8,0,
K03522,0,0,0,0,0,0,0,
K03855,0,0,0,0,0,0,0,
K03324,187,18,5,7,277,12,2,
K03453,0,0,0,0,0,0,0,
K00928,436,32,8,23,782,10,7,
K01810,89,3,4,3,94,17,1,
K10110,65,8,19,17,101,36,7,
K10109,296,6,10,8,475,87,7,
K13256,0,0,0,0,0,0,0,
K10108,313,15,0,2,479,89,2,
K10111,302,3,11,0,333,136,0,
K02024,769,15,50,2,1010,935,7,
K05775,58,5,1,0,65,12,2,
K00631,77,3,0,2,131,5,4,
K03181,0,0,0,0,0,0,0,
K03179,0,0,0,0,0,0,0,
K01356,221,217,41,107,270,130,41,
K03327,292,3,2,12,432,10,4,
K09823,86,17,5,7,93,17,3,
K00661,238,34,29,25,407,37,4,
K05539,239,35,24,38,353,88,16,
K00344,79,24,0,14,137,9,9,
K02314,283,23,8,12,376,38,8,
K01775,62,10,8,6,82,26,3,
K01713,15,1,0,0,41,1,1,
K03719,140,9,12,8,208,20,1,
K03701,165,6,3,7,258,2,5,
K00832,0,0,0,0,0,0,0,
K00059,24,0,0,1,41,0,0,
K03111,0,0,0,0,0,0,0,
K12151,90,5,4,3,118,13,2,
K01857,180,2,2,0,253,2,0,
K03326,447,11,10,3,575,26,2,
K00799,182,21,12,11,308,34,12,
K07032,125,40,16,19,228,23,2,
K06901,467,16,28,24,632,147,6,
K24163,0,0,0,0,0,0,0,
K06518,68,0,0,1,62,4,0,
K01937,0,0,0,0,0,0,0,
K12974,168,14,1,2,214,0,2,
K07733,53,0,0,0,52,1,0,
K06919,405,0,4,2,684,8,0,
K06904,126,0,0,1,192,0,0,
K05540,216,46,37,29,253,188,10,
K03557,0,0,0,0,0,0,0,
K01674,263,29,52,19,376,85,17,
K02687,47,4,2,2,50,2,1,
K14392,229,11,13,8,344,42,6,
K21621,89,2,4,0,170,2,2,
K08302,214,19,12,5,292,12,8,
K10439,249,15,6,9,298,27,6,
K10441,297,12,6,6,405,3,12,
K10440,288,4,4,2,390,4,2,
K21621,223,0,2,0,282,4,0,
K01961,20,9,2,0,38,5,1,
K16371,0,0,0,0,0,0,0,
K02160,125,41,11,38,225,37,2,
K03786,167,109,23,43,316,59,23,
K17247,73,40,3,30,132,25,10,
K07147,101,9,0,12,163,17,3,
K19745,339,26,17,24,506,23,2,
K18765,622,98,79,56,888,183,23,
K03569,359,169,81,93,691,154,31,
K03570,234,41,22,19,316,68,20,
K03571,112,1,0,0,176,0,0,
K06287,143,12,9,12,238,33,8,
K08301,300,43,96,40,499,153,20,
K11206,338,59,67,38,374,155,13,
K03568,245,85,94,62,409,216,22,
K02647,238,20,11,10,296,6,2,
K02348,0,0,0,0,0,0,0,
K00626,498,11,6,8,553,2,4,
K01026,294,0,0,2,403,2,0,
K00059,0,0,0,0,0,0,0,
K00574,71,19,2,15,153,3,1,
K09701,25,5,3,5,38,3,2,
K06954,190,19,0,31,367,5,8,
K07127,40,22,2,16,54,0,2,
K21089,99,9,5,1,117,4,0,
K25589,154,42,7,12,224,35,10,
K14052,268,37,20,17,355,65,7,
K21698,276,63,46,10,361,12,11,
K21695,90,3,0,5,87,1,0,
K15548,103,1,1,4,113,5,0,
K03468,489,21,6,12,649,4,0,
K01167,90,28,27,24,181,68,15,
K09889,8,4,0,0,13,13,1,
K03623,0,0,0,0,0,0,0,
K03592,323,89,34,51,521,109,15,
K15536,0,0,0,0,0,0,0,
K07090,173,0,0,4,185,0,0,
K06140,13,3,0,1,15,2,0,
K01042,282,1,2,2,366,3,0,
K17463,189,4,2,3,202,18,6,
K07404,281,8,4,12,330,29,0,
K03491,167,8,7,7,247,9,0,
K09471,502,5,4,18,618,14,6,
K06995,74,3,7,13,119,37,1,
K06958,42,9,10,16,66,28,3,
K08485,0,0,0,0,0,0,0,
K02806,0,0,0,0,0,0,0,
K03092,425,137,103,70,688,456,48,
K05808,0,0,0,0,0,0,0,
K06861,246,40,26,26,371,83,16,
K09774,140,47,29,35,191,36,5,
K11719,95,30,18,15,149,38,5,
K03270,13,3,2,1,18,3,0,
K06041,136,22,16,18,163,18,10,
K07301,165,33,27,28,347,49,13,
K02065,178,59,21,23,309,126,7,
K02066,189,0,8,7,202,50,4,
K02067,192,14,4,24,295,57,9,
K07323,121,47,18,27,184,70,10,
K07122,49,8,6,7,73,35,3,
K00790,33,9,5,0,39,23,3,
K04691,0,0,0,0,0,0,0,
K04772,317,44,57,31,608,83,6,
K09908,196,97,51,39,449,75,14,
K06916,369,21,8,20,571,21,2,
K02871,1221,404,237,167,1573,947,60,
K02996,751,198,135,89,943,605,45,
K02238,619,18,40,20,629,87,23,
K03561,1010,267,331,169,1040,503,52,
K03559,429,75,183,53,407,272,21,
K00912,1095,105,269,102,1194,378,52,
K09791,149,12,27,11,159,48,2,
K00979,971,112,424,86,1147,780,29,
K25307,357,101,294,78,372,448,43,
K00075,1068,160,553,167,1086,841,77,
K07302,516,201,125,116,535,264,64,
K07303,538,111,125,103,617,195,50,
K08300,81,17,34,5,99,47,5,
K07402,0,0,0,0,0,0,0,
K07141,0,0,0,0,0,0,0,
K06179,1527,880,1560,661,1561,2100,325,
K01091,1047,391,688,316,1035,989,145,
K04773,661,178,698,188,617,561,90,
K25422,36,6,7,4,79,7,1,
K07040,2125,1261,1258,1159,2011,2428,344,
K02911,706,268,553,189,610,609,78,
K03621,1684,261,778,212,1845,1627,92,
K00645,2223,536,1091,559,2461,1992,164,
K00059,4008,1445,4386,698,4180,6222,420,
K02078,12034,7784,10131,2000,10877,10985,1260,
K09458,3119,695,1376,323,3319,2511,185,
K02619,821,138,500,83,851,594,91,
K07082,1507,324,449,177,1653,624,105,
K00943,497,105,309,103,526,458,66,
K02341,1097,162,316,90,1164,598,64,
K03424,888,88,421,97,979,386,99,
K03639,1344,710,866,321,1542,1182,243,
K09986,1107,55,260,63,1333,394,34,
K03457,2023,90,539,63,2386,657,44,
K00657,1073,361,522,222,1168,707,81,
K03406,322,32,55,17,320,93,12,
K11105,2447,321,618,294,3145,774,182,
K05802,5217,598,800,405,6251,1171,216,
K08997,2057,481,360,364,2111,517,199,
K03496,174,90,137,85,157,240,39,
K03672,0,0,0,0,0,0,0,
K02078,223,34,39,12,214,51,9,
K02078,154,18,29,16,122,31,5,
K01745,1104,65,272,55,1132,396,43,
K07107,441,13,41,6,455,58,2,
K00647,910,76,190,52,1065,172,46,
K00059,580,42,99,15,675,208,15,
K21757,46,7,7,5,55,11,2,
K08224,405,12,23,8,421,39,6,
K01599,0,0,0,0,0,0,0,
K00266,1505,353,492,258,1682,783,97,
K00864,992,109,253,96,1088,291,56,
K02440,1500,177,384,146,1772,524,69,
K03976,457,52,61,40,439,170,25,
K02010,86,23,51,22,68,54,18,
K06998,0,0,0,0,0,0,0,
K00611,2179,237,588,205,2430,1073,111,
K07390,25,52,16,7,28,30,5,
K03594,387,288,447,95,421,267,40,
K02192,1307,1699,2311,597,1731,753,283,
K03386,7,2,2,2,14,1,1,
K03683,0,0,0,0,0,0,0,
K21218,2833,2967,2798,3548,3717,4032,1042,
K01940,5611,1677,3552,1615,6751,7592,570,
K07690,1183,40,42,28,1279,50,13,
K10773,299,315,285,88,350,112,70,
K03612,94,9,17,2,128,7,2,
K03614,234,17,61,5,222,63,2,
K03616,703,41,74,15,876,96,14,
K01874,1106,115,113,67,1198,179,41,
K03593,801,227,542,147,814,916,74,
K00059,52,12,15,11,44,42,6,
K07226,1580,316,295,225,1934,621,62,
K07113,1382,5827,1912,6140,1675,2363,3166,
K04078,3662,3376,2592,1433,3955,4484,839,
K04077,0,0,0,0,0,0,0,
K09947,86,10,5,2,79,16,1,
K00865,276,24,74,16,242,103,9,
K02510,508,8,8,6,545,37,1,
K02509,121,10,17,15,142,31,8,
K01826,36,3,4,2,41,1,0,
K00455,0,0,0,0,0,0,0,
K00151,1187,141,107,232,1475,246,45,
K05921,929,50,70,196,1121,112,20,
K05921,1084,66,64,133,1282,103,30,
K02508,565,19,17,20,597,24,9,
K07267,955,23,30,12,1034,52,28,
K00004,669,15,26,23,782,48,9,
K05913,781,11,11,6,901,8,2,
K14063,719,101,80,40,848,92,12,
K00483,563,36,127,38,558,179,23,
K00484,0,0,0,0,0,0,0,
K06996,0,0,0,0,0,0,0,
K03406,1811,818,1125,796,2231,1464,395,
K12252,646,159,152,111,704,211,62,
K03324,236,7,3,8,248,20,5,
K01531,838,18,47,38,805,71,14,
K03639,1353,291,59,363,1322,91,90,
K08994,754,33,13,22,688,24,21,
K03637,146,19,9,47,190,13,12,
K02379,4,0,0,0,1,0,0,
K03636,0,0,0,0,0,0,0,
K03635,0,0,0,0,0,0,0,
K03752,1239,238,99,161,1356,128,81,
K03638,647,1743,283,1638,629,375,658,
K03750,3,17,1,3,3,1,6,
K00131,1143,275,222,185,1261,307,128,
K01083,875,21,32,35,896,32,20,
K03562,771,6,2,0,721,11,2,
K03560,340,5,23,2,358,6,2,
K03832,670,11,7,10,752,18,6,
K07223,913,139,354,224,1006,634,99,
K19181,13,2,7,2,11,14,1,
K01356,415,1113,262,1114,481,261,532,
K14160,273,599,264,1165,308,232,728,
K14161,619,330,136,375,649,162,192,
K08219,427,10,8,9,526,2,2,
K03743,114,26,30,10,137,115,5,
K03553,401,245,84,192,608,300,49,
K03565,119,27,8,13,188,12,8,
K01872,529,69,129,77,832,290,20,
K03563,450,259,130,59,831,121,32,
K01919,306,52,66,29,404,147,8,
K03699,49,8,4,1,79,9,0,
K07173,0,0,0,0,0,0,0,
K03106,336,112,93,101,492,277,40,
K02959,198,66,86,45,259,226,23,
K02860,354,100,105,80,547,416,29,
K00554,615,157,106,60,781,600,57,
K02884,278,80,62,20,344,281,19,
K01185,142,25,10,10,194,5,1,
K07283,12,2,0,1,17,0,0,
K07792,226,4,1,4,309,12,0,
K01626,271,62,101,162,802,127,26,
K14187,0,0,0,0,0,0,0,
K14170,10,2,3,0,19,2,1,
K05809,88,4,10,5,106,26,2,
K05807,1671,1209,316,306,1880,1925,272,
K06180,346,36,15,27,498,71,23,
K05810,100,11,3,9,138,15,5,
K03695,2922,1941,811,1374,3648,6082,956,
K06890,145,67,31,36,192,139,27,
K03635,639,268,177,74,904,602,55,
K03636,11,3,1,1,23,4,2,
K03637,16,3,4,2,25,9,0,
K03638,0,0,0,0,0,1,0,
K03639,191,39,27,15,289,81,9,
K03702,489,185,196,41,546,424,52,
K11963,14,1,0,1,15,0,0,
K01935,0,0,0,0,0,0,0,
K02169,37,1,3,0,89,0,0,
K00652,153,0,2,4,274,2,0,
K01012,200,5,0,1,272,3,4,
K00833,248,0,6,2,335,2,0,
K07404,8,6,0,4,8,8,1,
K02017,61,4,5,4,81,8,0,
K21064,0,0,0,0,0,0,0,
K02018,95,6,3,5,128,29,0,
K02020,208,9,41,14,380,105,5,
K25859,115,8,12,2,181,32,5,
K02019,99,23,14,9,185,35,6,
K05776,282,15,8,16,365,30,10,
K07052,365,51,26,25,667,56,8,
K00965,293,55,4,8,371,6,12,
K00849,174,54,14,1,215,30,29,
K01785,292,79,20,13,328,22,12,
K01834,0,0,0,0,0,0,0,
K01626,627,30,14,26,926,30,10,
K16264,55,17,3,6,64,12,6,
K03811,0,0,0,0,0,0,0,
K03517,217,230,4,141,382,59,48,
K19813,68,8,3,1,93,5,2,
K02045,1742,55,61,48,2124,119,21,
K02047,1560,337,345,310,1991,975,93,
K02046,874,194,301,211,1010,461,69,
K23163,1210,134,155,345,1300,331,58,
K21023,3426,2036,1123,2624,4421,1802,673,
K00507,3320,1446,882,901,3827,1120,268,
K14268,1227,292,408,231,1257,678,138,
K00135,6847,1790,2773,1619,7044,7203,677,
K07114,680,271,108,170,705,144,98,
K03088,0,0,0,0,0,0,0,
K09803,649,264,333,76,907,296,77,
K11936,0,0,0,0,1,0,0,
K11937,0,0,0,0,0,0,0,
K11931,1128,76,110,25,1535,143,31,
K11935,2891,242,261,97,3588,380,119,
K01491,2041,829,909,407,2238,1280,272,
K07262,603,247,235,135,649,244,79,
K03717,0,0,0,0,0,0,0,
K07862,1068,31,107,22,1214,182,12,
K09983,0,0,0,0,0,0,0,
K14731,2608,331,298,78,3393,380,212,
K09915,0,0,0,0,0,0,0,
K03406,558,188,373,97,736,374,72,
K08303,0,0,0,0,0,0,0,
K07084,1859,1518,1049,1386,2564,1746,1007,
K03406,1168,909,243,696,1330,339,233,
K07637,224,24,112,19,225,116,11,
K02483,564,61,85,42,543,121,18,
K01737,416,50,47,69,466,114,22,
K08641,1134,81,130,61,1334,243,44,
K02035,2567,74,333,65,3203,768,20,
K02033,1100,15,85,15,1265,189,7,
K02034,598,18,86,26,619,125,17,
K08688,0,0,0,0,0,0,0,
K02035,1590,24,39,24,1922,84,5,
K02032,2506,269,530,101,3337,483,110,
K02031,1904,134,211,48,2540,219,30,
K02034,1224,64,85,41,1458,158,17,
K02033,2226,159,208,82,2917,230,32,
K07782,1018,212,617,105,1151,327,71,
K03885,66,8,15,3,76,12,2,
K18457,0,0,0,0,0,0,0,
K00859,0,0,0,0,1,0,0,
K09862,0,0,0,0,0,0,0,
K02654,507,189,357,61,516,772,47,
K02653,981,34,105,33,1308,223,26,
K02650,0,0,0,0,0,0,0,
K04065,0,0,0,0,0,0,0,
K06969,2361,335,427,168,2437,558,104,
K01895,909,192,195,121,1069,383,54,
K01810,3371,652,655,339,5285,1603,271,
K01579,16,15,2,7,10,0,2,
K01918,526,101,74,67,585,161,31,
K00606,1103,154,289,150,1182,668,70,
K00970,1299,401,561,258,1506,1320,114,
K00950,0,0,0,0,0,0,0,
K06211,2,0,0,0,0,0,0,
K04485,366,79,43,82,495,77,28,
K01079,201,20,17,10,311,81,6,
K07186,37,17,6,2,46,12,1,
K03784,0,0,0,0,0,0,0,
K01839,320,84,9,31,415,152,9,
K00758,500,108,15,80,650,261,22,
K01619,221,45,13,18,313,55,11,
K03317,260,120,29,69,368,98,20,
K03424,132,2,0,3,161,13,0,
K04065,97,38,8,29,226,54,15,
K02837,903,273,137,148,1710,643,57,
K03789,96,18,6,8,125,8,3,
K02344,76,14,9,8,83,2,0,
K00564,70,6,6,2,70,7,4,
K05275,82,0,0,0,118,0,0,
K18900,245,12,6,12,394,7,1,
K18988,48,0,0,2,47,1,0,
K02508,0,0,0,0,0,0,0,
K02511,422,42,57,115,497,274,9,
K02510,444,30,27,55,496,264,7,
K02509,360,31,34,87,344,220,6,
K00455,20,1,2,3,20,20,0,
K01826,0,0,0,0,0,0,0,
K00151,1140,98,60,210,1091,767,38,
K05921,458,44,24,142,597,223,9,
K05921,240,16,10,75,311,41,1,
K00059,67,0,0,1,96,0,0,
K24118,170,2,1,25,189,6,0,
K15524,12,1,1,1,6,1,2,
K11200,418,2,11,2,464,12,3,
K19235,48,0,2,0,56,0,0,
K11922,0,0,0,0,0,0,0,
K05804,294,14,20,8,472,26,2,
K25495,161,19,4,12,197,0,0,
K07454,0,0,0,0,0,0,0,
K07074,89,0,0,1,86,2,0,
K14415,149,4,2,6,211,7,2,
K14414,377,9,5,16,526,13,1,
K01823,177,15,7,12,314,13,0,
K23676,551,32,17,12,766,29,2,
K07821,368,10,19,2,524,131,4,
K07812,1035,49,85,16,1697,514,9,
K02083,281,21,10,33,360,50,2,
K21967,0,0,0,0,0,0,0,
K21968,0,0,0,0,0,0,0,
K21966,598,22,14,13,692,16,5,
K21965,186,0,0,0,274,0,2,
K21964,202,6,2,8,283,0,2,
K19734,90,0,0,0,123,0,0,
K07114,372,25,15,9,552,39,8,
K19734,6,0,0,0,9,0,0,
K22956,0,0,0,0,0,0,0,
K00986,474,7,6,1,519,9,5,
K12518,229,2,0,0,396,10,2,
K12519,0,0,0,0,0,0,0,
K07345,237,2,1,0,289,0,0,
K01673,62,2,0,2,80,1,2,
K07345,185,3,4,1,156,0,0,
K15540,185,9,0,2,272,0,2,
K07347,682,12,8,6,987,24,2,
K07345,377,38,9,16,516,29,4,
K22025,114,0,4,0,154,0,2,
K03299,408,6,4,0,657,6,4,
K04027,95,0,0,0,168,0,0,
K04027,60,0,0,0,76,0,0,
K04027,100,0,1,0,117,1,0,
K00132,289,2,0,0,291,7,0,
K04028,14,0,0,0,30,0,0,
K13921,226,3,0,8,244,10,0,
K20038,518,3,2,2,628,2,0,
K20037,155,2,0,0,139,0,0,
K15024,95,0,0,4,163,0,0,
K03297,214,0,0,2,288,1,0,
K11720,1,0,0,0,0,0,0,
K07091,236,17,11,14,348,67,9,
K01255,448,116,48,93,712,194,30,
K02339,55,12,5,6,77,9,0,
K01873,548,58,38,78,789,142,33,
K03828,281,60,49,43,408,158,35,
K06169,41,1,0,2,39,2,0,
K09893,171,11,7,7,329,5,0,
K00611,683,166,232,132,1239,271,56,
K02035,319,99,6,43,411,48,20,
K02033,135,16,6,14,161,15,4,
K02034,107,2,4,4,106,3,0,
K00609,267,8,5,8,387,28,2,
K00610,29,5,2,0,55,8,2,
K12373,327,48,47,34,451,85,9,
K09022,0,0,0,0,0,0,0,
K01531,746,15,28,32,988,56,3,
K03485,312,18,24,14,488,31,8,
K02819,393,9,5,102,590,28,24,
K01226,351,22,9,86,470,17,27,
K05349,319,12,6,12,370,25,12,
K11748,20,0,0,0,38,0,1,
K03566,211,8,8,4,287,10,2,
K21636,927,315,191,210,1209,628,48,
K04068,21,1,0,3,26,1,0,
K06887,11,0,0,0,7,0,0,
K02043,181,0,0,0,234,4,0,
K06166,46,0,0,0,65,2,0,
K06165,106,0,0,0,120,0,0,
K06164,258,0,0,3,373,0,2,
K06163,202,2,1,6,319,0,4,
K05781,163,0,0,0,220,0,0,
K05780,83,0,0,2,121,0,0,
K06162,135,8,8,4,235,5,0,
K05774,98,0,4,3,164,7,2,
K06167,3,0,0,0,1,1,0,
K17290,0,0,0,0,0,0,0,
K09979,149,1,9,13,211,27,1,
K01223,17,1,0,2,27,1,0,
K03756,0,0,0,0,0,0,0,
K02753,236,5,3,8,367,17,0,
K03487,393,43,20,13,669,54,6,
K07345,106,6,0,0,108,0,0,
K15540,185,4,0,0,284,0,0,
K07347,811,15,4,8,1078,12,4,
K02014,1184,18,72,4,1767,124,6,
K03811,1425,4,43,0,2820,60,2,
K00558,1302,173,1123,20,2197,479,57,
K07458,0,0,0,0,0,0,0,
K03978,0,0,0,0,0,0,0,
K22736,473,52,370,21,782,361,32,
K01919,1594,383,1291,60,2489,1532,166,
K00799,0,0,0,0,0,0,0,
K15738,1447,311,1624,112,1860,2242,198,
K01167,206,21,258,5,337,148,10,
K04564,0,0,0,0,0,0,0,
K03305,1479,53,319,2,2483,564,10,
K06975,182,20,89,6,374,103,9,
K00574,1222,55,518,13,2394,970,39,
K15974,301,11,23,0,540,60,7,
K21695,87,0,5,0,118,5,0,
K02455,0,0,0,0,0,0,0,
K02454,0,0,0,0,0,0,0,
K14645,0,0,0,0,0,0,0,
K21023,1274,55,530,9,2042,294,31,
K18900,8,0,1,0,18,4,0,
K15777,900,9,141,8,1686,160,12,
K24163,1418,34,179,3,2202,215,24,
K02557,713,57,206,23,1077,412,36,
K02556,922,48,144,7,1425,279,13,
K03719,244,22,82,11,431,100,9,
K00285,1400,70,579,24,1970,1684,55,
K01775,921,64,779,18,1174,1265,58,
K01322,556,27,176,6,899,160,10,
K03098,0,0,0,0,0,0,0,
K07283,347,28,89,20,606,176,19,
K01749,743,54,225,19,1236,250,28,
K08083,508,146,604,21,1027,851,53,
K03669,1019,83,976,22,1483,825,74,
K06999,0,0,0,0,0,0,0,
K03284,1021,5,55,3,1734,91,8,
K22474,15,0,11,0,22,7,2,
K00117,1979,68,277,7,3686,400,16,
K01935,0,0,0,0,0,0,0,
K00833,416,22,196,5,661,265,15,
K04034,701,8,20,0,1059,33,2,
K05275,0,0,0,0,0,0,0,
K13979,982,151,507,26,1689,1097,69,
K02014,2552,228,1682,57,5075,2797,83,
K03286,1407,73,234,4,2928,737,36,
K01087,622,4,12,2,1086,15,7,
K00697,1164,26,123,2,1701,135,13,
K05810,152,5,16,0,265,16,3,
K06180,412,63,1016,11,647,872,59,
K05807,0,0,0,0,0,0,0,
K21023,97,8,25,2,154,33,2,
K22522,0,0,0,0,0,0,0,
K03088,424,72,70,21,673,129,33,
K06147,662,49,427,18,994,442,34,
K00868,744,128,1017,54,1206,894,128,
K03686,976,236,2244,87,1584,1488,205,
K02014,2295,77,348,13,4834,1052,59,
K01878,1204,119,900,30,1783,1550,61,
K02454,1953,123,826,34,3703,1349,58,
K01951,977,107,473,17,1913,655,54,
K02488,163,6,53,1,324,34,6,
K02676,0,0,0,0,0,0,0,
K07082,301,34,374,13,475,353,29,
K25578,1032,107,1049,38,1888,947,49,
K09458,930,29,659,21,1503,678,54,
K00059,993,268,1121,50,1879,1118,92,
K02078,0,0,0,0,0,0,0,
K00645,940,123,2095,50,1440,1996,99,
K00648,1267,114,1709,27,2080,1629,89,
K02911,0,0,0,0,0,0,0,
K07040,0,0,0,0,0,0,0,
K25422,0,0,0,0,0,0,0,
K03924,826,86,274,12,1393,518,44,
K22452,1040,18,94,0,1615,153,6,
K07285,735,195,619,132,1951,1628,226,
K02343,1007,222,1548,32,1939,860,106,
K02503,0,0,0,0,0,0,0,
K06187,0,0,0,0,0,0,0,
K09747,0,0,0,0,0,0,0,
K11741,0,0,0,0,0,0,0,
K11211,576,47,299,13,1163,385,54,
K12982,523,106,392,18,1026,357,47,
K20074,330,40,207,6,669,232,26,
K02342,327,30,188,6,428,212,14,
K03469,230,41,259,11,396,426,19,
K01069,360,69,220,24,652,231,42,
K03770,220,1,16,0,294,27,5,
K08307,0,0,0,0,0,0,0,
K01338,2722,1054,3515,181,5749,4453,430,
K03530,0,0,0,0,0,0,0,
K03544,3505,1843,5436,435,8044,7579,910,
K01358,45,18,171,7,114,132,7,
K03545,3436,1543,4633,350,6450,7949,674,
K00030,375,39,158,7,628,212,21,
K01607,1058,193,727,62,1585,1905,91,
K03676,736,210,745,65,1440,1553,109,
K01423,1403,268,842,102,2730,929,131,
K07657,651,80,142,34,960,301,53,
K07636,1221,74,335,33,1886,302,50,
K00937,1604,80,293,12,2665,610,33,
K01524,1163,130,665,18,1771,594,56,
K19302,283,1,3,0,492,2,0,
K03269,92,13,26,3,217,33,13,
K06445,3307,1253,1722,110,6721,4705,494,
K03301,499,17,80,5,927,139,7,
K08987,0,0,0,0,0,0,0,
K03799,109,2,38,0,181,21,1,
K03744,484,12,258,5,715,283,4,
K06194,1639,335,4357,87,3253,4768,277,
K09008,32,8,32,0,74,35,1,
K07574,764,179,650,52,1549,1269,56,
K02427,938,226,366,93,1973,461,128,
K03798,3940,2228,12900,563,8072,12474,1363,
K00796,661,73,622,23,1077,728,49,
K00791,429,50,303,16,657,308,28,
K03666,628,78,503,27,1388,1138,52,
K03665,1004,148,1150,42,1905,1363,73,
K03743,266,36,133,6,345,173,9,
K01356,648,333,776,286,1224,347,231,
K03553,2483,3266,4953,746,5605,6762,1288,
K03565,624,358,375,132,1249,624,200,
K01872,1181,165,1012,34,1825,1599,85,
K06978,1318,52,120,6,2000,153,10,
K18893,113,6,20,3,191,26,3,
K06878,0,0,0,0,0,0,0,
K09983,0,0,0,0,0,0,0,
K02662,24,2,33,0,42,31,0,
K05366,1784,220,832,43,2977,1723,177,
K01647,177,41,67,0,270,195,13,
K03655,2061,447,2601,97,3652,4625,146,
K02909,0,0,0,0,0,0,0,
K02014,1456,155,843,34,2472,630,99,
K02458,113,8,50,0,165,85,7,
K02459,251,14,67,2,289,46,3,
K02460,465,12,73,4,678,91,5,
K02461,618,46,452,6,870,374,40,
K02462,219,19,115,5,266,159,8,
K02453,1605,165,1012,18,2490,1256,82,
K16870,544,50,230,12,829,356,24,
K00763,1331,119,524,22,1867,804,38,
K06596,776,77,690,4,1075,603,41,
K06597,0,0,0,0,0,0,0,
K02660,1374,140,1161,15,1991,1355,88,
K02659,542,83,1183,9,778,959,39,
K02658,421,42,509,7,547,550,27,
K02657,634,96,428,5,891,551,35,
K01920,749,120,328,22,1382,723,35,
K03568,1542,98,663,25,2295,1894,64,
K03568,2323,149,946,15,3252,2244,62,
K07154,0,0,0,0,0,0,0,
K04090,1377,33,223,6,2031,227,10,
K15773,0,0,0,0,0,0,0,
K03088,905,127,468,30,1646,360,88,
K02477,292,4,76,2,459,66,7,
K02495,1031,168,909,31,1618,1017,74,
K01519,372,19,223,6,567,200,10,
K00989,254,8,106,6,295,179,10,
K00942,728,82,896,28,1094,621,45,
K03060,535,176,1895,50,886,417,35,
K01139,1633,365,1858,78,3002,1194,140,
K09022,0,0,0,0,0,0,0,
K01703,401,215,883,7,680,743,86,
K01704,0,0,0,0,0,0,0,
K01649,1553,455,1562,58,3286,2592,254,
K01754,1441,438,1018,37,3187,2360,226,
K01652,936,350,535,45,1732,684,213,
K11258,0,0,0,0,0,0,0,
K00053,1301,426,1170,81,3215,1735,343,
K00681,1677,72,407,6,2869,820,44,
K00852,576,14,18,4,766,58,5,
K09955,1448,37,238,9,1853,271,20,
K00616,628,17,37,0,963,63,6,
K00154,300,13,70,1,432,79,12,
K09474,0,0,0,0,0,0,0,
K02014,4849,300,2061,22,7595,9660,135,
K02014,942,40,1131,7,1458,936,16,
K17836,0,0,0,0,0,0,0,
K14393,1162,44,843,9,1761,1679,33,
K01895,2441,285,1739,42,4375,3050,115,
K03406,1168,15,201,3,2426,109,7,
K20975,177,1,7,0,193,8,0,
K23242,0,0,0,0,0,0,0,
K09800,2366,217,1508,20,3506,2177,91,
K02837,2014,115,399,38,3140,1064,34,
K11068,769,39,178,6,1328,145,22,
K07290,762,20,47,6,1275,81,8,
K20534,614,165,481,24,1815,822,85,
K03814,679,96,672,44,1183,703,99,
K04083,655,55,396,37,1128,431,61,
K02014,12561,2232,6045,202,27879,23999,1102,
K00845,1072,46,430,11,1368,642,18,
K02429,1569,25,284,2,2450,539,6,
K02529,817,47,221,9,1311,389,8,
K00820,642,23,354,10,668,499,18,
K01443,590,39,351,3,854,483,26,
K10532,805,21,90,0,1097,119,10,
K00974,124,1,25,0,225,19,4,
K03775,1248,332,1880,72,1902,1768,160,
K07148,923,14,103,3,1353,106,8,
K00285,539,30,136,6,737,126,16,
K00383,1144,50,833,16,1879,887,46,
K07443,114,22,82,3,207,104,13,
K23169,0,0,0,0,0,0,0,
K23170,0,0,0,0,0,0,0,
K12526,1084,88,670,21,1525,1124,67,
K06998,714,40,173,8,1113,426,13,
K06998,587,23,129,3,915,268,15,
K01826,0,0,0,0,0,0,0,
K03832,0,0,0,0,0,0,0,
K00906,995,109,722,13,1929,956,31,
K07131,99,9,47,2,152,30,5,
K06945,0,0,0,0,0,0,0,
K06879,1120,399,636,55,3625,1258,174,
K00163,290,13,63,2,375,102,2,
K10947,477,100,8,49,886,10,27,
K07229,103,21,1,13,154,1,8,
K09946,475,98,332,10,938,438,36,
K07461,181,44,242,2,384,297,29,
K01626,1250,209,1163,29,2557,2801,100,
K00549,19,0,6,1,65,36,2,
K03297,1182,160,1615,17,2537,1807,57,
K05539,729,49,309,55,1155,520,103,
K07660,4284,1921,10002,594,10052,13118,893,
K15011,925,175,401,40,1518,798,85,
K09933,249,0,1,0,345,3,2,
K03524,804,22,313,16,1501,332,18,
K03525,474,38,444,16,692,401,29,
K00605,1242,302,3008,52,2494,1740,156,
K02437,0,0,0,0,0,0,0,
K07340,427,38,203,9,841,339,20,
K07340,0,0,0,0,0,0,0,
K04765,226,5,145,2,340,116,4,
K09771,0,0,0,0,0,0,0,
K01082,575,21,693,0,777,630,22,
K08312,656,92,630,18,1041,840,42,
K09761,394,55,468,12,644,299,25,
K06598,374,11,86,0,500,128,7,
K21639,1183,12,151,6,1870,103,8,
K00252,1427,125,995,20,2610,1321,73,
K07178,946,80,351,10,1509,472,22,
K03566,1142,68,362,25,1836,426,42,
K03817,0,0,0,0,0,0,0,
K16088,1748,21,159,20,1276,1510,19,
K12254,457,38,428,5,886,523,21,
K10254,364,63,130,12,849,627,20,
K02488,1231,114,3294,15,1892,1376,58,
K07216,0,0,0,0,0,0,0,
K09471,1095,269,822,54,1814,917,127,
K07010,982,43,114,11,1570,211,9,
K01915,1284,76,207,12,2063,545,38,
K11073,2031,334,1145,43,4388,3086,180,
K11076,847,103,706,21,1480,766,51,
K11075,536,35,82,3,1015,175,16,
K11074,743,37,366,11,1245,363,29,
K01271,334,18,42,5,497,99,8,
K03284,690,114,674,12,1070,891,25,
K06189,478,65,248,2,788,275,41,
K07042,368,74,256,8,934,313,27,
K06217,670,111,88,30,1051,186,44,
K09017,874,190,562,60,1593,908,53,
K01990,625,124,665,19,931,476,27,
K01992,0,0,0,0,0,0,0,
K06168,621,16,206,7,807,191,11,
K08309,1026,73,363,4,1928,255,33,
K00411,1254,291,1023,38,3159,1642,225,
K00412,2277,248,1206,19,4721,1951,111,
K00413,1304,206,1521,25,2503,1746,133,
K03599,2073,639,4608,100,4873,3731,263,
K03600,488,294,1011,75,1058,776,84,
K00767,623,12,126,1,1007,140,3,
K09791,185,22,86,6,349,143,24,
K01588,558,101,490,23,1053,887,47,
K01589,832,118,1452,16,1174,1310,86,
K04564,114,4,18,1,154,23,4,
K01607,0,0,0,0,0,0,0,
K07390,798,73,975,31,1678,977,19,
K05595,882,40,215,10,1685,153,17,
K03269,218,40,70,12,415,152,19,
K00764,953,20,375,7,1396,283,17,
K03558,485,50,483,14,788,816,27,
K03749,521,47,487,22,920,492,37,
K11754,1075,220,1086,83,1938,1745,125,
K22305,485,41,139,19,785,281,30,
K07391,2137,300,2293,84,3967,1434,104,
K09806,189,17,93,24,326,113,17,
K04752,445,87,1030,10,880,557,35,
K05982,16,0,5,0,22,2,0,
K01834,1232,79,493,14,2127,1182,26,
K07017,849,45,600,20,1363,873,30,
K08223,423,12,11,2,751,29,1,
K03325,31,0,1,1,35,3,1,
K03741,574,24,118,8,883,202,17,
K03924,833,28,113,2,1189,267,22,
K01447,1829,17,71,0,2828,48,9,
K02172,680,217,391,66,1258,518,140,
K06877,1040,96,189,20,1711,262,61,
K07502,0,0,0,0,0,0,0,
K00943,0,0,0,0,0,0,0,
K22719,1209,133,689,60,1936,606,117,
K03797,1174,222,1140,94,2201,1292,164,
K06076,14771,5851,8103,814,30230,32589,2086,
K03832,426,9,55,0,452,79,6,
K11209,1473,82,331,30,2875,928,23,
K01278,2457,197,983,40,4297,2212,95,
K08994,615,68,476,15,873,420,23,
K12262,474,40,247,14,760,212,16,
K20975,876,113,418,70,1441,719,61,
K07112,0,0,0,0,0,0,0,
K07112,0,0,0,0,0,0,0,
K22042,0,0,0,0,0,0,0,
K04754,211,33,105,4,369,229,25,
K09760,1336,108,461,17,2162,1214,35,
K00432,0,0,0,0,0,0,0,
K11250,815,13,189,6,1434,164,10,
K03294,602,36,437,7,1074,932,17,
K01273,575,9,88,0,1076,93,8,
K01262,395,14,25,2,583,41,0,
K09895,647,175,626,36,1164,957,110,
K09892,413,41,268,8,630,124,13,
K09888,362,89,315,14,609,311,44,
K01934,327,28,134,7,472,167,18,
K01807,1062,53,461,16,1608,812,33,
K09005,316,5,8,2,490,50,2,
K00761,546,44,190,16,889,340,23,
K00681,1120,70,408,39,1663,543,62,
K00954,1459,450,4236,58,2514,4753,231,
K08316,530,102,294,14,987,408,27,
K04079,4857,2500,2257,454,10652,8292,1208,
K03110,1011,210,463,47,1527,507,80,
K03575,788,56,148,25,1420,179,23,
K09810,4,0,8,1,6,6,1,
K09808,683,167,856,42,1231,1315,78,
K19168,254,46,338,9,436,214,20,
K00239,1753,633,1090,57,2844,2497,216,
K00240,0,0,0,0,0,0,0,
K09159,0,0,0,0,0,0,0,
K00242,790,206,742,28,1496,1269,79,
K00241,726,173,720,38,1530,1469,54,
K10112,308,67,266,32,568,251,35,
K00036,1425,314,1385,50,2389,2131,73,
K00845,434,58,388,12,604,301,66,
K01057,244,46,185,8,413,297,21,
K01690,0,0,0,0,0,0,0,
K01625,0,0,0,0,0,0,0,
K02026,616,50,239,22,996,211,37,
K02025,220,25,72,0,377,60,11,
K02027,655,14,55,2,1117,28,3,
K02529,1140,158,489,9,2217,945,52,
K05527,170,47,455,18,309,207,44,
K09780,357,72,774,25,572,697,61,
K05896,775,126,147,37,1062,177,21,
K06024,750,68,155,21,1335,362,24,
K06178,1987,288,2050,72,2720,4188,252,
K14287,997,46,385,9,1610,585,21,
K02193,490,18,99,6,888,140,11,
K02194,339,23,82,0,531,103,4,
K02195,657,50,130,10,918,188,23,
K02196,31,3,5,1,36,9,1,
K02197,282,22,52,1,416,71,7,
K01682,1905,58,312,9,3043,253,9,
K19156,364,41,634,26,408,630,32,
K04066,82,4,5,0,93,10,1,
K01286,0,0,0,0,0,0,0,
K03327,1186,66,274,9,1864,395,23,
K03648,0,0,0,0,0,0,0,
K09811,888,148,1654,54,1276,1141,106,
K09812,47,7,78,0,92,58,7,
K03732,1192,194,2027,53,2268,1292,99,
K03671,1076,318,675,62,1888,1369,165,
K03628,2659,563,1375,118,3730,4099,280,
K18118,141,2,27,2,227,25,4,
K00982,1594,90,604,19,2507,631,60,
K09125,49,6,12,2,81,21,3,
K01443,2,2,0,0,0,0,2,
K02081,109,48,12,11,171,47,29,
K16371,656,205,98,57,1151,135,172,
K02082,406,347,128,92,588,135,243,
K03406,1102,64,312,15,1471,309,30,
K03412,0,0,0,0,0,0,0,
K00575,0,0,0,0,0,0,0,
K03118,775,39,375,14,1253,387,43,
K03117,699,43,52,11,1216,165,22,
K20523,711,202,1879,50,1356,1268,124,
K03116,0,0,0,0,0,0,0,
K07277,275,10,56,6,501,76,21,
K11749,2512,519,1247,143,3965,3003,229,
K00099,1133,127,293,64,1771,374,84,
K00981,663,51,418,23,1157,565,34,
K23676,173,37,87,2,386,252,20,
K06911,628,53,151,12,1235,313,38,
K06188,995,128,295,23,1764,948,46,
K06911,1311,87,563,15,2563,1924,58,
K00052,0,0,0,0,0,0,0,
K00262,0,0,0,0,0,0,0,
K18302,1119,206,552,33,1564,1072,127,
K18301,1373,257,1406,113,2169,1117,166,
K00573,1151,210,1403,93,1997,2209,107,
K12340,184,52,91,16,322,282,23,
K02527,119,4,23,0,123,19,2,
K02517,0,0,0,0,0,0,0,
K13409,431,13,91,4,661,126,9,
K07263,1908,14,142,0,2559,115,12,
K13408,1420,21,303,0,2403,374,13,
K00029,1663,38,152,22,2465,185,21,
K11103,3013,699,3343,190,5723,5662,396,
K10819,1684,20,89,0,2662,65,14,
K07221,786,4,90,4,1190,124,4,
K07221,924,4,37,0,1198,30,3,
K01753,952,28,557,8,1444,480,13,
K03299,970,17,75,0,1417,46,4,
K19337,514,17,144,3,769,190,8,
K06015,775,6,112,8,1017,134,12,
K09022,608,20,374,18,1145,460,15,
K03312,1793,234,1522,40,3230,1963,79,
K00285,0,0,0,0,4,0,0,
K06949,1139,57,301,13,2152,422,34,
K14260,1807,87,412,39,3320,714,53,
K22278,665,18,185,8,941,197,14,
K07390,1263,211,692,40,1978,1794,89,
K25232,1212,106,481,15,2706,935,42,
K06927,0,0,0,0,0,1,0,
K01070,84,5,23,0,128,24,2,
K00121,680,36,788,10,1342,981,9,
K23239,562,34,260,9,1111,785,22,
K08309,26,4,3,0,37,3,3,
K03719,61,10,80,0,158,98,2,
K03559,0,0,0,0,0,0,0,
K11939,119,2,29,0,160,53,2,
K03673,969,143,384,55,1777,730,87,
K03673,1339,238,612,65,2539,1972,105,
K01752,694,26,118,1,1200,148,16,
K01952,292,24,84,3,389,107,8,
K01183,1311,2,51,0,2059,46,6,
K04750,442,19,70,0,692,75,6,
K01467,1671,201,1253,22,2894,1835,92,
K12132,1313,62,693,14,1803,537,18,
K01838,791,180,1156,53,1244,1261,92,
K17686,16484,3940,22363,1299,33805,52382,2455,
K19591,1084,343,998,61,2764,2149,250,
K12685,774,142,573,53,1479,542,37,
K00564,0,0,0,0,0,0,0,
K07386,1807,171,866,22,3437,1808,66,
K03147,1381,44,148,5,2044,265,5,
K02014,8348,224,7630,95,14336,17957,137,
K01507,922,69,324,14,1283,476,34,
K15987,374,33,315,2,652,316,19,
K21071,2180,50,156,7,3569,144,11,
K00939,1616,816,1634,172,3358,3870,475,
K02558,1287,185,1108,75,2157,1327,101,
K01821,65,0,10,0,101,17,2,
K18364,603,17,83,6,1045,183,6,
K04073,543,17,101,2,993,113,10,
K01666,742,7,101,8,1103,208,13,
K01617,619,17,110,2,1012,109,14,
K03975,100,14,94,5,215,37,5,
K07157,0,0,0,0,0,0,0,
K13775,139,3,15,0,208,18,0,
K10716,166,12,19,0,220,31,3,
K00821,0,0,0,0,0,0,0,
K20866,482,2,15,2,759,9,5,
K01845,727,22,71,0,1000,89,6,
K00788,702,26,231,4,1002,624,15,
K09005,479,54,151,12,978,136,45,
K08641,411,8,35,1,552,65,5,
K13282,1278,658,2398,71,3425,1324,276,
K13051,1435,174,1477,49,2601,2007,97,
K02421,481,14,131,4,694,92,5,
K02419,667,8,11,0,1204,10,0,
K02418,94,26,43,0,136,35,6,
K02416,232,33,32,2,327,97,13,
K02417,0,0,0,0,0,0,0,
K02415,320,29,37,0,467,54,5,
K03294,1798,177,811,22,4070,1498,91,
K09164,198,11,292,0,344,174,10,
K01447,10,1,6,0,17,3,0,
K12297,1188,178,1504,68,1877,1499,123,
K00019,3,0,4,1,6,5,0,
K07518,1380,41,571,16,2009,778,51,
K09975,355,14,63,2,550,95,2,
K01266,741,12,126,5,1175,167,5,
K03683,0,0,0,0,0,0,0,
K09929,724,39,215,17,1171,343,13,
K09930,484,12,71,7,625,126,3,
K02274,384,62,487,5,869,488,38,
K02258,0,0,0,0,0,0,0,
K02275,1626,274,2366,20,3409,2123,146,
K01778,0,0,0,0,0,0,0,
K01354,734,158,861,29,1119,1141,85,
K09790,0,0,0,0,0,0,0,
K02836,875,139,1241,41,1335,1360,114,
K04567,43,2,4,3,35,10,1,
K01897,164,16,98,1,255,181,8,
K00058,1388,288,797,36,2812,2087,94,
K18143,49,2,30,1,100,28,1,
K18144,597,25,149,5,860,155,12,
K18145,818,6,103,2,1389,99,8,
K18138,2026,24,242,9,3392,232,24,
K21023,810,42,371,15,1262,544,40,
K02356,0,0,0,0,0,0,0,
K08683,0,0,0,0,0,0,0,
K01640,880,94,937,16,1600,702,56,
K13766,639,21,241,2,1008,405,14,
K04758,301,5,42,2,491,27,3,
K04759,1267,107,743,23,1685,1418,57,
K00215,555,77,649,39,953,637,57,
K01956,1251,163,1155,28,2208,2072,53,
K01955,3006,388,1523,38,4909,3677,150,
K03624,558,123,1104,13,815,1091,46,
K07462,1157,38,202,3,1685,189,12,
K01007,200,22,55,1,312,116,5,
K11991,0,0,0,0,0,0,0,
K13288,0,0,0,0,0,0,0,
K09773,1012,152,733,29,1869,1379,51,
K09920,552,144,935,22,1411,366,47,
K17103,346,45,535,19,698,624,45,
K22881,867,117,1807,29,1392,1901,88,
K03821,827,110,713,11,1239,536,48,
K13821,185,9,42,2,220,46,10,
K04750,401,31,90,0,703,159,9,
K07032,366,21,47,2,701,145,11,
K09019,365,9,20,0,662,103,5,
K07276,901,65,447,17,1573,341,43,
K12373,2,0,1,0,10,2,0,
K00575,332,36,95,0,515,134,26,
K03411,290,46,281,6,360,248,15,
K03412,353,53,170,8,465,249,23,
K03672,0,0,0,0,0,0,0,
K24217,480,47,376,18,800,441,28,
K02298,1737,630,1707,107,2630,3912,365,
K02300,0,0,0,0,0,0,0,
K02299,0,0,0,0,0,0,0,
K02297,3269,930,3553,157,5083,6311,514,
K06940,163,8,52,2,259,49,5,
K18900,476,41,104,18,616,119,8,
K09965,712,17,64,11,1424,91,20,
K06078,306,173,178,33,672,536,57,
K09760,4562,3948,4916,740,13093,6707,1587,
K10680,883,30,19,8,1477,62,16,
K04084,1314,108,386,29,2170,522,71,
K03926,397,63,94,27,599,133,21,
K02655,773,15,152,3,1243,162,6,
K04078,2182,1704,1849,497,5325,3635,1087,
K04077,7666,3202,2777,566,14135,12751,1493,
K03566,57,3,6,0,73,2,1,
K00799,436,4,6,0,694,6,0,
K02198,1254,48,94,4,2094,198,32,
K02199,393,17,88,6,596,145,12,
K02200,183,16,51,1,232,85,8,
K00641,1053,80,554,16,1999,539,44,
K16012,60,1,4,1,89,4,0,
K16013,818,80,1152,6,1227,649,82,
K00425,3037,321,2761,13,5878,6099,93,
K00426,2639,325,2295,33,5557,6097,160,
K00424,347,59,323,2,651,255,16,
K03449,104,0,0,0,208,0,0,
K00147,80,14,44,2,126,18,3,
K00931,696,99,445,28,988,412,47,
K01755,729,70,283,12,1099,322,76,
K09780,0,0,0,0,0,0,0,
K00145,812,378,454,24,1269,777,248,
K22478,664,273,267,29,1044,505,195,
K22479,0,0,0,0,0,0,0,
K01940,943,328,393,73,1463,821,290,
K09065,1174,579,856,114,2124,1969,568,
K01883,971,60,427,23,1669,707,41,
K02426,481,5,26,4,727,91,6,
K08225,110,1,17,3,152,39,11,
K06204,101,16,46,0,136,86,5,
K01465,1501,314,765,41,2697,1930,119,
K22292,346,26,415,12,472,270,28,
K00568,3,0,1,0,2,0,0,
K12960,630,69,799,20,1029,1303,73,
K02356,84,7,19,0,130,75,5,
K21023,1144,174,1043,31,2076,2042,85,
K19810,0,0,0,0,0,0,0,
K02533,796,23,394,6,1138,460,33,
K01092,572,26,331,19,895,359,7,
K03799,364,77,219,41,593,236,48,
K01894,517,45,205,7,658,203,39,
K00023,819,78,429,15,1532,699,35,
K02014,824,6,49,5,1439,35,4,
K13639,30,1,1,0,57,0,0,
K00286,381,69,280,10,542,531,37,
K06997,498,81,842,36,901,876,88,
K02669,2177,379,2594,82,4201,3852,98,
K02670,1229,169,1282,39,2015,2194,69,
K01246,358,1,28,1,531,34,4,
K07735,526,88,499,32,1048,381,62,
K07447,244,19,93,5,463,157,8,
K00609,86,22,41,1,129,97,6,
K07234,110,7,27,3,208,39,0,
K06213,842,21,178,5,1350,248,4,
K02784,125,20,248,4,145,248,14,
K06958,437,66,556,30,675,338,36,
K06023,664,66,147,17,1064,344,50,
K03092,3188,1062,2790,271,9107,4993,350,
K05808,0,0,0,0,0,0,0,
K06861,902,137,379,18,1490,438,39,
K09774,494,86,335,21,744,608,52,
K11719,621,90,208,9,932,384,15,
K03270,35,2,4,0,68,5,0,
K06041,604,134,470,33,1073,806,41,
K00790,1088,115,1047,25,1648,2258,68,
K11175,561,311,272,200,991,496,184,
K08984,59,0,5,0,83,3,1,
K01933,540,44,413,11,843,488,30,
K09938,1070,358,3081,139,1757,2501,311,
K10763,160,12,71,4,191,59,5,
K00992,12,0,2,0,18,0,0,
K07102,313,22,168,8,487,141,9,
K02237,0,0,0,0,0,0,0,
K02014,3340,51,995,16,4609,3324,22,
K01874,1561,141,800,25,2290,1447,72,
K18697,428,31,164,3,595,248,22,
K03616,0,0,0,0,0,0,0,
K09022,0,0,0,0,0,0,0,
K14205,567,18,96,2,823,130,16,
K22278,76,0,5,1,111,6,0,
K01975,492,35,269,11,667,140,12,
K06193,248,5,14,2,411,48,5,
K04046,540,15,84,6,929,122,8,
K11621,287,122,112,37,561,152,104,
K03088,606,759,1249,221,1644,919,659,
K08159,794,54,677,20,1147,350,17,
K06204,0,0,0,0,0,0,0,
K09912,457,158,410,57,709,591,61,
K07043,456,17,61,1,625,106,2,
K07862,414,10,297,1,604,237,17,
K06132,411,15,45,4,629,44,13,
K06895,75,12,62,7,101,49,11,
K05596,798,16,39,5,1191,93,6,
K06077,0,0,0,0,0,0,0,
K02298,1254,163,569,40,2106,1034,116,
K02300,0,0,0,0,0,0,0,
K02299,0,0,0,0,0,0,0,
K02297,1538,113,365,21,2355,878,48,
K01870,1008,160,1519,53,1623,1104,116,
K03527,0,0,0,0,0,0,0,
K03101,0,0,0,0,0,0,0,
K11753,386,82,650,24,610,998,68,
K03980,868,82,748,35,1181,970,73,
K03979,974,35,355,17,1292,274,19,
K02968,0,0,0,0,0,0,0,
K02899,181,24,313,12,245,329,16,
K02888,1666,666,1476,151,2967,3422,397,
K03701,3135,386,1384,94,4472,3041,260,
K07107,2,0,1,0,3,3,0,
K09796,18,3,23,0,18,9,0,
K13238,664,143,1128,32,1129,1007,54,
K10805,637,76,179,12,1286,319,48,
K03088,416,23,167,16,782,262,29,
K21420,534,138,99,16,881,178,38,
K01083,0,0,0,0,0,0,0,
K08289,1236,87,369,19,2082,592,32,
K06889,636,23,140,5,984,234,21,
K07260,532,24,29,2,796,58,4,
K01247,0,0,0,0,0,0,0,
K07778,1081,136,650,26,2108,1214,71,
K06977,949,178,677,76,1936,822,83,
K03610,578,123,373,50,1076,927,121,
K03609,1218,209,671,36,1949,1599,73,
K03608,103,17,69,3,189,93,6,
K07165,0,0,0,0,0,0,0,
K03088,0,0,0,0,0,0,0,
K02379,1313,81,212,14,2301,365,30,
K16138,1074,126,560,21,1914,834,29,
K19595,893,51,213,18,1538,493,18,
K19594,2235,52,219,4,3888,454,52,
K19593,906,35,83,1,1549,166,35,
K19591,560,17,227,2,914,173,11,
K01286,1243,37,262,9,1880,329,15,
K07345,530,18,206,4,1213,240,10,
K15540,1278,57,167,3,2218,259,22,
K07347,1355,13,110,2,2091,111,8,
K07677,1646,127,453,19,2481,383,81,
K07687,40,1,16,0,58,7,1,
K07687,760,49,304,3,1115,304,24,
K13633,897,149,518,45,1879,464,99,
K12132,556,27,212,1,1004,196,9,
K03687,3091,1684,1670,407,7488,4175,865,
K03631,1010,259,533,39,1630,827,81,
K03711,144,34,194,10,221,110,22,
K06186,307,11,20,3,542,36,6,
K09801,0,0,0,0,0,0,0,
K18588,143,24,199,4,217,161,10,
K03664,975,217,306,83,1808,454,60,
K01358,217,1,7,0,404,13,0,
K02278,391,8,24,0,595,20,5,
K02651,317,23,52,0,615,113,12,
K04033,812,19,47,0,1171,43,10,
K03286,547,18,46,4,860,60,5,
K01869,2753,397,2371,80,3922,4014,210,
K03643,1107,200,1049,86,2154,1349,96,
K02340,647,82,1091,53,948,1018,93,
K00969,405,27,220,3,536,231,18,
K09710,559,278,512,43,1065,860,102,
K00783,422,21,84,8,520,139,9,
K08084,482,5,7,0,589,1,0,
K03702,1685,129,1184,36,2767,1567,76,
K02495,2502,295,4689,15,3813,5696,124,
K02474,994,101,798,21,1735,563,26,
K22083,269,59,146,13,447,171,26,
K07146,710,114,729,16,1199,625,39,
K07496,561,81,278,28,1083,481,46,
K03699,584,61,296,12,921,220,24,
K07220,74,3,2,0,149,4,0,
K03306,0,0,0,0,0,0,0,
K01937,3905,1150,6721,350,7579,9767,810,
K01689,1932,343,805,37,3368,2782,150,
K05589,180,40,196,9,247,298,31,
K00991,428,71,563,20,652,694,58,
K01770,174,10,279,13,276,292,12,
K06176,281,19,357,3,409,287,24,
K03787,819,194,1639,40,1472,1040,112,
K00573,627,100,498,30,1080,679,51,
K02390,541,28,30,4,664,108,19,
K02389,592,63,88,0,1024,629,21,
K02388,182,51,53,0,321,251,34,
K02387,1,0,0,0,4,2,1,
K03415,440,55,58,6,697,113,44,
K02386,334,22,89,2,480,139,7,
K02398,831,684,2307,104,1827,2044,287,
K21023,96,18,52,2,135,39,7,
K02482,0,0,0,0,0,0,0,
K07675,750,73,315,8,1025,409,30,
K21023,2020,336,3064,59,2928,1925,194,
K03406,1047,19,73,1,1439,74,4,
K07153,101,63,84,3,181,188,10,
K00566,373,70,528,9,569,540,36,
K12152,413,24,156,6,676,176,19,
K06891,456,31,37,7,823,52,8,
K03694,5256,2121,5438,504,18377,10151,1289,
K00684,1,0,1,0,5,0,0,
K02518,0,0,0,0,0,0,0,
K09919,432,40,71,3,578,108,14,
K07098,480,19,48,1,622,84,7,
K00384,891,87,172,13,1493,477,53,
K03466,1857,335,2239,99,3489,1563,222,
K03634,1053,440,636,148,2218,2024,215,
K07478,1145,163,550,39,1832,832,100,
K06199,201,23,155,2,357,138,12,
K00845,573,68,650,20,790,507,20,
K01444,97,6,175,0,199,210,5,
K06201,0,0,0,0,0,0,0,
K10954,516,3,31,2,844,69,3,
K01061,479,57,442,4,801,525,27,
K02523,176,29,339,4,239,293,7,
K01187,1241,29,525,4,1971,767,14,
K16211,1140,24,282,6,1844,410,14,
K00701,1614,26,476,1,2389,916,17,
K02529,545,6,49,2,867,38,3,
K03111,1100,163,1545,22,1765,1860,49,
K03305,109,1,27,0,157,43,3,
K01303,2819,293,2606,54,4482,5139,174,
K03596,1209,77,342,44,2055,792,49,
K03100,0,0,0,0,0,0,0,
K04771,1989,303,1822,92,3115,1942,148,
K03597,2125,761,1187,273,4263,3206,498,
K03088,1616,1379,2055,632,3569,3274,932,
K01782,1472,216,989,45,2920,1940,133,
K16264,617,231,508,67,1120,371,67,
K03805,1447,920,2245,229,3424,3536,415,
K02199,955,104,592,26,1405,1597,92,
K13069,231,8,31,5,328,36,4,
K03759,1763,19,239,3,3253,711,8,
K01584,1959,123,325,15,3041,1147,28,
K03759,999,4,48,2,1316,73,9,
K03555,1382,198,692,21,1913,1008,63,
K00799,209,1,4,0,298,5,0,
K03781,1799,124,498,6,3564,1743,58,
K04762,358,10,32,3,511,35,6,
K03327,227,6,18,3,322,24,4,
K02014,1240,1223,321,23,2035,603,374,
K03977,968,205,2647,41,1478,1696,145,
K21147,1128,79,1088,24,1881,632,49,
K11747,1735,46,349,20,3083,494,32,
K01491,922,74,601,17,1575,814,67,
K00088,2492,597,2452,226,4508,5725,402,
K01951,1453,231,1585,51,2319,2225,132,
K01662,120,6,19,1,174,21,2,
K20035,1294,109,320,28,2270,327,46,
K02014,2753,286,606,20,4612,1175,143,
K03088,196,12,82,2,276,70,4,
K07165,374,33,130,2,592,155,38,
K12941,934,66,296,2,1190,345,50,
K07733,275,0,12,1,436,5,1,
K01872,1436,67,592,44,2187,1572,69,
K03563,601,139,1300,115,1253,368,69,
K00941,443,56,235,4,596,274,22,
K07175,500,82,119,17,961,579,53,
K03564,616,31,181,6,911,663,27,
K03567,643,76,175,11,1201,314,26,
K01714,907,95,332,31,1497,863,65,
K07287,175,44,180,6,224,425,27,
K05524,68,35,24,5,98,32,9,
K00970,1137,225,1773,36,1679,2283,157,
K00950,530,38,679,22,726,466,54,
K00606,890,92,408,55,1325,1103,61,
K01918,937,128,809,31,1343,1255,52,
K01579,528,24,48,4,827,134,3,
K01810,705,124,913,39,956,1167,100,
K15011,502,69,296,3,760,234,28,
K15012,0,0,0,0,0,0,0,
K08300,425,22,54,4,784,72,5,
K03526,0,0,0,0,0,0,0,
K19302,0,0,0,0,0,0,0,
K07689,0,0,0,0,0,0,0,
K06179,403,99,223,22,711,377,39,
K07238,217,4,26,2,407,31,4,
K03832,494,22,62,9,1006,219,25,
K01724,795,122,389,36,1653,1060,64,
K07400,949,240,782,72,2082,874,113,
K03585,584,91,503,11,827,496,78,
K03296,2123,272,926,23,3172,1123,198,
K06911,1344,43,104,8,2169,235,36,
K02106,426,3,11,0,735,18,1,
K03656,638,26,333,1,974,244,19,
K03790,0,0,0,0,0,0,0,
K03670,1027,37,192,22,1501,153,9,
K00857,0,0,0,0,0,0,0,
K10563,1282,45,155,15,1802,164,42,
K00507,736,77,324,15,1265,405,57,
K09474,505,4,19,7,855,68,9,
K02014,1526,33,130,4,2417,121,11,
K01183,0,0,0,0,0,0,0,
K07001,563,56,802,27,714,641,60,
K03719,184,13,51,3,258,69,11,
K00500,1,0,0,0,3,0,0,
K23240,0,0,0,0,0,0,0,
K02014,1021,19,144,17,799,1157,14,
K06911,130,3,11,1,196,17,2,
K01626,632,69,372,8,1041,543,27,
K06207,936,75,125,18,1497,353,29,
K03767,1406,191,1245,59,2478,1738,127,
K00024,3014,426,1529,52,3869,5394,244,
K06177,936,0,18,0,1492,26,0,
K01908,1201,36,405,6,1892,540,13,
K02483,542,12,61,0,729,32,2,
K07305,513,8,11,0,765,38,0,
K07304,79,3,9,0,117,7,0,
K00799,0,0,0,0,0,0,0,
K00219,1909,460,1470,301,3139,2782,227,
K01449,0,0,0,0,0,0,0,
K07149,0,0,0,0,0,0,0,
K03286,33495,13651,25071,2004,70462,105367,6030,
K06178,35,3,12,0,53,15,2,
K00639,213,7,63,1,370,91,4,
K07221,1160,30,520,6,2072,299,6,
K23163,609,17,123,2,1617,161,0,
K02046,608,0,17,0,984,34,2,
K02047,861,1,18,0,1474,31,0,
K02045,471,12,106,4,797,53,5,
K00060,306,1,51,2,452,75,8,
K00602,559,53,447,7,915,732,24,
K01945,467,35,411,3,703,819,37,
K05275,630,1,5,0,997,6,2,
K03566,749,34,96,10,1126,100,8,
K08224,315,1,3,1,461,1,2,
K05939,2203,135,345,23,3287,556,49,
K03807,146,12,52,1,260,53,7,
K03426,780,165,911,29,1335,1140,70,
K15724,193,82,171,48,316,101,44,
K20976,1418,49,200,19,1966,234,22,
K03594,597,255,2426,58,1246,1541,99,
K08311,1030,385,3147,124,2014,2105,178,
K02192,0,0,0,0,0,0,0,
K02996,494,6,20,2,684,29,5,
K02871,1210,367,729,120,2063,2904,280,
K06134,325,83,334,33,777,398,47,
K11741,0,0,0,0,0,0,0,
K10914,1867,297,552,50,3410,971,102,
K07090,280,18,46,6,541,64,8,
K18697,110,13,26,7,202,18,7,
K01609,307,77,372,13,572,459,29,
K00766,773,45,206,10,1345,659,13,
K05834,432,6,358,7,618,300,16,
K01658,314,11,39,3,495,168,5,
K01657,1238,155,691,19,2530,1279,29,
K07029,1021,173,706,41,1748,1087,51,
K00657,154,32,106,7,205,140,14,
K01783,517,40,299,13,779,642,25,
K01923,1586,230,818,33,3161,3010,105,
K05559,2250,173,950,59,3712,1209,98,
K05560,166,16,121,1,228,97,24,
K05561,980,46,363,10,1686,356,46,
K05562,329,13,14,0,521,42,0,
K07301,93,2,46,0,179,62,1,
K05563,0,0,0,0,0,0,0,
K05564,0,0,0,0,0,0,0,
K00451,395,16,262,6,752,470,15,
K00457,890,53,695,7,1331,1114,27,
K03305,1367,140,1382,43,2077,1653,91,
K00453,1567,218,1374,38,2311,1952,95,
K00167,1654,191,909,41,2475,2835,116,
K17290,145,16,134,2,211,135,10,
K03088,405,4,33,2,697,38,6,
K19713,1301,141,2652,17,2217,2096,74,
K06901,0,0,0,0,0,0,0,
K06020,0,0,0,0,0,0,0,
K00600,3260,474,2179,78,5627,5718,223,
K07738,298,32,158,7,422,290,14,
K11752,1292,44,369,20,1945,524,34,
K00793,567,95,1020,20,981,665,46,
K14652,1303,80,541,14,2148,1413,76,
K00794,585,79,441,27,971,851,37,
K03625,578,62,452,14,1064,960,35,
K00946,960,29,474,11,1451,486,21,
K07131,222,9,11,1,412,30,1,
K00104,44,2,38,0,68,21,2,
K06945,0,0,0,0,0,0,0,
K07121,565,51,470,7,676,472,31,
K07038,0,0,0,0,0,0,0,
K07460,0,0,0,0,0,0,0,
K07056,762,40,439,11,1143,599,28,
K03925,1204,179,1947,60,2402,1551,105,
K03438,1038,179,2552,36,1951,1936,117,
K03586,72,12,28,1,122,41,5,
K03587,1330,143,906,16,2199,707,58,
K01928,947,132,1076,37,1774,990,69,
K21757,501,5,26,2,735,13,9,
K01638,1280,97,191,66,2642,295,135,
K01637,1590,51,172,23,3787,234,40,
K01968,879,126,689,10,1378,375,35,
K01969,1463,53,722,18,2236,1039,36,
K00253,1127,39,532,11,1670,802,15,
K07004,960,42,722,10,1472,889,40,
K07018,521,38,173,20,663,271,30,
K06916,940,51,263,16,1304,444,43,
K00525,7645,879,5191,128,13167,13530,303,
K00526,2216,246,902,21,3747,2904,119,
K10806,553,55,506,24,963,340,40,
K11414,1147,106,510,33,2268,565,70,
K01433,346,28,114,1,508,191,15,
K08281,432,21,159,3,813,139,14,
K00549,170,5,29,0,399,92,3,
K07507,0,0,0,0,0,0,0,
K03073,1070,225,2023,79,1901,1320,98,
K02601,1108,259,1005,54,2139,1431,104,
K02867,5010,850,9583,245,7632,14530,471,
K02863,6427,953,4616,220,10235,18736,581,
K02864,12288,2280,8385,259,19790,28617,1002,
K02935,6687,1533,5442,90,10315,15809,546,
K03043,16533,3523,20254,467,25056,41173,1541,
K03046,15552,3354,15296,367,29601,38592,1596,
K02950,613,152,657,85,1060,2113,191,
K02992,1676,526,2002,121,2438,6002,326,
K02355,9429,2293,6861,607,15467,29068,1554,
K02358,21979,6093,31787,1087,33537,73912,3644,
K02946,2355,711,4059,221,3528,5180,486,
K02906,3251,845,2940,230,4411,7739,520,
K02926,3867,859,4269,108,5445,8480,398,
K02892,833,196,552,33,1336,1736,101,
K02886,3780,885,3964,120,6152,9221,414,
K02965,1034,217,1121,34,1837,2168,120,
K02890,2087,371,3404,61,3240,4836,221,
K02982,5878,1141,7263,189,9633,14289,596,
K02878,2413,446,2493,82,4210,5693,320,
K02904,763,107,754,19,1229,1707,74,
K02961,2097,397,3521,68,3505,5129,194,
K02874,4101,750,5746,105,7022,8491,344,
K02895,2557,491,3327,99,4306,5884,399,
K02931,5733,1122,6680,141,9844,12876,661,
K02954,3587,1094,6345,75,6126,8161,405,
K02994,2174,545,1568,93,3387,3406,183,
K02933,2155,615,1325,97,3528,4646,209,
K02881,1364,267,1059,74,2191,2636,184,
K02988,3940,795,7152,177,5873,12087,477,
K02907,367,61,474,8,578,1276,50,
K02876,3640,581,6097,106,5309,10469,479,
K03076,2776,377,4240,76,4477,5709,200,
K02952,1040,440,927,77,1541,2754,189,
K02948,989,326,535,59,1307,2290,155,
K02986,2676,970,3235,153,3997,8411,430,
K03040,3786,1064,2971,248,6145,9336,613,
K02879,2091,697,1215,72,3043,3223,263,
K03611,307,20,178,10,583,263,39,
K06968,139,10,21,1,188,73,0,
K02014,1517,56,188,20,2345,579,19,
K03300,512,1,4,0,762,36,2,
K07221,1239,2,46,0,1932,97,3,
K07774,356,19,120,7,443,85,13,
K07649,485,23,85,5,626,62,3,
K01886,178,15,51,2,195,49,9,
K00799,884,57,801,21,1615,1270,47,
K07304,799,128,1106,22,1592,1468,65,
K00616,324,27,154,4,420,140,13,
K06140,406,36,170,18,520,465,12,
K04761,202,21,22,2,331,140,6,
K03387,749,78,335,22,1138,444,38,
K24119,853,166,416,34,1697,1040,60,
K02493,1061,80,642,20,1902,729,38,
K06880,934,22,134,2,1309,131,4,
K01259,640,52,430,10,926,917,20,
K01515,57,4,23,0,105,61,3,
K00324,1385,335,4220,87,2594,3830,231,
K03088,296,43,132,47,557,218,54,
K00325,617,56,494,8,1088,958,19,
K02014,1365,75,262,11,2068,454,17,
K01021,0,0,0,0,0,0,0,
K00826,2054,544,2573,135,3800,5034,453,
K14645,741,15,42,0,1200,44,0,
K03976,4,0,2,0,11,1,1,
K01424,347,44,169,10,516,195,28,
K03809,154,13,52,8,234,113,7,
K07058,1057,93,164,20,1819,238,42,
K09667,818,42,318,6,1192,357,25,
K22468,0,0,0,0,0,0,0,
K02199,0,0,0,0,0,0,0,
K02835,683,21,83,6,1096,153,2,
K02492,937,54,318,8,1405,363,42,
K02494,519,49,716,33,832,636,45,
K00919,1427,110,259,45,2324,352,63,
K00948,1311,211,799,61,2135,1875,125,
K02897,3932,815,4183,97,6087,10376,355,
K01056,441,41,287,11,708,608,25,
K06942,54,3,19,0,100,25,3,
K07677,417,5,184,1,568,50,5,
K07687,0,0,0,0,0,0,0,
K08968,221,23,143,2,386,154,16,
K02233,278,3,31,1,398,37,2,
K00768,348,23,331,3,447,211,8,
K16092,2145,200,735,90,3224,2664,118,
K10834,122,0,1,0,152,5,0,
K19611,2652,37,467,37,1251,3845,58,
K07017,0,0,0,0,0,0,0,
K01091,1211,6,86,3,1326,795,6,
K02346,1565,51,337,21,2449,244,37,
K01716,381,50,162,8,614,171,21,
K01414,484,146,620,41,759,817,64,
K00647,0,0,0,0,0,0,0,
K07233,291,14,87,3,633,77,2,
K00351,92,4,18,5,136,18,4,
K02014,1367,62,332,29,2080,295,41,
K01759,1008,339,421,122,1867,733,172,
K09953,303,7,11,4,504,21,3,
K07258,648,11,188,10,807,95,19,
K03642,1458,244,2264,103,2234,1887,193,
K08305,855,156,845,64,1542,969,120,
K05837,99,15,260,5,170,154,20,
K05515,850,17,191,7,1292,165,23,
K03570,475,9,73,0,594,130,12,
K03571,0,0,0,0,0,0,0,
K03569,1189,32,291,13,1710,556,32,
K00856,728,45,159,7,1285,233,17,
K13985,1186,121,689,62,1856,1019,75,
K19736,281,23,89,4,523,64,0,
K01254,265,15,63,3,366,119,6,
K18138,1748,300,3883,135,3203,3363,179,
K03183,0,0,0,0,0,0,0,
K03365,0,0,0,0,0,0,0,
K03585,1424,104,399,21,2154,945,71,
K03667,835,146,884,51,1263,779,92,
K01419,957,340,1363,133,1987,2706,273,
K03733,705,6,199,4,1127,179,2,
K09921,652,102,643,31,867,946,62,
K06966,482,64,997,35,925,1126,54,
K08082,36,0,15,1,64,4,0,
K08084,452,11,240,2,947,211,25,
K02671,355,21,145,4,666,209,25,
K02672,894,59,234,3,1766,428,31,
K02673,546,82,167,2,1178,470,22,
K02674,5075,563,2043,28,9766,2963,226,
K02655,0,0,0,0,0,0,0,
K03832,389,13,38,10,687,92,10,
K09807,954,43,231,9,2177,367,36,
K06287,742,17,222,10,1211,158,18,
K08301,1285,107,1525,53,2037,1435,89,
K03568,719,131,642,38,1179,608,116,
K09889,259,24,324,11,306,212,19,
K03592,755,54,592,16,1209,767,36,
K00795,11,0,1,0,7,0,0,
K09940,0,0,0,0,0,0,0,
K04075,290,33,78,2,342,113,13,
K03602,0,0,0,0,0,0,0,
K01077,916,84,527,3,1457,307,29,
K06956,1421,83,690,28,2221,1193,78,
K06992,466,3,13,0,677,7,4,
K18290,254,10,44,0,351,14,0,
K01644,506,4,18,2,792,24,1,
K16842,498,5,32,0,725,49,4,
K00059,975,18,39,3,1480,83,11,
K13995,509,2,19,1,719,28,0,
K16842,739,17,37,0,1125,35,0,
K16842,711,15,66,9,932,88,5,
K00311,1718,124,663,30,2938,1545,68,
K03417,838,79,386,10,1526,723,43,
K00076,0,0,0,0,0,0,0,
K08738,0,0,0,0,0,0,0,
K03710,955,64,183,14,1396,466,15,
K02014,1848,67,389,50,2544,406,60,
K01703,756,26,323,5,1224,211,12,
K03832,136,0,15,2,204,62,0,
K03559,109,1,7,2,75,53,5,
K03561,817,10,74,9,621,560,8,
K09790,161,0,13,7,122,68,3,
K07280,1080,12,121,16,733,727,15,
K07215,0,0,0,0,0,0,0,
K00425,1680,25,91,4,2497,105,3,
K00426,1025,31,91,6,1627,211,29,
K18240,41,1,16,3,50,50,1,
K02078,568,63,731,19,738,352,21,
K00059,0,0,0,0,0,0,0,
K00647,730,40,263,19,1088,332,8,
K09902,448,44,89,13,629,170,12,
K03455,190,4,34,0,280,15,2,
K06213,1271,101,397,43,1927,784,40,
K09181,3071,127,2156,14,5270,2768,70,
K06222,0,0,0,0,0,0,0,
K19577,788,22,58,4,1113,110,8,
K05882,478,47,261,16,1010,348,18,
K06181,352,32,145,4,469,208,14,
K08963,1279,111,614,27,1851,1121,85,
K01972,445,15,287,6,834,241,19,
K04568,0,0,0,0,0,0,0,
K03529,2640,471,3342,67,5169,3499,206,
K03528,0,0,0,0,0,0,0,
K02939,966,230,657,46,1675,1293,90,
K02963,267,75,396,12,403,776,45,
K02990,1463,348,922,206,2114,2415,238,
K19577,706,45,151,8,1007,171,28,
K01893,2364,486,1949,135,4955,3440,226,
K07734,624,38,139,7,1134,277,11,
K01673,658,62,536,11,1207,845,41,
K00452,518,22,78,2,913,156,6,
K01556,1315,126,619,22,2400,1218,60,
K00486,737,61,315,4,1107,460,33,
K01141,974,66,245,14,1459,520,34,
K18277,37,1,0,0,45,0,0,
K15371,1784,194,503,43,2844,1074,94,
K00858,0,0,0,0,0,0,0,
K03585,966,143,581,22,1489,1485,119,
K18138,2057,508,788,76,3292,1691,258,
K00249,110,5,10,1,141,31,3,
K00548,1181,218,1677,71,2416,1885,119,
K00548,2427,509,2828,86,4327,2372,265,
K05820,329,8,18,1,477,43,2,
K09912,0,0,0,0,0,0,0,
K00012,490,56,176,12,768,222,28,
K03745,0,0,0,0,0,0,0,
K03772,1115,197,1840,54,1748,2288,165,
K00432,1829,301,2714,88,3149,4933,210,
K11621,834,133,300,26,1541,914,56,
K01679,366,13,95,5,556,172,7,
K01756,1597,134,563,22,2499,1537,52,
K18850,1523,196,512,34,2626,1704,72,
K02348,643,63,311,17,983,460,32,
K00164,6994,1779,5589,565,11249,12800,902,
K00658,3364,608,1891,109,5217,5974,291,
K08234,331,17,60,4,605,99,5,
K06134,717,34,100,8,1277,156,11,
K01687,1252,167,1076,19,2295,422,37,
K03924,643,8,64,2,1051,65,1,
K06384,920,23,147,0,1246,226,12,
K01726,635,38,114,3,1011,177,17,
K07729,261,6,57,2,377,66,3,
K09697,522,29,149,6,815,334,2,
K09696,1202,75,519,6,1644,818,46,
K00820,1039,468,2193,151,2169,1717,260,
K02005,1040,46,144,8,1531,216,36,
K02003,1016,13,83,2,1460,211,14,
K02004,943,50,217,3,1569,321,32,
K02004,748,9,106,2,1176,110,11,
K02004,1361,42,212,4,2150,217,26,
K02004,1046,41,166,0,1617,188,21,
K02004,890,25,190,2,1365,122,25,
K02004,1125,12,43,2,1757,73,7,
K02004,621,25,254,2,828,182,8,
K02004,760,27,137,0,1243,164,12,
K13598,221,11,129,0,298,61,9,
K04042,374,9,186,8,561,289,15,
K02112,1728,292,1692,39,2836,3154,149,
K02114,0,0,0,0,0,0,0,
K02115,989,175,514,28,1627,2272,63,
K02111,1866,337,2592,53,2958,4018,135,
K02113,1338,305,3470,59,1828,4220,192,
K02109,726,159,822,31,1034,1530,90,
K02108,1963,261,1036,49,2875,2295,117,
K02110,0,0,0,0,0,0,0,
K02005,732,139,871,8,1050,677,190,
K01990,727,9,23,2,1198,23,8,
K01992,478,9,15,1,721,19,0,
K07778,487,10,48,3,678,55,3,
K01255,107,37,222,7,134,211,13,
K07693,0,0,0,0,0,0,0,
K20862,485,41,281,20,608,447,25,
K04771,1215,256,975,52,2436,1833,96,
K00525,6001,643,4628,152,12125,9975,312,
K07788,2115,246,540,49,3244,568,104,
K07799,1579,193,620,67,2612,813,98,
K05782,23,0,0,0,34,0,0,
K01792,984,9,64,5,1511,66,2,
K09858,765,12,71,2,1369,66,12,
K07090,984,4,50,6,1683,40,0,
K02014,289,13,15,2,524,66,7,
K01495,271,20,136,8,376,239,19,
K03581,1469,32,154,6,2475,184,15,
K03582,315,12,43,2,489,62,9,
K03583,1947,149,734,16,2747,656,91,
K02065,1525,268,2518,74,2494,2325,103,
K02066,667,61,301,25,1282,460,61,
K02067,924,125,494,32,1757,750,67,
K07323,695,155,277,31,1144,901,60,
K07122,168,17,42,9,274,93,23,
K19802,202,8,137,1,427,189,8,
K05349,862,18,87,10,1218,136,4,
K21430,0,0,0,0,0,0,0,
K16053,981,82,455,33,1582,584,73,
K25706,1193,46,317,6,1882,280,27,
K01633,0,0,0,0,0,0,0,
K02970,880,278,497,137,1286,762,139,
K09117,949,239,520,43,1485,1412,104,
K07058,857,13,66,7,1310,53,7,
K02316,1255,91,533,27,1722,373,35,
K14347,248,6,21,0,456,38,6,
K02257,3,0,0,0,5,0,0,
K02259,879,41,380,4,1426,351,22,
K14998,1666,48,331,3,2923,190,20,
K02276,685,72,681,7,1224,507,37,
K02258,713,91,810,4,1345,581,51,
K00382,799,55,187,16,1196,579,40,
K00627,784,87,702,46,1170,1689,77,
K07275,886,857,802,209,2198,1664,372,
K02073,872,38,127,5,1693,253,19,
K02072,479,25,104,1,705,260,11,
K02071,503,29,123,2,877,267,15,
K15270,638,45,276,8,972,332,17,
K09767,0,0,0,0,0,0,0,
K00055,843,136,1476,27,1574,1233,64,
K00141,1230,31,224,18,1888,263,32,
K09781,364,7,87,6,644,77,6,
K09941,0,0,0,0,0,0,0,
K03688,1470,45,174,5,2312,274,28,
K05802,192,6,79,1,235,46,9,
K01002,0,0,0,0,0,0,0,
K03098,654,8,33,0,1183,67,6,
K01866,461,63,804,16,690,449,27,
K19304,1227,377,1270,86,1908,1639,174,
K09001,1,0,0,0,1,3,0,
K08218,390,30,100,1,708,119,20,
K01142,1033,50,226,7,1665,416,40,
K00762,836,158,665,37,1617,1027,52,
K01546,1687,14,78,2,2818,49,4,
K01547,1236,17,104,4,1985,88,9,
K01548,228,3,22,5,375,25,0,
K07646,691,34,135,2,940,101,15,
K15778,635,21,123,2,898,75,6,
K07667,0,0,0,0,0,0,0,
K13038,858,74,463,16,1475,1164,31,
K01520,0,0,0,0,0,0,0,
K03630,629,8,49,2,974,54,4,
K01887,1928,251,1507,143,2716,3468,176,
K03591,110,20,253,10,227,183,24,
K05886,0,0,0,0,0,0,0,
K00797,238,1,7,0,426,10,0,
K12979,63,7,47,0,101,25,3,
K00432,0,0,0,0,0,0,0,
K03088,289,15,73,11,493,119,9,
K01676,1875,288,1537,54,3162,3246,161,
K00799,0,0,0,0,0,0,0,
K01058,467,31,129,9,712,217,31,
K00537,0,0,0,0,0,0,0,
K09793,705,34,135,11,1332,244,18,
K06077,901,750,504,78,1906,1028,201,
K03704,0,0,0,0,0,0,0,
K22132,443,33,145,7,768,175,14,
K03424,180,19,237,2,324,222,8,
K06077,2317,1899,3499,942,5462,5555,1074,
K00799,810,38,181,14,1231,303,31,
K11381,1850,144,782,32,2969,1477,78,
K19784,569,89,571,19,1372,812,33,
K02314,1318,347,1108,59,2170,1118,151,
K01669,773,177,1121,42,1083,768,90,
K03286,0,0,0,0,0,0,0,
K01902,0,0,0,0,0,0,0,
K01903,3640,681,2582,94,4919,7124,233,
K02668,1075,24,139,0,1721,171,14,
K02652,296,13,296,3,578,130,7,
K02667,0,0,0,0,0,0,0,
K23424,1143,66,717,20,1791,573,30,
K02650,1151,589,852,20,2040,1815,175,
K02653,2078,321,4431,44,3986,2444,150,
K02654,510,118,2041,33,903,1029,57,
K00859,0,0,0,0,0,0,0,
K05844,67,15,42,1,97,63,3,
K12686,1463,128,575,18,2708,1061,63,
K03154,386,22,149,5,622,66,7,
K03149,729,45,475,7,1368,466,31,
K03439,504,83,210,13,883,523,48,
K01089,29,3,33,2,49,13,0,
K00817,515,111,264,22,1009,208,40,
K00013,717,159,672,33,1359,382,90,
K00765,666,159,1437,74,1381,605,205,
K01892,936,421,1619,92,2010,978,209,
K01733,610,49,245,25,852,465,26,
K01420,0,0,0,0,0,0,0,
K12524,582,73,333,28,890,203,56,
K00872,0,0,0,0,0,0,0,
K01991,681,16,75,0,1176,23,3,
K16692,78,1,0,1,87,4,0,
K25307,423,69,47,26,650,1,22,
K13656,1123,40,137,38,1648,95,38,
K01271,1577,169,1061,4,2642,1847,50,
K21062,912,153,3005,11,1885,3793,209,
K22549,4586,1029,3829,20,9014,13430,584,
K21061,678,97,3710,12,1200,2602,118,
K12658,340,40,1778,4,653,1109,27,
K01734,0,0,0,0,0,0,0,
K02014,1287,53,149,2,1792,191,33,
K02014,3307,63,55,2,5362,201,19,
K00874,272,5,46,2,448,85,6,
K21405,855,14,176,2,1306,184,26,
K01625,0,0,0,0,0,0,0,
K00138,1628,39,345,0,2310,828,15,
K02014,965,56,627,3,1880,270,24,
K13953,0,0,0,0,0,0,0,
K00832,2350,163,1701,43,3516,2892,119,
K03841,1772,127,865,26,2945,1491,44,
K06131,1644,53,224,13,2958,246,28,
K03474,873,51,112,10,1467,202,18,
K03559,756,4,8,0,1090,10,1,
K03559,20,10,13,2,20,20,0,
K03561,3107,1131,2790,140,5384,6150,488,
K03832,2294,641,1878,81,3832,5730,287,
K23010,976,228,770,38,1700,2079,107,
K02470,1182,101,422,7,1758,543,38,
K07052,0,0,0,0,0,0,0,
K03629,3510,995,7259,261,6687,8013,357,
K02338,2946,76,290,28,4662,354,35,
K02313,3501,651,1957,119,6271,4459,274,
K02914,2375,575,6005,109,3019,4836,279,
K03217,2519,233,2260,58,3628,2750,152,
K22278,2150,181,972,20,3465,1000,111,
K03650,1005,64,929,26,1557,504,62,
K01126,616,6,45,1,963,45,2,
K05794,897,217,669,43,1733,520,145,
K06969,2613,428,1629,73,4715,2720,184,
K07733,155,0,20,0,217,6,0,
K02314,796,28,407,16,1488,257,11,
K01868,2147,348,3273,68,3516,3868,168,
K02520,1507,622,8867,137,3096,2345,266,
K02916,2397,705,3454,227,3618,3134,325,
K02887,1631,866,2062,138,2298,2541,221,
K01889,1042,175,1019,42,1751,1253,113,
K01890,2146,305,3685,63,3389,4290,199,
K04764,484,147,1246,31,889,663,65,
K15270,133,10,24,2,208,15,3,
K09712,0,0,0,0,0,0,0,
K00075,640,8,41,0,1057,48,2,
K00254,880,67,361,15,1178,523,48,
K01627,44,0,1,0,73,2,0,
K01784,138,5,66,2,194,66,4,
K02279,407,2,64,2,654,46,6,
K02280,1039,22,67,1,1803,112,10,
K02282,613,14,71,1,884,51,7,
K02283,646,31,41,2,1084,162,10,
K12510,490,10,27,0,669,27,2,
K12511,407,13,28,2,574,33,2,
K05838,1368,577,378,79,3793,2007,278,
K01286,542,24,112,3,985,225,5,
K08234,413,3,54,0,853,47,3,
K01990,613,36,199,7,932,386,17,
K01874,642,29,181,10,1080,479,17,
K01876,1213,197,1216,44,1755,1904,76,
K22441,499,42,215,7,768,325,20,
K18189,1012,228,1262,45,1682,1129,117,
K01159,370,47,258,8,599,168,14,
K03550,783,140,448,14,1144,624,55,
K03549,1527,102,599,14,2641,677,82,
K03551,915,82,644,30,1287,657,49,
K07107,492,102,330,29,903,207,26,
K03562,1085,334,677,73,1681,1447,133,
K03560,221,27,66,11,367,312,23,
K03646,782,104,270,23,1305,460,47,
K03641,2216,576,1535,122,3870,4740,305,
K03640,7233,3352,7304,462,13810,15726,1170,
K05807,1030,352,852,48,1696,1962,179,
K10026,420,58,347,8,528,273,29,
K06920,0,0,0,0,0,0,0,
K12132,1972,36,402,0,2639,447,26,
K03286,783,569,2533,45,2226,576,193,
K02651,0,0,0,0,0,0,0,
K01990,841,45,169,2,1630,315,7,
K07677,1409,30,306,14,2161,440,17,
K07345,682,16,104,3,1065,51,5,
K15540,730,37,204,7,1368,160,9,
K07347,1659,14,135,2,2443,115,7,
K07687,1096,54,499,14,2057,544,20,
K07687,170,1,8,0,226,1,0,
K00587,0,0,0,0,0,0,0,
K02014,1635,27,75,6,2487,123,4,
K00845,756,6,23,0,1156,28,10,
K02014,2342,24,84,5,3434,209,5,
K02014,2683,18,52,7,4274,65,2,
K12373,1847,35,236,2,3057,393,25,
K03793,0,0,0,0,0,0,0,
K00950,0,0,0,0,0,0,0,
K00033,315,63,436,19,609,429,51,
K03797,1350,262,976,70,2427,1240,132,
K03644,1815,466,2311,157,3491,1891,218,
K03801,1142,491,697,91,2027,1510,147,
K09158,0,0,0,0,0,0,0,
K07568,660,43,424,13,973,563,21,
K02012,1141,27,498,20,1192,1204,17,
K02011,1154,8,163,3,1760,338,5,
K00773,1004,121,458,25,1690,595,88,
K03210,617,283,312,80,1118,785,95,
K21025,448,3,11,0,729,16,0,
K00209,0,0,0,0,0,0,0,
K06177,452,37,210,7,639,197,9,
K09768,6,1,5,0,4,2,0,
K03704,1429,2219,1238,384,2841,1183,408,
K00799,468,47,85,10,826,201,5,
K08997,1043,46,438,8,1545,476,12,
K00759,160,4,48,4,215,88,2,
K05591,652,35,87,3,948,114,18,
K03406,5,0,1,0,3,1,0,
K03406,1429,319,671,32,2238,1208,148,
K03408,0,0,0,0,0,0,0,
K03406,925,101,204,2,1607,266,29,
K21087,0,0,0,0,0,0,0,
K03406,1372,56,124,6,1959,392,19,
K03407,1447,150,307,20,2266,482,38,
K03413,328,111,412,26,531,652,62,
K03408,1283,165,318,25,2187,291,80,
K03496,416,37,130,1,519,309,34,
K02557,418,46,44,5,646,213,28,
K03407,764,147,333,20,1378,296,52,
K02556,0,0,0,0,0,0,0,
K03414,521,133,482,18,699,489,76,
K03413,81,26,127,5,60,179,6,
K02405,87,46,236,6,124,152,18,
K04562,0,0,0,0,0,0,0,
K02404,225,45,71,6,301,112,24,
K02400,1058,96,174,5,1691,456,78,
K07497,1287,75,370,3,2075,175,12,
K07391,602,7,8,0,918,9,2,
K03179,301,11,63,6,374,52,8,
K21908,0,0,0,0,1,0,0,
K02242,881,38,439,16,1744,1744,35,
K01012,1524,177,738,60,2425,1739,76,
K00652,1095,187,1249,51,1572,1532,101,
K02170,543,22,219,11,658,223,16,
K02169,398,29,30,10,543,68,14,
K01754,915,26,142,20,1590,153,21,
K03495,2255,450,1641,90,4196,2397,229,
K05916,2199,114,901,9,2815,5181,53,
K03722,1008,24,117,4,1576,168,14,
K00014,340,55,414,7,611,497,54,
K01698,619,47,269,11,819,467,43,
K04773,2151,277,1516,39,3887,2540,151,
K08081,112,10,28,0,224,16,2,
K03168,805,40,423,20,1290,434,35,
K07566,0,0,0,0,0,0,0,
K04096,1278,388,2023,113,3375,1865,162,
K03747,0,0,0,0,0,0,0,
K01462,988,126,211,41,1775,495,77,
K00604,735,94,2256,28,1248,1761,81,
K03500,98,16,169,4,122,88,11,
K16567,812,65,190,14,1144,291,32,
K08981,448,12,183,11,581,150,22,
K09167,93,7,25,0,130,18,0,
K02517,851,390,1293,84,1470,1673,262,
K07560,860,23,56,2,1478,91,10,
K10536,492,88,410,23,915,569,34,
K02919,214,26,135,11,434,201,12,
K00945,1120,306,1109,71,1737,1719,137,
K02945,10862,3771,15364,597,14410,29512,1808,
K05788,382,36,264,14,529,383,35,
K08992,202,36,108,15,417,185,14,
K19804,962,176,1742,43,1683,1153,95,
K00963,0,0,0,0,0,0,0,
K03684,191,5,21,1,311,42,4,
K23010,832,84,364,16,1648,545,28,
K03601,1,0,0,0,0,0,0,
K22278,6,0,4,0,6,2,0,
K18979,473,29,343,3,748,291,41,
K23997,757,104,918,37,1383,750,92,
K06925,457,65,235,10,756,340,44,
K01448,1333,383,2096,209,2716,1613,316,
K03572,1082,251,1199,44,1891,1120,138,
K09164,677,47,436,6,1057,701,23,
K09973,708,26,362,19,1007,484,17,
K16165,580,45,320,11,913,495,13,
K03282,711,106,461,9,1451,973,37,
K01302,594,29,266,14,849,550,30,
K03214,0,0,0,0,0,0,0,
K03310,0,0,0,0,0,0,0,
K03296,1421,102,1014,15,2261,1080,42,
K03790,0,0,0,0,0,0,0,
K03585,396,3,56,4,666,82,5,
K00955,1462,42,298,11,2277,429,40,
K00957,904,53,356,10,1422,535,28,
K00380,1552,40,455,7,3262,431,8,
K00381,737,2,226,2,1314,93,2,
K02014,261,37,223,8,446,73,32,
K00390,0,0,0,0,0,0,0,
K02302,1056,46,440,8,2133,291,16,
K01738,1160,55,1144,9,2901,1469,10,
K23518,29,1,8,1,43,2,1,
K01623,841,18,44,4,1407,49,11,
K00873,3727,967,2402,221,5578,7366,386,
K01091,74,7,24,2,129,74,4,
K00927,644,60,373,10,978,998,61,
K03790,0,0,0,0,0,0,0,
K00134,1224,36,329,8,1760,354,27,
K07275,5159,887,4479,32,9244,11677,481,
K02172,345,24,221,3,607,285,14,
K05986,0,0,0,0,0,0,0,
K02171,429,10,290,4,632,228,18,
K01406,2657,66,172,10,4599,196,16,
K11004,1267,2,19,0,1975,15,0,
K00615,133,3,45,0,194,76,1,
K11003,0,0,0,0,0,0,0,
K03309,1682,226,1123,39,2950,2941,117,
K07114,858,32,222,5,1315,175,25,
K03924,67,12,48,3,93,57,10,
K02666,1113,205,750,80,2304,1182,107,
K02665,622,82,1171,14,1073,1425,70,
K02664,451,35,496,3,907,717,17,
K02663,607,93,532,12,1166,918,40,
K02392,636,153,100,2,1001,407,79,
K02393,439,56,198,0,715,272,13,
K02394,508,118,320,6,767,494,34,
K02395,629,139,200,2,1188,292,31,
K02396,1232,320,495,6,1844,1150,121,
K02397,822,262,307,8,1364,594,89,
K02406,2006,782,933,12,3325,3167,207,
K02406,7894,2514,4379,126,16034,16746,646,
K02407,1861,398,1090,34,3391,2123,138,
K02422,547,178,248,14,1101,493,48,
K03092,845,161,238,14,1464,429,85,
K10941,1113,217,549,10,1749,1084,88,
K02408,321,36,18,0,449,36,14,
K02409,751,82,70,4,1164,213,48,
K02410,575,76,263,2,1036,287,46,
K02411,266,52,196,5,300,156,31,
K02412,726,70,151,1,1048,262,49,
K02413,123,29,50,0,231,188,8,
K02414,817,49,104,5,1395,244,22,
K02415,269,7,2,1,412,2,5,
K08224,0,0,0,0,0,0,0,
K03777,1918,81,267,6,3020,191,51,
K00101,801,22,116,2,959,156,14,
K00427,844,45,270,13,1229,190,13,
K14348,0,0,0,0,0,0,0,
K03100,771,7,38,6,1166,15,2,
K01284,823,145,316,19,1547,437,51,
K15034,0,0,0,0,0,0,0,
K11936,2087,269,3244,16,3380,5814,103,
K09924,130,0,0,1,232,1,0,
K03688,820,106,670,15,1090,492,71,
K06175,0,0,0,0,0,0,0,
K03690,824,82,348,12,1432,464,42,
K01921,1827,359,1683,135,3405,3676,217,
K03722,396,83,367,20,734,418,34,
K03832,0,0,0,0,0,0,0,
K14742,0,0,0,0,0,0,0,
K05365,1221,139,767,37,1870,952,74,
K21001,359,37,109,19,618,183,31,
K03578,1533,215,1138,70,2445,1528,191,
K04047,2365,531,1448,49,5500,3077,166,
K03654,217,5,6,0,384,12,2,
K02014,500,2,14,0,931,29,0,
K05782,413,6,51,0,696,37,2,
K00375,492,9,71,7,783,83,5,
K02014,900,31,93,8,1263,101,2,
K02536,1127,228,2651,47,2560,2379,174,
K02372,689,169,1113,18,1347,984,45,
K00677,922,243,1391,44,1726,1294,84,
K00748,143,28,213,3,272,197,16,
K03470,0,0,0,0,0,0,0,
K02337,2651,213,1187,37,4053,1385,105,
K01962,740,147,993,26,1397,1375,62,
K08973,239,28,60,6,378,94,13,
K05973,763,284,495,103,1357,503,134,
K18924,26,1,2,0,22,5,0,
K10947,0,0,0,0,0,0,0,
K03892,237,40,21,47,433,30,24,
K07397,337,62,286,17,664,318,26,
K22320,199,1,8,0,224,6,0,
K22319,2058,48,344,20,3250,370,24,
K16862,236,26,33,8,343,56,10,
K06940,0,0,0,0,0,0,0,
K22318,1116,40,416,7,1615,825,18,
K22317,21,1,3,1,34,7,0,
K07263,1906,244,837,68,2859,1736,142,
K18702,162,0,1,0,193,0,0,
K03216,0,0,0,0,0,0,0,
K01426,836,22,187,11,1087,235,7,
K01912,762,54,365,18,1122,229,26,
K01192,2174,456,487,16,3320,1967,226,
K00847,1053,241,602,19,1597,1470,181,
K02429,895,180,1151,36,1143,1119,217,
K02529,0,0,0,0,0,0,0,
K02014,5825,1469,1923,284,9293,8410,819,
K00799,185,12,27,5,308,50,5,
K03885,710,50,83,17,1122,347,33,
K03089,1056,347,1000,93,1624,1301,179,
K02401,0,0,0,0,0,0,0,
K01712,807,47,137,3,1301,146,32,
K01458,440,103,106,12,741,636,90,
K01745,1472,115,255,37,2049,642,163,
K01468,1329,353,2862,54,1971,3566,346,
K05603,1241,318,1547,78,2022,1918,233,
K07448,141,20,46,7,202,60,6,
K05836,0,0,0,0,0,0,0,
K06997,722,83,364,28,1070,414,22,
K00831,937,210,637,46,1530,1145,84,
K14170,1362,118,689,43,2208,1015,90,
K00800,545,64,286,12,779,546,33,
K03832,0,0,0,0,0,0,0,
K03832,380,148,293,132,576,282,138,
K01875,1435,277,1827,74,2308,2547,222,
K21023,371,10,57,7,516,125,12,
K02171,0,0,0,0,0,0,0,
K00265,4382,965,3456,233,7429,3991,602,
K00266,533,49,218,18,880,248,59,
K09955,743,20,244,2,1149,296,14,
K13609,0,0,0,0,0,0,0,
K02014,2710,222,4081,12,4661,6275,151,
K04090,19,0,2,0,33,5,1,
K24180,739,32,59,11,1065,90,8,
K08296,643,117,678,19,1451,1525,87,
K06132,379,25,79,4,512,132,23,
K13243,1592,1,59,2,2158,44,2,
K19222,0,0,0,0,0,0,0,
K03668,512,9,140,4,756,138,15,
K06153,1508,231,520,95,2465,2205,139,
K01915,2780,247,753,28,4303,2791,95,
K04752,758,15,124,3,1172,226,3,
K03320,1119,84,203,26,1852,348,31,
K01613,12,0,2,0,19,3,1,
K07152,542,11,171,1,919,324,12,
K07320,863,139,966,41,1462,1115,69,
K01736,951,117,1777,38,1569,1477,84,
K00090,742,47,724,16,1179,544,49,
K00133,1569,166,488,12,2629,1755,82,
K08086,1035,160,819,36,1889,890,149,
K06996,317,32,292,9,586,366,16,
K06173,547,40,643,8,832,498,12,
K01817,766,88,1986,22,1623,2075,64,
K03566,92,4,47,0,104,57,3,
K01696,3764,282,2962,149,10606,7903,246,
K01695,1167,61,1117,37,2417,3865,79,
K01963,803,182,1698,52,1383,1540,171,
K03431,1198,204,2455,48,1738,2037,134,
K01803,771,139,853,17,1212,954,70,
K03075,885,235,608,110,1336,1251,140,
K00330,945,170,384,70,1789,564,73,
K00331,778,125,937,14,1444,1195,70,
K00332,1008,223,2780,47,1970,3230,181,
K00333,1498,450,1774,74,2603,2648,187,
K00334,568,126,1081,21,1000,1047,90,
K00335,1254,269,2158,38,2346,2872,156,
K00336,2555,592,5270,58,5081,6784,355,
K00337,1335,177,1094,20,2253,1555,81,
K00338,316,76,180,5,551,435,23,
K00339,574,96,264,11,1113,723,41,
K00340,247,24,105,7,518,200,15,
K00341,2674,646,3779,60,5111,3612,286,
K00342,1540,319,2111,47,2732,2271,196,
K00343,1829,325,1424,34,3261,1953,89,
K09748,794,164,1079,133,1372,704,119,
K02600,3506,939,11259,320,5863,11220,679,
K02519,6918,1997,14355,567,10630,20171,1381,
K02834,391,94,475,21,648,396,63,
K03177,704,19,243,15,1085,383,17,
K02956,1423,444,698,113,2495,1779,208,
K00962,8170,1297,6329,270,11533,20182,739,
K02238,1796,10,231,10,2638,246,5,
K03561,282,23,363,7,546,534,29,
K03559,202,11,54,4,254,172,7,
K11085,1257,105,829,16,1715,653,54,
K00912,469,46,418,10,689,338,36,
K00979,462,53,479,13,704,722,65,
K25307,296,15,79,0,543,210,10,
K03703,898,145,1078,27,1504,778,117,
K00995,527,60,434,8,970,287,18,
K07152,195,25,32,6,561,120,26,
K03746,0,0,0,0,0,0,0,
K00986,1740,72,580,8,2921,272,18,
K14581,1431,26,250,4,1882,222,17,
K04063,249,46,145,19,404,390,36,
K16137,773,185,210,103,1284,805,92,
K03786,533,15,94,6,720,96,9,
K02160,204,18,225,7,335,439,11,
K21023,733,7,22,3,1150,34,4,
K01961,0,0,0,0,0,0,0,
K02687,758,46,630,17,1105,1010,37,
K03557,430,22,63,9,741,167,27,
K00602,988,117,745,39,1530,1278,36,
K02838,0,0,0,0,0,0,0,
K09903,0,0,0,0,0,0,0,
K02357,1208,512,1052,89,2843,1509,310,
K02967,2316,577,1803,41,3190,5323,212,
K01265,1612,433,1530,94,2997,2606,208,
K00990,1845,160,1213,37,2596,1124,119,
K00674,1294,131,683,11,2045,1675,80,
K01439,677,44,429,4,1087,619,33,
K01953,2567,218,2442,45,11506,3530,103,
K07386,1893,131,876,13,3063,1577,47,
K02014,2259,252,745,25,4223,1445,56,
K03593,1354,84,982,17,2531,1137,79,
K01494,450,60,175,13,764,324,19,
K01061,415,72,292,9,908,382,35,
K14441,1241,80,779,31,1841,809,52,
K06915,350,33,70,9,527,175,16,
K04760,0,0,0,0,0,0,0,
K08307,1658,86,610,42,2719,907,47,
K03734,791,20,147,6,934,203,10,
K10094,838,34,74,14,1064,310,8,
K09939,11,0,0,0,18,5,0,
K16089,970,28,118,3,1413,78,10,
K16568,0,0,0,0,0,0,0,
K16090,1094,24,53,30,1343,247,27,
K07336,0,0,0,0,0,0,0,
K05710,86,3,14,1,147,29,0,
K11717,516,175,584,45,1037,841,89,
K09015,823,235,677,40,1361,975,154,
K09013,316,82,261,22,369,428,43,
K09014,719,178,186,32,1211,587,51,
K07117,190,0,0,0,328,0,1,
K04063,835,71,226,7,1645,755,48,
K15725,440,41,38,24,732,28,32,
K15726,2866,79,170,18,4490,245,56,
K02902,2202,820,2536,302,3651,4015,391,
K02913,533,152,462,28,856,574,56,
K03657,794,109,398,4,1327,616,35,
K14414,142,10,24,3,147,25,2,
K11089,1424,45,286,26,2091,424,21,
K14415,1237,81,222,15,1825,421,26,
K01974,1082,30,290,9,1606,400,19,
K02004,1449,42,523,11,2522,558,26,
K02014,2959,66,531,6,4496,948,34,
K05786,85,0,15,1,108,14,4,
K03761,0,0,0,0,0,0,0,
K01867,976,33,229,10,1511,555,21,
K01476,653,101,2143,7,1991,1084,46,
K16347,0,0,0,0,0,0,0,
K16347,0,0,0,0,0,0,0,
K03892,348,47,79,16,622,193,21,
K11811,806,68,98,24,1247,169,34,
K07386,1815,115,739,8,2762,2398,59,
K03594,147,23,62,0,242,34,2,
K24138,982,125,688,26,1794,755,52,
K13993,1764,3550,3170,749,3903,5505,2311,
K05516,0,0,0,0,0,0,0,
K13529,783,54,190,6,1496,430,36,
K00567,0,0,0,0,0,0,0,
K14761,229,7,51,1,503,184,5,
K05592,2679,421,1739,134,4018,4473,264,
K06182,585,107,274,27,1013,362,47,
K17836,461,4,94,5,776,165,7,
K06158,745,24,307,14,1178,414,33,
K17850,0,0,0,0,0,0,0,
K02014,5034,914,2923,95,13020,8290,331,
K03455,1039,96,308,19,1716,387,37,
K13652,124,3,63,0,134,34,1,
K21698,623,36,210,12,1221,422,9,
K01740,114,34,431,6,273,224,16,
K03695,1669,313,442,71,3183,1033,206,
K07118,0,0,0,0,0,0,0,
K06901,1310,666,2349,218,4539,2268,458,
K03320,645,2,94,0,818,180,8,
K01447,576,9,89,11,936,167,20,
K07708,719,46,266,16,1064,301,35,
K07712,1046,92,628,21,1541,492,50,
K04565,411,17,94,7,607,255,10,
K04565,5,0,1,0,9,2,0,
K00626,1410,222,1295,64,2019,1736,107,
K02498,685,61,282,6,1130,257,20,
K01719,859,78,276,14,1317,330,20,
K03071,2317,674,2210,83,3874,4408,217,
K00057,785,266,1202,47,1138,1758,204,
K03088,546,13,88,4,698,163,6,
K07165,1037,14,197,2,1314,442,18,
K03086,4143,1196,3881,290,6787,7303,606,
K05358,1460,11,190,2,2300,338,11,
K06983,373,2,44,0,698,30,1,
K00249,538,0,38,0,829,28,2,
K03321,0,0,0,0,0,0,0,
K01737,640,62,112,19,965,165,22,
K02014,2465,32,237,8,4251,402,10,
K11927,249,6,28,4,443,21,5,
K16171,1154,46,386,26,1533,1387,37,
K02670,275,35,244,1,432,231,9,
K01801,0,0,0,0,0,0,0,
K09794,2326,550,1633,122,5057,4098,364,
K01697,2805,377,1928,83,5135,3924,150,
K01758,1882,504,1366,169,3657,2973,199,
K01784,1813,55,361,24,3437,1015,27,
K01711,1672,152,1160,35,2926,1831,55,
K02377,2010,232,1510,88,3298,3212,187,
K16870,4047,422,1871,92,7525,1939,229,
K03522,1513,129,515,29,2736,552,40,
K03521,1239,211,470,36,2551,1483,99,
K01710,2556,458,1611,80,4339,3398,149,
K00973,1739,201,1360,47,2966,2665,112,
K01790,9,3,2,0,5,4,0,
K16011,23,4,5,1,41,11,0,
K00067,0,0,0,0,0,0,0,
K01840,1524,349,1236,109,2794,2304,200,
K01028,0,0,0,0,0,0,0,
K01029,0,0,0,0,2,0,0,
K18480,205,9,29,3,482,14,7,
K02067,531,33,110,7,922,227,17,
K00721,297,10,100,0,568,133,2,
K08679,185,2,76,1,348,62,7,
K03497,745,55,242,12,1126,384,30,
K03496,940,82,963,43,1553,1490,76,
K03501,1286,35,256,12,2077,333,19,
K06133,984,24,79,9,1542,137,15,
K01142,518,45,177,17,812,325,24,
K01644,1131,83,250,8,1580,364,41,
K03307,2396,91,173,8,3488,331,56,
K02014,2768,188,292,26,4696,447,98,
K02575,1794,124,885,17,3877,2441,45,
K03752,341,26,426,3,684,333,21,
K03635,0,0,0,0,1,0,0,
K03750,443,25,587,4,813,585,18,
K03636,0,0,0,0,0,0,0,
K03637,856,83,1452,18,1345,1319,62,
K03639,279,20,607,6,475,754,9,
K14162,2248,151,2387,32,3815,3167,76,
K14161,881,14,39,0,1420,68,4,
K14160,209,10,83,4,257,57,3,
K01356,384,12,123,4,562,95,13,
K00799,329,7,32,4,616,33,4,
K06959,1226,65,404,21,2126,401,22,
K01659,1537,48,462,11,2394,886,23,
K03417,1456,82,542,18,1948,1830,31,
K02016,105,9,29,0,91,20,0,
K00275,468,60,1056,16,622,642,27,
K15918,765,44,322,17,1242,393,19,
K09165,201,13,159,3,330,149,8,
K00891,580,39,184,19,939,203,29,
K01735,896,123,718,27,1372,906,76,
K01599,0,0,0,0,0,0,0,
K18326,0,0,0,0,0,0,0,
K03981,78,0,0,0,98,0,0,
K01183,0,0,0,0,0,0,0,
K04763,868,91,571,10,1445,747,38,
K11720,316,36,156,4,477,219,13,
K07091,1028,126,772,67,1518,538,97,
K01255,2577,320,1935,70,4172,4371,208,
K02339,335,18,59,7,515,190,8,
K01873,3516,436,1733,57,5632,3649,177,
K03789,1,0,0,0,1,0,0,
K17103,385,136,1411,40,604,1254,87,
K01881,951,85,770,16,1450,1307,47,
K03746,0,0,0,0,0,0,0,
K02066,1019,51,288,25,1680,315,26,
K01434,87,5,36,0,151,33,5,
K09788,0,0,0,0,0,0,0,
K02621,1283,65,263,12,1853,576,30,
K00569,0,0,0,0,0,0,0,
K03594,0,0,0,0,0,0,0,
K03543,755,135,368,52,1184,750,86,
K03446,1056,49,282,20,1573,340,35,
K12573,3058,609,3031,122,5895,4761,330,
K03218,821,98,488,12,1434,839,48,
K01266,263,28,129,8,379,263,10,
K03827,968,9,109,3,1816,149,10,
K01993,372,9,264,2,673,248,9,
K12542,0,0,0,0,0,0,0,
K12541,1119,8,97,2,1959,85,13,
K12543,941,10,83,2,1589,63,4,
K03286,0,0,0,0,0,0,0,
K16087,3364,99,651,86,2582,3960,73,
K09922,0,0,0,0,0,0,0,
K03317,1297,120,607,20,1950,1003,78,
K00852,399,39,566,14,538,642,50,
K03762,80,1,5,3,153,4,0,
K05540,0,0,0,0,0,0,0,
K00297,1226,109,734,28,2491,988,35,
K07679,428,9,43,2,661,34,3,
K07687,162,1,10,1,266,15,0,
K02018,297,7,159,4,411,79,8,
K02020,294,12,115,3,528,98,5,
K01420,482,38,444,2,866,414,24,
K02575,851,106,841,7,1377,1888,75,
K03769,1393,82,1037,10,2512,1241,48,
K00374,496,39,259,2,902,487,25,
K00371,0,0,0,0,0,0,0,
K00373,0,0,0,0,0,0,0,
K00370,1960,163,1081,17,4027,2731,73,
K07518,416,12,89,3,579,131,13,
K20975,1047,20,148,3,1631,269,0,
K02014,739,24,109,6,1114,187,10,
K03932,770,2,16,2,1192,48,0,
K02014,1248,33,93,2,2079,94,3,
K03185,960,156,1091,40,1634,1103,104,
K00798,456,48,596,11,817,735,57,
K04744,3424,325,1358,69,5537,1483,140,
K03771,2200,501,2469,86,3485,3259,233,
K00097,666,24,159,5,1358,155,21,
K02528,824,97,552,15,1291,684,44,
K06195,193,62,155,9,387,124,24,
K01525,650,53,306,20,973,399,57,
K09974,173,8,63,1,149,97,8,
K00287,13,0,1,0,21,0,1,
K00560,479,6,71,5,656,207,9,
K13292,1003,106,833,25,1614,1180,70,
K06872,514,7,167,2,939,155,10,
K02039,643,25,36,7,1182,115,15,
K02036,298,2,63,0,396,32,3,
K02038,563,6,47,2,906,52,6,
K02037,473,2,16,2,758,11,2,
K02040,1165,4,16,0,1935,8,2,
K02040,791,11,132,8,1179,134,14,
K07221,1303,13,177,6,1962,207,4,
K10773,858,11,11,2,1379,17,0,
K01715,270,14,54,1,379,122,6,
K06894,4081,300,3666,54,6174,3458,183,
K05367,484,22,124,2,784,94,9,
K03723,1214,65,240,4,1700,598,11,
K01265,0,0,0,0,0,0,0,
K07115,1047,242,601,147,2120,1291,171,
K07663,555,82,481,8,966,379,62,
K07641,735,56,403,6,1145,229,36,
K06143,1035,16,65,2,1390,63,11,
K01302,1622,79,563,20,2437,1250,52,
K01885,407,38,133,16,677,193,7,
K09823,0,0,0,0,0,0,0,
K03543,594,16,54,4,1015,92,7,
K02014,1889,201,176,55,3313,171,98,
K19745,810,69,128,8,1439,334,28,
K02658,0,0,0,0,0,0,0,
K19033,0,0,0,0,0,0,0,
K04088,2016,616,3461,212,3438,4721,427,
K04087,1515,510,2960,89,2817,3620,228,
K01939,3278,368,2256,94,4443,6321,169,
K04485,792,361,1226,82,1776,1195,157,
K03106,1614,288,1809,87,2495,2951,175,
K00459,986,110,1054,35,1794,1240,74,
K02959,1340,477,976,118,1912,1879,199,
K02860,368,74,200,14,525,400,23,
K00554,0,0,0,0,0,0,0,
K02884,0,0,0,0,0,0,0,
K01929,869,95,1153,14,1373,712,75,
K01000,930,72,622,3,1595,632,46,
K03588,1211,57,585,6,1988,610,30,
K02563,696,93,1137,13,1095,953,42,
K01924,997,141,845,14,1557,1178,55,
K03589,592,13,247,11,916,197,8,
K03590,1151,74,884,10,1931,1141,30,
K03531,2747,340,2439,57,4645,4930,185,
K02535,1034,33,184,6,1647,354,24,
K19304,1606,452,1290,159,2172,2316,291,
K03070,4840,2017,10055,441,7975,9446,947,
K03574,573,89,953,36,986,638,39,
K17713,57,15,94,2,103,112,19,
K15539,701,194,2965,51,1183,1437,106,
K02656,420,78,899,22,709,779,34,
K06941,617,126,549,47,1050,539,93,
K00940,746,162,755,50,1412,1155,98,
K07516,4027,1436,1407,144,7563,6492,733,
K00632,1433,516,297,36,3120,1695,211,
K11755,284,11,42,4,494,80,0,
K02500,672,32,64,7,1179,142,10,
K01814,468,52,236,7,735,232,27,
K18300,0,0,0,0,0,0,0,
K19585,883,6,65,0,1339,121,6,
K19586,897,12,51,4,1611,88,3,
K18900,1180,447,731,98,1935,974,165,
K22390,399,7,27,0,518,46,2,
K01507,0,0,0,0,0,0,0,
K01083,496,11,45,2,739,19,7,
K09915,25,0,14,1,34,15,1,
K01591,913,79,891,6,1675,947,39,
K00631,2355,255,830,41,4036,1144,114,
K14623,843,73,478,14,1112,392,38,
K09794,335,28,50,9,596,41,8,
K14058,977,58,181,12,1700,188,21,
K03406,308,6,41,1,588,46,6,
K03554,0,0,0,0,0,0,0,
K01772,551,71,334,11,838,277,59,
K20523,565,179,503,47,1096,804,59,
K03579,1321,26,118,9,2171,74,17,
K00077,244,5,27,1,450,23,0,
K03424,0,0,0,0,0,0,0,
K12511,570,5,14,0,840,14,3,
K09005,0,0,0,0,0,0,0,
K12510,0,0,0,0,0,0,0,
K02283,715,21,31,2,983,44,3,
K02280,1376,45,193,3,1950,198,36,
K02279,943,21,127,2,1294,163,23,
K21023,825,6,4,2,1285,10,11,
K02014,278,3,17,0,371,38,3,
K12373,0,0,0,0,0,0,0,
K02429,895,4,20,4,1125,79,2,
K03406,712,34,278,6,1263,286,7,
K01113,1500,7,40,5,2463,68,0,
K04065,423,18,81,4,734,383,17,
K06889,621,2,13,0,977,38,0,
K09927,429,6,58,0,774,81,9,
K08964,615,54,71,8,1359,136,17,
K08967,945,65,187,5,1831,759,15,
K09880,285,21,85,4,518,218,13,
K07098,88,0,1,0,122,2,0,
K07507,0,0,0,0,0,0,0,
K22769,48,21,11,4,98,12,3,
K22770,975,607,1147,142,1626,653,254,
K22105,0,0,0,0,0,0,0,
K03824,561,19,53,0,956,80,13,
K13688,17,0,1,0,30,2,0,
K07168,535,1,22,5,943,56,3,
K00799,292,12,144,3,389,97,7,
K00065,720,133,234,15,996,695,81,
K02529,652,136,320,22,900,851,48,
K01198,2099,382,1534,117,3716,2912,170,
K11690,1718,67,149,10,2681,239,41,
K21395,764,18,42,2,1283,112,21,
K24700,811,24,48,10,1069,109,16,
K03595,768,129,914,16,1245,1203,61,
K03584,17,1,22,1,44,26,2,
K03215,807,61,303,14,1187,603,39,
K01207,966,133,487,36,1705,1409,58,
K00760,502,112,488,36,832,949,44,
K19696,617,35,304,19,1050,561,24,
K03704,400,336,225,19,792,225,49,
K09456,0,0,0,0,0,0,0,
K00626,414,64,179,7,1217,376,18,
K00263,181,20,48,2,282,119,5,
K11942,4795,458,6463,87,9701,6182,244,
K01297,27,5,47,5,22,52,1,
K00984,242,6,12,3,358,68,7,
K01251,1051,60,278,7,1487,607,22,
K01595,1453,199,996,22,2283,1026,125,
K10806,1,0,0,0,1,0,0,
K00981,857,93,277,14,1520,329,20,
K00789,935,36,66,5,1569,211,10,
K07038,202,11,52,2,267,45,7,
K07078,454,85,210,42,964,252,46,
K00281,265,19,82,0,387,127,8,
K07552,972,50,264,15,1599,261,29,
K01283,1440,127,767,13,2704,453,36,
K03760,1245,38,409,6,1953,643,14,
K08978,0,0,0,0,0,0,0,
,,,,,,,,